v 0.00286713206319838 0.0252651916102143 0.00415202276985669
v 0.000637641389159355 0.0264388398280429 0.00812035366125823
v 0.00456775203044887 0.028198842583741 0.00766567026570003
v 0.00301214504852566 0.0300383861236854 0.0126244550823359
v -0.00150089745149196 0.0276182064669028 0.012832238703346
v -0.0101317784329753 0.00348162719355142 -1.86857675679926e-06
v -0.00862889845537092 0.00332089848444903 -0.00139296349998153
v -0.0118238902857363 -0.00406643084417016 0.00157433048773225
v -0.0117738894652408 0.000677965536075597 0.00144429664286961
v -0.0104900767984346 -0.00464420534686642 -2.97972363303806e-05
v -0.038653193694673 0.00377619624355135 0.0196511189657644
v -0.039366612904817 0.00163889806303861 0.0187447035064833
v -0.042668345069804 0.00317504668631863 0.0211063014755536
v -0.042586510216793 0.000846437359743243 0.01996655991989
v -0.0402888276252791 0.00429033016249921 0.021095379751992
v -0.0331081055684185 0.0042823548831753 0.0181244908107441
v -0.035714846833379 0.00282926042183329 0.0178759283373521
v -0.0301476793600216 0.00291369377372473 0.0163456881593385
v -0.033716845707942 0.00125330111980613 0.0166471025706393
v -0.0283619209101815 0.00431450149339344 0.0170234417000817
v -0.0266462404616707 0.00153440838982127 0.0148985499937203
v -0.0334239971740736 -0.00126735500206255 0.0160163469124141
v -0.0266628503690075 -0.000976617832628669 0.014367549035976
v -0.0438800872899785 0.00445528138759741 0.0238047091187623
v -0.0408106312069579 0.00432413333254095 0.0235156696011203
v -0.043410010420536 0.0044757014825958 0.0246017226630012
v -0.039317741035265 0.00462935569002998 0.0220524993029955
v -0.0340984232518342 0.00483974624256551 0.0195035031642332
v -0.0388312191650282 0.00421210846424055 0.022817908578227
v -0.0327746029325929 0.00419899643986758 0.0210648181272965
v -0.0412180094806633 0.00272397037444356 0.0254188948411887
v -0.0382959507767527 0.00206602551438142 0.0241582123464908
v -0.0336597198393274 0.00478998514225528 0.0202844552657685
v -0.0338656599631001 0.00216114735746212 0.0224387560795324
v -0.0275621218608985 0.00480220330335593 0.0183759655854784
v -0.0223056739361488 0.00483473928524473 0.0164827546474176
v -0.0266391977842021 0.00444974096219211 0.0198408317594471
v -0.0229220885044253 0.0035985633533739 0.0205633732613301
v -0.0313666855420409 -0.000267848912213739 0.0225247788744073
v -0.027409097275263 -0.00230638483435642 0.0221468775178776
v -0.00570884328218604 0.0158826403654132 0.00140227505114616
v -0.00223839457574809 0.0192339837074801 0.0010398407769086
v -0.00396918026034144 0.0150644147827031 -0.000938764867706671
v 0.000115282953147581 0.0221679880916901 0.00194325654042139
v -0.00772959371059486 0.0181476275075523 0.00675701218977612
v -0.00401536201707623 0.0203400689099816 0.00430206861746258
v 0.000392125214887406 0.0191236844519727 -0.00122939986954899
v -0.0107904669080291 0.0106941032821523 0.00426410739890859
v -0.00996675401236475 0.00758757194307099 0.00118016512150451
v -0.0121276649840717 0.00744907445363387 0.00450852221998206
v -0.00716248785849528 0.00997525790160005 -0.000859340138876928
v -0.00786257267275471 0.00731904826200347 -0.0012538617720931
v -0.00485635223072196 0.0120214629786104 -0.00156069341830435
v -0.00857826489442928 0.0137853025120203 0.00328780321405898
v -0.00772803496350566 0.0117981062551744 0.000699100718823999
v -0.00654174437955515 0.00798423806269003 -0.00160135117114012
v -0.010190435804825 0.0143486004548556 0.00648987016616599
v -0.0123959984274504 0.012228865656835 0.00824827417340254
v -0.0144994953448991 0.0108294046795747 0.0113268667776667
v -0.0070327911916378 0.0232167132049646 0.0130667389144426
v -0.00936601777452607 0.0199093959746343 0.0118389621882714
v -0.00951294693650188 0.0216973229163401 0.0139205420865638
v -0.00829150832873449 0.0231783976646207 0.0153307901334579
v -0.00459949265500697 0.0266485376783048 0.0142977157646964
v -0.00366177333663913 0.0249718389913344 0.0108227864725661
v -0.0117269714660614 0.0168027756877223 0.0120726034347949
v -0.0139365908816201 0.014249246507544 0.0135664648368158
v -0.013492151754815 0.0165121911813302 0.0143980648067395
v -0.0162114913703282 0.011054968388269 0.0146299861762106
v -0.0110632311453409 0.0212874937331405 0.0179274832034556
v -0.0166875344454509 0.0148372187027052 0.0202000689571323
v -0.0114812065054555 0.0189330685456903 0.0146852359354129
v -0.0140946475163356 0.0168134806664486 0.0175368910418048
v -0.0154216682599876 0.0139766380233301 0.0169564683912726
v -0.00097672580803223 0.0236438050333434 0.0052934907493956
v -0.00621323194773415 0.0216622886336575 0.00906336157908868
v -0.0023502241176014 0.0156817116556528 0.00692076303730148
v -0.00545238265826587 0.0141932559813518 0.00804912164525736
v -0.0180221561699568 0.00344229742323304 0.0140221132155143
v -0.0175906764339745 -0.000828511228206406 0.0124097873118065
v -0.0217695736353822 0.00136368302660414 0.0140049249228567
v -0.0223097763442652 -0.00128517086324548 0.0136380218779527
v -0.0242565363638698 0.00334775594106636 0.0152875122769015
v -0.0267512767194247 -0.0035802347364989 0.0141874759361382
v -0.0302509734779814 -0.00525556254032214 0.015095218765764
v -0.0242560642684999 -0.00608179988813964 0.0141334225216141
v -0.0188160388562436 -0.000199189872729106 0.0135681322744812
v -0.0206026210535375 -0.00441294427222418 0.0134412201110232
v -0.0143943779222028 0.00603108610026896 0.00776684153437798
v -0.012594550142579 0.00297037342304455 0.00331851918051515
v -0.0144802156476624 0.00248856513244096 0.0065973095323877
v -0.0141103516695385 -0.000761209461830663 0.00522850255228894
v -0.016392716652017 0.000823496603807081 0.00999197713849739
v -0.0161843463724762 -0.00248287458300703 0.00922785555756699
v -0.0143653096738319 -0.00386554584391152 0.00580158756972824
v -0.0131868109776664 -0.00771737069744518 0.0045758450491354
v -0.015426166499677 -0.00678900899360949 0.008519591947639
v -0.0142524938348922 -0.0108950909734968 0.00789342515619555
v -0.0175570240022327 -0.00377764979169995 0.0122347256638113
v -0.0168571488381428 -0.00791990832479445 0.0121693001499356
v -0.0179224050622042 -0.00663443568618918 0.0132491388207448
v -0.0187016369419796 -0.00516576269970886 0.0133500913537974
v -0.019822812578109 -0.00825966074072804 0.0149213525883542
v -0.0183055462363082 -0.00902993218338371 0.0149953277409448
v -0.0157449830308685 -0.0130587882861069 0.0124873076355023
v -0.0201949778923371 0.00353280477498023 0.0149182692889003
v -0.0213100720279753 0.00490834578097099 0.0186692002969181
v -0.0190661341127687 0.00596992052697764 0.0182759860628056
v -0.0165302324063675 0.00792464882714262 0.0136164496282008
v -0.0178071246596027 0.00763406992964883 0.016774106436274
v -0.0168979141909937 0.00477034880304165 0.0126755098835412
v -0.0188511640537942 0.00509264177025614 0.0160599399138735
v -0.0190829849135189 0.00833773851707391 0.0195889049279325
v -0.0173359557940241 0.0108173286498783 0.0184473533557316
v -0.0178336736883124 0.0127819862222347 0.0219147456342868
v -0.0187383552375127 0.0102574875675309 0.0218702039164514
v -0.0202549588724022 0.00466825170500886 0.0203242654970212
v -0.0212464334528726 0.005330140452478 0.0246094496043872
v -0.0199196008597639 0.00623117700082045 0.0220467275146361
v -0.0250961037123666 0.00073338861132488 0.0218472732196014
v -0.0277092042903449 0.00225478179144133 0.0213956173854507
v 0.000627272012007449 0.0300746205012958 0.0141386059645941
v 0.00378236354648983 0.0317590640024496 0.0162580587019218
v 0.00626468938543759 0.0313821024954821 0.0128069250402175
v 0.00757550436360824 0.0329090291418759 0.0142975790521328
v 0.00872374102861624 0.0319465694513282 0.0124519777800231
v 0.00756759057174269 0.0293782001709299 0.00773249321727846
v -0.000462547851423087 0.0302198107774124 0.0174649791839855
v 0.00711039979333912 0.0343269545063784 0.0202924902229368
v 0.00406029175224534 0.0337345380362085 0.0198323172310052
v 0.0112045257828713 0.0328903769575983 0.0135366211460694
v 0.00762707223542072 0.0334602361351015 0.0172968463336984
v -0.000134747515306498 0.0333925290213869 0.0245350300391422
v 0.00027845048027434 0.0341182464359883 0.0282207976064808
v 0.00245639726110488 0.0348160715855813 0.0270095913590876
v 0.00425943478817804 0.0364045439502122 0.0297125688574823
v 0.000933229307934756 0.0321950868422774 0.020979205341232
v 0.00326196390052835 0.0338433013446943 0.0227815371673387
v 0.00647488315581149 0.035712354725884 0.0238469312882485
v 0.00913285165982393 0.0357031188071785 0.0228572832779851
v 0.0109143894301699 0.035523973298448 0.0196598637691711
v 0.0123021387854077 0.03458214298862 0.0177444006243337
v 0.0101216442087949 0.036553264501418 0.0254801774752352
v 0.00851802929026564 0.037036918200553 0.0283859149322894
v 0.00495355105624891 0.0355527645577041 0.0264330348654744
v 0.0143068172752156 0.0372992121080286 0.0240000604806496
v 0.00653670950111008 0.0373159453754105 0.0317148655483573
v 0.000955783633617933 0.0359898794631933 0.0344282990714832
v 0.00340910244775108 0.0373873235112662 0.036732539840721
v 0.00630148025222995 0.0384816778050987 0.0348545990436307
v 0.00542748985629757 0.038363016463218 0.0382023770683182
v 0.00254271037557769 0.0384194319485103 0.0405006445168222
v 0.0102696070196744 0.0382800744806931 0.0301147020423678
v 0.0124229476448846 0.0374541490280488 0.0273988451251633
v 0.0137569044905016 0.0380653234398233 0.0293174566681199
v 0.0152868737959193 0.0388822486292835 0.0322786576140085
v 0.0175027756194939 0.0388582339512213 0.02964496584536
v 0.0105494233446516 0.0385872815468582 0.0334532123847602
v 0.0141345939304454 0.0398347444231884 0.0350275305824934
v 0.0104939151346382 0.0393728956105453 0.0376299464967756
v 0.00384922753822541 0.0386471591540845 0.0428112620504699
v 0.00685773009942757 0.0392381373588298 0.0413598309558155
v 0.00620544191576076 0.0401312695003259 0.0459430728780271
v 0.00910040625100502 0.0400693817565665 0.0433712475202338
v 0.00648129482269684 0.0401885199058699 0.0498819208439654
v 0.00942939593106557 0.0406194182749983 0.0475794607506865
v 0.0124755414457428 0.0409237745316118 0.0456837054765543
v 0.0105694629203251 0.0403308639928522 0.0404679907274617
v 0.0143368494074002 0.0401074046795621 0.0393637965720334
v 0.0162207922782065 0.040561278514388 0.040085842764391
v 0.0157766364286948 0.0407725869760739 0.0429020674683392
v 0.0185915759701357 0.0399064406229311 0.0373412038704784
v 0.018144064696165 0.040926931790112 0.040362417315052
v 0.0145135665252127 0.0415360028049237 0.0461557717933361
v 0.0175440681241946 0.0409036235302013 0.0439175352093977
v 0.0205580889008923 0.0408496757964433 0.0437693075421488
v -0.0146484536218412 0.0206892531020984 0.0262392503466579
v -0.0169676130254767 0.0193343730786129 0.0308770755826886
v -0.0125299292324173 0.0255989452513019 0.0319086083430516
v -0.0152172607464594 0.0224210325572452 0.0300689348217887
v -0.0159326848060744 0.022144128927211 0.0340926908995194
v -0.0183050331497226 0.0198252365243709 0.034965678940759
v -0.017513370987709 0.0211923656340179 0.0379671136902589
v -0.0183645567056406 0.0210263590784438 0.0417661845908833
v -0.0169156300956638 0.0236566394880336 0.0405375207191386
v -0.0133611876257923 0.0262451057105617 0.0347473536026633
v -0.0105692106214449 0.0285676634784577 0.0352151744871396
v -0.0137243327366861 0.0260464124884971 0.0379728881209946
v -0.0149485872540553 0.025736200779553 0.0422414673423744
v -0.0212361085361654 0.0080727492677752 0.0278449999212511
v -0.019979973756622 0.0112255989468251 0.0271467209096209
v -0.017509731297095 0.0167970164168426 0.027350494888467
v -0.0186357645570029 0.0143568100455546 0.0269997267830721
v -0.0189765291411119 0.0162828586452275 0.0296710678986046
v -0.0190946985485306 0.0163248730825877 0.0322267789883724
v -0.0216099195685793 0.00982069379516333 0.0296857875747896
v -0.0205320398764099 0.0126050302074182 0.0312242556800421
v -0.0215530093991212 0.0132263564005383 0.0346564933634301
v -0.0220347889696865 0.00956753523967019 0.0334692847298754
v -0.0200958489407306 0.016497194255873 0.0372952614911605
v -0.0213189142483948 0.0145991082622322 0.0390049750471256
v -0.0223358218604257 0.0111531274533518 0.0372288004897795
v -0.0191007679287771 0.01865201467568 0.0381072926161999
v -0.020796457471875 0.0175069828154821 0.0412137860713612
v -0.0236103171534494 0.0103985089873663 0.0410548849495532
v -0.022247539891681 0.0138026130103185 0.0425134590273294
v -0.0213319870844451 0.0164797618244733 0.0439304538237373
v -0.0234793745006336 0.00793414247399594 0.0381268589288366
v -0.0231595340944855 0.012075348429275 0.0437150949395847
v -0.0242195504590897 0.00909194234054948 0.0452430421250326
v -0.0228691808934588 0.0146852313547606 0.0456951516098862
v -0.00221143590829787 0.0283157761717612 0.0156205895103415
v -0.00257489539555735 0.0293047898218231 0.018223818492091
v -0.00456683145261217 0.0278057020818401 0.0182489980247777
v -0.00679263632447474 0.0254382409366911 0.0169543227515575
v -0.0085966851565538 0.0255807460783221 0.0195959368763741
v -0.0105476997700541 0.0237317728063868 0.0214066488058454
v -0.00539659910898931 0.0284841429411721 0.0216387090722932
v -0.00842007530552596 0.0265746613532805 0.023167945081388
v -0.00667018421546822 0.0292456298978248 0.0248217481138304
v -0.00783167405682673 0.0289506277981187 0.0282386562570391
v -0.00293892326296164 0.0303346416904227 0.0198557905323988
v -0.0130708271801037 0.0205446023845946 0.0199565022336224
v -0.0133880031378903 0.0206996177292468 0.0225641021235567
v -0.0151793013267348 0.0171752686271994 0.0209283136007352
v -0.0163455864574214 0.0179665621052139 0.024287754425935
v -0.0170040214038273 0.0151936897900992 0.0228199115134499
v -0.0117412211535391 0.0243425298538225 0.0242069548465213
v -0.012200446932883 0.0244201977128776 0.0276324751766053
v -0.00963031859584733 0.0271739914257174 0.0276906451419028
v -0.0103168915122269 0.027843792351698 0.0294765443179152
v -0.0090131243727142 0.0291758445602007 0.0319391390738503
v -0.00507802472921018 0.0307499852016224 0.0273619078576187
v -0.00593693685464137 0.031367320337416 0.0314733869932705
v -0.00287288961659934 0.0309816759758775 0.0236004119014798
v -0.00236222191360662 0.0323023173588164 0.0267757798985203
v -0.00388358632032387 0.0329224328054619 0.0298613662844915
v -0.00773208227049179 0.0316054782801179 0.0347654022487647
v 0.000380413058214408 0.0350888456286852 0.0318065242146594
v -0.0177321218530203 0.0140620888422249 0.0232634365838231
v -0.0176283228241958 0.015182142352617 0.0247926156510784
v -0.0191764701565667 0.0122989094361855 0.0241605708283812
v -0.0204640802361025 0.00798521570333701 0.0250563205942738
v -0.010157654831878 0.0297668480729396 0.0381701984006867
v -0.00667170182530903 0.0325879109845187 0.0388380664483823
v -0.00529340368359839 0.0342968549730415 0.0409028182735951
v -0.00580799476279599 0.0341184728655609 0.043976833631523
v -0.008526416271408 0.03299287306386 0.0455550721702717
v -0.0126084846059165 0.0284083466101471 0.0428453766085973
v -0.0178857157677993 0.0222563864729325 0.0435591845075228
v -0.0164485835953274 0.0247081299112011 0.0458375821433578
v -0.0115256287608941 0.0296673999774811 0.0404414566908432
v -0.00962239335368797 0.0311023794172548 0.0427590255718585
v -0.0145685438766384 0.0277925658621366 0.0459614702704049
v -0.0108962846189396 0.0306552641807701 0.0462641094157963
v -0.0162744917698569 0.0254138535503425 0.0489781542505698
v -0.00655401199342681 0.0343688452734952 0.049411416464739
v -0.00283391602367663 0.0365343214950255 0.0487390577888509
v -0.00595864656808473 0.0352982365810853 0.0539917628323694
v -0.00475008238203319 0.0362578860923907 0.0513989875611404
v -0.00924171939237783 0.0325617265239771 0.0510248472758683
v -0.0127306699219214 0.0293417417524907 0.048666175326374
v -0.0122907952574207 0.0307381012957593 0.0516485720603477
v -0.0149293270765877 0.027378117954918 0.0514479351905608
v -0.0133412424072805 0.0294406284298465 0.0544210517261152
v -0.0159862543379983 0.0266000826193229 0.0546998088439739
v -0.0103856524656257 0.0320598050340463 0.0544730713825634
v -0.00892291731681534 0.0336865602297235 0.0557632582622742
v -0.0117436040389004 0.0310912692155564 0.0574063787300887
v -0.0151259611485354 0.0285490785080993 0.0570966547194022
v -0.021607857578729 0.0171659912423487 0.0487283813247536
v -0.0217536265470292 0.0185382132001628 0.052189649098978
v -0.0223349511189255 0.0169880597583616 0.0541781570485905
v -0.0232151084522856 0.0143704092379131 0.0525938011411252
v -0.0238576359363514 0.0133450783009868 0.0548035588976866
v -0.0238042565719234 0.0117712271110655 0.0482312817592742
v -0.0249113381753604 0.0106590498164994 0.0521708240704887
v -0.0247740080882326 0.010505287142542 0.0544564400256957
v -0.0249922084175421 0.0102015591277459 0.0578308514197974
v -0.0197048359142008 0.0205880531330102 0.0468735847496082
v -0.0204429346526782 0.0184554635482709 0.0451101754188003
v -0.0192013441764632 0.0217330042980106 0.051014070683013
v -0.0179857074949204 0.0246735351237843 0.0521310904685172
v -0.0224776228876561 0.0154481308788055 0.0496040672116157
v -0.0249417743818053 0.00793346088236406 0.0492655647612719
v -0.0191476736036506 0.022592949724826 0.0550443770036135
v -0.0174240296207702 0.0249782715922153 0.0571661804549209
v -0.0199769023562523 0.0222152791463187 0.0572024498038053
v -0.0208114914822753 0.02041865495913 0.0604278105882281
v -0.0209361364157367 0.0196576631209107 0.0561218489821436
v -0.0225138737422534 0.0171359451620552 0.0588518058406704
v -0.0188581919099902 0.0235363644514114 0.0614164892444866
v -0.0209733049131138 0.0205531021447081 0.0650032856839068
v -0.0238241721661819 0.0148505056915083 0.0568299079297497
v -0.023684213555883 0.0148445081192248 0.0619031127303487
v -0.0255161710538261 0.0114062814805872 0.0630146198502416
v -0.0243714449252807 0.0128521080873571 0.0596509201689465
v -0.0239668295176026 0.0144660336786525 0.064515307840717
v -0.022614228787249 0.0182926787585458 0.0633490596098647
v -0.0230216686229327 0.016909122918038 0.0659753355244169
v -0.0247043218076152 0.0126573269068736 0.0660507181877823
v -0.0019375607893567 0.0348526678655883 0.0343825053470654
v -0.00401622143382324 0.0332193034120957 0.0338647331122516
v -0.00305282292231183 0.0347374294812904 0.0381486020273272
v -0.000105997149485917 0.0368338801861086 0.0415711441318239
v 0.000314349266593432 0.0364067350877942 0.0379549083192676
v -0.00400887274761898 0.0351997309752151 0.0416675217048216
v -0.0016892250336438 0.0370825766926742 0.0452147631868975
v 0.00122649129823161 0.0378750026792741 0.0444803142390119
v -0.000293590707063319 0.0376573455733035 0.0476862029907997
v 0.000593928973296661 0.0382851174048239 0.0505434781244944
v 0.00377004546353952 0.0392208651765676 0.0481037410666093
v 0.00240487853149026 0.0396861038799359 0.0514374260731257
v -0.0082428163713489 0.0155581479331483 0.012516611938174
v -0.00989368117915484 0.0162443509267727 0.0166310640401653
v -0.0109587575464499 0.0131241692895257 0.0145126553114279
v -0.0118475446473663 0.0108403104046596 0.0142834652791221
v 0.00168316867496918 0.0232864824202122 0.0101428471314604
v 0.00353821733951011 0.022141137003063 0.0078422188169063
v 0.00622360902221533 0.0245083423455957 0.00871181360281686
v -0.00271547248042427 0.017889811564711 0.00824599713964018
v -0.000759657812179155 0.0206016113487794 0.00918664044028094
v 0.00375787015564316 0.0196299536064139 0.0063388890509587
v 0.000456505764744927 0.0195771395612991 0.00764495675008003
v -0.00198961413121827 0.0215579086611773 0.0113169310217563
v -0.00889206042155789 0.010111809673497 0.00921604790858467
v -0.00594095849735349 0.0112214254035098 0.00724581243820344
v -0.00703165901506734 0.0144118789249906 0.00985561758674556
v -0.00931004130391208 0.0123158326597971 0.0113051607208723
v -0.0104186689166695 0.00934166574165127 0.0107083994149403
v -0.000423028617931939 0.0160955837980618 0.00631211033868648
v 0.000160912944974576 0.0127850885448112 0.00552755663265857
v -0.00650526357559021 0.00652817600717581 0.00634940036106666
v -0.0031698242364767 0.0114830195305821 0.00599599894574606
v -0.00526438821623982 0.00517592606139869 0.00574844205178354
v -0.00268345887497282 0.00803722994187009 0.00547966590398063
v -0.00572125760815646 0.0180654220363324 0.011624347844952
v -0.00806833767914847 0.0182970179526917 0.0157200436633023
v -0.00928301813131491 0.00126064447456756 0.0072686464213424
v -0.00722748162535051 0.000367357514805466 0.00603666816815408
v -0.0109881196134677 -0.00188220715460683 0.00857031612234901
v -0.0115388033887137 -0.00557265295637678 0.00945139108650596
v -0.00942047585581454 -0.00360897523215762 0.00725466433467676
v -0.0111670478922312 -0.00797129458607157 0.00958652023130701
v -0.0129140484600556 -0.00690399738678411 0.0118658708497003
v -0.0150440117634798 0.00820458908588344 0.019640800690833
v -0.0132544302364125 0.00740600306220334 0.0145757914646143
v -0.0133590870994803 0.0115514657214331 0.0185984728885995
v -0.0159293767863641 0.00388181468289787 0.01912479236521
v -0.014288066137043 0.00328099261331429 0.0149734178447147
v -0.0152117791700177 0.00144111825276902 0.0164509955222372
v -0.0216727546619329 0.00157750645988533 0.0222304511168878
v -0.0208837762346916 0.00263795945609755 0.0231699006751517
v -0.0231543290178845 -0.00218212015325603 0.0223074917498843
v -0.0220622653005779 -0.00127495712715385 0.0238521051430056
v -0.0222475617509633 -0.000659533242729788 0.0267975591282103
v -0.0174221371433103 -0.000729923348410001 0.0218882542656275
v -0.0231945937294051 -0.00517650178479252 0.0219460318120625
v -0.0214474292149523 -0.00585370679734331 0.0222989673983278
v -0.0176815731200979 -0.0048649182359469 0.0226157715545651
v -0.012337503996802 0.00513930012469212 0.0116764540054434
v -0.0109015126646123 0.00574032133352933 0.00979414725974498
v -0.0119036149565416 0.00180749306545625 0.010067105474057
v -0.012703696128006 -0.00209429420797211 0.0109683425639232
v -0.0136086625529969 0.00134133876792562 0.0128276982934138
v -0.00873889729724238 0.0063912934873121 0.0077637234349024
v -0.015626410463263 -0.00211999342525187 0.0170223373143875
v -0.0136909131096933 -0.00339445962703117 0.0126106172736732
v -0.0146870928206168 -0.00667236046421703 0.0154322939557231
v -0.0144750190749247 -0.00984217504900083 0.0162800739709124
v 0.00580786410297026 0.0278931750695994 0.014365082483634
v 0.00837259443413004 0.0276921844752585 0.012212700229164
v 0.00376404027865769 0.0283882582815771 0.0173626116009217
v 0.00761063041941466 0.0306846075897346 0.0196174117967817
v 0.00827206202283504 0.0292390397452855 0.0155323709688611
v 0.0106032900627432 0.0314597813537415 0.0199728065160155
v 0.00592743036332719 0.0314235669923987 0.0235064247334379
v 0.00604940363659985 0.0327631313752106 0.0282795053603999
v 0.0134948110948229 0.0330246736755972 0.0233927861333661
v 0.0120660265559542 0.0343638958354433 0.0287883184517164
v 0.00995236622644284 0.0349004253544067 0.0331094042129621
v 0.00855016003894437 0.0328513779420385 0.0260053710385349
v 0.0165562261426605 0.0340989438933996 0.0264677220941014
v 0.0165072393878879 0.0354625048784187 0.0319839738227855
v 0.00734053987448482 0.0350424682247782 0.0373325426226738
v 0.0146869092530528 0.0365266950174967 0.0390004966251735
v 0.0119988151050301 0.0364798617015579 0.0401805808320448
v 0.0145102945810738 0.0360204744418522 0.0348454527062969
v 0.0149111163224272 0.0369995781720268 0.0431444255531846
v 0.0186233761271311 0.0363353112277021 0.0362542509195586
v 0.0195451514878612 0.0367591832248508 0.0399307325786682
v 0.011663854265361 0.0371315629032622 0.0462369321619362
v 0.0155290042801559 0.0375756393568497 0.0463310878731246
v 0.0175855657444889 0.037402946126227 0.043171995257078
v -0.0119404061387584 0.02277076602026 0.0370815816439069
v -0.0146397485058939 0.0184809497172467 0.0345223305207515
v -0.0113696183140264 0.0224779241812667 0.0332253910971315
v -0.0220547193604785 0.00567801321069787 0.0295530025893263
v -0.0230764678553762 0.00297805002090302 0.0298685846019638
v -0.0224559627916129 0.00740762904690706 0.0324898737870931
v -0.0229483243468098 0.00505885934632472 0.0324367671872685
v -0.0237177525977571 0.00580154133718762 0.0349136528800729
v -0.0233276268910693 0.00170132007502553 0.0304026801940037
v -0.0236076942744498 0.00223301501978853 0.033815572693469
v -0.0244331173857213 0.00103165861817003 0.036660513713046
v -0.0238212616572395 0.00583503165473139 0.0379897766524087
v -0.0242199051863428 0.00368582319106744 0.0376869553470564
v -0.0158511510707531 0.0174997283044755 0.0378544283299253
v -0.0163448068675906 0.0150012263256862 0.0338485502954248
v -0.0182409878623708 0.0138581693079312 0.0417491221048219
v -0.0176178981171486 0.0135939396073904 0.0366311841746664
v -0.0184234430404398 0.0105852878080996 0.0337777982327356
v -0.0197575853203234 0.00990978665439606 0.0408816410641953
v -0.0247423063662168 0.00490984232988421 0.0416753041485782
v -0.0254076816500576 0.00252934407918651 0.0408885035638095
v -0.0197614197687657 0.00760528271083612 0.0364447333620306
v -0.018739012277288 0.00652839792672107 0.0300237917173813
v -0.0213726860393563 0.00254549201040336 0.0399183873268125
v -0.0209593128987439 0.00486351447034838 0.0413446442630264
v -0.0245899659192289 0.00629741578493993 0.0434951899830594
v -0.025465181405893 0.00597227990948774 0.0461785377825642
v -0.0207365030446454 0.00725862262810883 0.0418601661059291
v -0.00575133688050665 0.0235286772274861 0.0209159562320691
v -0.0021147120405519 0.0248447229366672 0.0170448131179611
v -0.00249440197230409 0.0257223945673287 0.0198521624866911
v -0.00662475796918408 0.0240510944167211 0.0244606549911309
v -0.0039923387676443 0.0266771727775411 0.025010586187999
v -0.00675697511439915 0.0213114573621869 0.0185196237897769
v -0.00991494682696812 0.0185432700779299 0.0203090759809984
v -0.0123151167379122 0.0150776197171181 0.0205814701436575
v -0.0130262428807493 0.0164632704237814 0.024631906680441
v -0.0104005759266618 0.0212358307418855 0.0269648201829894
v -0.0111286908455285 0.0215508598020221 0.0304505605642858
v -0.00848061536475699 0.0214866262307421 0.0225122556691299
v -0.00392084697458295 0.0218005061451419 0.0142894769657303
v -0.000138550019965783 0.0243817930401061 0.0136239926929236
v 0.0056268876294215 0.0256505943892264 0.0106306791357576
v 0.00252804584628309 0.0260090018551309 0.013569401658742
v -0.00119316859670854 0.0276843947546107 0.0223074627751317
v 0.0013851024169392 0.0277221980638496 0.018813479439563
v 0.00149077150412371 0.031341732029357 0.0297529406479466
v 0.000909483287643113 0.0301306069508832 0.0259314851616859
v -0.00247155278048531 0.0294389037048459 0.0303041022693682
v -0.00830951391481423 0.0239764250612128 0.0282146711654597
v -0.0138193438920161 0.0183907568528156 0.0311181457511251
v -0.00568545337132232 0.0275785100064393 0.0319689951314284
v -0.00888930658472592 0.0248661887838716 0.0330772894695809
v -0.00964831528251934 0.0256446655281267 0.0388166321364081
v 0.00277096805282386 0.0298689880254644 0.022695585998048
v -0.015157420503082 0.0126201893262061 0.0249688939126831
v -0.0153826482914234 0.0104889146818749 0.0231245942437748
v -0.0170513680094583 0.00902648504771432 0.0262996146988771
v -0.0155635161501042 0.0146451885191219 0.0297881847120244
v -0.017531412968683 0.0102730456588653 0.0300196549675276
v -0.0218221960010339 0.00399003773673109 0.0269783665200653
v -0.0173117877096898 0.0050655802149326 0.0237458635187345
v -0.0188490647686235 0.00292512347162409 0.0275865122203082
v -0.0226996012056626 -0.00157420571705274 0.0287079480165118
v -0.0226733287257588 0.00219075998228698 0.0285340061280855
v -0.0184609346454644 -0.00033295373727487 0.0252782940864201
v -0.0197532705690187 -0.000202362854605352 0.0307287760607357
v -0.019653416585125 -0.00314770844029499 0.0284214412230319
v -0.0204822299249122 -0.000130630234349655 0.0337805072851228
v -0.0199993688015696 0.0037036147789881 0.0333626932147177
v -0.0128397001232431 0.0228737524971261 0.0435634614556038
v -0.0106658359150519 0.0255370493447452 0.0446241677750464
v -0.00246152147583834 0.0319565907468976 0.0509612997068251
v -0.00572510102559991 0.0302353050580249 0.0491417313578696
v -0.00657680017656388 0.0296839042737949 0.05290497628352
v -0.0086140711465134 0.0280389848269354 0.0497127451530169
v -0.007748500887126 0.0285288877859289 0.0546134577150244
v -0.0254180709591628 0.00833892186260201 0.0555382781115604
v -0.0148701964112321 0.0197498050566054 0.0412618485178207
v -0.016527739940044 0.0179372392764752 0.0455079526741132
v -0.0148868234490173 0.0204870625028796 0.0447335099118057
v -0.017147075974625 0.01617446833889 0.043065354969102
v -0.0187778627560151 0.0133214525866486 0.0457708713336001
v -0.021095957758512 0.00788350359174224 0.0466486417763399
v -0.0204994285754612 0.00993652738684574 0.0594675974062183
v -0.0209767053712107 0.00895555868161864 0.0548604760113078
v -0.0195204795818412 0.0129198652946738 0.0560839631993032
v -0.0215799343368415 0.00554805846481047 0.0646284083144291
v -0.00410620076770257 0.0296934675203253 0.036455367840708
v -0.00269782265717313 0.0301288721132403 0.0344790409905751
v -0.00200469701936656 0.0314000764965396 0.0377022935180537
v 0.0001704881848053 0.03173191408596 0.0334142530329454
v 0.00441537484941715 0.0333426661217271 0.0327292941511381
v 0.00325658648417696 0.0338986983053079 0.0383119197373655
v -0.00314371367350823 0.0316219617043437 0.0420994335034048
v 0.0039794314410736 0.0344978558410682 0.0417296490276131
v 0.000506163078783471 0.0333237398864464 0.0430610161647593
v -0.00671134792914229 0.0277414284168292 0.0362213358992121
v -0.00872077033575669 0.0269406914375126 0.0420814566755744
v -0.00724661723505577 0.0285461701372594 0.043017644187935
v 0.00543087384367126 0.0351613462609503 0.041512829208513
v 0.00417433206096495 0.0353144183545077 0.0464249054190432
v 0.000688955022440235 0.0335204796288807 0.0449996103921815
v 0.00552711928377147 0.0359585663169496 0.0492008177980741
v 0.00912462963930486 0.0363972786568255 0.0434576732927515
v -0.0139115040693577 0.0222522116526886 0.0498867451797152
v -0.00583304909857582 0.0296030636077076 0.0447620546669993
v -0.00411306825943485 0.0312117466614413 0.0466786087482595
v -0.0102037639293508 0.0263644833323796 0.0489388231552292
v -0.0123296015399001 0.0244966591671953 0.0530061910116679
v -0.00966627525185815 0.027421865713012 0.0536773105806378
v -0.0111860855949191 0.0257103986666677 0.0563648391204364
v -0.0156708858484021 0.0198154322519394 0.0506087243001013
v -0.0176925859259647 0.0167523205060095 0.0528024091177232
v -0.0186873504818724 0.0144275136968276 0.0498737536724982
v -0.0220894214949996 0.00488077883216475 0.0535183303906571
v -0.0215454734195959 0.00613440547950167 0.0486327320346036
v -0.0201986808304456 0.0102571294740952 0.0484654303526477
v -0.0214686281077775 0.00686355077319016 0.0544936191662749
v -0.0144197768468207 0.0219741657178908 0.0564058263572442
v -0.00990697834875976 0.0270910702214061 0.0603888004878411
v -0.0145122582893156 0.0217480790984016 0.0601755079934285
v -0.0126235940421116 0.0241628137789331 0.0615221771294147
v -0.01489505040305 0.0207887769255414 0.0674736278305643
v -0.0163934836554002 0.018969728222644 0.0594129916870589
v -0.0183673595976394 0.0154080242339245 0.059328598993828
v -0.0196175009817451 0.0119946041082091 0.0625297516355824
v -0.0014047207882416 0.0326402685848139 0.0485826734538963
v -0.00110820053835088 0.033306487832286 0.0527437705460197
v -0.000479245278720258 0.0336837143501863 0.0529493381375662
v 0.00919926469974577 0.0368278619056647 0.0512596477299067
v -0.0505451253195079 -0.000203643095515611 0.0260315820851641
v -0.0476252346073599 0.00149652724349285 0.0236420057447021
v -0.0500969642620269 -0.00333750748414316 0.0251615539320755
v -0.0529946249812438 -0.00161544911502924 0.0286912430651853
v -0.0517022056443356 -0.00551509878385394 0.0272799845711664
v -0.0496495361704226 -0.00617163343596008 0.0251947184476524
v -0.0555098045232912 0.00346732079238708 0.0364287728943531
v -0.0565868856710504 0.000915621287199797 0.0367526881889723
v -0.0533996466334492 0.00422850431245499 0.0334090487197981
v -0.0552433232764701 0.00462161067479237 0.0382346689492369
v -0.0571950465738874 0.00312588379417793 0.0414913862620361
v -0.0572331232845325 -0.00213454502377924 0.0375799727302909
v -0.0578235889760351 0.000296821877586969 0.0406451954727589
v -0.0582510037388309 -0.00218070713627276 0.0415217396076254
v -0.057580457174571 -0.0041954313024403 0.0392007189936362
v -0.0540203713130419 0.000583642570695743 0.0312230124549372
v -0.0522712224408893 0.00111916562479528 0.0287388676096584
v -0.0505983847879795 0.00429348516782675 0.0294644385854814
v -0.0517465770912667 0.00364642978544266 0.0297906459994629
v -0.0544509126863293 0.002751597119716 0.0333740968615203
v -0.0488844973261545 0.00453109793232781 0.0282240876305281
v -0.0455496159836615 0.00397590239595354 0.0239073360544309
v -0.0492119497805707 0.00370577600435122 0.0268048268268731
v -0.046491168343419 0.00317996603243028 0.0236391653319493
v -0.050103267529586 0.00243706034101254 0.0266365155755007
v -0.0442806783149749 0.00386232830921301 0.0265923431409272
v -0.0479476442332499 0.00439259187682346 0.0292813009318542
v -0.0468284935124874 0.00319225810646613 0.0303231093291089
v -0.0421483412167511 0.00133853080834253 0.0269145168808724
v -0.0503741401807844 0.00450287424106853 0.0333193978933833
v -0.0519031736941998 0.00472351451630334 0.0325022076467944
v -0.0539084007459012 0.0050515182745383 0.0371390114522318
v -0.052532727215285 0.00503752831722963 0.0361082198163931
v -0.055692368254617 -0.000552001181219907 0.0339618206080369
v -0.0550297513323942 -0.00342281718401708 0.0320315472296456
v -0.056293096345615 -0.00405766879491615 0.035133351850975
v -0.0539574189980721 -0.00506148460042627 0.0304763689511632
v -0.0531591220844985 -0.00708612181177832 0.0301428264391822
v -0.0515297586052903 -0.00922313643774514 0.0303907003343812
v -0.0528090889139271 -0.00842957160719941 0.0309740182178039
v -0.0543695409111143 -0.00906066157960825 0.0363021279754836
v -0.055834963835882 -0.00657591866793213 0.0352813573365417
v -0.0556736365857513 -0.00800072131920185 0.0368768462088518
v -0.0574164302951852 -0.00674351975021985 0.0408583627296846
v -0.0539696467333732 -0.00928055477561773 0.0374502084945149
v -0.0489939821262565 -0.00726714827427655 0.0341164420313981
v -0.0511553777411221 -0.00826398695976237 0.036270319645589
v -0.0504777236751117 -0.0093808627005948 0.032392976117191
v -0.0532609075078243 -0.00910078259079638 0.0384169759189641
v -0.0527801064553953 -0.00806476667675311 0.0407968580535525
v -0.0511103926538863 -0.00636223130998704 0.0396688757761074
v -0.0455139932914009 0.000772068534168422 0.0217418666891627
v -0.0481100349364261 -0.00103918223674013 0.0234092209241671
v -0.043788348935677 0.00200965665593755 0.0211178499987465
v -0.0445195000138896 -0.00240440276918871 0.020640581237291
v -0.0471795542575618 -0.00409062256579876 0.0225108632307766
v -0.0438956854394751 -0.00602095450481464 0.0206119662241496
v -0.0412630017198032 -0.00228146559722825 0.0187801227348082
v -0.0386945314269144 -0.000684345545979979 0.01782445480618
v -0.0379169121259643 -0.00348009995027329 0.0172461171306797
v -0.0402305006460847 -0.00558056529395925 0.0184831711399057
v -0.0421681512965224 -0.00779918213889979 0.0203662632250064
v -0.0422156958934948 -0.00899760991057619 0.0213584400639565
v -0.0471991126925869 -0.00743898410228632 0.0234940235998805
v -0.0498287616279344 -0.00857706799691397 0.0267887701639
v -0.0461261212706113 -0.00918779014655987 0.024224653121865
v -0.0501855900485903 -0.00956326323355374 0.0296613722922385
v -0.0423207280447866 -0.00959818279624674 0.023226380734081
v -0.0347961134679551 -0.00583816012896747 0.0164885773900517
v -0.0328359871915191 -0.00337248852499179 0.0156610089574609
v -0.0379423619975242 -0.00893932549678515 0.019323474845966
v -0.0363998541652955 -0.00761269836940622 0.0178193625062268
v -0.0369159173635812 -0.00919854310375384 0.0214369923752309
v -0.0384690637547374 -0.00784911245796748 0.0237254177922242
v -0.0376020158538952 -0.00943751016918305 0.0203082078683957
v -0.0333513863845065 -0.0088565177535228 0.0177442839120594
v -0.0305746980221435 -0.00925076751533546 0.0178540244021815
v -0.0347229220489059 -0.00860910612327128 0.0212812055716551
v -0.0300606662985626 -0.0093173122434935 0.0185149039452196
v -0.0313746146013379 -0.00836765264982087 0.0203352101880041
v -0.0400031602455885 -0.00289738919350152 0.0260938803143439
v -0.0383108205136558 -0.00582967133482656 0.0246527146758429
v -0.0429729874312025 -0.00481859678823797 0.0281024314029593
v -0.0465907241481843 -0.00960440761364445 0.0273327326633882
v -0.0478616671470741 -0.0086135951259841 0.0307207022910439
v -0.0431032763716 -0.00865226124802889 0.0260269004779001
v -0.0464358768210304 -0.00657341310599253 0.0310205726959678
v -0.0369599601862974 -0.00157785641977002 0.0243713070493247
v -0.032353090753835 -0.00342788995709867 0.0227374778180886
v -0.0309749785376025 -0.00726500811515337 0.0159494535916916
v -0.0276146089055988 -0.0082297997771072 0.0159532140636695
v -0.022428586214632 -0.00797643256602971 0.0148750080037709
v -0.0253641181284484 -0.00928630436847071 0.0180310596080115
v -0.0223297619255221 -0.00911096827031697 0.0165383296309623
v -0.0173884587575121 -0.0109567656836888 0.0150249192833731
v -0.013267488278735 -0.0133700131822245 0.00749212452794966
v -0.0148076700966414 -0.0159793782556893 0.0128258690644324
v -0.0163674108584422 -0.0151585426448419 0.015010571661122
v -0.0175829599568003 -0.0140828030268954 0.0182121602806679
v -0.0153487667863725 -0.0177783253691446 0.0161651862362934
v -0.0252088890991996 -0.00885586486046049 0.0193227726376781
v -0.0231779794039646 -0.00768357490858957 0.020497666335159
v -0.0201682388138769 -0.0159205406980846 0.0283912938199157
v -0.0212622646877739 -0.0115694671595151 0.0270295864118407
v -0.0214707961125928 -0.00914053434944314 0.0182197144765665
v -0.0195741689789341 -0.00931296045308587 0.017113707561578
v -0.0204598647364299 -0.00880581695624826 0.0197641097568531
v -0.0186676259489893 -0.0104807724364688 0.01800268141488
v -0.0189890820918289 -0.0134115793154705 0.0208252861033267
v -0.0181605445863412 -0.0165522562156163 0.0223075580308283
v -0.0166436388984387 -0.0190157806084061 0.0198447371123473
v -0.0152503617389037 -0.0195316033324178 0.0179461563063687
v -0.0195643525887423 -0.0159780936476894 0.0248388344380745
v -0.0142728807516908 -0.0230589555784914 0.0210867975406611
v -0.0167741734414595 -0.0200556312404887 0.0231663329522614
v -0.0185592994499572 -0.0188179122170957 0.0269654214726975
v -0.0193586954284781 -0.0199010803194318 0.0301050383185201
v -0.0162493641603538 -0.0229702102956149 0.0249020299560245
v -0.0155857640452186 -0.0245416136931377 0.0276790138222852
v -0.0171722888537634 -0.0220757624506583 0.0279269676210007
v -0.0135542441929551 -0.0269164267508959 0.0267323021115347
v -0.0151460040241454 -0.0268321159286754 0.0295179096580328
v -0.0549359187205209 0.00560313866238398 0.0441941424173783
v -0.0565001070132779 0.00443884754999492 0.0415651609755929
v -0.0556771707589522 0.00518621355013572 0.0420986810943969
v -0.0542201243974876 0.00541639149218369 0.0437950058363011
v -0.0527237967698758 0.00442304003373395 0.0427815095923992
v -0.0565248760747831 0.00549451520613768 0.0479223535996698
v -0.0582684920214933 0.00119807244805357 0.0441298456591226
v -0.0585459956394033 -0.00424286614802878 0.0442813423022271
v -0.0587801772045629 -6.98207850921853e-05 0.0468403322482613
v -0.0582066171622987 0.00309795873440383 0.0474384016759113
v -0.05745590832331 0.00440867011279987 0.0465607287941068
v -0.0590102376011413 -0.00343806582030468 0.0495971939248021
v -0.0524020092369823 0.00474674477483293 0.0386780725519917
v -0.0524569608729191 -0.00673678517781373 0.043823073666219
v -0.0518508888951123 -0.00527606302615166 0.0443032427275124
v -0.0521652624739244 -0.00397744063113376 0.0491723530737985
v -0.0574407365705629 0.0048609752194526 0.0516338048464694
v -0.0578464768280569 0.00404490071210554 0.0535072821075957
v -0.0585623499031011 0.00218975760094571 0.051764618340113
v -0.059008722905652 -0.000903488619605525 0.0511651305769351
v -0.0581996925456016 0.000649594657629125 0.0579156165416237
v -0.0576510637596821 0.00279770982965173 0.0588485338939868
v -0.0545005722495179 0.00558871465612072 0.0487334081651778
v -0.0554352562727801 0.00605499665113923 0.0532394394963576
v -0.0541038918655943 0.00593933002122328 0.0544935401769698
v -0.0565625636357579 0.00557045202220421 0.0552275483626983
v -0.0569738339874127 0.00465141735523379 0.0585931014340281
v -0.0582547099406365 -0.0064253470173814 0.0468601884865555
v -0.0576140885850358 -0.00737198758377663 0.0449906872925696
v -0.0585896942838279 -0.00556010340085619 0.0522633329791839
v -0.0575915867726207 -0.00776986300346482 0.0499488595776336
v -0.0567663112075215 -0.00849469716431241 0.0465005515408015
v -0.0564046921790061 -0.00798386325896165 0.056275635003341
v -0.0565861240504891 -0.0083710146616647 0.0426872376123806
v -0.05537893942942 -0.00897145454113057 0.0443076072792185
v -0.0547188930428772 -0.00879900451368038 0.0445437407991005
v -0.053843569901869 -0.00811997606969557 0.0448763280981294
v -0.0559969354435344 -0.00859417395967975 0.0503005332950206
v -0.0546911250529042 -0.00813356192701107 0.0508634459643608
v -0.0535288414318905 -0.0072229035724634 0.0495215950166576
v -0.0527526208891449 -0.00615291575954145 0.0485973184347511
v -0.0587445894005772 -0.00255284033851438 0.0555448960282176
v -0.058104255518536 -0.00440548709902908 0.0582392281421276
v -0.0574552027174762 -0.00709198033455045 0.0555762242822951
v -0.0577440705632952 -0.000352277076670956 0.0604775596700303
v -0.056878550236084 -0.00353525056126255 0.0631908142348493
v -0.0546951409234686 -0.00789172426577559 0.0622005882969555
v -0.0551414166802918 -0.00834026508047583 0.0551055676054813
v -0.0553332340160356 -0.00734449546256947 0.0631588360377637
v -0.0538449147783432 -0.00796110593859741 0.0608591689518692
v -0.0537922210129897 -0.00757409052045444 0.0572745094660809
v -0.053075259572306 -0.00656825040015096 0.0528561101332863
v -0.0527537753071955 -0.00679398344514977 0.0579957896876337
v -0.0555917469510054 0.00586964125783029 0.0595037866580943
v -0.0554225958037872 0.00519749146129835 0.0631919674294881
v -0.0539428410404811 0.00598817735722023 0.0649005236786557
v -0.0559032908176148 0.00353881238530416 0.0641418032302439
v -0.056242471396701 0.00188344898700964 0.0645535303847488
v -0.0532060169359517 0.0064487560249492 0.0635402186823702
v -0.0535016729598013 0.00478737533272356 0.0684252799980688
v -0.0538918379984599 0.00340538946054513 0.0688452048457434
v -0.0517556427974089 0.00597104721819485 0.0695387998118609
v -0.054933908295107 -0.000572307255895328 0.0682193095792469
v -0.0505209221014307 0.00647934356882963 0.0674226595235723
v -0.0491866992701586 0.00667665756211287 0.0713974140269893
v -0.0501430231394535 0.00584994871625287 0.0722998472044783
v -0.051731273708105 0.00378315456128636 0.0721022652636171
v -0.050189878893516 0.00268452375666522 0.0745028359653134
v -0.045801915884779 0.00664054944066843 0.0735300905071796
v -0.0447075020586164 0.00664305742768727 0.0764579904512187
v -0.0430828941531402 0.00645472069686433 0.0746758313038435
v -0.0480141115142663 0.00592823662341884 0.074762625681969
v -0.0463223643043842 0.00477165897836884 0.0771726357263709
v -0.0563430652209089 -0.00140937879510977 0.0651919829862501
v -0.0549496609161105 -0.00385111845093058 0.0678701802818371
v -0.0567045969492448 -0.00608594787372903 0.0613707979892659
v -0.0519752116164848 -0.00780226039729502 0.067900791174489
v -0.0552890621891334 -0.00544954675064803 0.0661680353377311
v -0.0535645871331209 -0.00707742237019087 0.0677375567167527
v -0.0528725422396773 -0.0010322903556335 0.0716235243406018
v -0.0535539581416205 -0.0059026992079765 0.0693114139107619
v -0.0519416212317406 -0.00431184746798083 0.0725574832700689
v -0.0509026549496037 -0.00706193793211991 0.0719214351814345
v -0.052143531253614 -0.00718437651818931 0.0622165691008762
v -0.0499495410991078 -0.00679010429840334 0.0666211567830174
v -0.0515281553904522 -0.00772023171170864 0.0660746542752743
v -0.0504565939029254 -0.00174044422104265 0.0748224367297571
v -0.0503372778295107 -0.00594205142523614 0.0737997746317261
v -0.0481053283467931 -0.00708674890063475 0.0749956671713253
v -0.0481708726668866 0.00082496638676972 0.076921683642756
v -0.046846651028943 -0.00303096505554935 0.0780117747537599
v -0.048825003797997 -0.00510369254480132 0.075863545014053
v -0.045472942544817 -0.00505001887150395 0.0784097583294116
v -0.0479218456442638 -0.00725302401876084 0.0705939161319496
v -0.0486383042698642 -0.00781648004351587 0.0723983397973763
v -0.046058705955191 -0.00693989397572531 0.0769340086895035
v -0.0432752955131629 -0.00818930431715805 0.0754019025253698
v -0.0432177845876369 -0.0081661243048704 0.0774240153273275
v -0.0377776126215135 -0.00932364974923595 0.0783209537500026
v -0.0408606901030514 -0.00785033836363099 0.0754280785177439
v -0.0215095641077175 -0.0154767869272968 0.0328875666475161
v -0.0215909279171344 -0.0177430413251956 0.0350392379468282
v -0.0202677377683731 -0.0183502131042277 0.0326226703743999
v -0.0210403210857674 -0.0193398250131435 0.0382979640679699
v -0.0227529889783278 -0.0165009570707427 0.0418382548094081
v -0.0225899722359167 -0.0145468303218936 0.0365173729957556
v -0.0211779189137845 -0.0208357830041832 0.0406700216204881
v -0.0197227854634607 -0.0200620615325557 0.0336652836129512
v -0.0178937157152513 -0.0227529844295512 0.0320943134754164
v -0.0199289599811966 -0.0207367856237957 0.0360575464319552
v -0.018716008109167 -0.0236069628421494 0.0351250008281013
v -0.0161621492578778 -0.0251253781115298 0.0309717232562135
v -0.0165277054423944 -0.0257894589102372 0.0342517815341936
v -0.0236513761316221 -0.0147078251457835 0.0440444576019495
v -0.0240989616321239 -0.0135101205938567 0.0410953079254996
v -0.0234370654965716 -0.0174715571859091 0.0459667745191932
v -0.0213073538572452 -0.0209071201396464 0.0446985197868159
v -0.0241225971758962 -0.0154936786906571 0.0496156578736036
v -0.0231935184213503 -0.0178085502746663 0.0488070884537531
v -0.0251264017735257 -0.0143985732450481 0.0525613581463028
v -0.0141116728903606 -0.0287437320475061 0.0332998741337682
v -0.0156689258257715 -0.0281363330952778 0.0378297693256765
v -0.0183628017620297 -0.0244458217042545 0.0386115042069493
v -0.0138929245943968 -0.0302828640909051 0.035210867010927
v -0.0168258910930247 -0.0282154598907728 0.0408345808519274
v -0.0147273575862764 -0.0299576720491663 0.0407391588588177
v -0.0200379816329981 -0.0230795217986714 0.0435270023526543
v -0.0223537863373162 -0.0198916803529473 0.0487412911135074
v -0.0203094920686725 -0.0239885614711808 0.0494912076589086
v -0.0224539422036324 -0.021348461421915 0.0518742666517686
v -0.0197499648190726 -0.0252370899583236 0.0463385630006461
v -0.0180775312091414 -0.0261895089233535 0.0432332543351761
v -0.0161789641907898 -0.0289665198650103 0.0437625160244742
v -0.017580950987702 -0.0279337485489053 0.0481972832161007
v -0.0134063649375884 -0.0319322681524834 0.0434947718450745
v -0.0150493509900559 -0.031424765406924 0.0460463521881839
v -0.010615417891878 -0.034548468142081 0.0437660713862131
v -0.018261002443802 -0.0284876836428851 0.0517895654559902
v -0.0151733940125394 -0.0311065738404217 0.0497490554365529
v -0.0128352477829559 -0.0345307366945858 0.05165298250554
v -0.0116645866164442 -0.0343384415300001 0.048195584743859
v -0.0262153644271274 0.00737940721305354 0.0574733737446149
v -0.0263025684668597 0.00322120962130367 0.0555566598511144
v -0.0257231701414742 0.00913087714499368 0.0627882481608604
v -0.0263999695322684 0.00614505985933903 0.0655003050057587
v -0.0258183563221941 0.00890051583365692 0.0655564062325305
v -0.0265825495504579 0.00775894471012868 0.0681036661539661
v -0.0275836460193185 -0.0052590836543337 0.0632359379249625
v -0.0243541708693781 -0.0162028428245662 0.0548195487955094
v -0.0244123634479372 -0.0177176179692881 0.0572540403312621
v -0.025169612313666 -0.0145870355404952 0.059558973584299
v -0.0243277880354296 -0.0175410018981308 0.0614586732044769
v -0.0260357750823152 -0.0136918812955656 0.0633441584664532
v -0.0251338786264601 -0.0159019662573141 0.0652723556803332
v -0.0250087059778465 -0.0175682703991064 0.0683474856077247
v -0.0234170681351351 -0.0202936791069986 0.0662596286587658
v -0.0261264925645545 -0.0124492634418156 0.0675035407084116
v -0.0253254619731663 -0.0155869123153254 0.0704365744922849
v -0.0236356992327493 -0.020003228522257 0.0709131369119634
v -0.0247480753722527 -0.0173053040680385 0.0737090062844696
v -0.0236099652987019 -0.0211756140610329 0.0737850561347883
v -0.0233289120533355 -0.0187310646151178 0.0537392655699494
v -0.0222794200703925 -0.0212496621011552 0.0543107502184395
v -0.0224544251245482 -0.0214927140649168 0.0586261283495198
v -0.0209587785599504 -0.0237560630697551 0.0540069931463496
v -0.0195653382559112 -0.0261036407094966 0.0544025886564527
v -0.0209215896875131 -0.0250097017831686 0.057105182440047
v -0.0187012838023014 -0.0279155636709981 0.0595329541197564
v -0.0230512180223497 -0.0217428575048087 0.0625635685534008
v -0.0219234879408147 -0.0231878792795412 0.0623599816943561
v -0.0205044211411179 -0.025369118525939 0.0615607343196803
v -0.0190205030466572 -0.0285824076889242 0.0629795631709414
v -0.0170406700429109 -0.029769758521451 0.0555630861884655
v -0.0156449843015724 -0.0310359778525255 0.0530776661517669
v -0.0159002242607884 -0.0320253072964542 0.0573020035972787
v -0.0138379907069323 -0.0331998866115253 0.0547795796537226
v -0.0113716518053759 -0.035354444200728 0.0540953238438653
v -0.0165778533091751 -0.030757585662846 0.0606404185326248
v -0.0150255233139093 -0.0326739565959478 0.0636552260617956
v -0.0144222307313429 -0.0331320453500465 0.0599279782477862
v -0.0134244832615022 -0.0349997440366829 0.0628728940557333
v -0.0120699851618213 -0.0349594798556985 0.0566982700030727
v -0.0111212536925872 -0.0361048035943549 0.0612584489798567
v -0.022131799658988 -0.0228957784291378 0.0659137834980891
v -0.0213769704937267 -0.0252171902053004 0.0682129487978602
v -0.0169258369182002 -0.0306601569942814 0.064871444599893
v -0.0192455954751811 -0.0276888482617646 0.0666292722673472
v -0.0179446604821425 -0.0296301871772916 0.0701325991515737
v -0.0221888998190067 -0.023037963093789 0.0711638455780955
v -0.0201640035635766 -0.0265446827097839 0.0708671327692966
v -0.0211333067068043 -0.0249339508617599 0.0749811473927054
v -0.0190586911562807 -0.0288323242568248 0.0731772740257132
v -0.0163841988833379 -0.0315045487557585 0.0725874383480035
v -0.0145461255671856 -0.0334127901230187 0.0668275004098585
v -0.0162076063064881 -0.0323174483204967 0.0680715841064547
v -0.0130759546015655 -0.0347077716871672 0.0663745754041177
v -0.0119496582143307 -0.0357189359558137 0.0652336291046447
v -0.0081428439603287 -0.0385941594259667 0.0654141924180449
v -0.0148555285924905 -0.0331968472328428 0.0703068646672031
v -0.011264231598992 -0.0363990212812101 0.0709900450798988
v -0.0145422023192257 -0.0339208585430544 0.0731444546531044
v -0.0148233344647048 -0.0332355667422734 0.0752293384921696
v -0.0136646139097945 -0.0350238812552431 0.0735082968407813
v -0.0104454159439857 -0.037606608758817 0.0681023944448142
v -0.00824987031142644 -0.0386615192325631 0.0702441018029152
v -0.0489989001742596 0.00262652870447728 0.0346287243909265
v -0.0468334434883851 -8.6869000156186e-05 0.0324742538972018
v -0.0489900635755341 0.000216864149885777 0.036560583071635
v -0.0487297438968075 -0.00445601910324482 0.035771699170748
v -0.0461277585169133 -0.00381152204479257 0.0316984950819243
v -0.0472731754243799 -0.0021881845753037 0.0335659996775959
v -0.0435839047753587 9.17775998209983e-05 0.0285851986463164
v -0.0427066787770999 -0.00716343540242655 0.027008451267667
v -0.0335245094072002 -0.00632741743021366 0.022383926824266
v -0.0277574601047437 -0.00466145644826638 0.0219520437271072
v -0.027187676498531 -0.00739955841817544 0.0206073441971827
v -0.0200427209458392 -0.00944031575993197 0.0215067396503507
v -0.0215184233657197 -0.00531503284914051 0.0246242021373571
v -0.0199707774569863 -0.012023322438597 0.023557899649477
v -0.0214410641179665 -0.00898253601066441 0.0244373043030757
v -0.0224673345954246 -0.00868116541745416 0.0296810439088957
v -0.0161288734812474 -0.00908038203084965 0.0201009605758942
v -0.0128250726943875 -0.0123182291747603 0.0139681542921218
v -0.0117762898532746 -0.0115873437470453 0.0119115767177721
v -0.0154193372529357 -0.0135751428073906 0.0214720848171953
v -0.01350419973952 -0.0153135146269096 0.0183485634118175
v -0.0114692343146129 -0.0150538490163718 0.01377043210192
v -0.0114795861428045 -0.0177517794240806 0.0163776859041996
v -0.0179118414316554 -0.00912149720855947 0.0251201408583902
v -0.0160288917632428 -0.0156578176231447 0.026013978229731
v -0.0143799496104217 -0.0176853041073618 0.0235640453136537
v -0.0126652217322297 -0.0213802710035864 0.0245777065251576
v -0.0508653805244222 0.0037176126990543 0.0373532847095856
v -0.0503432808567287 0.00167300987406418 0.0397148833601467
v -0.0516779782383572 0.00278475750713392 0.0434196939890838
v -0.0506403354360993 -0.000856326073892285 0.0421441387929392
v -0.0497992284037934 -0.00351603686590903 0.0386431279799167
v -0.0508791282601469 -0.00382604061817298 0.0413757419884349
v -0.0512276628299849 0.00102445682187957 0.0436721018881912
v -0.0515161510955988 -0.00158147389291227 0.0459846284969878
v -0.0527093759995918 0.00389225197360274 0.0476536205373018
v -0.0530579119207817 0.00454767352157026 0.0513947079711845
v -0.0519675230091964 0.00187043514182576 0.0492215263662242
v -0.0516846238507985 0.00190817956253124 0.0548963426574463
v -0.052285133267919 0.00475555895058249 0.0569381277328753
v -0.051022401005311 5.91725371116973e-05 0.0576847421987004
v -0.0523318139034576 -0.00483672413284342 0.0526251093035907
v -0.0517901798550774 -0.00101057091923383 0.0520912914432808
v -0.051509111169961 -0.00285271359844885 0.0565513026443249
v -0.0506424170716431 -0.00302058543132803 0.0604233589677686
v -0.0519620362238849 -0.00517422719034384 0.0569002845020087
v -0.0521335520812957 0.00603950818203418 0.0620890045355185
v -0.0496535413700044 0.00547621596966456 0.0658698668522293
v -0.0506303660864337 0.0042738849687601 0.0617872981868932
v -0.0506968242394565 0.00269000068077286 0.0597581497025117
v -0.0496434743171988 -0.0017228417148657 0.0626112015226873
v -0.0488501094877918 0.00110326322009532 0.0646108879946082
v -0.0473302326004298 0.0033794841637842 0.0677381232925365
v -0.0457157741087068 0.00422675526781213 0.0704398743829951
v -0.0465125583693638 0.00607386609541322 0.0712926475086212
v -0.0433971116592017 0.00416992941302628 0.0726415156344992
v -0.0422835747649446 0.000469769541594544 0.0725963301758261
v -0.0400782283340377 0.00497711190766259 0.0749449425142511
v -0.039025935708032 0.00219084371481566 0.0743586140798876
v -0.0510798788449859 -0.0060325880249888 0.0624697288205123
v -0.0492828573738697 -0.00476672614883371 0.0655210469195804
v -0.0472513411678132 -0.0059027004524597 0.0697877688194024
v -0.0469300151447357 -0.00295320677644679 0.0683957635518681
v -0.0461970712073791 -2.43118897663464e-06 0.0685712009544241
v -0.0448157769800484 -0.00607224851319759 0.0725287756315515
v -0.0436906518550296 -0.00426832713139659 0.0720432902022472
v -0.0406675055525413 -0.00415316149255803 0.0738900614300346
v -0.0381075380543149 -0.00246140126052694 0.0745731404472873
v -0.0382376711198343 -0.00741723137625315 0.0757552607098687
v -0.0236347979119683 -0.0008773031893088 0.0324466678596875
v -0.0247343609213266 -0.0017287496355736 0.035429624560613
v -0.024646642648309 -0.00493977014578445 0.0381979301540331
v -0.0250061387579735 -0.000545239837399795 0.0399181872911706
v -0.0253658518260626 0.00197980976475104 0.0440469418895359
v -0.0255433755213108 -0.00260600309169968 0.0435764482957189
v -0.0255682438939697 -0.00508972535896403 0.0410739705268836
v -0.0246510287472149 -0.00792783143658057 0.0400824757078073
v -0.0257664462628668 0.00240972448532297 0.0482099472083979
v -0.0262626548829113 -0.00171677805512372 0.0460608233026138
v -0.0220373888978743 -0.00214751626103404 0.0440703991353985
v -0.0221268858697479 0.00201587923227891 0.0475102914477359
v -0.0216492895681361 0.000581966082045609 0.0421834208997701
v -0.0253691880726273 -0.00654497609294646 0.0440506273753304
v -0.025797097233356 -0.00598796843408505 0.0474203367235772
v -0.0261545013277073 -0.00286673371007993 0.049064095954062
v -0.0250082862301016 -0.00852000063969146 0.0431001067371793
v -0.025748532937128 -0.00933465775426121 0.0460785083685119
v -0.0249237044360024 -0.0121921673843531 0.0484219586018778
v -0.025469683934652 -0.0116551946546376 0.0534702391089914
v -0.0234733484998652 -0.00602820658668942 0.030359316725981
v -0.0222740587833782 -0.00629424653930316 0.0274539685667904
v -0.0235997900859189 -0.00393207758227466 0.0323553930539437
v -0.0234093345399742 -0.00761095242094291 0.0329840498300997
v -0.01994346582582 -0.00581743728686318 0.0317960770462083
v -0.0201224176844612 -0.00804365840586181 0.0335337626688326
v -0.022009218486992 -0.0131280138894157 0.030193326981478
v -0.0226958552038358 -0.0117883953584559 0.0334658266922526
v -0.0195407824928517 -0.0110197043477668 0.0330566239434834
v -0.0212799702747759 -0.00275624246399418 0.0380498875890568
v -0.0204025113719487 -0.00346982664179564 0.0327550245835272
v -0.0211730438650564 -0.0061864033617879 0.0389660514834355
v -0.0241923941661628 -0.0091066494982985 0.035534569297864
v -0.0241695087473924 -0.00732260367614921 0.0363533565757178
v -0.0238375178093587 -0.0110528361254509 0.0384801760592481
v -0.0200026115739329 -0.012880498733652 0.0394571166332577
v -0.0191351184278841 -0.0158474733149762 0.0403115136547691
v -0.0179228279160502 -0.0144314132545993 0.0310049726973633
v -0.0178654851098941 -0.0179749942628832 0.0365101770782462
v -0.0169267816259273 -0.0138966930420752 0.0264971905760172
v -0.015645524549378 -0.017700216448423 0.0271755072030931
v -0.016969231208865 -0.0163213024550864 0.0307598711908396
v -0.0151739164327788 -0.0201348846434471 0.0301434192928113
v -0.016446937580147 -0.0184347557864726 0.0324632655767045
v -0.0116183618152105 -0.0245324047964232 0.0279616993766617
v -0.0159094439019721 -0.0214097135837406 0.0370178874571432
v -0.0143579191320043 -0.0226561987201666 0.0326875864966739
v -0.011719257987658 -0.0260602280797175 0.0327102226057161
v -0.0214810889276615 -0.00677765518353367 0.0424067781462832
v -0.0208769739495454 -0.00957471334164336 0.0401331247377971
v -0.0219682053659841 -0.0051397809966853 0.0430981192505638
v -0.0242828914949025 -0.0107707127479867 0.0407652480077839
v -0.0243861093412692 -0.0121677974816258 0.0431605382192176
v -0.0246667278032124 -0.0112875907108105 0.0441867286165437
v -0.0203330492000012 -0.0137767334751277 0.050668603798004
v -0.0208768232963043 -0.0120250358827249 0.0454447290345436
v -0.0214977693933077 -0.0097969102554552 0.0470285535275543
v -0.0197019448845231 -0.0153105678092931 0.0444117296294655
v -0.017437054726864 -0.0195842096004756 0.038930306576834
v -0.014167908749043 -0.0247442645757657 0.0387869706454085
v -0.0123643224210846 -0.0274214884247562 0.0413388355141096
v -0.0107847119772021 -0.0298057709928008 0.04485974270721
v -0.0169285025839321 -0.0204520472902181 0.0440815571665841
v -0.0148555797094719 -0.0248102968334327 0.0511289622519965
v -0.0157140273666162 -0.023020327468887 0.043315263244977
v -0.0141310671684598 -0.0261152770891832 0.0485839363110314
v -0.0257875599387598 0.005437753841303 0.0534189992832991
v -0.0264003777949807 0.00273639148703558 0.0517451486898423
v -0.0264455511745229 -0.00127755277377243 0.052853915665373
v -0.0222091705718377 0.00257963893459032 0.0508957428685357
v -0.0267702469213876 0.0014273993384791 0.0597495255075721
v -0.0271919287327599 -0.000931866705887608 0.0574180143811297
v -0.0266352761263789 -0.003028729194771 0.0551196952498531
v -0.0225515369877242 -0.00403167695135443 0.0539750529416564
v -0.0224518260570893 -0.00224533109377932 0.0543601950475629
v -0.0223079620070591 -0.00246470953023575 0.0575753659086433
v -0.0267664316501165 -0.00459503221796618 0.0521082595617532
v -0.0263940938389147 -0.00687842524736967 0.0548636155559068
v -0.0257223848856914 -0.00860702691247042 0.0500015461327207
v -0.0256035328079606 -0.0117507496664645 0.0558980942916566
v -0.0267259847209499 -0.00908824845059643 0.0574837420536211
v -0.0270044447295561 -0.00178471368749485 0.0607926410073092
v -0.0267576528908996 -0.00589034403381414 0.0598306069895339
v -0.0261900419166183 -0.0107493733408496 0.0605933967653949
v -0.0269345681789633 -0.00737299848067961 0.064467348463206
v -0.0215815321453139 -0.00911918179179791 0.0531589364199123
v -0.0222959121875604 -0.005124165723684 0.0575026552056139
v -0.0259087873832369 0.00732304904012777 0.060038511289972
v -0.0265497312847322 0.00390335105292732 0.0600025881454895
v -0.0267271966790365 0.00493794897557352 0.0629288995077198
v -0.0273278421929094 0.00295774092940766 0.0628357600374706
v -0.0270106211047052 0.00270340304329941 0.0669519322679376
v -0.0269783952939289 0.00368522921055155 0.0692285970838684
v -0.0271177839974517 0.00048354574526694 0.0647144178032432
v -0.0277185786210846 -0.0006493001727525 0.067919056335601
v -0.0271771142000399 -0.00264876354045139 0.0650528117689468
v -0.0272832844340791 -0.00363160997000106 0.0705218784193917
v -0.0271889165901 4.37395525772616e-05 0.0714626634379666
v -0.026877438853541 -0.00853632924618814 0.0720986864372858
v -0.0220055718202943 0.000976384362985679 0.0570285687584053
v -0.0221772493502431 0.00199484229342997 0.0658954527498878
v -0.0213552296448726 0.00636760047458851 0.0667709537355083
v -0.0199826992252649 0.010837618759366 0.0682373089676879
v -0.027130891780983 -0.00615583966307114 0.0676036541260711
v -0.0219867724808392 -0.0075349315572903 0.0657597374997971
v -0.0223870646949146 -0.00261370526844511 0.0657824408935392
v -0.0208005644443472 -0.0124864976157194 0.0588958602206264
v -0.021017824673189 -0.0121375214424805 0.0683114215545133
v -0.0221905457773317 -0.00148762043981133 0.0691371023633611
v -0.0271762571348584 -0.00916844491577525 0.0681703483949493
v -0.0222081401840957 -0.00553544530108569 0.0669252760620411
v -0.0215166308707594 -0.00999699096426164 0.068812884288916
v -0.0357330358153869 -0.00558543414216267 0.0751934214615097
v -0.0263479360703894 -0.0112739813027721 0.065466487085614
v -0.0264147263487142 -0.0116038005476051 0.0711148858848721
v -0.0264552540650923 -0.013238809189551 0.0740206792707289
v -0.0202515330800629 -0.0133857898380524 0.0747069240375015
v -0.0196715834305213 -0.0164900541923247 0.0680100309633264
v -0.01364006453804 -0.0269505019903717 0.0543222682845001
v -0.0158017764676671 -0.024101673601652 0.0627500311126252
v -0.0130363522688851 -0.0282527964361547 0.0548049107971661
v -0.0132065128406264 -0.0275451020423652 0.0575765872479618
v -0.0119051327991579 -0.0286938233515985 0.0587589918209341
v -0.018683812027406 -0.0183379096550561 0.057231689815664
v -0.0183357393473051 -0.0197249991007278 0.0653569532574914
v -0.016237318583676 -0.0236254179570703 0.0645819403937146
v -0.0141171529648247 -0.0266465126350058 0.0639838309823062
v -0.0157610017060121 -0.0231712489224604 0.074696958473916
v -0.0147994693349195 -0.0251227530159177 0.0704833011706047
v -0.0137546930882774 -0.0264639649045761 0.0621799574091436
v -0.0126206900849699 -0.0284802275077455 0.0633662803195046
v -0.0112402777391986 -0.0296579151176721 0.0615655835301247
v -0.00775386871415646 -0.0329631712512406 0.0577985020345795
v -0.00697963916320566 -0.0331982877833741 0.0604227189528072
v -0.010719772785552 -0.0301786327878175 0.0682719494657094
v -0.00952721594993574 -0.0316359593689692 0.0624320380613824
v -0.013141008268025 -0.0269297330933892 0.0736657150713587
v -0.00602186883695074 -0.0342973862120786 0.0658383797163948
v -0.0077205969840814 -0.0327141483269745 0.0697108725382515
v -0.0219892192572854 -0.00432230311029309 0.0461946975597701
v -0.0220730717792037 -0.00649018108825772 0.0493870557778956
v -0.0140857778787151 -0.0261700518270372 0.0448238776200419
v -0.0121129894206764 -0.0283814977577414 0.0474839422436694
v -0.0101674859682486 -0.0310490723293369 0.0522802076643889
v -0.011988619416062 -0.0287101336732784 0.0510886603704837
v -0.0223637983069607 -0.00223624112511865 0.0493068588930516
v -0.0224836051465517 0.000409636376199153 0.0532075528046772
v -0.011425335609278 -0.0295600762639449 0.0555295006985902
v -0.0101432169723988 -0.0311978653318162 0.0566762612839649
v 0.00684167747718922 0.0233115840302166 -0.000881456289393158
v 0.00460921627738664 0.0244691243112918 0.00161276325158904
v 0.00650155581498077 0.0222012853262586 -0.00156430903975106
v 0.00984453370277617 0.0226725823100851 -0.00165627387727557
v 0.0106508749955276 0.0216891406573885 -0.00147515623417605
v 0.00921215448124861 0.026132341847163 0.00141722908734469
v 0.00665474638107559 0.0267940761748763 0.00377228365423552
v 0.0111293354279534 0.0284102486149391 0.00421302195376043
v 0.0114744122747922 0.0248351028675266 -0.000851781950831439
v 0.0127864965409311 0.0242095766789616 -0.00146577540083607
v 0.00998760079545648 0.0201944129255297 -0.000670775266136477
v 0.0109449001578735 0.0308400478696926 0.00883936262282905
v 0.0151260821520224 0.0288909202079606 0.00404523447408691
v 0.0143802158379343 0.0272250817913273 0.0015194102791192
v 0.01381917452097 0.0307034447206971 0.00769325821708022
v 0.0154334547500097 0.0254393715935001 -0.000829236244718338
v 0.016379098363904 0.0238943504580007 -0.00158311101352389
v 0.0156931135433759 0.0227450162954716 -0.00147597511840578
v 0.0204079926019546 0.0253668603333375 -0.000804806019933202
v 0.0142755355931379 0.0212901430369475 -0.000766075830045943
v 0.0134534108257817 0.019077998791512 0.00126192107357627
v 0.0181638700021287 0.0219113718901099 -0.00103667864583654
v 0.0179223183085921 0.0196159271306099 0.00103301033912831
v 0.0165912124393407 0.018481135078005 0.00184562572528824
v 0.020171830748132 0.0242992894075661 -0.00148984548091305
v 0.0226979902139167 0.0225984183845651 -0.00164586338777054
v 0.0221957615234945 0.020448637273047 -0.000326114197742704
v 0.0214996871504049 0.0183552235978568 0.00167018988975387
v 0.0183475761343812 0.0276359961723329 0.00198863433856463
v 0.021332641645586 0.0270046171682386 0.00131710344967876
v 0.0254195145130307 0.0240876041278704 -0.00101398238232267
v 0.0258327745562425 0.0229006731830667 -0.00169884118553712
v 0.0282620765812264 0.02264684891807 -0.00136872563926548
v 0.0318974120812652 0.0189877883959445 -0.00192968390198248
v 0.0308850211331256 0.0205832007201807 -0.00178036402394451
v 0.0269137148065904 0.0198152672952102 -0.00130986380504803
v 0.0293456344326877 0.0246857042174012 0.00130636060886769
v 0.0256930921776436 0.0181572610813068 0.000662640260520817
v 0.0236099988887334 0.0161455925284452 0.00213107954340189
v 0.0282141504349472 0.0153310019072706 0.00161123235274476
v 0.032248716069398 0.0218458061514602 1.02607299746878e-05
v 0.0289695479443889 0.0196503559539201 -0.00169997399173496
v 0.0341671387498644 0.0191243366078857 -0.00128628784709492
v 0.0337981656480761 0.01573115311635 -0.00159871293517127
v 0.0305355753176436 0.0160814038743701 -4.02669703563232e-06
v 0.0295664461765304 0.0123594377152157 0.00199448477011021
v 0.024749004464891 0.01164367792753 0.00252727978969564
v 0.0323545789444247 0.0119057601777939 0.00149909410290087
v 0.0354577588865998 0.0166919603473081 -0.00192714312040061
v 0.0371865589346184 0.0161508117298041 -0.00140442150008837
v 0.0379241611098937 0.0136511502680947 -0.0019929723801134
v 0.036386893038294 0.0201892299491104 0.00136860186035312
v 0.0333380120303486 0.0137392116502029 -0.000162858676118467
v 0.0363465892142148 0.0139916052100988 -0.00190794979671445
v 0.0360598235629838 0.0115368915339274 -0.000954451474282948
v 0.0346327380045457 0.0105928714009208 0.00087502512731605
v 0.0378479427474626 0.00899947399073527 -0.00120806839750536
v 0.0394589657822492 0.0105839708132184 -0.00200600216218733
v 0.0395794792721431 0.0131212542371652 -0.00138819500861078
v 0.0413417572695693 0.00980157187299364 -0.00160379772274682
v 0.0421457791258092 0.0131381214664556 0.00113449243564294
v -0.00979334192537874 -0.000543618409982525 -0.000850529181826815
v -0.00844789259803996 -0.00114036408290429 -0.00161959628624093
v -0.00653030756174435 -0.00334339586475766 -0.00109298887190889
v -0.00703163785573864 -0.00699803821404237 -0.00156841595278054
v -0.00903646138565143 -0.00604411094342803 -0.00122558061782989
v -0.00701870906322226 -0.0104813689493112 -0.00169489398161678
v -0.00596682316130015 0.000578382581964334 -0.000791617290156693
v -0.010774034570413 -0.00865492906793624 0.0010539852722945
v -0.00846774763978265 -0.00999102383949506 -0.000970162280066687
v -0.0110938369323482 -0.0112251192505828 0.00260489767758694
v -0.0101872985665139 -0.013619564722907 0.00258865303676286
v -0.00868831111038533 -0.0119366085289892 -0.000186057255814099
v -0.00592747025060399 -0.0147058030280034 -0.00135665610119434
v -0.00561706954927917 -0.0111924961642122 -0.00158766352195511
v -0.00401332570604454 -0.011530715517071 -0.00095053719602086
v -0.00534005874709614 -0.00792132435403313 -0.000784889098108935
v -0.00984607131152605 -0.0173718593106109 0.00495908183058479
v -0.00733750773099707 -0.0157869875004515 0.000359322124832084
v -0.0074759644956408 -0.0196655857016031 0.00365248902691971
v -0.00210966024726152 -0.0161326547268362 -0.0014403476031467
v -0.000930399906597065 -0.0146778450591402 0.000131951951554958
v -0.00445542482233887 -0.0174826090769035 -0.00125968775792721
v -0.00436800189421681 -0.0205100290205661 0.000824922971925413
v -0.00136628901094031 -0.019364407057862 -0.00185490446048499
v -0.000844721911699513 -0.0213169398165735 -0.00141360624225349
v 0.00191729868239929 -0.0209404008835001 -0.00165821657231943
v 0.00228843932459913 -0.0171328521667561 0.00109206694627191
v -0.000336727859492647 -0.0238536174731077 0.00028622061201844
v 0.00224684010157371 -0.0195542095504103 -0.00100780106428712
v 0.00304438962711968 -0.0236068128691282 -0.00173233521287181
v 0.00465928681286391 -0.022159359414536 -0.00147571610519753
v 0.0056342961099844 -0.0208255963358081 5.0953027355906e-05
v 0.00953986952928768 -0.0243540430297991 -0.00127761378579377
v -0.00143231992077372 0.016679747534997 -0.00146352373784324
v -0.00168167000370871 0.0135980422713539 -0.00142636759104034
v -0.000967969502323389 0.0125602809154578 -0.000714555493166765
v 0.00273571070883145 0.0196973022998419 -0.00168761931348028
v 0.00331622119542598 0.0213773515472133 -0.00110763015957151
v 0.00100724839227738 0.0173635221473305 -0.00158210763548328
v 0.00219739732873752 0.016169918243548 -0.000865681258422516
v 0.00302944456736299 0.0142968322744976 0.00105099206851827
v 0.00538118302902709 0.02013333287513 -0.00155115804668841
v 0.00579209398175229 0.0181478635947966 -0.000401856898391934
v 0.0043923783653128 0.0135666092347597 0.00193527284308309
v -0.00478812877773818 0.00787903027018942 -0.00119280061555957
v -0.00713078050627006 0.00363610209846924 -0.00148759376232138
v -0.00223233694598034 0.00939095916056609 0.000119405168085814
v -0.00364602095792626 0.00618946015254527 0.000241110726231333
v 0.00106807525397412 0.0112938712690324 0.00151730478384166
v -0.000590356389427916 0.00741947770783595 0.00192339839124568
v -0.00184628603184154 0.00325937634590283 0.0020846960552807
v 0.00358263616731495 0.0111186090768894 0.00233000175275098
v 0.00406534331289791 0.00848233849991858 0.00237475208582182
v 0.00687318412806825 0.0109921965563896 0.0016860023133515
v 0.00696378152497303 0.0101751504890802 0.00170222997148931
v 0.00340498214403088 0.00616181461797267 0.00252380184919264
v 0.000439836283489846 0.00307107256012242 0.00261699931724458
v 0.00432700054716093 0.00127285204914378 0.00280381460745013
v 0.0112301029871183 0.0125962245950251 0.00155508960449045
v 0.0118495364707491 0.00571476715197365 0.002828172757356
v 0.00989097063692329 -0.00356655153301334 0.00304340764020796
v 0.0088355405732859 0.0175730272674167 0.00128465190467051
v 0.0122163184828359 0.0237626502324783 0.00668765687969845
v 0.0126488676621599 0.0214964515693955 0.00569320117766671
v 0.0121585444998183 0.0190003775344448 0.00532555200418283
v 0.00966514625038413 0.0165101698322896 0.0019647462919313
v 0.014962626902386 0.0154892175060349 0.00152742912115967
v 0.0138521290979808 0.0161220871302069 0.00200807609093045
v 0.0107486263678814 0.014051531124544 0.00140705976319343
v 0.00962744076269422 0.0146906698249468 0.00210340088013313
v 0.00825399292724932 0.0126209894681454 0.00208274355102177
v 0.0195269899009409 0.0169482077227938 0.00189860237126633
v 0.0212083020231974 0.0136211733086526 0.00241181947318561
v 0.0166011497868601 0.0107937841150988 0.00236929135667313
v 0.0200088689480373 0.00900977773992592 0.0027599857209799
v 0.0116553598297234 0.0139838918095675 0.005136920568833
v 0.0137586520461177 0.0127380372154544 0.00498674685066909
v 0.0190367572915927 0.00329674474917862 0.00297024635894432
v -0.00388810175616264 0.00233488963995999 0.00103864034467256
v -0.0044408463914965 -0.00266669836250833 0.000898848512771106
v -0.00315606848039685 -0.00175462254838305 0.00182869584044693
v -0.00364373762692143 -0.00633544566352728 0.00120038652515208
v -0.00133058291325945 -0.00327208052556981 0.00241614175859576
v 0.00155485970884243 -0.00882150375734438 0.0027227541980896
v -0.00173331694979774 -0.00802178909373516 0.001993513778923
v -0.0022421056474067 -0.00995118223798244 0.00137477867952463
v 0.0122604464997427 -0.0115409643174226 0.00302590138127435
v -0.000201439029658279 -0.0130388312920697 0.00150802219559192
v 0.00303392837537559 -0.0147760687402151 0.00228480550802011
v 0.00700202137745926 -0.0156452434363594 0.00276452981888197
v 0.00712761201868389 -0.0180147443787808 0.00238533502606671
v 0.00545579333399211 -0.0188453316406327 0.00160990742500015
v 0.00764074374568232 -0.0155084561897305 0.00523277645723534
v 0.00678580316205789 -0.0192996727117901 0.00530200183528981
v 0.0264303094820167 0.00646303082604984 0.00274405366997593
v 0.0183653089861742 -0.00627561978551784 0.00311146561540311
v 0.0256093149353721 -0.00364962030644687 0.00302340697773214
v 0.0330391004317405 0.00404711432873469 0.00209332614777564
v 0.0355566609642074 0.00692925441565352 0.00150113594112159
v 0.0301963311995084 -0.00165865944132478 0.00256340270325845
v 0.0386605159245381 0.00364402709908001 -1.7304408403514e-05
v 0.0368461501886537 0.00672848715495346 0.000784426134530134
v 0.0373569083926353 0.00222904373333249 0.00137956074220753
v 0.0363592006028044 -0.00163926038387173 0.00184194125566527
v 0.0291561282871024 -0.00578486463136683 0.00230717490781732
v 0.0294345936520841 -0.00957945095456537 0.00190175955461672
v 0.0246418434077659 -0.00831454503905499 0.0030012125282665
v 0.0339123950808348 -0.00512376932810555 0.00201007723872214
v 0.0338281872040684 -0.0101852243756053 0.00148359998850345
v 0.0226742796608881 -0.00491500235555406 0.00523180706285659
v 0.0191744392557397 -0.0134287916103441 0.00303634310320846
v 0.00893120221450584 -0.0214466389698041 0.00111816137313078
v 0.00991273878133959 -0.0201529838254434 0.00210315429815083
v 0.013235549248566 -0.0228436705389131 0.00111561175774609
v 0.0123946422182965 -0.0183581220112604 0.00269851027354992
v 0.019305080893535 -0.0196608074585909 0.00267355951412381
v 0.0143389861820183 -0.0211223165521659 0.00219083035003958
v 0.0131005749628247 -0.025297686744151 -0.00128597064902965
v 0.0130207406950496 -0.0270850524040197 -0.00196853866942149
v 0.0161675672424118 -0.0259522139205753 -0.00153310092178328
v 0.0168935027489359 -0.0230217866870709 0.00134795777393211
v 0.0164000202327094 -0.0249816315567026 -0.000721209560629116
v 0.0179209307164361 -0.0278610863806896 -0.00188157502361916
v 0.0166938676112653 -0.0287437650018517 -0.00143063509421145
v 0.0203457779643807 -0.0257905165526452 -0.00162600369808589
v 0.0206979658656283 -0.024001187911037 -6.6968654233611e-06
v 0.0190425213451073 -0.027118134378513 -0.00198560521065675
v 0.0263776842114083 -0.0263018005544182 -0.00198320152168973
v 0.0240648319797686 -0.0243983935939062 -0.00123820959595088
v 0.0221248390585924 -0.0284314719563765 -0.00126547472891509
v 0.0194820788906386 -0.0209521221209786 0.00231277598070307
v 0.0218184316776997 -0.0220336940946905 0.00156982226163414
v 0.0254487935790465 -0.0196077365214761 0.00218543012872693
v 0.0241103729542432 -0.0184502159181394 0.00254159399421725
v 0.0261722347936726 -0.0209211145535972 0.0012587837602781
v 0.0210088757825019 -0.010694015605337 0.00546146500396024
v 0.0246393351371309 -0.0122414382311389 0.00275495071210491
v 0.0303182939154174 -0.0138519208308763 0.00147609618703157
v 0.027198555543025 -0.0163015222657124 0.00204413241123819
v 0.0290184175952149 -0.0173577951233663 0.00198429024549114
v 0.0300490021251135 -0.0084972325969784 0.00516423069952899
v 0.0195732378752265 -0.0150858699260322 0.0052401380795442
v 0.0207001169642646 -0.0214504304322333 0.00518752907255401
v 0.0402313883709921 0.0056529117135481 -0.00179926173303504
v 0.042852439977002 0.00664117095295644 -0.00137778665358264
v 0.0425721108905623 0.00353304399926245 -0.00201488651075173
v 0.0445503358318575 0.00810579098803657 0.0011285762276708
v 0.0393323556625795 0.000377857485582524 -0.000170754759370538
v 0.0371798850577917 -0.00451483282653696 0.00164601638686906
v 0.0420190158681777 -0.00126876404336616 -0.00196544062221676
v 0.0438548973848724 0.00228229283028452 -0.00141839937740097
v 0.0456009889851422 0.00383998084844951 0.000870717491614024
v 0.0434024728439393 -0.00170628684462802 -0.00196815051463245
v 0.0405264225055795 -0.00342893422485891 -0.0013242290675663
v 0.0423131377605446 -0.00761959593626754 -0.00208458014722816
v 0.0438885604013867 -0.00380355384871607 -0.00156864146281759
v 0.0460409399741388 -0.00330590930634554 0.000799602264004767
v 0.0449620388996782 -0.000189534311718124 -0.000395630319596545
v 0.0341404945193826 -0.0134679616064381 0.00141728475859583
v 0.0360470775573427 -0.00922338689702966 0.00151900212278262
v 0.0362610089111478 -0.0126950034131922 6.13394368229712e-05
v 0.0379215276015292 -0.00757210319502002 0.000512657782397701
v 0.0398845205967168 -0.00660232250022772 -0.00119740763401616
v 0.0404972107200473 -0.00963496448151909 -0.00201283130135818
v 0.0429167580015232 -0.00852027998839369 -0.00168397768629926
v 0.0383803073367699 -0.0122699778322151 -0.00161879688234457
v 0.0394609336663682 -0.0139712367962861 -0.00211509208888998
v 0.038379701455934 -0.00347290726697177 0.00089014584851054
v 0.0455777454791485 -0.00733883875219842 0.000851545239234481
v 0.0413315378205563 -0.0128898928283211 -0.00175976676307245
v 0.0445511813074415 -0.0106283490939595 0.00068199075215086
v 0.0427865527309152 -0.0149233409947453 0.000708155561849382
v 0.0468111148490033 -0.00544348529222035 0.00205031745235479
v 0.0462559092316149 -0.0124749365494565 0.00385290052531089
v 0.0474060357914542 -0.00863992595106693 0.00385569246102949
v 0.0328325199638301 -0.0188161572992398 -0.00104701370869518
v 0.0298981345794959 -0.0212864422434328 -0.00106542219478074
v 0.0371774558085096 -0.0168933386919856 -0.00200057540538191
v 0.0338702531302016 -0.0197325290471763 -0.0019072694772977
v 0.0351537439529679 -0.0166575472671253 -0.00128875142169777
v 0.0289622337151522 -0.02284277097582 -0.00167995378540349
v 0.0334591718184548 -0.0221718802904477 -0.001971585874344
v 0.034822705986473 -0.0220659401872698 -0.00146172490077408
v 0.0282377785731636 -0.0241416908710995 -0.00195280073914019
v 0.024492345974078 -0.0294225868655422 0.000289239284617995
v 0.0202155900781711 -0.0302059584560478 0.000349093963376326
v 0.0275900656696522 -0.0274570968029798 -0.000693083356237845
v 0.02827448602943 -0.0298044173684439 0.00256071711506945
v 0.0307149097182046 -0.0251433304829078 -0.00143348673307849
v 0.0303167075034224 -0.0274856652093096 0.000620711734520688
v 0.0336328213891409 -0.0254828515559447 0.000449296977176362
v 0.0326158323754962 -0.0138709747734313 0.00168147854678088
v 0.0335616439168969 -0.0154936731484664 0.000858621936871769
v 0.0310815752067675 -0.0166501442024717 0.00165774634180706
v 0.0292639743873452 -0.0189725959565583 0.00127751242326018
v 0.0355998038242618 -0.023954443911235 0.000580871827518873
v 0.0316574184884095 -0.0288780866676088 0.00346955981309016
v 0.0327603787686975 -0.0290829786479439 0.00471940454115952
v 0.0305438256226451 -0.0310555587246091 0.00601154457791543
v 0.0363788414629445 -0.0281124200931104 0.0067617751292119
v 0.0345992422080491 -0.0307867304594632 0.00916537700361397
v 0.0391255127681635 -0.0166762212041369 -0.00174094579787816
v 0.0407260603610953 -0.0183336644489388 0.000602855258246942
v 0.0380482842145978 -0.0216701839239826 0.00066828898615781
v 0.0371547817145732 -0.0250388381732612 0.00342446039504271
v 0.0449198106793702 -0.015730212451284 0.00398853637968798
v 0.0435740229424878 -0.0185222065030677 0.00430061370396815
v 0.0470509375711941 -0.0163124812991541 0.00760774949807301
v 0.0413438174887701 -0.0226665319941716 0.00552528950408338
v 0.040052414357446 -0.0264006579150834 0.00847426481250063
v 0.0204044422644286 0.0343178136468565 0.0145315453799315
v 0.0149495367716621 0.0331884650803256 0.0128908330976084
v 0.0100433296778519 0.0262899886541984 0.00940716313334678
v 0.0109740724663934 0.0248851613653713 0.00770888325817842
v 0.0164781808188231 0.0313021646450534 0.00847635087485547
v 0.0149031414543047 0.0265382140985393 0.0085995358015584
v 0.0146815751834398 0.0342735928969406 0.014813330320667
v 0.017274657676832 0.0332293646043963 0.0129509959937542
v 0.0208437090370121 0.031570201085119 0.00943547484799013
v 0.0200752870628626 0.0296854288833947 0.00552280533300403
v 0.024184238519032 0.0300878370682091 0.00732810543139077
v 0.0251693017918746 0.0283549141447797 0.00473216596847686
v 0.0270195590215247 0.0265776430841548 0.00278361524651512
v 0.0290058742694832 0.0288964445848035 0.00772556501862685
v 0.02368155381814 0.0332948045920514 0.0144300510564122
v 0.0272737634215192 0.0316833298978031 0.012376751013036
v 0.0313226082978674 0.030548263856054 0.0128847229588825
v 0.0172995856135316 0.0360403441127797 0.0195398215898264
v 0.0203805505949993 0.0347571727824335 0.0174333574076112
v 0.0202570999870373 0.0356788213596792 0.0202029950043741
v 0.0239795819373223 0.0355777937386225 0.0191846540346165
v 0.0225492845450548 0.0359476378017741 0.0218206472384412
v 0.0186015319374131 0.0367928342248859 0.0234084088828015
v 0.0213073388832712 0.0372261127250654 0.0243615858130395
v 0.0166129190653612 0.0346377449081545 0.0167773385986881
v 0.0136726142882487 0.0361079519205575 0.0220416837073981
v 0.0164801168505674 0.0375578272862443 0.0265964428749233
v 0.0231047519153603 0.0326910187680483 0.0126236949198491
v 0.026696570228885 0.0332616558251236 0.0142298340676757
v 0.0250989557750454 0.0342092235981554 0.0175799324311803
v 0.0300610953322839 0.0321372282080579 0.0157993124311251
v 0.0281183744899196 0.0335165899183926 0.017731433273595
v 0.0262371776240828 0.0349745566422238 0.0207167734751658
v 0.0283564910309919 0.0346409523685965 0.021540558090069
v 0.0305858860934612 0.0336903655838603 0.018904787658795
v 0.0324646192534667 0.0331025742261986 0.0209650254440469
v 0.0320039430235989 0.0266992951074226 0.00605730981911071
v 0.0344259071876174 0.0239091659774011 0.00405403201034619
v 0.0326856753371469 0.0281899728522833 0.00936438072699493
v 0.0348587117712215 0.0265648564345455 0.00864497885773091
v 0.0368761708887604 0.0246918626188964 0.00779197542900171
v 0.0398334073162616 0.0236840792590862 0.010192357260443
v 0.0397873162360406 0.0256792524270686 0.0133492628034035
v 0.0306881749691529 0.0140740066478262 0.00500878284247469
v 0.0301266135870574 0.0243427142839717 0.0090398003399663
v 0.0387702497289055 0.0215894020760534 0.0055476712210557
v 0.0398231168943913 0.0175843580421105 0.00222764282834339
v 0.0423734355056083 0.016385934101308 0.0041679234740471
v 0.0411604256794225 0.0202850168823342 0.00695110282815242
v 0.0452482904003027 0.0154317928476556 0.00764310425440868
v 0.0440846417431596 0.0182832299946015 0.00894248124381571
v 0.0331046332193064 0.0295594348718617 0.012391057585321
v 0.0360347232023244 0.0285695934963899 0.0140913560951996
v 0.0332035719762971 0.0308167328112428 0.0141122904114739
v 0.0344432853280351 0.0309454690048676 0.0177011817820832
v 0.037419840896826 0.0270470676897614 0.0127395451849528
v 0.039472622055671 0.0270971224592295 0.0144274592422826
v 0.0383912549281885 0.0283459623053297 0.0169500474780645
v 0.0409901709451663 0.0261986151798632 0.0168097401740174
v 0.0379777110687455 0.030166615619347 0.0195204684656289
v 0.0404305762471648 0.0275801481148579 0.0189831405217178
v 0.0425028624804218 0.0253383017049331 0.0178311160328401
v 0.0416855896529688 0.0244820077719021 0.0145243112785026
v 0.0427221125366819 0.0222630148321644 0.0123822129638777
v 0.0451151042880999 0.0203798643081857 0.0136612321523724
v 0.0438900554270737 0.0225506532564052 0.013696818951414
v 0.0440543343985336 0.0228213714995053 0.0152545882676344
v 0.0449987707305776 0.0224946696711817 0.0174323692368668
v 0.0471093152774492 0.0172653319534321 0.0130542587881687
v 0.0244023316992248 0.0367174343036268 0.0255775225687452
v 0.0204742657543066 0.0378849394721012 0.0283622610670839
v 0.0248069109715317 0.0381598302636674 0.0292902468079854
v 0.0273140470024631 0.037123091147573 0.0296296469490352
v 0.0293697781854286 0.0371378841517781 0.0321671659358572
v 0.0182215927881907 0.0391860413591421 0.0336935412486164
v 0.022754844830884 0.0386487221872726 0.0324697316405718
v 0.0249028192362911 0.0388232394782252 0.0352167217684709
v 0.0280307559747925 0.0361248678965157 0.0242472157085041
v 0.0296823391733539 0.0359923464587904 0.0274076716436245
v 0.0310550496694984 0.0346088465869018 0.0240475254160671
v 0.0344622565731969 0.0335709147520705 0.023721335625706
v 0.032372032073957 0.0361905368619699 0.0297785415897447
v 0.0335682526383205 0.0345194826652469 0.0273260838126436
v 0.0355230448385124 0.0343407817309914 0.0304170193473785
v 0.0265136263747701 0.0380870602968387 0.0329076966764291
v 0.0286582675873249 0.0385423957160863 0.0351157858481988
v 0.0272846232731369 0.0389052008168927 0.0375743994840602
v 0.0211864552319864 0.0398038201522144 0.0348017312293946
v 0.024175918518047 0.0398379023157563 0.0391299817847365
v 0.0212457640200723 0.0399067882487098 0.038033336818315
v 0.0254162256916564 0.0400939959663361 0.0404905987335617
v 0.0232718904429388 0.0403386030028164 0.0425604029054963
v 0.0276250080140601 0.0393369938021669 0.0413367750252967
v 0.0329819658991276 0.0363181831137154 0.0341268992112299
v 0.0367752622005408 0.0354363562786085 0.0352907767647393
v 0.0375953041496942 0.0337941292764097 0.0326572474573094
v 0.039028589512962 0.0340336876051469 0.0373682671071865
v 0.032195965838806 0.0373421914910331 0.0377342603719835
v 0.0310473649036727 0.038479167453642 0.0416292970239079
v 0.0329345050225231 0.0381108704753878 0.0403681916482583
v 0.0361069189191957 0.0358907297047925 0.0387185129032086
v 0.0393818238837761 0.029482332942419 0.021859316887505
v 0.035582190082837 0.0321866836154008 0.022538544428315
v 0.0419509242287565 0.027598793128815 0.0219946034996706
v 0.0373543635072142 0.0323443663877115 0.0266877979895619
v 0.0404918508528511 0.030190241471795 0.0253553811230787
v 0.0397499344505056 0.0324441805616087 0.0304529253949745
v 0.0420061777270133 0.02906484868536 0.0244388912528811
v 0.0430062248712417 0.0281477734023362 0.0259752024787396
v 0.0450924335141056 0.0266580573776199 0.027158094996448
v 0.0434575288500418 0.0260315261931592 0.0196370787980858
v 0.0456677890834568 0.0230890614738722 0.0200559973826623
v 0.0442404098640726 0.0258005620351976 0.0226020553811562
v 0.0470165999249377 0.0226574136458298 0.0222990632505314
v 0.0480687350846273 0.0209432969658191 0.0195624735994687
v 0.0498394796591684 0.0182260030167512 0.021339497815399
v 0.0470027313379391 0.0241580614959184 0.0240941632975136
v 0.0469052839140131 0.0249800011654316 0.0279066404930178
v 0.0491405372479035 0.0209940758967517 0.0247945120266877
v 0.0411966909704406 0.0315060149954303 0.0325784977807483
v 0.0417324463917886 0.0301653536839205 0.0292184023203301
v 0.0452502095177442 0.0280409879191318 0.0298988439548328
v 0.0470174384607832 0.0265185197694768 0.0326056762686452
v 0.0413402133749494 0.0323863884275463 0.0366937867416254
v 0.0430761472398907 0.0313606771790561 0.0354863747230682
v 0.044541381020706 0.0302456943881215 0.0378928856996752
v 0.0450139237158697 0.0288446430895627 0.034250778098146
v 0.0490142526676711 0.0237109866034557 0.0306585707313723
v 0.0507508264080392 0.022109819336108 0.029929651217494
v 0.0500845173826495 0.020945219671358 0.0275999032838955
v 0.0522605286249402 0.0185862181729668 0.029571832667514
v 0.0489253686107749 0.0258173124780629 0.0350099073948391
v 0.050490761633654 0.0242407605036192 0.0377930588917703
v 0.0516061345554348 0.0212832008012238 0.0334464182541321
v 0.0539512970178915 0.0168810268320721 0.0321907196785239
v 0.0536056604466184 0.0196893939036993 0.0357251132922127
v 0.0210262257321938 0.0166516747755806 0.0050446810208257
v 0.0260137470495168 0.0123211418604568 0.00496492478381448
v 0.0204897807448552 0.0103348811447241 0.00495061913701961
v 0.035748944800514 0.00756822562529074 0.00512172378882879
v 0.0365578402278445 0.00308201727955933 0.00503029672771832
v 0.0396494227426389 0.0060552462215895 0.0055879103661276
v 0.0267576953845998 0.00468743169961926 0.00505769885842355
v 0.0306604897748651 0.0026836532673941 0.00500729934611465
v 0.0434324985956395 0.0133290631677724 0.00307728668884871
v 0.0458307594258898 0.0125781484436147 0.00594960204099279
v 0.0470050549747605 0.00792237780780611 0.00476741823429256
v 0.0488231757910726 0.00883154118554795 0.00862650087651511
v 0.0486336235754222 0.0125192755019398 0.0111561450916773
v 0.0508133881844693 0.00917660685199292 0.0129675058172052
v 0.0492670395845224 0.0144437888149546 0.0143764769910934
v 0.0480571762158979 0.017982528346553 0.0166266290799948
v 0.0512181985584295 0.0112413581147154 0.0146100119604071
v 0.0501468607323331 0.0153786286738443 0.0179335065314801
v 0.0526539466542156 0.00889917408421834 0.0170953828336361
v 0.0513622557155294 0.0153096293281795 0.0196451356398539
v 0.0520521996345716 0.0119488014443009 0.0186979267205783
v 0.0525041972758679 0.0136964922730254 0.0221476404768398
v 0.0512857405292806 0.0185043935070363 0.0243118466829996
v 0.0525329761390508 0.0159609740113597 0.0255318200229598
v 0.0541278102568495 0.0128142271227076 0.024137216237537
v 0.0544696162725315 0.0126162347321566 0.0270228708875318
v 0.0540467125142426 0.0162882968482384 0.02932356263378
v 0.0553917524916432 0.0150453704103603 0.034094084468522
v 0.0560685027064574 0.0148776227972769 0.0372829067079634
v 0.0476375013017582 -0.000746164442899666 0.00306409168073725
v 0.0478412512148843 0.00404444579899341 0.00443911727174749
v 0.0501199927486382 0.00396025483647631 0.00849399991134793
v 0.0490894235485298 -0.00409965517807769 0.00553313338001461
v 0.0494676378876571 -0.00083714143786619 0.00625027174416782
v 0.0509103845652831 0.000792480677967186 0.00912178096854795
v 0.0511605069569246 -0.00413976850987815 0.00948529642021222
v 0.0494667689490106 -0.0080158499013215 0.00711671773232989
v 0.0491112369092696 -0.0116730349218088 0.00811353352573074
v 0.048292194017555 -0.0138360666355421 0.00798137366719942
v 0.0515118836236774 -0.00881271979756002 0.0113930813677535
v 0.0523138805790511 -0.00671997574393426 0.0124928727304242
v 0.0518149447483516 0.00481913625804086 0.0124949239916545
v 0.0527239482317287 0.00161422329559349 0.0133214618757956
v 0.053463817740625 0.0056537577069679 0.0170952078000885
v 0.0529663212153093 0.00512709905105768 0.0143126592269273
v 0.0525949014828086 -0.0027394091711653 0.0124926796842023
v 0.0538124917882247 -0.00229344788706633 0.0145485905457346
v 0.0539756810447064 0.000727014780542677 0.0165467426958467
v 0.0553099660156109 0.000739601927475777 0.0190248719122127
v 0.0558263826731173 -0.00274102409763191 0.0214020435509454
v 0.0530233466811308 -0.00580232319075056 0.0139920284055659
v 0.0531051277459429 -0.00880645944185985 0.0137168531978307
v 0.0543474418435375 -0.0041941771987939 0.0170738087191874
v 0.0519416534033317 -0.0122945995354997 0.0142429190391132
v 0.053189655528055 -0.0110794468995423 0.0164850881547454
v 0.0538857328858548 -0.00719879694447573 0.0164632946759805
v 0.0554233346641322 -0.00575658655608166 0.0186193830257543
v 0.0549136872982828 -0.00866047703159495 0.0199883075431076
v 0.0353433143461033 -0.0116594962430273 0.00512071230667706
v 0.0373044977511979 -0.0135337489686901 0.00537553214732133
v 0.0447492998828381 -0.0203718419909537 0.00782225382352837
v 0.0469576386919626 -0.0204602985259161 0.0116397959554484
v 0.0506273668733398 -0.0142108445521179 0.012640518095691
v 0.04404647649618 -0.0248751488529951 0.0123847397293307
v 0.0480833980995378 -0.0214657447298286 0.0138950024918229
v 0.0495224155324374 -0.0173895207303931 0.0132720346495912
v 0.0437885435919486 -0.026861285546396 0.0140256911978746
v 0.0385242879442764 -0.0297914786345946 0.0120753246293501
v 0.0390273246544646 -0.0311455841999592 0.0141012652503291
v 0.0406928372000213 -0.029080807227601 0.0138518246978167
v 0.0423248180199019 -0.0274921798340669 0.0134493543337807
v 0.0433072200501737 -0.0281272445377617 0.0164850991457733
v 0.0413203216754841 -0.0301052966587623 0.0168786553757438
v 0.0469529148129243 -0.0243117157125932 0.0170056915699889
v 0.0433048164911713 -0.030068151435883 0.0188207097124519
v 0.0465798660070843 -0.0230748512154039 0.014102251450993
v 0.0511554935857679 -0.0157026362563896 0.0140902931901042
v 0.0520342642021487 -0.0157818589616397 0.0173851034245202
v 0.0498923068203025 -0.0197247531332924 0.0168773082035618
v 0.0526845350155571 -0.0168624908939163 0.0202754209538228
v 0.0516589053553632 -0.0189602072438024 0.0188309298014509
v 0.054296926594288 -0.0124679997298067 0.018961134210501
v 0.054991115374781 -0.0116997847174275 0.0219378531128724
v 0.0541178105297456 -0.0150193102210734 0.0222946780016099
v 0.0521494079845763 -0.0202583175393582 0.0234228896488634
v 0.0445861704625534 -0.0294710193096233 0.0217187832073337
v 0.0489117017947959 -0.023304097033545 0.0191149465814936
v 0.0464903516392264 -0.0268555407722713 0.0204997919550171
v 0.0462837805392505 -0.0293437304708777 0.0238726048516776
v 0.0491639977908763 -0.0242136382597384 0.0218687718285708
v 0.0507575197118402 -0.0233741356364134 0.0236048295091779
v 0.0487807683006414 -0.0264140832372749 0.0254374810351784
v 0.0481156799810256 -0.0280047240139955 0.0271472470934707
v 0.0541437494639308 0.00801384511010533 0.019284674625315
v 0.053857965235088 0.0102001073279147 0.0219508065918529
v 0.0547697170687215 0.00886593150793558 0.0236448591336566
v 0.0545662549776079 0.00367222757856197 0.0192517018689395
v 0.0563388877620461 0.00534685116639484 0.0240858624036345
v 0.0560948175739503 0.00737609288014901 0.0265055775834904
v 0.0552393460693519 0.00468535525681636 0.0218002726953526
v 0.0563575598881244 0.000896108240085176 0.0237670716869964
v 0.0569890469303984 0.00308239421975708 0.0268341114724463
v 0.0583277383826281 0.00172329170600089 0.0293997430583054
v 0.0573829435491577 -0.000686802526045179 0.0271170172231617
v 0.0571392456631541 -0.00199411708543398 0.0238756913288876
v 0.0563616175126235 -0.00561727339852293 0.0234921659802972
v 0.0564255610674462 -0.00980042408244065 0.0235126882243314
v 0.0575177013008068 -0.00370860024019759 0.0271777236535851
v 0.0584732206687632 -0.00623635334902476 0.028895587341285
v 0.0570929235617768 -0.00708259659142491 0.0264112470315393
v 0.0562172998008004 -0.0122252961250328 0.0264613425029124
v 0.0573191244461767 -0.00930008268059396 0.0284245208166254
v 0.0558609982854032 0.0118624904524893 0.031163366129027
v 0.0569535951739597 0.00886652224615922 0.0292511607738822
v 0.057555800160875 0.00683456133080258 0.0318782386491889
v 0.0571345391918778 0.00500433429941213 0.0286947170714577
v 0.0585715103707135 0.00400129046840809 0.033270178427839
v 0.0570906022662599 0.0129297034220942 0.0350280911770274
v 0.0576298840802868 0.00914129750158714 0.0351503701926653
v 0.0577059946191982 0.0106604692326688 0.0374516480135263
v 0.0590134095945643 0.00561508946881146 0.0355014729304054
v 0.0582007782410663 -0.00115951585772014 0.0302109779093517
v 0.0587302426665632 -0.00334754298217431 0.0321904446899446
v 0.0591005517385739 -0.00511675655421618 0.0337873011122753
v 0.0584553748260888 -0.00669020680133293 0.0314382323907595
v 0.0579299606916215 -0.0107708116295644 0.0319770485272494
v 0.0594619183068427 0.00296928843568215 0.0377609216705485
v 0.0588847312452136 0.000857725480368482 0.033862870437048
v 0.0598901798683757 -0.00219964264207008 0.0352386456143661
v 0.0604641046943677 0.00136974144162449 0.0397941363566001
v 0.0597191586777305 -0.00536198053608729 0.0373902844349784
v 0.0599380769946727 -0.0022761573167717 0.0383880755884983
v 0.06030907253512 -0.000889045044862146 0.040532410108789
v 0.0606264901641282 -0.00642192618770271 0.0401740042242391
v 0.0544919781354345 -0.0168356875992211 0.0235640290168845
v 0.0556142674610951 -0.0151805323349814 0.0272572203436332
v 0.0543438242050402 -0.0181275625587738 0.0267577767148579
v 0.0522280312713566 -0.0219235742045216 0.0264202361602717
v 0.0545512883253738 -0.0201438296805625 0.0291441846972424
v 0.0572914872723953 -0.0132769636049513 0.0292614065873725
v 0.0551187648809322 -0.0195090408538086 0.0320859414141933
v 0.0560735553929299 -0.0165675382060138 0.0311523235987332
v 0.0529672813057077 -0.0233804310764879 0.0317363268289245
v 0.0514141679274862 -0.0242517755224254 0.0284068467262608
v 0.0497544361132151 -0.0276394501826026 0.0292034582168566
v 0.0538424736386997 -0.0231689678009482 0.034406601336052
v 0.0508033618717609 -0.026843649214926 0.0330671800740914
v 0.0577585190282631 -0.0128170131913816 0.032736581168908
v 0.0573721323566547 -0.0161673932929747 0.0354981577074001
v 0.0569368438776799 -0.0179349851859895 0.0346082429869137
v 0.0591414996560411 -0.00915192884041274 0.0353862725655004
v 0.0595400665347144 -0.00912139106175902 0.038655762701687
v 0.0603046334663188 -0.00875965920576818 0.0427307790148596
v 0.0587862851715487 -0.0125048042707985 0.0377546250115698
v 0.057789215438556 -0.0159804103163415 0.0377245240026527
v 0.059303291549365 -0.0143377205922324 0.0401093230166097
v 0.0587531494679587 -0.0155020935058937 0.0430556219850097
v 0.0559703588241797 -0.0200957223947239 0.0371826555321914
v 0.0544805879285422 -0.0234747344385254 0.0388129805506296
v 0.0563381620625781 -0.0215559988451189 0.0404535325297129
v 0.0531228190054625 -0.0250239874547665 0.0350210004893387
v 0.052607298269334 -0.0263301384137618 0.038880046847689
v 0.0573131496686398 -0.0189730027196276 0.0419616353632009
v 0.0552343353072944 -0.023243511381149 0.042292746148212
v 0.053532033295874 -0.0262934033207857 0.0429445617337005
v 0.0555103789196988 -0.0236957372127492 0.0460131941835127
v 0.00675190593857476 0.0223336032636208 0.00690276860500093
v 0.00731233135484907 0.0199550074187835 0.00583898752145655
v 0.00441326770783091 0.0168807069091678 0.00546996844509403
v 0.00914790422280553 0.0165649257146019 0.00521934753761222
v 0.00320553515505578 0.0121633143519134 0.00528478636362215
v 0.00698891612130029 0.0129346918608591 0.00516722773264493
v 0.00151447498708242 0.00954766153876894 0.00522078557380364
v -0.00358605069063014 0.00257664887519433 0.00536695485204008
v 0.000904445695478316 0.00275892019489753 0.00523445043413783
v 0.00766331152765902 0.00953485807162861 0.00509594758713228
v 0.00579688247661486 0.0117219143247997 0.00527335247822986
v 0.0162272999167356 0.0122700826185192 0.00505742999272623
v 0.0104696283091759 0.00320617290655531 0.00509895581075056
v 0.0105349108723343 0.0102220295085731 0.00499758732628418
v 0.0138610436087188 0.00533933990950352 0.00511915739138252
v 0.0156758387940905 0.00551861317379756 0.00493986118776361
v 0.0150044977490394 -0.00110325182916032 0.00529064773012602
v 0.0113936559225888 -0.0030951446445514 0.00517284539609451
v -0.00518742252863698 -0.00157183315453569 0.00546946964537779
v -0.00589291649082839 -0.006042780156481 0.00575470169718779
v -0.00139055388598296 -0.00466919230141478 0.00520546107190941
v -0.00326764542311906 -0.00792853567087873 0.00537059713347229
v -0.00780649981684093 -0.00574518817955462 0.00644695666613904
v -0.00981220663596603 -0.0068372712064046 0.00787777949976355
v -0.00829573269176884 -0.0109430439345181 0.0074458322550944
v -0.00632367984608137 -0.0103816494541466 0.00621455627277288
v 0.00100070331698745 -0.012261197208548 0.00528734756107871
v -0.00560564303649874 -0.0155021809804837 0.00715244450718032
v -0.00331374245960731 -0.0124397286050891 0.00564442044878217
v 0.00205906754477467 -0.00656377209890066 0.00519947276667335
v -0.00382723547510562 -0.0156695139615461 0.00633527985933769
v 0.00116677584402418 -0.0177004361678271 0.00555166443138047
v 0.00612929391827865 0.00306027784047734 0.0051173101510438
v 0.0217598765708539 0.00608324998065 0.00490506704695967
v 0.0188517726256679 0.00526277883190628 0.00511142078836396
v 0.0207009562121226 0.00105957531011087 0.00506495693051851
v 0.0178062741079837 0.00105406172289049 0.00524216351144012
v 0.0181815395277866 -0.00474725932019724 0.00533624695778915
v 0.0258233624586388 -6.18197624377131e-05 0.00502536638361106
v 0.0166554203348137 -0.0079476811078494 0.00547098825666966
v 0.0114648770471513 -0.0101185484769997 0.00525406129386145
v 0.0259398027068574 -0.00634728441402535 0.00524935483773045
v 0.0120543898095119 -0.0153458508900719 0.00523986610005253
v 0.0142741952768999 -0.0221423134046707 0.00525473731776817
v 0.0278491927023051 -0.01626993359323 0.00510192943622456
v 0.0324928918876836 -0.0144306912478971 0.00514719598064946
v 0.0260286402716845 -0.0130281342172925 0.00522651889935397
v 0.0301929681229566 -0.0161703913543296 0.00524924128382308
v 0.0171701354958746 -0.0253348882112767 0.00568310593345501
v 0.0268404931356316 -0.0214702628770239 0.0052787072740729
v 0.0227814466339407 -0.0250335322244137 0.00558251091150608
v 0.0207639367366846 -0.0278892081390074 0.00661145928191427
v 0.0249004000690343 -0.0262604938889769 0.00627762805309155
v 0.0282283059728045 -0.0233806479876991 0.00568935204260714
v 0.0311303567541587 -0.0180392588688147 0.00519718527546476
v 0.0346879638973622 -0.0170629464046013 0.00536870105596689
v 0.0319933527515602 -0.0204954241629252 0.00546334724841358
v 0.0299691824316405 -0.0252593322149112 0.00664791252369473
v 0.0344842433840188 -0.022155021872988 0.006557987080192
v 0.0310522035717167 -0.0273277114434533 0.00867568256802733
v 0.0341693344973133 -0.025152177296556 0.00829918497491799
v 0.0113036664980492 0.0287615343058971 0.0128906131906458
v 0.0165125374853945 0.0254642608987248 0.00748711597158541
v 0.0129738348792018 0.027797916346954 0.0107837678717443
v 0.0176878629033992 0.026884602346981 0.00884978970343056
v 0.0137468581045015 0.0301427312022619 0.0151569130064784
v 0.0185090512318552 0.0298426535024688 0.0139146883885121
v 0.0198369599624233 0.0277937257260275 0.0101745969617698
v 0.0162962339042538 0.0286571424146802 0.0116254416549671
v 0.0207614208122948 0.0213614745430024 0.00550286677227923
v 0.0230944102268833 0.0255190070092907 0.00797156141291935
v 0.020015397563581 0.0235575195920246 0.00635423946389408
v 0.0223435973781343 0.0243570128850311 0.0069550417635706
v 0.026025084510241 0.0218616744072623 0.00605007673789123
v 0.023756790584715 0.0274893260864757 0.0105114533610808
v 0.0224922678921934 0.0290654287434228 0.0129877954976026
v 0.0276840427619159 0.024113631778085 0.00771220053820696
v 0.027379039138864 0.0262286706840496 0.0100086726408506
v 0.0166108799047046 0.0315844887273956 0.0185290529847601
v 0.0215525678138243 0.0305640153501628 0.015939191904097
v 0.0204504809241708 0.0328588384285179 0.0224635569879393
v 0.0233979049948554 0.0315284414782308 0.0194775528028662
v 0.0258139287017851 0.0295557338164214 0.0156402003117844
v 0.0271857082882747 0.0276813838157858 0.0125652536704165
v 0.0309821492753344 0.0261987805762985 0.0123179147818781
v 0.0295966086919669 0.0290798242874297 0.0173094536044107
v 0.0267138139249502 0.0312270536585568 0.0207460514896508
v 0.0324948649213992 0.028924859980266 0.0202888613862691
v 0.0328279329859582 0.0166439837150657 0.00556457045957427
v 0.0290837513141252 0.0190038583961975 0.00557631065649889
v 0.030903508008662 0.0211070722860933 0.00671165945948175
v 0.0363691637824571 0.01752787349648 0.00714353522876835
v 0.033306071127732 0.0219295073043705 0.00849406316585387
v 0.0355691355732347 0.0151940364557221 0.0058766200181928
v 0.0385889042105475 0.0127218724565089 0.00625692274986596
v 0.0381331252365504 0.0182058658232271 0.00872231083475766
v 0.0406396289403807 0.0145756422980963 0.00843635730497531
v 0.0328122443387831 0.0247714970865841 0.0116589030929485
v 0.0359244622696226 0.0224117896151676 0.011144231300984
v 0.0336252710459178 0.0265579453956806 0.015691111458694
v 0.0349141475362365 0.0274347031039278 0.0197326775602751
v 0.0372644510948621 0.0237529185135104 0.0148663610149397
v 0.0379177104852592 0.0242884694740209 0.0169201767592031
v 0.0398881360202268 0.021305327975002 0.0145437052496427
v 0.0400752598651384 0.0182379698107675 0.0108589652564643
v 0.0420014448713421 0.0190465046768112 0.0146136268708662
v 0.0433607761146454 0.013398850148135 0.0105443806767916
v 0.0430899606125157 0.0106145723659704 0.00860456558934069
v 0.0437483834504146 0.0148607654683384 0.012465945129225
v 0.0439946637172906 0.0162155590450374 0.0146143076436155
v 0.0463145650321056 0.0128029426946475 0.0150721000310885
v 0.0166755923478927 0.0332204895128275 0.0234400164507813
v 0.0199893116775997 0.0347838237659725 0.0293259054588614
v 0.0240662682198894 0.0333334268869061 0.0253610041322659
v 0.0220568287558261 0.0339638998578519 0.0265122114841198
v 0.0217358131647072 0.0360332365382515 0.0350613196926363
v 0.0232297027029965 0.0351771196692523 0.0325556834121297
v 0.0261428432748795 0.0342312268583108 0.0304510682755362
v 0.0282108737778804 0.0323344732071124 0.0253987664444133
v 0.0312969604213043 0.0311520385981816 0.0253740074083947
v 0.0305075449681828 0.030368020534604 0.0220546527749101
v 0.0302918849554977 0.0322952070407342 0.028080714420442
v 0.0309359195921246 0.0337379689690962 0.0342928762453868
v 0.0316947529164719 0.0322209459500842 0.0290028319639874
v 0.0258580066749478 0.035594460556714 0.0367343852844967
v 0.0238532201120376 0.0364895014571777 0.0410128381175858
v 0.0212953200333849 0.037087480243088 0.0422976647017283
v 0.0263162460939343 0.0363594173617444 0.0419974484193638
v 0.02962861178954 0.035546507789853 0.0439644141230926
v 0.0287229184847159 0.0352573421247734 0.0396702916493622
v 0.0352892238366714 0.0302630206465954 0.0281478339913783
v 0.0347871769803219 0.0316773096190206 0.0328694433461621
v 0.0355116197924671 0.0322715182272274 0.0374210579184263
v 0.0377352301559296 0.0307501209909155 0.0350159158458819
v 0.0381259470912797 0.0310639485732266 0.0387384612083577
v 0.036713014309713 0.0272614192309233 0.022299841938953
v 0.0405323660969658 0.0236979513818465 0.0208382869592939
v 0.0388189402842957 0.0268675219016027 0.0246710526779711
v 0.0358962073494915 0.0286362587035226 0.0245159630795377
v 0.0389493913258199 0.028233575355086 0.0296101648573926
v 0.0425693984962694 0.0228082182361349 0.0230354478439234
v 0.0421479691914548 0.0246952938586995 0.0261120264395528
v 0.0453331306281507 0.0218080300736295 0.0276695022551732
v 0.0437085525538516 0.0201111158813964 0.0201258868119352
v 0.0444111324554679 0.0183722101450061 0.0185120707759582
v 0.0461743122531437 0.0162661385298869 0.0193668680327014
v 0.0480398952229712 0.0142438329025887 0.0210704424328244
v 0.0465134642337181 0.0187820491267865 0.0243283770191332
v 0.0487568115606031 0.0154505082059647 0.0242625775321138
v 0.0389538339383035 0.0290768115574507 0.0318125737805364
v 0.0424662215431456 0.0262744099088634 0.0326902883650406
v 0.0404886265246213 0.029102924812465 0.0371212002093673
v 0.0423448408188577 0.0273196758224003 0.0354547547479749
v 0.0442003594497433 0.0243767479866619 0.0314434998586771
v 0.0454642248087976 0.0249490933003705 0.0373382423513362
v 0.0476125519009233 0.0208749160444916 0.0320398218227984
v 0.0480637600411652 0.0181498870664443 0.0272645693064014
v 0.048027903845692 0.0214849590135419 0.0351699723506374
v 0.0473634307399435 0.0238847148418907 0.0413300226450253
v 0.0498028392929169 0.0188283996266494 0.035324784793177
v 0.050644369798939 0.0165353353483701 0.0330514260469069
v 0.0167566149624965 0.018918780295275 0.00520275212615896
v 0.025149290273094 0.0177093517228194 0.005136938288196
v 0.0281784278158445 0.00947567552318421 0.00498294903427352
v 0.0316462747828359 0.00869574634503097 0.00491599499212316
v 0.0349707646448703 0.0117141345309747 0.0051567333158251
v 0.0377157974093002 0.0111247761982352 0.00560172638174278
v 0.0411056537932303 0.00848990396039527 0.00645553317355319
v 0.0405404875756122 0.0121463373472456 0.00718771245758576
v 0.0383760106277076 -0.00398431102259506 0.00516247658581217
v 0.0358767057806102 -0.000891766685094977 0.00507493105171393
v 0.0337875574511986 -0.00522059789810851 0.00511652241312895
v 0.0429454939056656 0.00747810327283946 0.00745184751764609
v 0.0451231787852628 0.00866378215491789 0.00985146800983725
v 0.0463082490411772 0.0093320171595642 0.0120928709923345
v 0.0499047574007913 0.0126425555299423 0.024302766931126
v 0.0506263791822491 0.0146114521123975 0.0293670132093821
v 0.0521917976669215 0.0159283236074531 0.0392659308768009
v 0.0417345495353107 0.00501517355890965 0.00621031205126646
v 0.0406900305292121 0.000797855138557367 0.00551058285371531
v 0.0441765020508105 0.00321379654254512 0.00725377930543278
v 0.0436341462994418 3.07397029168498e-05 0.00653137363307606
v 0.0451847307091854 0.00445843625207162 0.00850552903665615
v 0.046397362853553 0.00140869254468967 0.00909679929211387
v 0.0452933278503467 0.00101733036217312 0.00791543299530133
v 0.0420304046368543 -0.00318779180051029 0.00576430159619341
v 0.0405640332071949 -0.00610738019477603 0.00543764451215152
v 0.0412426549141136 -0.00833699765550509 0.00571367565735245
v 0.0405336543564826 -0.0125032118425515 0.00608889085475947
v 0.0430718360661444 -0.00845079400390945 0.00659146758430716
v 0.0437191211817972 -0.00450433296041521 0.00660380706191707
v 0.0451208951351218 -0.00227204594970135 0.00741362602175063
v 0.0450095653219793 -0.00547481260744922 0.00751294251978515
v 0.0464089713376262 -0.00290400753527905 0.00877964111650358
v 0.0453469295942977 -0.00948244175130747 0.00857380170030343
v 0.0468110387703393 -0.00624787157852135 0.00959774406972552
v 0.0457803336863135 -0.0120777378490888 0.00989538333841404
v 0.0478404324746644 -0.010460797438091 0.0122644041081389
v 0.0444185385953741 0.00749444451269901 0.00869952556267915
v 0.046574201921065 0.00589243058070923 0.0106606937459723
v 0.048729842948544 0.00500331489320064 0.0139584520882462
v 0.0480354032442169 0.00222315784330315 0.0117051226027949
v 0.0478035826665371 -0.000536371047931896 0.0107498174423143
v 0.0485576085367403 0.0109710942576542 0.0183916144552568
v 0.0483702173455785 0.00837316800021561 0.0152547632282432
v 0.0502764710533014 0.00584069406697571 0.0184517754882965
v 0.050125021992939 0.00213763699300785 0.0158429621493837
v 0.0483943315589082 -0.00464163823762762 0.0117619906600967
v 0.0496507933840184 -0.00227966861431635 0.0139361834328327
v 0.0500839826897628 -0.00519067882950413 0.0149069693612296
v 0.051250647359712 -0.000723876579465237 0.0179228224420393
v 0.0521726732122865 -0.0030322308196131 0.0201730607688289
v 0.0491597611246935 -0.0125717408717274 0.0160416502762412
v 0.0518812487730662 -0.00565714693500884 0.0200212701855374
v 0.0405378835594557 -0.0152939437081663 0.00668569801554104
v 0.0432994454588314 -0.0119791351421702 0.00739834331036136
v 0.0420690208683958 -0.0160867578315575 0.00792811365426257
v 0.0379228682527838 -0.017187836148023 0.00606120816297139
v 0.0392841926350635 -0.0190195994259382 0.00732325896104447
v 0.0392576723562247 -0.0224727018790765 0.00983587643175905
v 0.0370444098973266 -0.0227862826610728 0.00823705744102502
v 0.0416760316693292 -0.0194114110070484 0.00961862446510669
v 0.0375757342816165 -0.0252383439415368 0.0110107283748166
v 0.0357997989559972 -0.0274942080349771 0.012421490540521
v 0.0310129107289718 -0.0304518311270122 0.0128526059084633
v 0.0400367332802596 -0.0247796129783838 0.0132951661422547
v 0.0423374011795009 -0.0217738679122611 0.0126659000738042
v 0.0387860693655168 -0.0281779366710486 0.0172745853633207
v 0.0444337324104179 -0.0160170551488159 0.010467912646716
v 0.0453923541584749 -0.0179831369459989 0.0132964546614659
v 0.0425344776473451 -0.0240390775427902 0.0160949835026771
v 0.0446930010758291 -0.0215933567642755 0.0163854737906672
v 0.0470865533199637 -0.0133797747073598 0.01285646863839
v 0.0486433668824581 -0.0145039542215148 0.016692457371797
v 0.0474355031518078 -0.0176716818473788 0.0173434582742538
v 0.0500372844597332 -0.0119904075239888 0.0182519309855506
v 0.0495037979879755 -0.0164379105152335 0.0205462548603167
v 0.0464045913226421 -0.0218061827227892 0.0206051635273419
v 0.0425966964828012 -0.0261465433776868 0.0200705117746066
v 0.0398745839491248 -0.0290181044863099 0.020929620952659
v 0.0484507406995445 -0.0199269593389279 0.0226823792782689
v 0.0473551529135338 -0.0237538471000085 0.0263278042356044
v 0.0451359899593011 -0.0244670610005806 0.0222619002861186
v 0.0437465356251246 -0.0268512396607332 0.0240063161024322
v 0.0430299889852247 -0.028582460539703 0.0262646908871976
v 0.0509381339559221 0.0105552187324665 0.0244304296605354
v 0.0515407353755121 0.00371276293250692 0.0204456379789012
v 0.0513239099527321 0.00684649105733249 0.0219949521523692
v 0.051801081429823 0.0116073764628149 0.028232676723485
v 0.0529079244252824 0.0062561319281191 0.0265101975525166
v 0.0534925485180859 0.00182574912699041 0.0251074790008258
v 0.0535945118011778 -0.0024995214880709 0.0248594494507256
v 0.0546728116275959 -0.00140956261948399 0.0283215286329359
v 0.0516007071032461 -0.00972176857172042 0.0207708387416347
v 0.0535581002114624 -0.00532768028600585 0.0249339685624233
v 0.0538840842050784 -0.00689177761341813 0.0264849574047003
v 0.0533888954493796 -0.010387512955864 0.0269748883047324
v 0.054586984033393 -0.00371174297535993 0.0290228598823849
v 0.0554946184769244 -0.00470588797211288 0.0321201377997978
v 0.054831389385136 -0.0097888838591696 0.0319526383023762
v 0.0533719594721798 0.00810274819955926 0.0296360419162114
v 0.053125181849507 0.0113273338200875 0.033189919279271
v 0.0548693636758645 0.00472629583897649 0.0321183653076653
v 0.0544601092433145 0.00221878025685107 0.029324599456717
v 0.0536542214036193 0.0124261970919673 0.0381880207552613
v 0.0551185590007652 0.00658960395172016 0.0351482251387429
v 0.0551238764926786 0.00871434091247614 0.0384483361636825
v 0.0553437186974465 -0.00120216441682715 0.0320523844157329
v 0.0561573876772978 0.00348454827131628 0.0384165056626718
v 0.0561395841947075 -0.00312269295361109 0.0357753402938731
v 0.0563045834051065 0.000445274034311179 0.036954589787955
v 0.0565725794816176 -0.00486218455497443 0.0387374210102825
v 0.0519170664753661 -0.0129388890654247 0.0239757825835873
v 0.0503297640786758 -0.0168330119907998 0.0238244668725107
v 0.0504581645841253 -0.0180381402104747 0.0250415845830897
v 0.0528636333747593 -0.0135114570312722 0.0275450572816458
v 0.051995819198188 -0.0158510543761248 0.0280876655349202
v 0.0514995663208468 -0.0171128870663815 0.0272237977068818
v 0.0538706605694378 -0.0129419638013885 0.0311138037633923
v 0.0517185105414246 -0.0187661319396102 0.0317002351691982
v 0.0487452181165481 -0.0224678257526445 0.0280225690811931
v 0.046965159792736 -0.0257998203454106 0.0300596753743355
v 0.0521170435913361 -0.0196475203159473 0.0344011429993308
v 0.0494557755530512 -0.0232077006811634 0.0329306198851202
v 0.0516188931853222 -0.0215524708114302 0.0369264531351959
v 0.0537530782780541 -0.0161412218582725 0.0354110007712599
v 0.055720397108756 -0.010329446206326 0.0373447673069005
v 0.0549297578179004 -0.0139277871556465 0.0380183723791014
v 0.0559266077423984 -0.00645928557637872 0.0351708190984907
v 0.0568185488273362 -0.00819560819420881 0.0420322568776072
v 0.0530176158868636 -0.0177458647077539 0.0357856369929705
v 0.0532144905041404 -0.0186917157086537 0.0379106938922412
v 0.0498528742387071 -0.024011349051016 0.0373440982191977
v 0.0495493006366596 -0.0252773857272747 0.0389398064293351
v 0.0502917392990588 -0.0248245667933983 0.0422070208498936
v 0.0533251301476661 -0.0197025428420576 0.0419661322775551
v 0.0570568768871526 -0.00227484801621323 0.0407473328423482
v 0.0557172613629084 -0.0124044017546984 0.0425331578801415
v 0.0549814098063819 -0.0147539947143726 0.0412788385930423
v 0.0544978654819254 -0.0174626474877651 0.0417178890608187
v 0.0526502182487047 -0.0212313533089807 0.0454224497839494
v -0.00205008301642875 -0.0250840449499331 0.00319172195104266
v 0.00291487512956905 -0.0245258719978555 -0.00117980650892911
v 0.00380870973648053 -0.0267655385561012 0.000383749020483831
v 0.00677575358516007 -0.0260689549591155 -0.00153675071796799
v 0.00730925421107187 -0.0250043269856003 -0.00188312520023359
v 0.00821254467009668 -0.0277457477565025 -0.000578473174443105
v -0.0124592841749006 -0.0160179458329315 0.00816876883951948
v -0.0121850044516556 -0.0191205764909897 0.0106925237541272
v -0.00904286515098834 -0.021463473155979 0.00782280084916773
v -0.00950265365006941 -0.0246895408207599 0.0130629221825321
v -0.00694648182017312 -0.0251661733146774 0.00950669229167805
v -0.0118395061015016 -0.0221696893972318 0.0138466484352976
v -0.0132930083984016 -0.0213023413139216 0.0146394986200223
v -0.011992325901027 -0.0239147438335077 0.0170069593990564
v -0.00820894048679829 -0.0256741782787671 0.0123861964334572
v -0.00925801400643671 -0.0266865147217177 0.0143919682259014
v -0.00623785040799351 -0.028136851590421 0.013410886171584
v -0.00616572174368641 -0.023399361948281 0.00590196871786731
v -0.00275870564040046 -0.0268148462085738 0.00633486994403899
v 0.00115782999353286 -0.027840817509544 0.00369108746571869
v -1.86444362521377e-05 -0.0299470596296327 0.00799225763696424
v -0.00410542868773598 -0.0286202186172688 0.0110074759718428
v -0.00419719945754295 -0.0303126273467893 0.0133840034435319
v -0.00422803938022585 -0.031008627132498 0.0143624629895956
v -0.00632791402458438 -0.0293456315187944 0.016047092832444
v -0.00208175994228741 -0.0307787987102602 0.01220160053776
v -0.000587029489630541 -0.0331857624393346 0.0154702399502389
v -0.0126267292255826 -0.0253328715653551 0.0196539933817066
v -0.0114765979061882 -0.027569895432078 0.0224914666263128
v -0.0097338447399458 -0.0273863851481268 0.0184704276568897
v -0.00818511996842233 -0.0292503475253296 0.0185912995069232
v -0.00809709916673833 -0.030331312757675 0.0196379928729251
v -0.00498474245051711 -0.0317579089072468 0.0189696289453462
v -0.00895968270679528 -0.0298226794206941 0.0218280623620296
v -0.0132661443775805 -0.0260719607910809 0.0242384122118799
v -0.0116073126696989 -0.0290902110229068 0.0246643181501336
v -0.0109157842335011 -0.0299898375549668 0.0272945440971987
v -0.00858591679294713 -0.0309930459616952 0.0243179540412177
v -0.00343434741818297 -0.0320936867292011 0.0170986288624815
v 0.00185346371953209 -0.0353912508631039 0.017888926169883
v -0.00182764590082599 -0.0347091450738181 0.0195552709654463
v -0.00039135940553095 -0.0364249801773848 0.022949920710625
v 0.000844591544372777 -0.0361567871805639 0.0210590471638786
v -0.00638898721686858 -0.0318882234889505 0.0219645245206642
v -0.0041732146645081 -0.033805513646692 0.0226435130047206
v -0.00642368658254142 -0.0334453954531155 0.024617247180009
v -0.00175206537742623 -0.0362218754697881 0.0256187828499735
v -0.00420152957656428 -0.0352989371729932 0.0275883634165105
v 0.00135734607654856 -0.0381649639560356 0.0267319835403031
v 0.0050847742370425 -0.0287336331448546 0.00205939654401759
v 0.00364915914500916 -0.0302968442118299 0.00528891334724646
v 0.00968441472408454 -0.0296615107934693 0.0011752192276969
v 0.0134020936685139 -0.028037419638942 -0.00170174394051196
v 0.00691112251602985 -0.0310238010636946 0.00435271837588236
v 0.00862117955877131 -0.0331221137989881 0.00699962039598648
v 0.012616404988908 -0.0321762752753263 0.00378164993539753
v 0.0119349797925631 -0.034161815497662 0.00750799659541774
v 0.00209352728550444 -0.0325873438186359 0.010877189423773
v 0.0060938421769685 -0.0329524750932825 0.00823088225326923
v 0.00242856266110061 -0.0348370149510161 0.0144228396887667
v 0.00508655287110008 -0.0351660019845347 0.0137876663853418
v 0.00902479296145151 -0.0357736211095119 0.0122268185289618
v 0.0136822765090596 -0.029952642515682 0.000297372244941764
v 0.0166236894283138 -0.0305963611253045 0.000817706904658908
v 0.0158379953949877 -0.0340508853667404 0.00643995157049782
v 0.0209757328949562 -0.0327129143673898 0.00431344424453821
v 0.0239597003362712 -0.0316952856010931 0.00342878853289011
v 0.0185739705531464 -0.0349266879359327 0.00818904224464879
v 0.00567592789442507 -0.036566390400385 0.016887145257046
v 0.00435806520232354 -0.0375692743240892 0.0192054459304914
v 0.0081956373099169 -0.0368772548450607 0.0142165113170967
v 0.00854888607065874 -0.0376741382899685 0.0176590143889705
v 0.0108535858832842 -0.037208411968759 0.014912375944187
v 0.00395421674452319 -0.0381637353126196 0.0230160702257906
v 0.00726542004108443 -0.0385370202013515 0.0209991851161236
v 0.0110827960431297 -0.0392589303901628 0.0189783232545349
v 0.0105497109486768 -0.0395035225554 0.0216812862212746
v 0.0134666607605476 -0.0367337680859192 0.0126109296221848
v 0.0146076409812316 -0.0379855474836023 0.0143165162056458
v 0.0133415691096279 -0.0383283095168911 0.0169384389192499
v 0.0173594790158554 -0.0372169946969223 0.0132763753416531
v 0.0141042996964773 -0.039930933630873 0.0213959625943999
v 0.0160291947569048 -0.0389148224921881 0.0179412407181162
v 0.0179003930720645 -0.0399385839429569 0.0191043101469966
v 0.0186051171651137 -0.0381368197023098 0.0157807233684918
v 0.0211400557702601 -0.0373733217793484 0.0136195162294731
v 0.0217911590911068 -0.0387822630072283 0.0182542728783394
v 0.00725810298171168 -0.0399422140700931 0.0239261642478509
v 0.0110056193780629 -0.0407100341732451 0.025700983891352
v 0.0239533066099419 -0.0341606671315669 0.00798769272533972
v 0.0278822659676087 -0.0324011808484981 0.00661460225128404
v 0.0272762399866457 -0.0356321195919862 0.012635060355413
v 0.0277722866775877 -0.0366995129052621 0.0146609241713585
v 0.025332246856455 -0.0372161429246122 0.0154794999164655
v 0.0324286070655599 -0.0336794205299394 0.0125220518511698
v 0.030437742546326 -0.0352437967320696 0.0142119539397404
v 0.0280982017741201 -0.0376328709555336 0.0185877480999553
v 0.0248858699245493 -0.0388988922670066 0.0186606196041771
v -0.0125543567121614 -0.0294971393693348 0.0307073747163663
v -0.0100333485946355 -0.0326113237703213 0.033184047228469
v -0.00946608558754541 -0.0324417291832838 0.0293961355929032
v -0.00716447052847037 -0.0335458349399815 0.0284762997527248
v -0.013324730689325 -0.0311743099856246 0.0390969005361833
v -0.0104908860911062 -0.0333645877438868 0.0373029469191686
v -0.0078860485598848 -0.0350941913285806 0.0346433388544426
v -0.00784438241862176 -0.0358041425617106 0.0390148681547158
v -0.00447985237930387 -0.0376307444330797 0.036992107601614
v -0.000883719959668777 -0.037699442100861 0.029087981674212
v -0.00429341911926652 -0.0364811161424957 0.0298693985225832
v -0.00534179564025875 -0.0359610472519774 0.0321361121186124
v -0.00205167437052271 -0.0379741639854016 0.0323485904299693
v 0.00217035189346303 -0.0398290610259107 0.0319882964964268
v -0.00162962737821217 -0.0392937634494641 0.0349433627636797
v 0.0019407298925284 -0.0406021175850345 0.0360631360063478
v -0.0113823815939292 -0.0339909375887423 0.0405174886744452
v -0.00768788743131942 -0.0367838016383691 0.0434642532787145
v -0.00580022009949169 -0.0381924483712533 0.0409525074074641
v -0.00945191260596508 -0.0364797291894634 0.0461621696842051
v -0.00854086855883723 -0.0370725661091969 0.0500020495375308
v -0.00554646202765202 -0.0385739353997792 0.0462818681215217
v -0.00194588822059246 -0.0395364056814044 0.0397086338711903
v -0.00335275700933071 -0.0395013768833065 0.0434966418984569
v 0.000238665012299952 -0.0411762360381148 0.0432255389649262
v 0.00231893603602265 -0.0420365556870278 0.0402479020697409
v 0.00327170465865034 -0.0423779579616877 0.0431733470277587
v -0.00242693666389049 -0.0409474349256163 0.0460257584556123
v 0.00132881889228612 -0.0421858207870723 0.0474285487644897
v 0.0142126101867466 -0.0412100325042842 0.0240310668828742
v 0.0162871997169661 -0.0405273989429432 0.02262295039561
v 0.0191572394509278 -0.0405986717839246 0.0231559170406174
v 0.0230476174686337 -0.0397056323044527 0.0211866978998568
v 0.0198803291328294 -0.0415019272018628 0.0267447085647188
v 0.021349657586905 -0.0412795672995019 0.0241187791969929
v 0.0219234952293838 -0.0417322308368731 0.0283519878830859
v 0.00306914837983113 -0.0399382014057326 0.0291693272768657
v 0.00685700828811456 -0.040063253481408 0.0266123514467509
v 0.01407805295218 -0.0420544198546206 0.0293215974819934
v 0.0072495940805915 -0.0411579894888363 0.0305991256126397
v 0.00649603101382754 -0.0423196600936806 0.0345916830575892
v 0.00576804898455769 -0.0423028041405362 0.0380930397231207
v 0.0103607434497395 -0.0420709496267987 0.0294892929868401
v 0.00988261087882894 -0.0429834048859167 0.0368758734465478
v 0.00991768139503179 -0.0422285594392193 0.0327958356853151
v 0.0153869212653091 -0.041511939508096 0.0267823678708012
v 0.0177019350903964 -0.0423887219072448 0.0286481754488062
v 0.0160153132949724 -0.0429835583637005 0.0331005693447585
v 0.0193362893530719 -0.0425287699880358 0.0307007879245237
v 0.0245530070369956 -0.0420769238581328 0.0292389283655425
v 0.0137531701255533 -0.0432631048765353 0.0339467012814362
v 0.0142391275325202 -0.0435940366574367 0.0369212066294718
v 0.00993853538033797 -0.0441269932350281 0.0397773580171186
v 0.0132871038856536 -0.0439409128489138 0.0398002718752939
v 0.0070652046444697 -0.0432295108210148 0.0419129940495408
v 0.00568878430078051 -0.0439157335253589 0.04555698578435
v 0.00904634965120766 -0.044344928051428 0.0472364751094461
v 0.0109987087492571 -0.0442035599401152 0.0431418914354103
v 0.0127054265530764 -0.0443774590423425 0.0428641334196866
v 0.013465218628343 -0.0452912341027033 0.0455230651161387
v 0.0155653800114903 -0.0446741505983118 0.0434307070159215
v 0.0183337524499013 -0.0435924683232917 0.0365090921424805
v 0.0209205699512674 -0.0435163149986403 0.0344666256026243
v 0.0236595635868243 -0.0423224001948859 0.0319851213665124
v 0.0172448560256257 -0.0447786820030745 0.0401116561385277
v 0.0217734166507551 -0.0439281406082669 0.0396461213389647
v 0.0235547217013795 -0.0432246352950763 0.0360144189371217
v -0.00853859814943801 -0.0375661377161634 0.054584863312973
v -0.00670193951690369 -0.0390754567096078 0.0517546469069908
v -0.00511131186523416 -0.039778969273612 0.0545123765663262
v -0.010031470709534 -0.0372832219012366 0.0574722138600733
v -0.00812336813689656 -0.0381987062699834 0.0588447539381227
v -0.00324718613104864 -0.0416471314357564 0.0570095892788799
v -0.00440108363269048 -0.0405856683442124 0.0593864331375818
v -0.00270027294164868 -0.0405506775424282 0.0491718889406022
v 0.00124482672157932 -0.043140214693927 0.0514581666771852
v -0.00131019353685205 -0.0416306366894461 0.0532055336477413
v 0.00484832055620173 -0.0438323948352332 0.0520238182800978
v 0.00641943870960067 -0.0439866108280474 0.0491084490886912
v 0.00228396110802531 -0.0432693734034674 0.0555261423390868
v -0.000512354150644778 -0.0424438305122403 0.0593539241316483
v 0.0054232766045929 -0.0448874407845112 0.0567242401061375
v 0.0032199733478856 -0.0439257820297572 0.0598246067277596
v 0.00813012466597673 -0.0448787154736245 0.0545916758480893
v -0.00730116837743507 -0.0396463515465455 0.0627131618881492
v -0.00320786848712339 -0.041380889369918 0.0641383211436005
v 0.0010941758862401 -0.0437483296241411 0.0622921684237275
v 0.00478269808861396 -0.0445743166043688 0.0630987531193861
v 0.00728658128825096 -0.0449607521719004 0.0592715385269545
v 0.00894450012903035 -0.0458300318142724 0.0620844146520213
v 0.00877317097894395 -0.0455296809803686 0.0654333530408187
v 0.00946959557347766 -0.0454156710476013 0.0513425545660656
v 0.0122906512139926 -0.0451046359608435 0.0496757559608897
v 0.0143322359213109 -0.0453598549040441 0.051053527615255
v 0.0104250155259356 -0.0452337051616661 0.0551165756958908
v 0.014019030177392 -0.0456487153983612 0.0542981555463581
v 0.0173207661856671 -0.0460901390963377 0.0511574093363078
v 0.0179628893197738 -0.0457465310791655 0.0541238751344262
v 0.0194462070918496 -0.0446646374578552 0.0430126545403526
v 0.0166067283484525 -0.045146607947291 0.0472595750588168
v 0.0210974018719443 -0.0454087904593192 0.0454351975963657
v 0.0255832719169169 -0.0438888155049684 0.0399006701609328
v 0.0231983226582876 -0.0443164707760466 0.0426936626780783
v 0.0269256321896746 -0.0438079540411674 0.0432996594443739
v 0.024528477183253 -0.0443120099765436 0.0449429628759733
v 0.0235808226747894 -0.0447298353573587 0.0468888994816121
v 0.0273968963605679 -0.044086001612101 0.04665065531421
v 0.0210477501682662 -0.0454103678626403 0.0516338366724828
v 0.020438261944 -0.0452218613803838 0.0485783135105639
v 0.0248029154162407 -0.045464298352549 0.0513126703571246
v 0.0253269554967462 -0.0447224868815119 0.0491375246509569
v 0.0106032342575287 -0.0455237969225528 0.0589309937108805
v 0.0133113273520068 -0.0461613697444894 0.056943035957472
v 0.0161464352178712 -0.0459623060050953 0.0578049251712214
v 0.0129464960019069 -0.0458589886461286 0.0602994396540588
v 0.0130163529959779 -0.0460224212384011 0.0638004958887627
v 0.0156761663080999 -0.0462821751174638 0.0651142838096997
v 0.016929235393645 -0.0467129988549142 0.061834539142833
v 0.0191021687697001 -0.0459613365102372 0.0589083046243066
v 0.019182447436125 -0.0461854931646928 0.063544794272084
v 0.0231314300325892 -0.0454021217254752 0.0545470377571889
v 0.027682710585258 -0.0447028347122455 0.0541053307764375
v 0.0305361021804447 -0.0443755124311277 0.0574299734739
v 0.0212137639664712 -0.0461105664581761 0.0568287413875042
v 0.0233578683557409 -0.0457213117073712 0.0596526403899995
v 0.0221143572176673 -0.0459520363025983 0.0633065110472356
v 0.0267091005079651 -0.0451296812263118 0.0596845547144931
v 0.0280067787410826 -0.0450684585659395 0.0569877139402358
v 0.0247818345814315 -0.0460718850683846 0.0620865660252395
v 0.0306353742007171 -0.0442319121946577 0.0595528421901006
v -0.000367070468394285 -0.042792890908582 0.0660402937395161
v -0.00641134162445264 -0.0397227689591776 0.0676941696604769
v -0.00440218330554493 -0.0409382354711541 0.0706167996132129
v -0.00395428786137993 -0.0417169922426571 0.0681681660827314
v 0.00260080795414589 -0.0439919676157781 0.0648110002772608
v -0.00059830918025492 -0.042786655648589 0.0701907718857375
v 0.00535957548570897 -0.0448548835248288 0.0709467044340565
v 0.00489188631473506 -0.0451481580742363 0.0673043064695091
v 0.0089926028658615 -0.0455994767023096 0.0697875112768947
v 0.0337093577969615 -0.0342810675994466 0.0141855916489208
v 0.0315254563722671 -0.0358286252621776 0.0167985416542126
v 0.030970622753009 -0.0373435403288971 0.0188809199701723
v 0.0352296250181936 -0.0342273437190874 0.0170728926151962
v 0.0332574315435431 -0.0361806968711701 0.0195376226622096
v 0.0342414072370836 -0.0363826046428684 0.0215060095863501
v 0.0299249998378455 -0.0381447560838454 0.0215044895416484
v 0.0258398286053651 -0.0396370322323 0.0228957865470458
v 0.028528847353183 -0.0398526734524542 0.0240086555560542
v 0.0261703394731396 -0.0408315688269589 0.0271168107385625
v 0.0237843336360332 -0.0410641876753563 0.0265963931209533
v 0.0313182689113224 -0.0381718686497796 0.0233170144798326
v 0.0354359791082453 -0.0370292719719478 0.0236264220161311
v 0.0356645773775787 -0.032305405465638 0.0133233177030257
v 0.0369114956846818 -0.0326957572870367 0.015802724325329
v 0.0375960017854267 -0.034198436505666 0.0188790783304229
v 0.0405306599836756 -0.0320272233247404 0.0197093504946988
v 0.0412860303054607 -0.0324873596820592 0.0224346689271677
v 0.0374317460802401 -0.0363361741662486 0.0264247400870595
v 0.0290075745172157 -0.0400959158422921 0.0272955140469086
v 0.0272484228706782 -0.0414901654231385 0.0313190353028942
v 0.0264673574960982 -0.042089613560235 0.0333394770807282
v 0.029893788171135 -0.0409915914384052 0.0319493731614763
v 0.0329125244517918 -0.0385040632134534 0.0263946710936603
v 0.0353560392318147 -0.0382635242285254 0.0293524508669634
v 0.033861382608722 -0.039512373286568 0.0314640086174439
v 0.0321385890444622 -0.040104360617091 0.0292755880056796
v 0.0291871695994513 -0.0422366349854099 0.034434669024577
v 0.0391705789375606 -0.0367895471980415 0.0291955914728322
v 0.0379981930616514 -0.0374765062527473 0.0315043236928971
v 0.0356088819006458 -0.0394038127222412 0.033339494904266
v 0.0385550406269551 -0.0377654917624189 0.0342032708513993
v 0.0318934905988656 -0.0406334720434748 0.0335272434262722
v 0.0339799453236691 -0.040558706342777 0.0365101375392247
v 0.0412159199620857 -0.0336564994536658 0.0239059785416967
v 0.0453950664529772 -0.0304244244612349 0.0259942757999854
v 0.0438909896503876 -0.0317304355728886 0.0260589808798083
v 0.0379588481198638 -0.0347554421872865 0.0225203836001088
v 0.0449702629623385 -0.0325572541813374 0.0289395685977035
v 0.0414886502323545 -0.0342616065521473 0.0278737063063557
v 0.0408326986711259 -0.0360102301911983 0.0323081525168529
v 0.0307451745930459 -0.0418411409309257 0.0373902373254584
v 0.0378160553182017 -0.0388729144964441 0.0370108550570508
v 0.0360464170951922 -0.0401833185016453 0.0401208296067258
v 0.0346341924035486 -0.0412593866728912 0.0420815550101504
v 0.0377484387641597 -0.0397655042379976 0.0422796362400388
v 0.0364371852721597 -0.0406396398775199 0.0432126951984541
v 0.0397457771839071 -0.0389126787081705 0.0401372846092949
v 0.0366605967161122 -0.0413411579225888 0.045478648556187
v 0.0408820448259975 -0.0382064428183215 0.0430088072865586
v 0.0469508749948414 -0.0322861603596467 0.0370847726594718
v 0.0428870467580052 -0.0341320274077538 0.0312494348207885
v 0.044730154360665 -0.0341394344325643 0.0366495955005015
v 0.0425034003730804 -0.0360259507125495 0.0345650517640664
v 0.0482889882953631 -0.0291189066397179 0.0307409621351564
v 0.046079324895143 -0.0318261973946469 0.0317958127722571
v 0.0434318863608375 -0.0356892130919188 0.0391543987172991
v 0.0459939579575307 -0.0344388586707984 0.0399578257050181
v 0.0495061201985633 -0.0298012867867502 0.0374526830549578
v 0.048551664212253 -0.0306644502737598 0.0345285870472797
v 0.0410936018934157 -0.0371498573583929 0.0381591489182419
v 0.0447174648904695 -0.0354499962352516 0.0428422384812152
v 0.0383651597897383 -0.0399571918459532 0.0451722719076063
v 0.0410057731007213 -0.0389086742565505 0.0488713835191126
v 0.0427532288747056 -0.03809557756563 0.0528751535126942
v 0.0482463128460376 -0.0324760013310185 0.0426396262244587
v 0.0466271361806735 -0.0343709325735423 0.0448533368627519
v 0.0516648365413165 -0.0288018376877027 0.0402415294810202
v 0.0494541305188418 -0.0308605680007905 0.0414052254853382
v 0.0494696374390638 -0.0323648406741402 0.0452380503955384
v 0.0499755174281789 -0.0316141755219728 0.0489905359752174
v 0.0516996396249705 -0.0296279495588497 0.0483396604411291
v 0.0524160269254601 -0.0280683288608781 0.0442677742722593
v 0.0506248550482985 -0.030091769925662 0.0440298302139826
v 0.0533633807611459 -0.027464608509039 0.0478102674583607
v 0.0543071960976276 -0.0264943489074536 0.045481512103411
v 0.0433501750950789 -0.0375087494103879 0.0449639820675084
v 0.0448077790009175 -0.0362151804173144 0.0478020151318016
v 0.0479690819327218 -0.0335701668307151 0.0483314025838142
v 0.0469782866161514 -0.0354398328981013 0.0514073299993213
v 0.0454663561399742 -0.036324879338769 0.0544793699868203
v 0.0283986436912705 -0.0425564628141407 0.0381745902875851
v 0.0329679693061943 -0.0420797963394 0.0401374618630869
v 0.0306332384840194 -0.0427475974361411 0.0428801840162735
v 0.0328763006864942 -0.0425747442796277 0.0476610462341308
v 0.0309493994971738 -0.0433904110343622 0.0488028824378012
v 0.0289417068700131 -0.0440848158129337 0.0453034195783614
v 0.0364777554918641 -0.0411939693632636 0.0484615047075141
v 0.0327626014056498 -0.0435476434856419 0.051400022998243
v 0.0350485327869974 -0.0422454348286608 0.0533028471279268
v 0.0291419491939578 -0.0440948925930771 0.0515115702341741
v 0.034418322215839 -0.0417746425294008 0.0452256020606771
v 0.0314605485748193 -0.0436333304308075 0.0545735283398701
v 0.0344209338858773 -0.0428757624680936 0.0584770769250329
v 0.0364464003014789 -0.0423353899591749 0.0564122191146656
v 0.0394696807934405 -0.0403828483835024 0.0522363461659372
v 0.0395016497527351 -0.0401731018984918 0.0548320432778426
v -0.00970079180995082 -0.0136489098371777 0.00992160033317703
v -0.00748814424418038 -0.0157851290833739 0.008693740716664
v -0.00924259984619564 -0.0182745085908633 0.0127628240083758
v -0.00525460451463246 -0.0199637439057932 0.00921244881774624
v -0.00308160691302637 -0.0227856230252101 0.00949432739208328
v 0.000118141714307181 -0.0196958591023691 0.00612373169672242
v -0.00227320297319431 -0.0201161871093745 0.00714957766214915
v -0.00165916581385514 -0.0227325827534748 0.00831397429880706
v -0.00573187992585364 -0.0226141084921683 0.0122734348523822
v 0.000908741410072231 -0.0248689936189115 0.00839734074761097
v -0.00128306155519645 -0.0253671425223146 0.0106291686165859
v 0.00173272922322481 -0.0231710643588412 0.00692343132534081
v 0.00661279019021252 -0.0228508790227067 0.00573228261444953
v -0.00849481203722406 -0.0222257413821562 0.0161296925889831
v -0.0113007560181881 -0.0203059152894621 0.0196138688507541
v -0.00634046816486669 -0.0241119251462477 0.0153861899299664
v -0.00931362882319634 -0.0233274578828719 0.0197623165750825
v -0.00733485757502773 -0.0263873927677081 0.0212984438010579
v -0.00556396241686051 -0.0263936477355378 0.0181036071702664
v -0.0101391690265073 -0.0250821777009465 0.0254695261037291
v -0.00529050703449564 -0.030262329507845 0.0263093659695385
v -0.00307667686191968 -0.0295500554830452 0.0204457383660033
v -0.00266855037221912 -0.0263852325845127 0.0133970641563076
v 0.00185641468055352 -0.0283811550636402 0.0119054804398499
v 0.00343612351678385 -0.0272186748130396 0.00912540281012753
v -0.000862642756014844 -0.0280388912452122 0.014109950957139
v 0.00110146315075512 -0.0295456722541308 0.0148795627605127
v -0.000400916230742206 -0.030604282581908 0.0187127327068715
v 0.00285019400269136 -0.032507269712958 0.0191758941217106
v 0.00736599128276768 -0.0250799278684549 0.00628095420302224
v 0.00790581476165715 -0.0269669868413828 0.00719773254598084
v 0.00439531276409633 -0.0260281923238488 0.00767007973941019
v 0.00588661981666377 -0.0297070728074832 0.0108713816865783
v 0.00643675393790729 -0.0282511948475261 0.00888019216364022
v 0.0138848707809824 -0.025878622129633 0.00587043778028951
v 0.0112607923205451 -0.0279609923084493 0.00707785738301839
v 0.00870691294471983 -0.0295952633240607 0.0092368424401007
v 0.014182357987957 -0.0302707162205253 0.00857050992874733
v 0.0101218973786548 -0.0315608646929918 0.0115691107982588
v 0.0135521305852998 -0.0317474884428373 0.0107245023606468
v 0.00514445994406175 -0.0310514120934265 0.0135652364427825
v 0.0102328578966061 -0.0332547755482339 0.0146605125817392
v 0.00636712779669791 -0.0332527682404004 0.0173658764839968
v 0.0124114359996259 -0.0337110418014757 0.0147150019636597
v 0.0085251521160553 -0.0350405443691741 0.0203127969173414
v 0.0127273492537605 -0.035043496450009 0.0178628011239162
v 0.0154840216005036 -0.0285669581733463 0.00711421029253897
v 0.0191918711883973 -0.0302313182908915 0.00838811566093157
v 0.0167372293327844 -0.031750074681305 0.0104159962021228
v 0.0162978520022715 -0.0330136271211642 0.0124081624550197
v 0.0234576417768896 -0.0289288570147037 0.00766855941481173
v 0.0190250232189995 -0.033620452688607 0.0135805126587847
v 0.0214408197960955 -0.0315989614754925 0.0104645492253101
v 0.0235923949805508 -0.0302878899933879 0.0090876027657462
v 0.0268064047568803 -0.0275690284071568 0.00728884221888801
v 0.0243060517006333 -0.031565124262437 0.0111110977483531
v 0.0240042121056829 -0.0334538091289629 0.0142288419450211
v 0.0166767311557137 -0.0342078016940587 0.0148907786582974
v 0.0143406364087521 -0.0362410622557239 0.0204161462574008
v 0.0281239476324339 -0.0293012208434541 0.00933281376004683
v -0.00926348960061357 -0.0266860152347681 0.027326876869062
v -0.00878059832394288 -0.0286588787775795 0.0304219093615992
v -0.00789805361697039 -0.028219670911946 0.0268319069691447
v -0.00257740483560518 -0.0318150404349472 0.0255745704824321
v -0.00659095836375465 -0.0304103239466582 0.0303490655481096
v -0.00251597904019768 -0.033250169349251 0.0299376312413801
v 0.00129358001701524 -0.034186917908208 0.0256598653418291
v -0.0110381469566435 -0.0281970219694033 0.0376635221568221
v -0.00890938706909999 -0.0300885639476487 0.0365335490600935
v -0.00471450854905955 -0.0329301818407916 0.0337838276005133
v -0.00108986500545932 -0.0353299164249623 0.033122844550091
v 0.00173072948901703 -0.0358347906024469 0.0310909061531209
v 0.00477066215994386 -0.0365881925882375 0.0284462182279214
v -0.0086734632511254 -0.0315192338654487 0.0419215691167849
v -0.00225723638998971 -0.0354402545453471 0.0379482958613456
v -0.00554006769763511 -0.0334220351260879 0.0396808668624864
v -0.00625707376845442 -0.0337498144904471 0.0453971151585396
v -0.0080225783299459 -0.032613410925393 0.0481052970431939
v -0.00378047690106534 -0.035257683425139 0.0432219033123787
v 0.00198949225044484 -0.037240915844747 0.0359873288379735
v -1.05983558111882e-05 -0.0367682326709227 0.0392799318153351
v -0.00106411203391447 -0.0366689673513818 0.0408181257076297
v 0.00112836786012212 -0.0376045420613033 0.0450259737078318
v -0.000969715981686308 -0.0371196161289428 0.0449364009168004
v 0.00527091449987882 -0.0351052970622817 0.0233949693419887
v 0.00883270711795823 -0.035972251729545 0.0228096840059753
v 0.0102693637367982 -0.0371849610407995 0.0251870502987459
v 0.0156905330747905 -0.0371386618210991 0.0228233512470664
v 0.0150406439183756 -0.0385387671237952 0.0275168940249651
v 0.0134045572584605 -0.0379304029657937 0.0270009607860087
v 0.0199957505833244 -0.035565510007451 0.0183583449460153
v 0.021322983407561 -0.0368480632486621 0.0224581482739633
v 0.0258593785979947 -0.0340530167663727 0.0164263592182402
v 0.018593617376727 -0.0378605359314146 0.0251504814383823
v 0.0249293514619014 -0.0357879278708594 0.0208229019903089
v 0.022902710995165 -0.0381610107073202 0.0275315524053288
v 0.0267232157478684 -0.0376842269536992 0.0278961512874113
v 0.0225748898258733 -0.0393579990309525 0.031573649340089
v 0.0180895654156295 -0.0395033377075118 0.0318158810444604
v 0.0305800296135495 -0.0383520397312589 0.0361642965168014
v 0.023305031468536 -0.0398045721366303 0.0351466964942258
v 0.00634539678810605 -0.0374645983547788 0.0301260913769411
v 0.0100641342476652 -0.0383033323287605 0.02973901045586
v 0.00971987076939679 -0.0393465532807531 0.0345397372889577
v 0.00590918649418651 -0.0383654135226376 0.0352772884919023
v 0.0150266815147334 -0.0398597791958235 0.0334927887520742
v 0.0120357043076036 -0.0400907975840597 0.0368134068458005
v 0.00861264364145768 -0.0397975967884248 0.0394968328349799
v 0.0161552408329866 -0.0409331964468595 0.0391489751711115
v 0.0125479019048326 -0.0407804234895874 0.0412622767537735
v 0.0194366494652817 -0.040538834570712 0.0372152351121938
v 0.0244140381062301 -0.0402659819064063 0.0391489180273662
v 0.0201163106239984 -0.041396698831722 0.0439938654038122
v -0.00239459029575559 -0.036825097143514 0.0545333052688651
v -0.00448882141806999 -0.0355043773310423 0.0572043493043684
v -0.00328885472856522 -0.0362050913928017 0.0505511704674586
v 0.00190876840796173 -0.0388675324802185 0.0500723089862928
v -0.000316156991602323 -0.0374855740543205 0.0486677246596669
v 0.00388490547061438 -0.0393482697942822 0.0464483445062184
v 0.00626523484247487 -0.0401288234995848 0.0479806002197336
v 0.00747072099691355 -0.0400551996472042 0.0443940408692402
v 0.000676736347907302 -0.0382436980314745 0.0536781237252895
v 0.000491638380009493 -0.0379052006725948 0.0560365805769248
v 0.00285377867526503 -0.0391306141443258 0.054980153125591
v -0.00352895002358534 -0.035843757260991 0.0648168663053584
v -0.00128608475311231 -0.0371084493787981 0.0601333553628912
v -0.0031266258209882 -0.0361006798001313 0.0675420455270026
v 0.000483404713500062 -0.0378490872909891 0.0648424918526653
v 0.00432405768850341 -0.0395437927563252 0.0629929056833598
v 0.000444532287789677 -0.0379563730047275 0.0675283350682322
v 0.0032214160771797 -0.0391668887111407 0.0668132222874528
v 0.00779025642156954 -0.0402173386018123 0.0577495047917306
v 0.00609264313931503 -0.0397788108358178 0.0527066147000657
v 0.00709164860330767 -0.0404761220134391 0.0647181227271105
v 0.0095545910857566 -0.0407670637268822 0.062330905910079
v 0.012255830870358 -0.0412725701545257 0.0561440143575093
v 0.00984572393344569 -0.0411753187039523 0.0633065141492831
v 0.0145041458495805 -0.0413831601445844 0.0458028471230533
v 0.016745275739347 -0.0415167875147591 0.0444256029922176
v 0.0303761466270333 -0.0388976395992671 0.0401612912980346
v 0.0243807030014376 -0.0409975858716009 0.0453391222369061
v 0.0209081549217447 -0.0415066832952376 0.0481547647884077
v 0.0255292448390339 -0.0405081930693564 0.0487037712568665
v 0.0268431204295301 -0.0401528999865936 0.0432778445496675
v 0.0145586873441618 -0.0415211539158584 0.0539466960769894
v 0.0166851579415722 -0.0417187771232677 0.0569185543285394
v 0.0158618232951363 -0.0418090550163307 0.052060056283577
v 0.017608072685094 -0.0417983668361772 0.0537013815236581
v 0.0175522825409992 -0.0418948003257419 0.0500448979905347
v 0.0135063693579838 -0.0416790421873859 0.0629291379599222
v 0.015673207171713 -0.0418404181972247 0.0633058756344339
v 0.0227954707480288 -0.0412065337480422 0.0547616591301374
v 0.0274705856210815 -0.0396642485056443 0.0485447588683041
v 0.0315410796621651 -0.0381173945174131 0.0462712816292668
v 0.0280719240173896 -0.0393245301442083 0.0446986352165869
v 0.0216924545882432 -0.0415391201519808 0.0643061212388688
v 0.0253092955908831 -0.0408038346172827 0.0628144711875773
v 0.0276005420697719 -0.0399629247610969 0.060555331544499
v 0.0267953907278769 -0.0324153286070384 0.0136412623262308
v 0.0301509963762414 -0.0331135986663856 0.0175730586252007
v 0.0278562066368178 -0.0355534520333027 0.0223789180083909
v 0.0303917948636679 -0.0349728822451489 0.0229150737120708
v 0.0338630557063389 -0.0302793380352371 0.015315756442528
v 0.0344549171566267 -0.032217298144508 0.0202664448193217
v 0.0352476690774852 -0.0335150019121388 0.0249535556924105
v 0.0384971735909047 -0.0318541007709071 0.02548771402681
v 0.0404850338972339 -0.031196229176081 0.0282685909892337
v 0.0396354360391876 -0.032489753247937 0.0305073511625798
v 0.0357087334010318 -0.0351576614100007 0.0307663695701701
v 0.0297285398988058 -0.0367028286495879 0.0270453465915898
v 0.0321826360892223 -0.03561232337905 0.0273632598230115
v 0.0311330553472583 -0.0369097205590449 0.0298620908075945
v 0.0425732038727464 -0.030952464313409 0.0324180417907481
v 0.0423673644276147 -0.0319477670629905 0.0363349044300113
v 0.0406923321778886 -0.0337418553061869 0.0378346471965971
v 0.0320785807914677 -0.0374664681488757 0.0360136837962051
v 0.0327443351755009 -0.0375078052549501 0.0397111039218381
v 0.0379171986588003 -0.0347030216525025 0.0339141289073013
v 0.0355259017759981 -0.0366620466620225 0.0400886083428873
v 0.0385865108935469 -0.0347852016734494 0.0370592250113354
v 0.0453359810590212 -0.0278280363918405 0.0310620400103909
v 0.0450706489001643 -0.0289354327312544 0.0341256707365721
v 0.0468848653962027 -0.0275918530453865 0.0350449843748584
v 0.0476966236385305 -0.0276118733954599 0.0393788591866976
v 0.0446179261543919 -0.030919498785062 0.0399151929065297
v 0.0364248654050591 -0.036419525317907 0.0462816585587839
v 0.0328698624963735 -0.0383109660075938 0.0598193704788647
v 0.0390527751342837 -0.0355976444519245 0.0451683555611776
v 0.0382776257194423 -0.0358059565515237 0.0486985683298132
v 0.0430594597149563 -0.0325579231935689 0.0512944806103729
v 0.0437513431710159 -0.0322079016204591 0.0485888717473884
v 0.0414940557143618 -0.0340680112726114 0.0482720937414538
v 0.0459653342687585 -0.0292886576760885 0.0399551170956391
v 0.00287960985996396 -0.0384651661528861 0.0410097191102267
v 0.00527299760433653 -0.0395160060931462 0.0428802051114118
v -0.00738404924610977 -0.0334114829470959 0.0521415412864463
v 0.00420397857582007 -0.0395440027512873 0.0499397609387681
v 0.00920145581886841 -0.0407307452910501 0.0505570650998067
v 0.00885351959867666 -0.0403931971071387 0.0521634486929404
v 0.0110224739988858 -0.0411494394138454 0.0457717695290534
v 0.0134571775301928 -0.0417524567704328 0.0512261188538844
v 0.0110387463532576 -0.0411516138151701 0.0521012554728369
v 0.0331916229032192 -0.0359392311105169 0.0300745368373645
v 0.0352634444278042 -0.0360304153615729 0.0345580974648972
v 0.0383983847355099 -0.0355323180738238 0.0414382976781524
v 0.0426805239034232 -0.0325819272642959 0.0422628554667099
v 0.0406676055771084 -0.0344779902802596 0.0431089207527805
v 0.0452506905687754 -0.0310953323925075 0.0463727032874889
v 0.0469650771399515 -0.0291705289260765 0.0458973663239755
v 0.0453647685818097 -0.0311467606859968 0.0510585274459722
v 0.0402051322397724 -0.0348075120703429 0.0544812493051839
v 0.0480418134994977 -0.0280370246920289 0.0443410393148514
v 0.0502624054342215 -0.025241871632384 0.0459325702124809
v 0.0532988233194279 -0.0208963091171738 0.0510261336166045
v -0.0210733532709651 0.020688174772366 0.0888394088054875
v -0.0211025736618688 0.0204138268494778 0.097451496469242
v -0.0182753936210676 0.0247295180318368 0.0946440299955689
v -0.0182858556301105 0.0245000350781479 0.100250186685315
v -0.0153346280058059 0.0280291212804502 0.100806218340293
v -0.0131688893336364 0.0299748586646283 0.102245056605227
v -0.0131437532837682 0.0303393295042221 0.0997420892538107
v -0.0171368546275544 0.0257399985773072 0.101724120826425
v -0.0183194856576422 0.0238497411024954 0.102495495096669
v -0.0153078514054752 0.0273711925469821 0.102606000114515
v -0.0170244736730219 0.0240013416796235 0.102971576736867
v 0.00908361724983372 0.0411770135067441 0.0545874070841403
v 0.0107253254853004 0.0417354410503284 0.0514242666782842
v 0.0129781092072742 0.0415597510080065 0.052180574892015
v 0.0118081167549008 0.041683567456575 0.056060676062298
v 0.0141228622049533 0.042498983718626 0.0568685728216554
v 0.0152963246385292 0.041382855425414 0.0485371478310701
v 0.0202059913054305 0.0414320068446434 0.0467222699561348
v 0.0192785893844059 0.0419364655945455 0.0505297664303466
v 0.0159187650891491 0.0418545172067774 0.0530399853546092
v 0.0193680305972665 0.0420078222703562 0.0548547740640592
v 0.0231308355807169 0.0415401766502252 0.0535575784515058
v 0.0230132782981839 0.0411839220822149 0.0491725425155164
v 0.00920904784052601 0.0415136210375951 0.0595240512718679
v 0.0138098784734718 0.042166020469949 0.0602393415789608
v 0.0124633887162502 0.0422644892770374 0.064417078138801
v 0.0162355910935077 0.0425838967788506 0.0649719071770124
v 0.0170050276012789 0.0423136968326228 0.05877706745107
v 0.0209253032222696 0.0421876048448776 0.059208519383418
v 0.0209926088659572 0.0422809386965932 0.0616341557064367
v 0.0220472947239797 0.0425193609261355 0.0571311371144455
v 0.0182471875019815 0.0429447460465966 0.0625094014979212
v 0.0201227079837707 0.0425442715458721 0.0649521816701247
v 0.0243502751307551 0.0421079866634943 0.064997642342001
v 0.025725780516332 0.0420126735927547 0.0622309806446629
v 0.0201936241667701 0.0426624350429074 0.0700206820555148
v 0.0226627048132285 0.0428785093091202 0.06745710736801
v 0.0287018594043379 0.0412177361891536 0.0652371198177619
v 0.0259640261706687 0.0418784179139416 0.0684883885764169
v 0.0229054103473014 0.0424522980612152 0.0738555928900738
v 0.0305611830970301 0.0408413945221303 0.071719557356019
v 0.0277689068829669 0.0418487524510281 0.0728363483894729
v 0.0259088432134626 0.0420625613657167 0.0756915934252205
v 0.0300013997296737 0.0410584581587512 0.0762771187441082
v 0.0307484757794902 0.0414024684297101 0.0786479462514193
v -0.0130737773284852 0.0300708824133502 0.0599779681321938
v -0.0150895549772281 0.0281730545703771 0.0613824527443707
v -0.0127955155626667 0.031172234088072 0.0630015568797271
v -0.0101322194838725 0.0330132361036794 0.0651831666153324
v -0.0131863505185343 0.0304174900130452 0.0655917442355857
v 0.000736679891994315 0.0389315292343458 0.0587869367889079
v -0.00335870261098018 0.036959598225618 0.0567945324297788
v -0.00127395320709362 0.0377101587721519 0.0537072632640412
v -0.0015757423745852 0.0383429207001771 0.0567250571448036
v -0.00280662736868855 0.0374323661942051 0.0603132055862857
v -0.0053338866874263 0.036733414327024 0.0628002361135806
v 0.0015672304905063 0.0397300022587152 0.0628454735596733
v 0.00398030831535369 0.0401132263480521 0.0593641532370701
v -0.00614903648572012 0.0356006230621345 0.0608829435853308
v -0.00954124408401911 0.0331600776243415 0.0589868471528732
v -0.00805812304352602 0.0343769196737949 0.0579583649942416
v -0.00885210097276235 0.0337917494220294 0.0630312269412296
v -0.0064121877378825 0.0356963624777525 0.0659232193291973
v -0.00940413283662618 0.0337873421761328 0.0726666680509086
v -0.00798522633982702 0.0348631575875092 0.0765621851371244
v -0.00155431026858257 0.0389073843489334 0.0674763669972168
v 0.0041633672376082 0.0405313839652497 0.0652160184243339
v 0.00702796360948032 0.0412064941670274 0.063129715934089
v -0.00159396738910871 0.0382565114257759 0.0650564047278646
v 0.00110008895122422 0.0394821822072748 0.067779365971793
v 0.00564995593059893 0.041085860280615 0.0697812477112505
v 0.00264271711961051 0.0404793697315348 0.072577895220518
v 0.00655387914396694 0.0414054136764518 0.0735250215744071
v -0.00912201184712345 0.0344760600974788 0.067817434926283
v -0.00361989114297305 0.0372666680267257 0.065277692060008
v -0.00657031662485091 0.0357272668400793 0.0703799312301401
v -0.00258960640278731 0.0379614722412778 0.0700622042991523
v -0.00537293563534473 0.0370559214481082 0.0737955781054881
v -0.0182222938077359 0.0255029134489672 0.0635941906794478
v -0.0158208819398169 0.0276207004807232 0.0649404318779667
v -0.0185801824154198 0.0243474588185644 0.0655680979129058
v -0.0202587595690444 0.0227991266620018 0.0676220156080779
v -0.0179877304225891 0.0252019270832971 0.067672892585206
v -0.0175345199060992 0.0260071139882356 0.0713008896651359
v -0.0183932346512736 0.0255149930468827 0.0737093109933739
v -0.0154269182386816 0.0289851774576977 0.0678653754619632
v -0.0122107514900173 0.0314007280352622 0.0695821754117537
v -0.0159298702017757 0.0277974188933386 0.071397277302099
v -0.0191948906577673 0.0236458267005424 0.0709756181399829
v -0.0213108940859633 0.0202820039029332 0.0694168293694688
v -0.0228345902066894 0.0175355090361694 0.0701225836166644
v -0.0243748751709845 0.0144996863189634 0.0685242346527674
v -0.0224841017653841 0.019329109633796 0.0738394858131315
v -0.0207947917127738 0.0212452187368978 0.0738518682530653
v -0.0239777767123558 0.0150385020639716 0.0725937308836874
v -0.0224915290290593 0.018298004719911 0.0768086774853897
v -0.0234389125624072 0.0163337502539603 0.0763868290106131
v -0.0180162881922192 0.0261274179743537 0.0737554749581365
v -0.0188726776407575 0.0242755933897503 0.0753139394095985
v -0.0164739558155971 0.027197181196069 0.0774953347988526
v -0.0159935492866034 0.0278063938083153 0.0759179507606353
v -0.0136455931769449 0.0301960450559903 0.0727876152904776
v -0.0125596392186805 0.031862850472232 0.073827410387177
v -0.015231788531668 0.0293812168248809 0.0788272981641122
v -0.0165435328107823 0.0271675830227577 0.0814472334565253
v -0.0145671777492392 0.0292612009313964 0.0812863511973081
v -0.0129746082273832 0.0309139943556066 0.0776331164580133
v -0.0109457027980044 0.032627710457274 0.0772316637741635
v -0.0102212513509854 0.033228291955414 0.0809105393450994
v -0.0190677535353384 0.0239596988589143 0.0767833580331104
v -0.0240983331066754 0.0158353165250096 0.0793524845621622
v -0.0203669041055336 0.0224760608550584 0.0795334701263163
v -0.0217489350896245 0.0195199115912494 0.0789311912686525
v -0.0187441983554373 0.0243411008365588 0.0800954555968834
v -0.0208749396479492 0.0210122509863497 0.0825369732594316
v -0.0194703559546308 0.0232397178229076 0.0841026536449349
v -0.0230416538242305 0.0170579179820625 0.0823608040162787
v -0.0223101030134206 0.0195963247387998 0.0849348731103446
v 0.00459487560031248 0.0399586240562697 0.0541528479568052
v 0.0062418107307605 0.0411625973912662 0.0568962666160224
v 0.00904999779189065 0.0417671254128229 0.0649224964530943
v 0.0107070887770753 0.042399685091878 0.0623984245635067
v 0.00642674206985827 0.0417288706644175 0.067486889237876
v 0.00906243146386995 0.0419171525250758 0.0701207878680278
v 0.0118170077732271 0.0423152707738545 0.06734140351029
v 0.0123891901105688 0.0424861338473531 0.0706363064880615
v 0.014150387536273 0.0430518798213135 0.0676628922576177
v -0.00886065421164645 0.0348984462914599 0.0792394064678452
v -0.00390183670280428 0.0373640442386238 0.0772692009997808
v -0.00475526301482366 0.0368957563949058 0.0805458823888385
v -0.00734094827116067 0.0352592555852958 0.0825700674712006
v -0.00517452514733965 0.0372255888320383 0.0847434702171451
v -0.00656257907449609 0.0358281052502066 0.0861329368332724
v -0.000507700531624714 0.0390196958839446 0.0751544768006565
v 0.00412747425113395 0.0407678298382896 0.0773092728345942
v 0.00685318870741178 0.042084257429458 0.0789487820387001
v 0.00555902294196449 0.0412642056540736 0.0821229898561846
v 0.00886890108760823 0.0420354260795682 0.0793338098609365
v -0.00152257535119525 0.0390893770118146 0.0795197353415943
v 0.00170621525062464 0.0399779656950137 0.0810249757264253
v -0.00267388091939403 0.03801306897472 0.0821396993540729
v -0.000758027833358731 0.0389069210331922 0.0851470957760436
v -0.00473753874495651 0.0369734442919396 0.0872854255159236
v -0.00539113623187015 0.036464890223211 0.0941729349405303
v -0.00159502454894908 0.0385494402204055 0.0923991252340156
v -0.002113833077705 0.0381384600466302 0.100438245307696
v 0.0088937462110952 0.0420060714774878 0.0833527425718856
v 0.00937752070641467 0.0422101275438372 0.086106356101414
v 0.0100180109589122 0.0423019822828053 0.088111671779952
v 0.0108527594118282 0.0429108777684864 0.0850522884285664
v 0.0127426444753943 0.0427075211992661 0.0864443100834414
v 0.00297337602850519 0.0409636057509318 0.084572341463891
v 0.00298928276371077 0.0405023567292502 0.0869592787337042
v 0.00500200880535246 0.0411339015423378 0.0861533887003836
v 0.00392357638973919 0.034938842179747 0.0919012949744048
v 0.00219282349407732 0.0336228905700144 0.0865526060148429
v 0.00462244901441299 0.0409559592197802 0.0947457994316346
v 0.00167803104580948 0.039906845527861 0.096251677935066
v 0.00818014713394166 0.0419040698438498 0.0961380685729764
v 0.00600047451623199 0.0351536641847614 0.0878633014015327
v -8.20386632688543e-05 0.0328104676644712 0.0891211235644834
v 0.00668264841667276 0.036133748589459 0.0934071467736281
v 0.00888799295609197 0.0359730993469435 0.0882515983154733
v -0.0123552841702542 0.0321739587120142 0.0847753191105155
v -0.0119494617673108 0.0318086736521726 0.0826390992818922
v -0.0137580003081223 0.030047165364112 0.0848034956873255
v -0.012376188277045 0.0313967843462354 0.0871002021739076
v -0.0156474995120088 0.0280916067494333 0.0878930812444652
v -0.00969922846544409 0.0335979504457282 0.0842017706801547
v -0.0102865180655534 0.0331174883087886 0.0862211931308397
v -0.00854874954780286 0.0343516728345434 0.0935417292987848
v -0.0120215543229477 0.0315682369936711 0.0937764263319009
v -0.00784882884158666 0.0272600991670883 0.0834618865508911
v -0.00850968733769616 0.0268847179122078 0.0886384438181273
v -0.00545788064568565 0.0291689475548012 0.0865133518604972
v -0.0176217997357094 0.0266540713819091 0.084687295123857
v -0.0169844738412817 0.0265459891027195 0.0870787168985275
v -0.0183847587950208 0.0247661315283342 0.0863572939794692
v -0.022804856002034 0.0175678852353331 0.0870631840698472
v -0.0116531222328153 0.023319747194329 0.0848701902819746
v -0.0134760096955744 0.0211008261176983 0.0864412621402188
v -0.0159696996715466 0.0172769372657394 0.0854858534757207
v -0.0134777351733362 0.0216824662599191 0.0900142595027659
v -0.016569609719851 0.0167034016958126 0.088941552874828
v -0.0167262653600607 0.0179529764073824 0.0939509863923328
v -0.010967362711978 0.0248144040780015 0.0909004595099436
v -0.00214024465955157 0.031323005315242 0.0844181439484863
v -0.00350246640415681 0.0305951032166981 0.08702588076728
v -0.00539725975326448 0.0298168795231517 0.0909800271892784
v -0.00939204677548524 0.026959691959425 0.0933560249546557
v -0.00635185436643765 0.0300528789268286 0.0956840845906737
v -0.00201949043139949 0.0321336686411403 0.0917721104470968
v -0.0099534724021712 0.0329898092732474 0.101671089196247
v -0.00950366374406969 0.0284932679432632 0.0992751416825319
v -0.00171555879477225 0.0337236496598462 0.0982290706076113
v -0.0121980683859034 0.0242355605551091 0.0940029656291349
v -0.0150545509532506 0.0214336259294822 0.0963488152127652
v -0.0132852016950683 0.0245998674637596 0.0992556453472034
v -0.0160321483817461 0.0221622948277534 0.101199630942635
v -0.0120171061186182 0.026919596717432 0.101216390279363
v 0.00120088998501014 0.0342609634930194 0.0940685062522886
v 0.0105339073865565 0.0427269499240225 0.0735172524310818
v 0.00979238646016422 0.0421527185882844 0.0758769825214627
v 0.0165834594930702 0.0426950763443176 0.069238099847066
v 0.0145887290586438 0.0426687440222442 0.0729030999833056
v 0.0129886078965302 0.0425600573491147 0.0767739083934848
v 0.0158424754602939 0.0428253828653455 0.0760888335162254
v 0.018342402555539 0.0432834895837941 0.0734650157815533
v 0.018905922828853 0.0428180191982177 0.0792305500626909
v 0.0196080924648444 0.0427501418570092 0.0763971231130768
v 0.0148046732030312 0.0431915901120501 0.0789325801228768
v 0.0153489563513574 0.042796062092561 0.0818095338237128
v 0.0119072051168714 0.0425292687734617 0.0812780992330943
v 0.0164663452165217 0.0428945411871195 0.0849526830991965
v 0.015045195471651 0.0428609264254911 0.0934539242705936
v 0.018599954873089 0.0433998607010734 0.084419473763449
v 0.0213148174059487 0.0427019991112522 0.0820434378730255
v 0.0188115642425856 0.0428993967029899 0.0870865758450234
v 0.0209313747425868 0.0427784037631698 0.0855791359814976
v 0.024305529960348 0.0423926093567393 0.0856059549770441
v 0.00865659457296548 0.0357149320176757 0.0833087630833798
v 0.0124685711693264 0.0364398337040347 0.0843914214529625
v 0.0051819259426508 0.0347494667775107 0.0827758403367119
v 0.0132605053082973 0.0367078155228648 0.0885605261450103
v 0.0110729955308294 0.0369733994226253 0.0925562273790993
v 0.0173834316640456 0.036802680765834 0.0818042878491297
v 0.0185149099369153 0.0367594239251239 0.085012492313185
v 0.0177546842664402 0.0372845320170805 0.0908408499923835
v 0.0228748259666603 0.0429986221771693 0.078665221849617
v 0.0264913486318979 0.0419410804864272 0.0802012040222764
v 0.0280191455327953 0.0416451503423332 0.081556387688054
v 0.0268655474558335 0.0424939919791229 0.0845489697759153
v 0.0221871887513415 0.0365014078921838 0.0829949259966337
v 0.0208789661652353 0.0368196447889624 0.0879994365786568
v 0.000112439448431716 0.0391370395501643 0.100654744530537
v 0.00399943274065443 0.0406683388586998 0.100741706571298
v 0.00286004547731613 0.0399407284787651 0.10238580300098
v -0.00023153047198754 0.0374938499914888 0.103057474163845
v 0.00616451559401941 0.0391981858088127 0.102780710679337
v 0.0124479566770001 0.0425928258391643 0.0951770246313398
v 0.00383138745941032 0.0363227729068884 0.0986992104733703
v 0.0080743112891961 0.0417632914363211 0.10103808345298
v 0.00434562271877686 0.0372114383700376 0.10116819065355
v 0.00583029825736084 0.0403098465016805 0.102911367942341
v 0.00881687671125893 0.0404943217752967 0.102982903827886
v 0.00124766267077209 0.0370753139278621 0.102528421358298
v 0.00864945242326543 0.0415896398509847 0.1024011357642
v 0.0069345875501495 0.0386412241683517 0.102137858200809
v 0.00902525190147255 0.0381731147589454 0.0998744837340813
v 0.0144057242985729 0.0427445274575339 0.101073931742976
v 0.0113930011974267 0.0423784808375537 0.101137552865702
v 0.0104626187905342 0.0390871443836922 0.101598554474011
v 0.013356378366887 0.0387395146235202 0.0995078677126111
v 0.0148921992877125 0.0424217366461781 0.10217955664859
v 0.0124112853357917 0.0418670147417177 0.10273100947657
v 0.0170743664579335 0.0400594657483838 0.102034080867326
v 0.0137886292394109 0.040345399783485 0.102558534657392
v 0.0183751696181851 0.0422510250298876 0.102539354625557
v 0.0168490290182057 0.0412998133865018 0.102867438858841
v -0.00571176503859576 0.0360226468810672 0.101498211464506
v -0.0034241171066309 0.0368179363880195 0.10270880431872
v -0.00652174566364281 0.0320577834280315 0.101894461993125
v -0.00777330259333102 0.0306710358434935 0.101170274626481
v -0.00822589947908379 0.0337294419941825 0.102650999408155
v -0.00559363061667169 0.0346537390231487 0.103036621665319
v -0.00965395397826786 0.0305091476096959 0.102635683729871
v -0.0016045317777442 0.0381061895755621 0.10223633609752
v 0.00127538872884713 0.0354689325908412 0.09946467556754
v -0.000865105190643522 0.035053276867877 0.101146145332399
v -0.00543214403400465 0.0317403134524935 0.0996230900768649
v -0.00356191130597803 0.0344392157355975 0.102325127960364
v -0.0114706703245066 0.0303735827190324 0.102896744640366
v -0.0134631767379708 0.0273624638459698 0.102828751560094
v -0.0109568725458854 0.0286780545792084 0.102120965669671
v 0.0198718880359249 0.0429044501051936 0.0945214011012497
v 0.0241037077430766 0.0424887917247392 0.0918776036805882
v 0.0186891710477352 0.0429444446368066 0.0992307562834923
v 0.0149577196056462 0.0376660264127742 0.0935559784364662
v 0.0200798551658011 0.0381256066231295 0.0954614344498817
v 0.01691700987355 0.0391016505202162 0.0999814688793002
v 0.0238798159836419 0.0377588253811287 0.0956910527040157
v 0.0255317837017824 0.0421794210986257 0.0869744916114302
v 0.0277399470927992 0.0417613305703522 0.0869838142321859
v 0.0288982790102574 0.0415364014209597 0.0941974251974532
v 0.023234394155229 0.0368021427562298 0.089993761188006
v 0.0256215515220468 0.0359642640297172 0.0848335831174662
v 0.0269565154015963 0.0366571114941666 0.0931485540505008
v 0.0284415231081478 0.0357846835395112 0.0901666432652657
v 0.0298666691998908 0.0411624811667467 0.0844365449828263
v 0.0314622331740865 0.0407262150580215 0.0903969858444623
v 0.0332473020390221 0.0400864539126267 0.0875798007643981
v 0.0297928515527464 0.0349877091244336 0.0863824469604128
v 0.0291101835362436 0.0351368750952823 0.0827701657852198
v 0.0327809446504605 0.0344804559311971 0.0914796477614589
v 0.0269144977155984 0.0419437623533388 0.100590652631924
v 0.0359017090358422 0.039096020768288 0.0920898848291252
v 0.0332276815465311 0.0401667646885441 0.0997909789441338
v 0.0321920626392946 0.0361053279794464 0.0979478589903153
v 0.0195049225727229 0.0427716664376563 0.101259150897704
v 0.0233577597283244 0.0425803602025049 0.0998927789877367
v 0.024425821883197 0.0419560657329762 0.102242349174963
v 0.0214734628010791 0.041226499176462 0.102814021307009
v 0.0206384619794793 0.0393634572587636 0.100768161076832
v 0.0310615702593844 0.0408771529711768 0.100580976444918
v 0.0366073213150998 0.0387718355415182 0.0974621424003141
v 0.0285365474844034 0.0413365104373451 0.101813684962768
v 0.0301806884190926 0.0404158545409019 0.102479831590779
v 0.0320547178433893 0.0379974093417276 0.102337289971511
v 0.0281499244911339 0.0398499898729555 0.102704633033161
v 0.0373572301926259 0.0383758342641433 0.100770852050275
v 0.0343712445780612 0.0394715308050573 0.101869289048527
v 0.0327293936890941 0.0392517168780731 0.102630518631474
v 0.0363453976110723 0.0383752056561503 0.102185340797287
v 0.0364322050466078 0.03704994182866 0.102615618178568
v 0.0252701974756363 0.038424116121235 0.0998717120353891
v 0.0285817281797013 0.0373143267839501 0.0981909354831771
v 0.0280219926913538 0.0381064197507971 0.100673083986025
v 0.0248470212153574 0.0393804637459082 0.101837792259923
v 0.0332398242006987 0.0364772238693418 0.100733975750445
v 0.0379295613719556 0.0351979360911918 0.102096825849428
v 0.0198475663862965 0.037398789275822 0.0458427532597277
v 0.0184478893278182 0.0379855110268848 0.0543264592513589
v 0.0203516459238146 0.0377579396282965 0.0532753107186223
v 0.0210417483378891 0.0376859889865177 0.0564670218528158
v 0.0240336978805333 0.0369764380153946 0.0578714794027327
v 0.0229908890103323 0.0377346986785156 0.053753234828284
v -0.0026676293886844 0.0319744396203302 0.0548800526091828
v -0.00354351902185668 0.0315142612100081 0.0581821927363994
v -0.00254429968160515 0.0322369861577007 0.0597253732543453
v -0.00104486033667036 0.0329940798318467 0.0659799848189228
v -0.00333745620192478 0.0313413659129781 0.062821664797816
v -0.00935249118551635 0.027548019523821 0.0589256841914463
v -0.00738292970854671 0.028454762143576 0.060566676480746
v -0.00512960998109568 0.0306216758259276 0.0661864210555079
v -0.009328048720965 0.027347244804697 0.0637667156806908
v 0.0020975069178345 0.0345476192104033 0.0620006903546166
v 0.00427368275645733 0.0351983179893585 0.0642533797953833
v 0.0013828575303077 0.034126223019544 0.068787252152842
v -0.00155390212731463 0.0324342037671364 0.0721087076430082
v -0.00475826485184274 0.0300096690665338 0.0765330447898305
v -0.0016215003577087 0.0318687026734843 0.0777893682045991
v 0.00212337682598253 0.0339537945458702 0.0758338606086275
v 0.0052997708447916 0.0357647133110829 0.0681192943728977
v -0.0181227241619681 0.0152190755925102 0.068486275436477
v -0.0191147833318582 0.0132186086623354 0.0670678731223496
v -0.0167278373944875 0.0177369053556988 0.0687214835665627
v -0.0174931635547767 0.0166740637433583 0.0649814594488208
v -0.0106093217304591 0.0260061758554832 0.066783879730815
v -0.0126918724715648 0.0236219517491508 0.0677310247044803
v -0.0118976954186153 0.0246701880085758 0.0648862045401708
v -0.0132730939537912 0.0216626932963916 0.0780942583844995
v -0.0111231894899746 0.0241534601354188 0.0796595815503815
v -0.015687448274955 0.0181449128444871 0.0779485857814827
v -0.0184843585929706 0.0125114269818473 0.0784548221301886
v -0.0168956809711134 0.0157031452081877 0.0800722642226821
v -0.0149904439356609 0.0189631240838632 0.0815719731783722
v -0.00772144352617817 0.0283629753738276 0.0697078838973823
v -0.00773073345492258 0.0276894569386009 0.0769895427747179
v 0.00281959339994117 0.035023440125389 0.0584835586343883
v 0.0140726494582589 0.0377195573343724 0.0532654449657274
v 0.00823453510267681 0.0367487805554887 0.0661563586653916
v 0.0144497813674989 0.0376963204964777 0.0607326917825932
v 0.00929119913806972 0.0368847192503416 0.0617421530167704
v 0.0136872756264976 0.037639789411832 0.0653040076816161
v 0.0118678759574958 0.0370051313419766 0.0724983567634215
v 0.0183749457476323 0.0379331686552609 0.0578274956872422
v 0.0191571587876808 0.0376162324781006 0.0604902220384818
v 0.0185319191137321 0.0377868513733801 0.0653779622130455
v 0.0180864204866122 0.0375781449981148 0.0629911294044841
v 0.0265023635202623 0.036697202053406 0.0590464590917338
v 0.0229156180662554 0.0374076147844681 0.065656656272187
v 0.00640869809564083 0.0352950988577853 0.0790758760120047
v 0.00125347769219875 0.0331876438982125 0.0825432951824238
v -0.00571171297776256 0.0290410326889633 0.0809427809334311
v 0.0152486079928127 0.0375501908543236 0.0693262360738672
v 0.0150750595826664 0.0368273528507968 0.0789861090749925
v 0.0117007191298416 0.0364515614026022 0.0794204333181086
v 0.00845628804539485 0.0359527211977747 0.077617346757732
v 0.0188706780674166 0.0372163642977388 0.0745997551107345
v 0.0220750336197283 0.0369800275345424 0.0743232028088635
v 0.0267152114732362 0.0366377071484638 0.0661337981605537
v 0.0255057738333613 0.0365722340843476 0.0724738864604839
v 0.0288066253399402 0.0359042806085091 0.0705839476937806
v 0.0236925626606396 0.0364599523628407 0.0794037737438388
v 0.0286624089569499 0.0353698759655389 0.0788367173719655
v 0.017277570054885 0.0377589602502635 0.0487731962092875
v 0.00172504482189147 0.034543232808261 0.0506569886398512
v 0.00504971303609083 0.0358783925853789 0.054120389793658
v 0.00817899478241071 0.0368032670987414 0.0547896050173192
v 0.00576292836372271 0.0360909976123431 0.0600704768515343
v 0.0114959600303126 0.0374278119938164 0.0563493769735042
v -0.0417570897517967 0.00702800182947739 0.077146908783772
v -0.0450097750385813 0.00238442518999575 0.0791046184407375
v -0.0431777001477749 0.00538824186442147 0.0788829033924084
v -0.0416443615082372 0.00453155466422334 0.0801874551932062
v -0.0404215215204217 0.00695036594272939 0.0768983299586404
v -0.0394633587303564 0.00658822844673325 0.0797388862661365
v -0.0373986161542012 0.00747287742098794 0.0786002970386723
v -0.0387234530196411 0.00404738060787748 0.0815408985292031
v -0.0371061733001979 0.00725908294027406 0.0797837608578265
v -0.040753329081616 0.00101630870732968 0.0814390045506909
v -0.0352598498374151 0.00291723060264616 0.0827318639993401
v -0.034225609998056 0.00692840285572599 0.0811027207000737
v -0.0337288573135058 0.00549549687666269 0.0821308056974277
v -0.0309078588982801 0.00734758048868061 0.0807666902992445
v -0.0295278944502953 0.00584014995413079 0.0823530918371376
v -0.0371816351444663 -0.000589250713195677 0.0826726693411836
v -0.0327018875623379 0.000191958052950189 0.0834029030902051
v -0.0438177227448665 -0.000653461964680928 0.0801080775116794
v -0.0417272365997626 -0.00296547200104106 0.0809561137965776
v -0.0422730283898628 -0.00678078540313912 0.0793645417635854
v -0.0390925536179276 -0.00728172472267866 0.080544538414646
v -0.0388011194192617 -0.00868741618657082 0.0794056810377226
v -0.0393537427152166 -0.00518694475827629 0.0813481212546715
v -0.0359537888101429 -0.00401632593385772 0.0826542363904884
v -0.0344823092577902 -0.00627856750664528 0.0822951652082985
v -0.0225266587593865 0.0178621358720199 0.0949709849599165
v -0.0242919936270698 0.013856938936517 0.0967033090515693
v -0.0248938126321044 0.012557445970392 0.0886482400138168
v -0.025766585847292 0.00933195125689461 0.0979776266350972
v -0.0261239736467551 0.00819470854168185 0.0907852453090439
v -0.02660453592771 0.00549803201578224 0.098597368930997
v -0.0243774312428775 0.0130103669843654 0.101424207444598
v -0.0258815350556218 0.00813336906584957 0.101204530331045
v -0.0266832559677427 0.00374638051109387 0.101610615533636
v -0.0271064055550065 0.00183053832602754 0.096251156981177
v -0.0201425895232732 0.0214185925422893 0.101955656470931
v -0.0225170230923419 0.0174758524923201 0.101134508600101
v -0.0223987604914401 0.017031586283853 0.10252588675299
v -0.0208422599253034 0.0155465272770322 0.102430425157507
v -0.0177218195869904 0.0208462662677468 0.102188022270977
v -0.0202638680713244 0.0194738708752196 0.102914386746703
v -0.0233581226462915 0.0139626002324878 0.102888740050912
v -0.0238261696078124 0.00615696375939041 0.102109442008751
v -0.0230458040215292 0.0113705399064771 0.102728844487839
v -0.0204589326420331 0.0140746495923308 0.100960527523442
v -0.0220850701942828 0.0102618703435857 0.10128271668184
v -0.0247823078037172 0.00797573736903724 0.103003613909624
v -0.0249925488828075 0.0105111155995999 0.1024795654257
v -0.0259785425687088 0.00573558122587271 0.102623364184378
v -0.0256466760505205 0.0100870869054177 0.0697087653549496
v -0.0258000398725787 0.0113899006282569 0.0736510695521095
v -0.0260566380402972 0.00825061350938324 0.0754563348220071
v -0.0246785486641219 0.0133102239599472 0.0756280438300716
v -0.0260600322823561 0.0091918512197385 0.0787650079510439
v -0.0311683716001098 0.00767825389283343 0.0794459863407141
v -0.0280035469643087 0.00736478221733099 0.0777694303121434
v -0.0272157257254335 0.00733888390791931 0.0805642093164807
v -0.0248816430032784 0.0126166794977137 0.0817106108401875
v -0.0260895432635918 0.00846972387011154 0.0825819640034191
v -0.0236969102157972 0.0156146297788391 0.085211826093601
v -0.025689453229414 0.0117698710270142 0.0849883962400919
v -0.0257187932823695 0.00996965594109731 0.086551562089773
v -0.0274959247384125 0.00429840869417349 0.0834232823314157
v -0.0268466895615246 0.00464313337304627 0.0894491765821193
v -0.0298297852754994 0.00316650906532354 0.0833001929038081
v -0.0272351726280466 0.000896891919966493 0.086281623176663
v -0.0274121317709734 -0.00355955910591596 0.0858861880414167
v -0.0273395622913823 -0.00280449373158572 0.0915564687192832
v -0.0211379186580844 0.00115577831704256 0.0859669975925405
v -0.0208762647056096 0.00307977871921216 0.0825520449626417
v -0.0214041167542844 0.00352093957504253 0.0910494184786046
v -0.0204030250067267 0.00613507728176235 0.0868733175181572
v -0.0213019281283856 -0.00473443153887195 0.0855036423008745
v -0.0215925696747852 -0.00383484153219955 0.0889630387376791
v -0.0216173671094028 -0.000332379586154311 0.0897380138252027
v -0.0212672949998403 -0.00445480802097873 0.0813174743611312
v -0.0328536326762667 -0.0098887892258104 0.078634013358312
v -0.0327074128186518 -0.00922565312230121 0.0769145536706372
v -0.0299836213703468 -0.0101161458965078 0.0777179179582686
v -0.0280166973245516 -0.0101468244088078 0.0791784818639646
v -0.0306632773839924 -0.00397250181243225 0.0833360222616853
v -0.0339666192360109 -0.00817793850567444 0.0813829357784493
v -0.028129179521672 -0.00301241087308498 0.0836086610180092
v -0.0298291092516155 -0.00752818445698429 0.082307891492508
v -0.0273932847293216 -0.00773746860647823 0.082167998566095
v -0.0265744445401916 -0.0111296310165193 0.0800679405315599
v -0.0267002003455146 -0.00956540942599444 0.0839759242777535
v -0.0334961850019504 -0.00944243619949701 0.0801976836887663
v -0.0282283299007053 -0.00932916897209334 0.080845215096766
v -0.0273414383802793 -0.00998045099806912 0.0767980337844214
v -0.0266278215307506 -0.0107840192738792 0.0758358039678893
v -0.0253306885431096 -0.0156084527595092 0.0769890312809721
v -0.0257957129995693 -0.0139312009165966 0.0802977499193508
v -0.0235739451609276 -0.0202239516481409 0.0780413346584964
v -0.025160356461686 -0.0158966303986685 0.0838118904161005
v -0.0263789170107423 -0.0130839951157113 0.0846774948397719
v -0.0252030555429963 -0.0169987452012145 0.0795319320362145
v -0.0241750876411869 -0.0187764541841582 0.082309454281763
v -0.0225445523892918 -0.0224385720846696 0.0814385347956861
v -0.0236017293991344 -0.0209731073787612 0.0843954325349159
v -0.0242947844533502 -0.0183061797974748 0.086862451661769
v -0.0211146941293799 -0.0254124561732699 0.0784785710555078
v -0.0200979395190004 -0.0265908175792724 0.0815925958632615
v -0.02127019588169 -0.0246103750317206 0.0849970266776873
v -0.0275435946130573 -0.00489742652682369 0.0846942610745948
v -0.0269567295842923 -0.00775844099339462 0.0873026669406333
v -0.0262189764014071 -0.0119494758328169 0.0875945083908945
v -0.0270387273141724 -0.00670955214579168 0.0944525034614647
v -0.0264635368582192 -0.0104505544454636 0.0952507823940678
v -0.0256908464167126 -0.0138963647661026 0.0943809243243117
v -0.0257270713089085 -0.0140931433801354 0.0872575391155603
v -0.0209923560742704 -0.00853468252955442 0.0875417521944085
v -0.0203543800725765 -0.0125581424941527 0.0894470269907392
v -0.0215834678655798 -0.00864963674300297 0.0921658161447831
v -0.0243602904938849 -0.0180104724297889 0.0937892373477152
v -0.0229606580098349 -0.0215573444002793 0.0869379281306806
v -0.02245400341533 -0.0222161024004759 0.0945115694467787
v -0.0205803343806205 -0.0255880382015096 0.0928576880481546
v -0.0182894899251811 -0.0178848435633683 0.0877150746799401
v -0.0194862781909884 -0.0145081820765675 0.0868053072741966
v -0.0193251346846781 -0.016677776766504 0.0916746437226439
v -0.0206581735111055 -0.0132839173637543 0.0927154187612332
v -0.0184849546405881 -0.0289431105755751 0.0775157032041043
v -0.0171468064245845 -0.0306767076042966 0.0760387883215317
v -0.0166709894689812 -0.0318153938876444 0.0798215545086732
v -0.01936321736371 -0.0282858432291276 0.0842096170413823
v -0.0176443940599183 -0.0299113022637619 0.0820003972145052
v -0.0193599036127873 -0.0276395588117272 0.0866469223990817
v -0.0166204347930685 -0.0209286580801293 0.0863188360344225
v -0.0161086634578274 -0.0227244108893113 0.0910851567941753
v -0.014337850329665 -0.0246732400478067 0.0868715902532704
v -0.0138369709116772 -0.0261168364388941 0.0916860654338201
v -0.0119984579412473 -0.02766638488066 0.0881569033039694
v -0.00998370259490369 -0.029592493989262 0.0854014134318326
v -0.00911938175186101 -0.0308884929972975 0.0901025024356022
v -0.0185283195283374 0.0121269217946269 0.0865230356884404
v -0.0175650170543356 0.0141241210545144 0.0833824706068661
v -0.0184408181144125 0.0139304682434174 0.0920543730044164
v -0.0197151907997658 0.00920575094703312 0.088298500984313
v -0.019794745295652 0.011580017828318 0.0937813551016344
v -0.0207191339988672 0.00718896393420757 0.0914070738459846
v -0.0214331271932212 0.00744970434593105 0.0954781262196174
v -0.0223322543214222 -0.000543702811871685 0.093748323181256
v -0.0212065170485359 0.0103831103334508 0.0986364298640769
v -0.0228191385747164 0.0044881650109897 0.0990376855716398
v -0.0235575248622717 0.000272674476112245 0.0998789673668451
v -0.024496713756039 0.000993556051387156 0.101905797146475
v -0.017893150424937 0.0184109558851255 0.0999392414686954
v -0.0192986732972592 0.0152897376802302 0.0988962811371385
v -0.0272636879927657 -0.00109190576163839 0.0978878570308536
v -0.0268295248249213 -0.00760812008227021 0.100251100136208
v -0.0223576987075678 -0.00383754824163987 0.0938595816766706
v -0.0223477171412508 -0.010753592426237 0.0979476059034207
v -0.0270503378184935 -0.00116592820553892 0.101858526054361
v -0.0267243605927651 0.000359343032880475 0.10263774389051
v -0.0270984522974623 -0.00450545417934271 0.0997323226458777
v -0.0258159868567727 -4.08321188638606e-05 0.102923702424833
v -0.023687536410207 -0.00687231390786126 0.100654688012428
v -0.0246414866900357 -0.0038527502910253 0.102009321046732
v -0.0266995794382978 -0.00574193244585932 0.102454164251378
v -0.0230600324267997 -0.00589452976832406 0.0979847394759837
v -0.0233539940843283 -0.0110544504344258 0.101471098315556
v -0.0257628804001679 -0.0125972546467817 0.101079075081746
v -0.0263323580429406 -0.00955612244087475 0.102222733682487
v -0.0227186234042376 -0.0119045089223873 0.100370187079277
v -0.024482229318076 -0.0171765643387065 0.100352502469785
v -0.0259164992919938 -0.00763620318621225 0.10280508321873
v -0.0240021588036988 -0.0117660384717709 0.102460906551975
v -0.0251250841455238 -0.0138129577858615 0.102495267577596
v -0.023959587593613 -0.0178137299698133 0.10229032611183
v -0.0222731466970233 -0.0167229949623098 0.102126429090475
v -0.0222910424942709 -0.0205795588705969 0.102778206884088
v -0.0208630894875145 -0.0145918119903781 0.0956443488706733
v -0.0202710878109994 -0.0170145260508542 0.0970696863317962
v -0.0229894801680237 -0.0207222092144861 0.101075857165895
v -0.0181648002581869 -0.0202981955080104 0.0941905520196163
v -0.020424743392235 -0.0184125787384147 0.100107879641918
v -0.0192677573871541 -0.020763752505342 0.100098849412057
v -0.0170507421702413 -0.0235397916541183 0.0977386524412728
v -0.0219696749267007 -0.0149022109824413 0.100692707568981
v -0.0198295853573113 -0.021106055128362 0.101613403415457
v -0.0237218624716897 -0.0154455585688971 0.102780982973701
v -0.0206105385146828 -0.0212875095003942 0.102459530093423
v -0.0156304424112701 -0.0261526557387055 0.0992606851929364
v -0.0165923054492972 -0.0310809205047575 0.0837851257249469
v -0.0148434552429441 -0.0331153605537227 0.0812664883584446
v -0.0140537583937229 -0.0338408890878767 0.0790591323659248
v -0.0115990229510653 -0.0361581561062938 0.0768188019158004
v -0.0100517902237091 -0.0373203424059649 0.0740835547462385
v -0.0113330039494089 -0.0362246801812638 0.0825563594133454
v -0.0138299934477746 -0.0345482718832123 0.0846085663794601
v -0.0107076412288741 -0.0373288024535573 0.079375829939521
v -0.00754275436900627 -0.0390123410459929 0.0780604378668067
v -0.00501843778120853 -0.0405160388129721 0.0821012444268695
v -0.00803181123514383 -0.0387220028135178 0.0816444660941586
v -0.0182192078413823 -0.0291270371095499 0.086807296352289
v -0.0181752355487828 -0.0289294616306547 0.0963705642261233
v -0.0161542485618887 -0.0314482319771756 0.0921816756658617
v -0.0142453186761306 -0.0336343645473988 0.0869007996259369
v -0.0132178927578481 -0.0344289624859746 0.0913954430642236
v -0.0119412569573266 -0.0288567964690359 0.0936949053772759
v -0.0117120644121485 -0.0358345657829395 0.0862778939587401
v -0.0107114649349106 -0.0365360336634055 0.0937754403801557
v -0.00895597260862781 -0.0379486529802194 0.0871174783071184
v -0.00745084208870316 -0.0395742181038145 0.0842819924447042
v -0.00615069434427535 -0.0398263715508979 0.087093323294398
v -0.00703028851199212 -0.0330599929141465 0.0926239756569691
v -0.00583359339994584 -0.033232264342537 0.0881179293469091
v -0.0044103072731628 -0.0346772566353354 0.0912212675768913
v -0.00180942045811527 -0.0357477437019114 0.0868278152453166
v -0.00479145255878168 -0.040513227716433 0.096066980753191
v -0.0207825337271414 -0.0248977838710247 0.100050299885162
v -0.0192144398522934 -0.0271701781500385 0.101062224607745
v -0.0182171939612046 -0.0231981703849877 0.100834537743692
v -0.0212391488837061 -0.0236188859847831 0.102175384749742
v -0.0162903428009301 -0.0263102979628495 0.101173134149677
v -0.0195974000808848 -0.0259542410285399 0.102410503594711
v -0.0180690410436948 -0.02525335741328 0.102350100257738
v -0.0175699118424614 -0.0291954565336773 0.101835363856752
v -0.0136799992810873 -0.0284475148016081 0.0989778566894213
v -0.0147271970589202 -0.0328185740585629 0.0976258412766069
v -0.0160167101502213 -0.0311841905888928 0.10120238046803
v -0.0102525246404451 -0.0314553978275587 0.0970203178913035
v -0.0114850875626955 -0.0357410159536862 0.100065689427178
v -0.0131220155768103 -0.029640467802247 0.100440663907698
v -0.018166257933925 -0.026636196587964 0.102732318908288
v -0.0116377499743691 -0.0318347697937243 0.101521332183387
v -0.0141120823430965 -0.0302579479206312 0.102267099940994
v -0.0106898372723043 -0.0318230895261176 0.0998945224118165
v -0.0154354102106247 -0.0312669864703021 0.102368081839921
v -0.00786739810916158 -0.0341342883703248 0.099731541819118
v -0.0122845214276929 -0.0347641504444501 0.10151894687551
v -0.0118129927040399 -0.0331975968547373 0.102477300756927
v -0.0126581024806564 -0.0335028359321462 0.10263524154098
v -0.00781553216511287 -0.0349166738373862 0.101315265862898
v -0.00654863320945661 -0.036647353869353 0.102203171604378
v -0.0076815423856783 -0.0386598426382949 0.0984015723494353
v -0.00332767858730481 -0.0360113488668031 0.0946289177405818
v -0.00101465893734471 -0.036343540282034 0.0889599314143777
v -0.00328137366085213 -0.0413270525855894 0.0916648784083284
v -0.000679765582012828 -0.0379944506432972 0.0970228612729457
v -0.00389638664400937 -0.0368670789047419 0.099700609253692
v -0.00437459396696359 -0.0371662579568069 0.101140197523302
v -0.000343947032556238 -0.0389146746349038 0.100253076307469
v -0.000979197412653988 -0.0392289243386864 0.101449200462992
v -0.00872138255764772 -0.0376502939946815 0.101465478954543
v -0.00714972148689604 -0.0375821836290721 0.102655718635504
v -0.00481681099850201 -0.0403173431702891 0.100685130646837
v -0.00159910719292748 -0.0420052143106009 0.100420870721836
v -0.00488297059460093 -0.0398848334487524 0.102122767532562
v -0.00287792070263874 -0.0398781286037998 0.102542812538586
v -0.0343072424782088 0.00534611290769145 0.0761173212167089
v -0.0354979606784294 0.00258672546489483 0.0751620408021516
v -0.0365866081145564 0.00665029995668014 0.07701443022325
v -0.0360167113640235 -0.00179699452297876 0.074892631589998
v -0.031433449067123 0.0069944119340323 0.0772499572709663
v -0.0262942608273336 0.00735052331938771 0.0706439141450466
v -0.0267610498096132 0.00470775573446891 0.0736467576010418
v -0.0269986604534402 0.00591590444789548 0.0756389397452635
v -0.0206001885384002 0.00720909475812944 0.0737007244801302
v -0.0197701499591194 0.00911952091455281 0.0777370754825406
v -0.021214266903124 0.00265001775366236 0.0764894895101999
v -0.0311658911045235 0.00494099457676673 0.0755058335373981
v -0.0324395094321306 0.0021344354427622 0.0748954950006734
v -0.0286011172510457 0.00331070062681994 0.074487404927341
v -0.0285187599462055 -0.00137284697937441 0.073708643116093
v -0.0331493575012362 -0.00142774533011591 0.0748595117889361
v -0.0302805241576465 -0.00441800608503136 0.0741832780644265
v -0.0272997347447556 0.000217771322092969 0.0728997798715048
v -0.0274974092007589 -0.00360170269460731 0.0729445503282796
v -0.0276506545575385 -0.00722546316514258 0.074066327592939
v -0.021491436231494 -0.000163924684449646 0.0761379738795719
v -0.0216617039432998 -0.00394200287515983 0.075049045029859
v -0.0214185727030506 -0.00745135242231098 0.0747655192106666
v -0.0212728784517443 -0.000418621144796132 0.081368204571614
v -0.0207455110862474 -0.00901716202057115 0.0828413107142434
v -0.018687896536572 0.0115530396339 0.0824394935602964
v -0.0201946360517638 0.00693625710106633 0.0815747490798493
v -0.0333752628468703 -0.00713974493942074 0.0756226813016658
v -0.0360779673239238 -0.00898060245305595 0.077149229977343
v -0.0290758036459785 -0.0085583796174008 0.0753790006179838
v -0.0207051865300286 -0.0105850584509874 0.0776057426972077
v -0.0197994237278707 -0.0132888310974679 0.0820540529022523
v -0.0186213366708708 -0.0168119076078041 0.0811483141326158
v -0.0175683434231771 -0.0202583291205732 0.0731441671102106
v -0.0172958103013204 -0.0196401760195308 0.0818472253739149
v -0.0150582659709186 -0.0235080892675185 0.0810775628164334
v -0.012081380721349 -0.0276810308918024 0.0777892061278502
v -0.0122302488001143 -0.0272021208950617 0.0827555492581573
v -0.0096616976615287 -0.0300461800892704 0.0788419227546457
v -0.00734677592886854 -0.032208805469197 0.0776086199829581
v -0.00470201515054128 -0.0344682277988862 0.0743911267080399
v -0.00665179833963945 -0.0323943409220968 0.084543313813302
v -0.00378323545387454 -0.0344808018050893 0.0832613359621714
v 0.022858530357843 0.0410973389595228 0.0456360365555526
v 0.0266398913547675 0.0401317460243345 0.0453640242484548
v 0.0289190848869106 0.0395363212064682 0.0439545816634228
v 0.0314381006224553 0.0386785670948374 0.0440434316542776
v 0.0294628318278626 0.0400418593831129 0.0459313945009483
v 0.033277685853201 0.038323490829602 0.0462950223511477
v 0.0285227314991392 0.0401247359102683 0.0491244420105801
v 0.0255547493223121 0.0415881429094278 0.0515489298638239
v 0.0335195558641407 0.0391839097447687 0.0513550547567871
v 0.0340095028642331 0.0374950819648195 0.0425066857775962
v 0.0377233684237935 0.0357727672703223 0.042974665249684
v 0.0400962504586225 0.0345679343771365 0.0438017503178107
v 0.0373697725951926 0.037149688042371 0.0461625939716726
v 0.0353750161438626 0.0377155612836964 0.0485854288904862
v 0.0386333709102023 0.0360656420735383 0.0477776718604807
v 0.0393226665549783 0.0358531587987438 0.0498383778034719
v 0.0426329641737753 0.0336415619825259 0.0488549391329079
v 0.0253545208015604 0.0415066260197275 0.0579580432632941
v 0.0297173332009569 0.0409525505500509 0.0573076306956458
v 0.0292104238802442 0.0403570349635326 0.053769814815018
v 0.0335109048171628 0.03907125242958 0.0549719577843278
v 0.0288737018906704 0.0409342132700641 0.0606538452560906
v 0.0316193533537272 0.0399982821810134 0.05897878746097
v 0.0330180829179525 0.0399046509508343 0.064475807852053
v 0.0361315391028137 0.0382946163013935 0.0589717373603015
v 0.0328900879402259 0.0396973652915349 0.0610825303574675
v 0.0359543003621554 0.0379405552525761 0.0533914607563826
v 0.0399616675525441 0.0358517805954763 0.0539173578901447
v 0.0417540965696678 0.0351327542773537 0.0516490247695016
v 0.0372579820216424 0.038131624312692 0.0571022348752102
v 0.0398643814395421 0.0362238621136964 0.0582090197643318
v 0.0435558160441632 0.0337962877577064 0.0560864414759302
v 0.0431479727305874 0.0342709238064047 0.0596933043888959
v 0.0449808325675372 0.0334598126366619 0.0574018341927286
v 0.0408548631077509 0.0339494373670749 0.040136331013498
v 0.0426628157892296 0.0324682593613717 0.04184893805892
v 0.0476180613080526 0.0273826320241514 0.0377951880049328
v 0.049177592167326 0.0263603473613396 0.0400915271043208
v 0.0469420834283479 0.0293922910768605 0.0402146071201568
v 0.0488323126335627 0.0273446678908907 0.0427798791710229
v 0.0422342321813816 0.0335998536456513 0.0458323971388006
v 0.0451804891029043 0.0309588602378515 0.0431359827200853
v 0.0451082048548952 0.0319235151181114 0.0465278149341688
v 0.0479259901290505 0.0288991302870605 0.0463022361691195
v 0.0503512823458778 0.0272069312750515 0.0460033741617666
v 0.052028482010307 0.0238232020319766 0.0396389200270302
v 0.0517892913288729 0.0238956748146803 0.0417085469052897
v 0.0522615507966218 0.0225295011862795 0.0384854801325549
v 0.0540932227565478 0.0190864735740314 0.0383553870924987
v 0.0557528781200843 0.0173965746204702 0.039408377791639
v 0.0530873742036464 0.0218443019236555 0.0417938725624978
v 0.055287598523011 0.0184733596323975 0.0421818640898434
v 0.0514398639344883 0.0247384567906837 0.0442202873601418
v 0.0537184684396459 0.0224832867912269 0.0483098972291739
v 0.0536618307321474 0.0216566537435695 0.0440949133428251
v 0.0550321695709413 0.0196472773760384 0.0439050938497153
v 0.0552332501311995 0.0204901511875653 0.0454846028871749
v 0.0555899121395395 0.0194951946569826 0.0472466518414042
v 0.0439344912490779 0.0331759992793473 0.0533125390591626
v 0.047131138158921 0.0307499387778865 0.054768021631075
v 0.0482915526521333 0.0301729463502881 0.0516927365887034
v 0.0491850224624231 0.0284024989991425 0.0500902782683296
v 0.0466160624734308 0.0309321178075139 0.0504036228138167
v 0.0515059714306075 0.0256329060542013 0.0489152570399634
v 0.0451114684952523 0.0328205986641546 0.0596385251976001
v 0.0478624525730308 0.0302668610531195 0.0576397086199047
v 0.0499634350489365 0.0278712678144737 0.0539143994445877
v 0.0523006494702627 0.0251885103629784 0.0540666020989371
v 0.0510946317397292 0.0277728916838309 0.0573993543998121
v 0.0535947653385035 0.0240972645478069 0.0521271096070853
v 0.0548591423486711 0.0216554296803723 0.0545157551532574
v 0.0302050380921493 0.0414014461944633 0.0678713344353354
v 0.03632638501146 0.0383410627375015 0.0611011453101193
v 0.034894675204708 0.0396212419392951 0.0627813686049299
v 0.03907670184225 0.0370498823909482 0.0638117225347155
v 0.0336110290962876 0.0398126987426039 0.0702470835056684
v 0.0361032289282115 0.0386341639690197 0.0658492172786043
v 0.0379771155112602 0.0378488620017322 0.0698482692924291
v 0.0386902967849857 0.0380597318302991 0.0674147076094999
v 0.0450847018744355 0.0331044503649635 0.0642788503418783
v 0.0422784129237771 0.0357205955801304 0.0630443756076932
v 0.0433821238544321 0.0344474002905995 0.0659018350316005
v 0.0473230760791903 0.0312407684272882 0.0620174933798774
v 0.0404319880511569 0.036352323814592 0.0657334674716859
v 0.0408055046085612 0.0362491632610586 0.0687259923116083
v 0.0458073564833478 0.0333234374427572 0.0677517504644719
v 0.0444704399449709 0.0338728798366906 0.070521281836397
v 0.0347360684783368 0.0398878161051981 0.072886113230683
v 0.0355509846773868 0.0390785230559651 0.0763478430120853
v 0.0366033590073377 0.03859871475051 0.0737502116394854
v 0.0405664649097357 0.036551955343303 0.075184551078196
v 0.0421040536844693 0.0358287048423444 0.0723009601257086
v 0.0437311322895739 0.0345063660767445 0.0745906990295344
v 0.0423438619217198 0.0354061982982625 0.0780936670410277
v 0.0490854707828554 0.0302515253127039 0.0629339302277381
v 0.0492452679010102 0.0291077429027982 0.059471882492119
v 0.051480615286125 0.0267601757037687 0.0616272893403848
v 0.0476831687290375 0.0311536839787514 0.0649079057959682
v 0.0498158494083946 0.0289176144685935 0.0659591260343047
v 0.0570897265269153 0.0155900601096419 0.045073802919436
v 0.0559559582505262 0.0182129079490246 0.0449706562882914
v 0.0573451698722806 0.0161894474461126 0.0487840294281043
v 0.055767157741722 0.0196884005592033 0.0515710089200041
v 0.0578803223469452 0.0169286369190377 0.0517874110449983
v 0.0535720110012675 0.0238920064202217 0.0577502855693303
v 0.0568979481393986 0.0181660259197462 0.0543053662726093
v 0.0583998975666542 0.0147211900956808 0.0539632840566275
v 0.0560865890393824 0.0208213085375747 0.0573654486769516
v 0.0572592767884318 0.0181187468324731 0.0597274240035741
v 0.0330017266970521 0.0401385613967472 0.0787263675586724
v 0.0375243401960713 0.038186630625425 0.0803294002269768
v 0.0326430216717677 0.0402692467269803 0.0815159499960761
v 0.0395735231331989 0.0376692632750369 0.0788267821634678
v 0.0471119196164752 0.0316910739049498 0.0708335801488364
v 0.046293275519524 0.0324892074445839 0.075491924912405
v 0.0481041032483846 0.0309870680942719 0.0757709483328503
v 0.0464323083491253 0.0330541270493699 0.0788433471581843
v 0.0440235318501132 0.0342787321787552 0.0815047649253296
v 0.0492733971001526 0.029727755598098 0.0773145819529051
v 0.0525047021628918 0.0255191206648396 0.0602792700414318
v 0.0518446046536999 0.0276272181550598 0.0676415860192024
v 0.0531967317552434 0.0249526215283074 0.0653722431335287
v 0.052929173761288 0.0255524591847103 0.0702199226912462
v 0.0542375463149686 0.0241950667609109 0.0627835453813669
v 0.0553004609973232 0.0219589593655985 0.0650430823014404
v 0.0556321021749971 0.0209987091785621 0.0602535017773684
v 0.0585685550173088 0.0167903841037965 0.0628539009327726
v 0.058689163690243 0.0150089276922004 0.0604077995553584
v 0.0590319171336147 0.014708198486549 0.0651639852455011
v 0.0551035854764507 0.0225723704605983 0.0695301712757327
v 0.0566890439746957 0.0206996467317021 0.0677647453420759
v 0.0572169880169 0.018641052620241 0.0649666743204394
v 0.0577479413039474 0.0178998964386297 0.0698967975045863
v 0.0599875429375297 0.0134565832385386 0.0679215628482204
v 0.0490292800239451 0.0307009241292453 0.0735173322580552
v 0.05058713255694 0.0284413695499312 0.0738151201313318
v 0.0507224630041828 0.0281871246728975 0.0705864576887035
v 0.0545811180306188 0.0242215429855895 0.0731221803610008
v 0.0521416986718418 0.0274081690435451 0.0785427534742989
v 0.055459393383979 0.0221123211384974 0.0760089585726139
v 0.0526029367480242 0.026041369854018 0.0755612184929032
v 0.0569106893982013 0.0205686139655485 0.0785715589180279
v 0.0565323407697862 0.0201951873783684 0.071817489961554
v 0.0588924144802708 0.0156244114995879 0.0707068031756559
v 0.0575403484659783 0.0185867938633501 0.0759427387521543
v 0.0598929804192835 0.0128936952910766 0.0726376134257171
v 0.0588365292217665 0.0166623610130114 0.0731834747395694
v 0.0607310205552232 0.0106515231095584 0.0753504789782625
v 0.0616137687370507 0.00900513768507516 0.0732398963552954
v 0.0583784868243932 0.0167046374425125 0.0785110158798514
v 0.0594075287740711 0.0144729193243075 0.0758376987460663
v 0.0602722714530474 0.0130594877275119 0.0788145550606834
v 0.057155155181226 0.0137391537048722 0.0405304205145775
v 0.0581427636471026 0.0122371450674376 0.0430405578768463
v 0.0590397176870489 0.00958496083023748 0.0403204014438983
v 0.0588951214485524 0.00669487267043399 0.0379929462854876
v 0.0593671196961328 0.00737059572818059 0.0414676576000518
v 0.0585741880101435 0.013652146694635 0.0460403900663668
v 0.059194802068844 0.00983964890382816 0.0449026949990032
v 0.0591088201813945 0.0113653284196382 0.0473912176449454
v 0.0600883454902149 0.00429380523133098 0.0426360250849796
v 0.0605713689078523 0.000358221254813109 0.0432248773692669
v 0.0609245436344729 0.0051909372363457 0.0458848239648317
v 0.0610101675293608 0.00155963848857615 0.0474167582708698
v 0.0606063115964584 -0.00464233033750614 0.0426364802103316
v 0.0616352873329881 -0.00262555482510493 0.0462374751251183
v 0.061048675650861 -0.00578072306253352 0.0467195648707345
v 0.0614462268995105 -0.000969661679303764 0.0492491936701927
v 0.0588981946851561 0.0125570964455781 0.0501152966117429
v 0.0606992923782648 0.00926156039995211 0.0517514460365668
v 0.0603787695932287 0.0069465167213383 0.0482007137945868
v 0.0597286316452649 0.0113945582142319 0.0545559867442287
v 0.0596864168015881 0.0133564673134214 0.05723585088304
v 0.060986709550119 0.00503028996658589 0.0513478204447505
v 0.0619913681228306 0.00147801629301163 0.051618287703453
v 0.0609519144137518 0.00639019114471849 0.0531534217502875
v 0.0607605896070567 0.00758232052872952 0.0547950608080274
v 0.0616453738220819 0.00223282769105791 0.0551422934917899
v 0.0617828952793664 0.00544624836349042 0.0565837598920746
v 0.0611688645090977 0.00684690947807364 0.0589111482257801
v 0.0618164064481182 0.00268183069985092 0.0595883684518667
v 0.061802780043492 -0.000611563123584181 0.0547986405345238
v 0.0620406415407266 -0.000913531956794459 0.0593472515612568
v 0.0615275287016041 -0.00320998142071244 0.051354173845164
v 0.0608364907843806 -0.0106025430623235 0.0455346157293057
v 0.0595408009367127 -0.0118171950594343 0.0417685324390982
v 0.0596934497452547 -0.0138235994053152 0.0469226122830682
v 0.0609822249906695 -0.00861875339947594 0.0489243193728624
v 0.0605197741959752 -0.0118849035114129 0.0506434784003859
v 0.0585346711599369 -0.0186189057291986 0.0456280936068608
v 0.0572430633760971 -0.0208047083798127 0.0471403032930336
v 0.0591452055353876 -0.0163049946825926 0.0485992086516787
v 0.0586063220534942 -0.0176702004528148 0.0475073142050254
v 0.0558317131955064 -0.0237868129499505 0.049199005913086
v 0.0572700415326765 -0.0220064052085877 0.056735402594478
v 0.056173878708573 -0.0237275523642263 0.0529651739180579
v 0.0586729564106143 -0.0183320563686251 0.0521181196561087
v 0.0602663860296145 -0.0149664653225813 0.0513737145248237
v 0.0573262009343443 -0.0225730722030775 0.0515394333778747
v 0.0580308341045749 -0.0203994464767208 0.0541352436494817
v 0.0625301336772417 -0.0027716710496704 0.0573367915725836
v 0.0618772696727053 -0.00711007206872085 0.0519428903129307
v 0.0617845036694878 -0.00433195974668304 0.054832243025488
v 0.0613000669548595 -0.00923979607989432 0.0545201169831782
v 0.0615755151677318 -0.00778588674565877 0.05751943582085
v 0.0603720056551828 -0.0134212576725347 0.053714467620218
v 0.0614737623736513 -0.0112461641651769 0.057158358070729
v 0.0620834640487346 -0.00479869498788712 0.0580489035032136
v 0.0616273033202368 -0.00905280819511496 0.0599432725510736
v 0.0620018844908816 -0.00439897777803583 0.0600619012706739
v 0.0611202628002453 -0.0122847595099909 0.0637308692993336
v 0.0597076413813489 -0.0159975675992074 0.0561877196134147
v 0.0595975487918291 -0.0171090554812438 0.0590902026455534
v 0.0590954298264031 -0.0194461810388839 0.0570188110120143
v 0.0581102724800912 -0.0208969229126963 0.0594747801334691
v 0.0606964274166237 -0.0135079280914673 0.0597417727583121
v 0.0607229419829634 -0.0152909146035018 0.0622870479441135
v 0.058886438181732 -0.019023142345284 0.0622029062387969
v 0.059897582998018 -0.0167126773510206 0.0656918653570126
v 0.0600028055929209 0.0111744680538451 0.0594435622158881
v 0.0612208638625646 0.0084964643234667 0.062127124334645
v 0.061227587809368 0.00781550432400422 0.0652828859993124
v 0.0617194344946623 0.00459756780714223 0.0636275878979644
v 0.0626207161838443 0.000976285590295301 0.0622546418390315
v 0.0604767843500985 0.0107155429616716 0.065283731577907
v 0.0609050941577411 0.00953734243401868 0.070036620337224
v 0.0620789735632061 0.00287176955036851 0.0648621387721547
v 0.0622590521347855 0.00514542016881864 0.0679819123038678
v 0.0617962834354642 0.00560731608583389 0.0718080608735815
v 0.0616185106201198 0.00687196788140946 0.0769918876383966
v 0.0621515312623829 -0.0029262637222854 0.0627343112382682
v 0.0622998177935013 -0.000970191676830649 0.0650081474214319
v 0.0622820478612012 -0.00459404463995084 0.0650191274205706
v 0.0619018690906537 -0.00828993832920388 0.0657020585880571
v 0.0622812038163231 0.00104215614379034 0.0689104010700362
v 0.0628961591533282 -0.0033497844650854 0.0676016479256611
v 0.0623043909749657 -0.00627485317188724 0.0698766416591658
v 0.0618496390618833 -0.00941663993304511 0.0696026706882408
v 0.0624518602254936 -0.00675123526520015 0.0621607671400408
v 0.0617194288358502 -0.0121587500576454 0.0677231093603368
v 0.0611541108330222 -0.0130555364919997 0.0704295810776627
v 0.0608002641593074 -0.0156189886696695 0.0729690734375277
v 0.0623019394820083 0.00267683933116826 0.0750596119737623
v 0.0629093099507569 0.000661797534857104 0.0731827430503646
v 0.0624930753067372 -0.00152956732159098 0.0705512447892442
v 0.062438396656138 -0.00346651401515521 0.0732688190745478
v 0.0626197928576707 -0.00740944575334921 0.0726200723138591
v 0.0623600915007474 -0.006326094016229 0.075748427167409
v 0.0624305086125869 0.000777053047020711 0.0803285498153822
v 0.0623450481908902 0.00386595319760114 0.078493414218023
v 0.0625318510676226 -0.00141886926323117 0.0765784215078593
v 0.0630442318405181 -0.00354537213171744 0.0789652186110393
v 0.0624757985252427 -0.00318979091611604 0.0820886901734012
v 0.0618862670205686 -0.00969183843604795 0.075491983374902
v 0.0613027512915953 -0.0123983345808276 0.0753835318593054
v 0.0618984052540116 -0.0119110740160836 0.0789470044847025
v 0.0623080099863697 -0.00661511153313451 0.0809692864995547
v 0.0617753900915043 -0.0102579076926528 0.0812737123511476
v 0.03456967175782 0.0400814774872714 0.0837795260720009
v 0.0364629985574589 0.0387306950938505 0.0828081833122226
v 0.0334809718055706 0.0336580316999791 0.0872959409767597
v 0.0405766408662463 0.0365147218204683 0.0817333840372956
v 0.0364566744256048 0.0387176450934472 0.0871182256387726
v 0.0408505874531608 0.0364175823609228 0.0854589128114126
v 0.0393172400657802 0.0306459037959203 0.0886898060433547
v 0.0364442527402288 0.032291632149315 0.0882032148855228
v 0.0404490157298682 0.0294662528045287 0.083010831884
v 0.0399745331420439 0.0369879115214902 0.0922944489816422
v 0.0360642385023357 0.0333341605015415 0.0932396405212777
v 0.0428270398626517 0.0351123012456231 0.0869455858098036
v 0.039991733637663 0.0309063275308219 0.0925601450316625
v 0.0430760710306227 0.035507637940177 0.0841241930125651
v 0.0451368746049731 0.0334281058822661 0.0838735526633273
v 0.0445841345311289 0.0338644865931092 0.0859978761210597
v 0.042824018255202 0.0278350523810216 0.0870656070969165
v 0.0473248291085243 0.0316765700348001 0.0810972544594875
v 0.0502743751720071 0.0287656090960185 0.081367814849512
v 0.0477961638881911 0.031285021024545 0.0828803113624803
v 0.0463936477562225 0.0324810781308261 0.0919299947419405
v 0.0430339610056427 0.0350950037528021 0.100255579292052
v 0.0481687379934547 0.0308468096818306 0.0866826794302208
v 0.0489844276737658 0.0306623886768864 0.084480662839876
v 0.0501496998146827 0.0289177992959412 0.0878432895477779
v 0.0429615184584438 0.0284174064021196 0.0915631648603623
v 0.0463787605501252 0.0245595719805347 0.0879862727710582
v 0.0487858703125271 0.0223564823585172 0.0914724912869059
v 0.0500289463842574 0.0202520951586011 0.089834892531311
v 0.0467419300970887 0.0252924388282678 0.0935426063264092
v 0.0402114447391423 0.0368308169578093 0.100557299021682
v 0.0403428695452337 0.0358082460376397 0.102509207960335
v 0.0401681630724145 0.0366618402563152 0.1018112139969
v 0.03621531874661 0.0347185134409009 0.0994744153599163
v 0.038962367353546 0.0326886468021954 0.0973123432517245
v 0.0425536375112285 0.0304015377722142 0.0977691890645335
v 0.0389681688639703 0.0338015057255569 0.100840821151359
v 0.0413148209842107 0.0326235807542516 0.101419356913566
v 0.0461552247762173 0.0327008026442591 0.10027552813563
v 0.0517331027898058 0.0272089175203126 0.09325472504258
v 0.0487979256046562 0.0304044667045336 0.0981033507527564
v 0.0462654822816088 0.0274243035930477 0.0989340551640897
v 0.0492363194728761 0.0242880768678918 0.0993468586216397
v 0.0444154196595245 0.0298715487600935 0.100824456263097
v 0.0459008530347377 0.0291085859854969 0.101569937077906
v 0.0509408872448042 0.0283549277491449 0.0988681929171403
v 0.0502076579544674 0.0240400188661575 0.10109772686215
v 0.0516580792285663 0.0214618183654265 0.100157579979589
v 0.0529737968503232 0.0256273501264786 0.0821928501545407
v 0.0545266443665871 0.023475967476524 0.0798266478907497
v 0.0545218969801347 0.0241798320622733 0.0845381091650558
v 0.0564422142976559 0.0205043339383416 0.0824682459072967
v 0.0529597614324443 0.0256560221560403 0.0869851274889432
v 0.055079436237675 0.022774463814518 0.086760964253205
v 0.0510581094894107 0.0181084970756382 0.0859328048074923
v 0.0523435061120081 0.0156663238664851 0.0845376592489407
v 0.0483348258387951 0.0219570787805374 0.0851873859668615
v 0.0542029477245779 0.0238815542908985 0.0919990146345655
v 0.0562832041775088 0.0207237591961708 0.0916062540172937
v 0.0577721814382137 0.0179774909235842 0.0869047928017461
v 0.0537592478297771 0.0130421463164513 0.0889141365418351
v 0.0578230215886795 0.018015492680103 0.0828127210177386
v 0.0595398214748929 0.0142553170520462 0.081197122651145
v 0.058901884139801 0.0167433404828306 0.083799197314998
v 0.0606889310148952 0.0107541759713082 0.0818395983486885
v 0.0616983770787572 0.00889043043674053 0.0837695463279893
v 0.0588737422442993 0.0156995762272699 0.0866330078465666
v 0.0593568200998141 0.0143854943431322 0.0923556432682225
v 0.060111039974022 0.012391574885502 0.085714335503119
v 0.0613557896167178 0.00816001537545401 0.0866804351153245
v 0.0513171448619923 0.0201804469427972 0.0956279956133408
v 0.0532156289777212 0.0160101062064592 0.0936125203482171
v 0.0588487032546107 0.0159158767234144 0.0981419400611686
v 0.0545222994410778 0.0237832419350796 0.0988137105496796
v 0.052702451859066 0.0262333086570427 0.0995753913085718
v 0.0574158265999601 0.0189485611330534 0.0991631918946765
v 0.0537596244157253 0.017506935220245 0.099335865849775
v 0.0544967536437053 0.0178494676764984 0.101366619883527
v 0.0609235485266903 0.00988142811834281 0.0938286998982141
v 0.0551310711389157 0.00954013721595276 0.0899021897291434
v 0.0614703519796175 0.00769812970241614 0.0818960372494589
v 0.0545854857295029 0.0101763136328942 0.0862933994757886
v 0.0558149006873306 0.0059918631320599 0.0876328417357445
v 0.0560560647255132 0.00759616822067084 0.0923036973878687
v 0.0571113451553894 0.00328334639745869 0.0935669427676779
v 0.0568214326244013 0.00194581808330965 0.0908834179876191
v 0.0620942965088587 0.00410195951384416 0.0926241641092076
v 0.056204041396958 0.00257434803114793 0.0852841459966337
v 0.0563103536895466 -0.00499273262613306 0.0856500860764961
v 0.0566915512116472 -0.00252130262598996 0.0883905539771035
v 0.057193406781426 -0.0048914462736361 0.0926238757540288
v 0.0559076488199369 -0.0100542078296832 0.0888954104671515
v 0.0569992685254806 -0.00104225874708109 0.0910626357847468
v 0.0569217225328832 -0.00865226202169192 0.0936036946018675
v 0.0549259127026836 0.0122335754471576 0.0938418506417978
v 0.056718941731798 0.0101751307382764 0.0986381653174671
v 0.055766245544189 0.0140817072606281 0.100261591199773
v 0.0577301032282819 0.0063930210075922 0.0990149084324934
v 0.0624272915147902 0.00234833990919709 0.0981168620597759
v 0.0624512907549468 -5.50026088473826e-05 0.0927170030325423
v 0.0604599781351689 0.0117824448524507 0.0990991616640616
v 0.0615907962286311 0.00759398985629379 0.0982120585703518
v 0.0612376127397042 0.00879273880209606 0.0998709764180112
v 0.0582074906608121 0.00804024409490457 0.101344013084294
v 0.058358184179327 0.00274282200339842 0.0993339087940472
v 0.0620410720546574 0.0041519232605364 0.100146049355321
v 0.058545852364326 -0.00214198048610268 0.0989939014374755
v 0.0585297714501814 -0.00530913338416821 0.0995579031842668
v 0.0625950299934245 -0.00270016613938498 0.0980047852140823
v 0.062318390125938 -0.000219517613683889 0.100680685960162
v 0.058980265353071 -0.00203169992835145 0.100485541865448
v 0.0591685284141684 0.00136978384674202 0.101109013131089
v 0.0623060906077458 -0.00436578792807489 0.100936432329906
v 0.0580190508378783 -0.00965935649645935 0.0998011611666161
v 0.0590443918641014 -0.00612502325546611 0.101074315603479
v 0.0598841180546219 -0.00275837058270518 0.101910521078424
v 0.0608375093058942 -0.00241013853029382 0.102434889192823
v 0.061910968569575 -0.00362289375869488 0.101940424727216
v 0.0615053849233325 0.00256216931487069 0.1022141098333
v 0.0600415278363196 -0.00602939611059353 0.102128791880414
v 0.0613654437309387 -0.00611488398191237 0.102340950796892
v 0.0428490508939005 0.0334907025131606 0.102620178178544
v 0.0443202276530715 0.0338150210477978 0.101846604847004
v 0.0453192006162727 0.0326943614288407 0.102333692598453
v 0.0438992560966422 0.0320717213017037 0.1024384402044
v 0.0477858583167355 0.0310428742076353 0.101729926778659
v 0.0492304059423982 0.028977071279427 0.102331897422731
v 0.0482208345602769 0.0280690275142122 0.102293721080059
v 0.0507391229695221 0.0282722582428706 0.101248206503257
v 0.0524089140829419 0.0255070750203704 0.102283793867403
v 0.0517186188839482 0.0230036314580871 0.101835363166336
v 0.0532912069330485 0.0250611331764389 0.101490170054284
v 0.055611931732182 0.0217157946160563 0.101304222712844
v 0.0539774235075937 0.020614431360836 0.102262355063236
v 0.0530945924931786 0.0233667872553947 0.102559582467225
v 0.0551611252063565 0.0217732744194073 0.102061216070734
v 0.0558320527756849 0.0184544502095863 0.102474835883003
v 0.0573838587880048 0.0184991475252272 0.101286815166601
v 0.0582388065235149 0.0160301346302915 0.101911153834384
v 0.057335008226288 0.0169407139823591 0.102380680127344
v 0.0590428981737694 0.0151845049221815 0.100694486974996
v 0.0592763270796285 0.0103856317596328 0.102414781941031
v 0.0564876914859389 0.0151349599081011 0.102047982390358
v 0.0594548037556973 0.011926045611198 0.102276650607822
v 0.0605656195983252 0.0104071198186433 0.101383650035089
v 0.0590847078429832 0.00866957711708579 0.102296778702029
v 0.0608868197965734 0.00714800636130904 0.102089851585605
v 0.0604028618975759 0.00252485360878508 0.102276596612596
v 0.0617254434206684 0.00477724966863959 0.101342950103301
v 0.0628941202594397 0.000437906485705401 0.083638915228576
v 0.0618958903835952 0.00537036590654672 0.0849526537113422
v 0.0622661963837944 0.00282016849612429 0.0861192748530038
v 0.0624825784295582 0.000303677429751513 0.0865109651043488
v 0.062447088014921 -0.00379793454516911 0.092379199989003
v 0.0624713237877902 -0.00368929290151904 0.0854070782146871
v 0.0560264824818036 -0.00713158703546742 0.0842814406633945
v 0.0626198536850056 -0.00766627942246263 0.0838678243810546
v 0.0621658101573512 -0.00787036930076671 0.0865410272428606
v 0.0612575707666207 -0.0124797977961234 0.0845447161927696
v 0.0620540437454349 -0.00811187274129049 0.0920492458096488
v 0.0612568133882444 -0.0124158096255116 0.090606752733018
v 0.0618373299108898 -0.00999120983024395 0.0966888661256303
v 0.0623651112548279 -0.00634595661632498 0.0983069904344916
v 0.0617656260592708 -0.0074834718945562 0.101656946416931
v 0.0267937259255901 0.0367111490635224 0.0466421164594408
v 0.0232029641924711 0.0373233698982356 0.0484061224058979
v 0.0289999308787636 0.036059994418878 0.0476777479998993
v 0.0308217133367775 0.0354075355817601 0.0496937947734841
v 0.0326517949359811 0.0342396523652808 0.0414407082090474
v 0.0359683188257289 0.0331326887818861 0.0452192670088766
v 0.033706249548964 0.0344418387383222 0.0484427247012468
v 0.0335567955362956 0.0347064797038688 0.0525816339738192
v 0.0381062133965619 0.031743420938976 0.0434894052520716
v 0.0401934049680017 0.0301233257063035 0.0418497267199306
v 0.0265607526516353 0.0368181711411064 0.0554040311613375
v 0.0285385287459755 0.0362394044704353 0.0585506291487424
v 0.028936417372838 0.036335029594649 0.0561239289359192
v 0.03079859049929 0.0351666475797697 0.0617273435286424
v 0.0344591542242155 0.0342764826151064 0.0579183411948905
v 0.0325741020642902 0.0348416200911897 0.0594209344893452
v 0.0368882677566996 0.0332969613693126 0.052792716204147
v 0.0364123010612903 0.0331430723058814 0.0486102119849185
v 0.0397221844581261 0.031226795988301 0.0469915469264234
v 0.0404954841523198 0.0308013546594191 0.0523996588802121
v 0.0435390120376011 0.0276349739782205 0.0419419860556225
v 0.0461149239117755 0.0251076462465309 0.0415923367568264
v 0.0423212274838096 0.0292676139295922 0.0468785856562198
v 0.0491122319960378 0.0215793283932464 0.0424802987740494
v 0.0504052301212516 0.0195470030596617 0.0394865804977715
v 0.039846825577599 0.0312913510798969 0.0604286931509711
v 0.041387327836178 0.0298943733641633 0.0605354296369314
v 0.0418477378952979 0.0295847737644901 0.0550176827195434
v 0.0495736725688509 0.0213879447881598 0.0485710263366188
v 0.0509347858161287 0.0195823293773708 0.0443294889403161
v 0.0511833268365904 0.0191826332930071 0.0497944775510368
v 0.0529312942258514 0.014455021324761 0.045522747115359
v 0.0519970683297942 0.016940755129659 0.0425249525200774
v 0.0465058835657202 0.0254057982214717 0.0523606405072172
v 0.0442103427523223 0.0277841720965067 0.0514433794813835
v 0.0450431077074947 0.0263253111824409 0.057863047489145
v 0.0488245876721925 0.0226291878793724 0.053995469814017
v 0.0483085931873528 0.0233016088695692 0.0579744908268119
v 0.0525364780523946 0.0163463024664456 0.0561761730016149
v 0.0550147025881491 0.0118534711781743 0.0489701375752368
v 0.0514930091598341 0.0188180524791625 0.0579693701752992
v 0.050223068199694 0.0208354667730664 0.0588597007000693
v 0.0544304641186748 0.013349887095289 0.0564539667651597
v 0.0556705503108465 0.0105496775784064 0.0552755300865832
v 0.0339658523036954 0.0343511612637512 0.0633365167463811
v 0.0358406754394289 0.0334905271442985 0.0642439055061074
v 0.028852739316307 0.0360377736453167 0.0666641306463743
v 0.0332439312368519 0.0345288982733919 0.0676195025193303
v 0.0359581651015135 0.0331895216446821 0.0692822336835709
v 0.0437790497101924 0.0277313994384185 0.0628478962585194
v 0.0443839274482093 0.0277363675463646 0.0640965196363826
v 0.0389514501510732 0.0316355158884206 0.0629688442589116
v 0.0387530305138042 0.0317171030833421 0.0678848707099972
v 0.0414872882931348 0.0299378045993581 0.0645814686991346
v 0.0417513527291961 0.0294498203155506 0.0706898299444647
v 0.0451295078994986 0.0267051255936534 0.0692380463211393
v 0.0320274012481301 0.0342765879420488 0.0781141164243116
v 0.0348692136039983 0.0330120840354837 0.0781903617540962
v 0.0328469750224511 0.0337623876594305 0.0828186325579664
v 0.0387176666809279 0.0310067381972902 0.0762327266654154
v 0.0371025754668043 0.0316185318795914 0.0826180004417539
v 0.0431846027001633 0.0278538461278782 0.0750112112656962
v 0.0462383706348226 0.0250565718383178 0.0753871881538019
v 0.0441514347498441 0.0265783053592482 0.0802776939886076
v 0.0461210390189472 0.0245910242502436 0.081470798854452
v 0.0452369361901425 0.0265166824540359 0.0628003687380728
v 0.047886483285519 0.0238637333410732 0.0623980779098106
v 0.0503501460857012 0.0209074621462145 0.0653137551575585
v 0.0478170222330086 0.0242556740521414 0.0645310405145359
v 0.0489099180419945 0.0226404285861812 0.0684555284868147
v 0.0508130925288466 0.0198565824910966 0.0694667644486433
v 0.0525239563048754 0.0173932892882666 0.0660997059133921
v 0.0562412520021582 0.00829131911197011 0.0579177585398377
v 0.0561425856684087 0.00806691340811731 0.0675192382812012
v 0.0568169438069328 0.00535407200203827 0.0654824149939603
v 0.054713715272447 0.0125593662821037 0.0674854844060609
v 0.0567662235149793 0.00329691911172941 0.0718646212171747
v 0.0487599625394317 0.0215096000186377 0.0798329185181075
v 0.0515863868617299 0.0180736785573285 0.0733442875060114
v 0.0505561335334254 0.0189194182186859 0.0803127075315747
v 0.0526282851138562 0.015191798288187 0.080534069139697
v 0.053074478563048 0.0149262383818581 0.0748593284845403
v 0.0544788646558986 0.0118626613685783 0.0732539407895729
v 0.055300961741613 0.00835352498604769 0.077516849221146
v 0.0537646138020359 0.0123845387617905 0.0813842840118222
v 0.0565136211421787 0.000570110900958182 0.0793470446164485
v 0.0570179360939916 -0.000897739918028063 0.0736461875739087
v 0.0559584055078968 0.0048363873958275 0.0802420899812696
v 0.0551702296215115 0.00806161431870402 0.0830783767621325
v 0.0564022611459037 0.000727288988393823 0.0827309680439582
v 0.0566210507191827 -0.00392201421529972 0.0780002328829639
v 0.0543832078651415 0.00916127575228878 0.036571118614141
v 0.05464022820141 0.0101861308197134 0.0395616676029991
v 0.0552947672366914 0.0106355656921338 0.0447372398751441
v 0.0558590812612375 0.0084929763197534 0.0438756160098553
v 0.0564718486087992 0.00566382348668295 0.0439442748909685
v 0.057052475303261 0.00174310303979916 0.0429882945303099
v 0.0567539592057331 -0.00982982202422096 0.0504279347297614
v 0.0573987300609662 -0.00716063046092404 0.047723978015493
v 0.0553777697150047 -0.0138004121581988 0.0460843937920681
v 0.0547819271877171 -0.0155471983371105 0.0508779508127844
v 0.0546490867968987 -0.0174819818791015 0.0469708976373601
v 0.0575931523376819 -0.0049538674351862 0.0542108533303494
v 0.0571075826037843 -0.00826469916477237 0.056085597431667
v 0.0574348448095028 -0.00303589789582261 0.0573102713408503
v 0.0574236088596021 -0.00554730030858822 0.0598662575280006
v 0.0560804000828774 -0.0112806782504808 0.0575030643076415
v 0.057114644090895 -0.00817555805319439 0.0634013889059991
v 0.0559646468404226 -0.0113540603223633 0.0517203192558768
v 0.0542582154464711 -0.017748044250939 0.0539086075462992
v 0.0555459566067256 -0.0140335400646138 0.060711448009487
v 0.0556566250013715 -0.0140811895924195 0.0650149967421876
v 0.0525412374886337 -0.0211647871522937 0.0566666345524829
v 0.0574559536391142 0.00158332215636575 0.062359006759545
v 0.0578633417988945 -0.000948917841390725 0.0559739410004649
v 0.057528518668262 -0.00187333481565816 0.0604443589143855
v 0.0576000630018718 -0.000430182792588578 0.0637796651579231
v 0.0575121936875315 -0.00526205880289519 0.063428248274188
v 0.0574064883704486 -0.00255914831803141 0.0680996204707462
v 0.0571858000466446 -0.00699011132060179 0.0669990204808347
v 0.0565519658413429 -0.0109017725151621 0.0641689784437238
v 0.0561624932759172 -0.0118317441921818 0.0682385038595838
v 0.0564729088808037 -0.00642295379364932 0.0769237804589213
v 0.0561769963725564 -0.0100120076906119 0.0734077569134901
v 0.0551254176522693 -0.013504612888189 0.0750630056007132
v 0.0546798274070601 -0.0167547078103766 0.0667113049982559
v 0.0557679212757273 -0.00940856472295382 0.0807069075260567
v 0.054711682444648 -0.0134060231630604 0.0817670850987361
v 0.0550410757980609 -0.0122046573353272 0.0854324111790846
v 0.027544956940228 0.0366387455244175 0.0518738655037534
v 0.0452942498015957 0.0265990940268807 0.0457990326567225
v 0.0472256716658502 0.0245294033339905 0.0470388217817664
v 0.0481311036819627 0.0233473263671996 0.0446160631837622
v 0.0439515692112087 0.0281037462078029 0.0545181484816554
v 0.0539797374975933 0.0129557216563986 0.0430354028298079
v 0.0480353293202261 0.0240128108972237 0.0503127612426047
v 0.0557435603315307 0.010236924851199 0.0502364664017607
v 0.0570069096149542 -0.000147391681960453 0.0419446438489448
v 0.0571930112094641 -0.00444159080948036 0.044208244833442
v 0.0576517711282017 -0.00176700405467197 0.0475016385300477
v 0.0574214620751644 0.000842070073032438 0.0483265457890535
v 0.0573161219760281 0.00347372296931044 0.0502992937675357
v 0.0567530578761417 0.00669019791976484 0.0513120580421482
v 0.057213898463703 0.00415755578087041 0.0556770625927051
v 0.0575058298139307 0.00113511729393269 0.0532395802656022
v 0.0575593954903565 -0.00334339022079862 0.0517548679583891
v 0.057132845673211 -0.00880087966489266 0.0466846758967484
v 0.0565359699187997 -0.0108545118696212 0.0469742693005323
v 0.0530154368659621 -0.0211664455834189 0.0537886172544724
v 0.0128354688635976 -0.0465929650907151 0.0672327973536625
v 0.0210373474756646 -0.0466387461465938 0.0676025698469775
v 0.0158018570731764 -0.0463748885061448 0.0698146616823238
v 0.0191658346650915 -0.0463272021927638 0.0698772468260679
v 0.0168437182437204 -0.0468810778387556 0.0727425429545733
v 0.0202191383713501 -0.0463040269334181 0.0746253649807658
v 0.0264121137186599 -0.0454334376473568 0.0647388186948851
v 0.024170488988549 -0.0457869131061733 0.0668046940315846
v 0.0284325417240507 -0.0448523491995528 0.0622480426394052
v 0.0306114210559302 -0.0444158801655457 0.0645423502771168
v 0.0324667665964271 -0.0441503031657971 0.0621148282063487
v 0.0265320121913339 -0.0455020544255401 0.0679723048187658
v 0.0263109257320364 -0.0455641156087233 0.0707445937994379
v 0.023272647300548 -0.0460523240387237 0.0700867814301957
v 0.024892027801907 -0.0462925421489916 0.0729920887660855
v 0.0279702001436456 -0.0451776183793339 0.070002352865565
v 0.0288577051932534 -0.0454009694838764 0.0673907327890224
v 0.0328669527776787 -0.0436863490275503 0.0672815114931559
v 0.0301265431918111 -0.0448033017200234 0.0686473617502905
v 0.0309690883579611 -0.044451708024645 0.0701401326634274
v 0.0251429426275299 -0.045728918811827 0.0782298662954646
v 0.0228483742283045 -0.0461340812032591 0.0768050807682592
v 0.0277083389917174 -0.0453042454340335 0.0733495760340373
v 0.026558199243854 -0.0455954276631267 0.0758660927042133
v 0.0304442564814354 -0.0446282138743159 0.0766233644025621
v 0.0309398186380699 -0.0445123009753226 0.0736650943686429
v 0.0323642778857328 -0.0443609749851373 0.072830982809411
v 0.0363809516621083 -0.0424543486752793 0.072964713406064
v 0.0283160138233438 -0.0456722838788463 0.0786588557159851
v 0.0270277924365033 -0.045512812852951 0.0805435266239461
v 0.0261384803602314 -0.0456390253545566 0.0816442174619282
v 0.0275127098700799 -0.045299565389935 0.0817977685164458
v 0.0303586724224292 -0.0447103386753004 0.08010605304034
v 0.0353354058711749 -0.0429360165042926 0.0760143957894809
v 0.0330720402541227 -0.0437382427908771 0.0796941282377267
v 0.0468403978645809 -0.0275540862669218 0.0873959816839209
v 0.0449006271687574 -0.0300316516327808 0.0905374819253801
v 0.0483591756928716 -0.0259484822817444 0.0889870208686158
v 0.020727866540977 -0.0403918169771374 0.0844347560314012
v 0.0169806258568313 -0.0406120763989049 0.0862454360997521
v 0.0242208161297736 -0.0406573534113192 0.0918621603799375
v 0.0249811934468071 -0.0398785247243479 0.0861850420770645
v 0.0205209700572626 -0.0408589556556292 0.0901664241947795
v 0.0277825817094418 -0.0394330365942446 0.0890381779780293
v 0.03126481003258 -0.0385871257402539 0.0907087875661901
v 0.0308223457923512 -0.0382413682262807 0.0861858371295802
v 0.0307603695457805 -0.0445708752306242 0.0818024085886949
v 0.029695057635968 -0.044815256477731 0.0849070222636565
v 0.0264885862579165 -0.0455491790877429 0.0876762698184421
v 0.0322251447815028 -0.0441153515622602 0.086419190350092
v 0.0366090078645908 -0.0428441669633925 0.0788743604774926
v 0.0345269773076237 -0.0432570835749927 0.0818299800298322
v 0.0376563056128587 -0.0419281234938997 0.0814353704138668
v 0.0363222083117771 -0.0424851489647671 0.0853199709833506
v 0.0325160584937227 -0.0444121459908673 0.083826371737511
v 0.0307859237915705 -0.0444600848610602 0.0912582900814039
v 0.0356237875087427 -0.0427588236910302 0.0930329337111196
v 0.0398393563132301 -0.0413109367082123 0.0835803266279712
v 0.028266795991699 -0.0403818932200346 0.0952033772530696
v 0.0331057676716581 -0.0387472593415105 0.0952299110280978
v 0.0296875102026223 -0.0406106293982106 0.0984122240007712
v 0.033184472283184 -0.0396407349534743 0.0998017001776997
v 0.0356338789604339 -0.036284975316711 0.0876909407510066
v 0.0358665069370442 -0.0368823617403488 0.092071865750897
v 0.0395526212247575 -0.034160690798617 0.0892930689124974
v 0.0411178295806119 -0.0326706213138546 0.0844661596412921
v 0.0376341429247893 -0.0375342965497046 0.0996440743190246
v 0.0434564549906375 -0.0309143170369303 0.0872701615983327
v 0.0421227760482619 -0.0328818452102087 0.0924239619585353
v 0.0404206819754515 -0.0347287794545069 0.0948431164294269
v 0.0400621115634863 -0.0405539744996656 0.0928816843793402
v 0.0400955491779341 -0.0406392322361559 0.0866038968189996
v 0.0427815611732388 -0.0389329925679345 0.0921968167115046
v 0.0412812823323871 -0.039731528392174 0.0994628287948352
v 0.0433957152014953 -0.0384041592218072 0.0991161122847635
v 0.0369325590741018 -0.0419765751859596 0.0994411760882573
v -0.00693393570256356 -0.0397802991519736 0.0745301896948606
v -0.00368287461541364 -0.0412935140092306 0.075046770913867
v -0.00141714612675121 -0.0423977880641497 0.0762155138738124
v 0.000760095316631542 -0.0438569578285454 0.0732327180597536
v -0.00418669048398273 -0.0415057213784168 0.0793923505430471
v -0.00180461990872983 -0.0422148573619175 0.0803051634730336
v 0.00257818834390944 -0.043956258115577 0.0815772667236203
v 0.00276249656810509 -0.0441074389795445 0.0701900965636002
v 0.00259953002342143 -0.0440252256672663 0.0764368284469941
v 0.00884511849083746 -0.0461366481905574 0.0727899520829904
v 0.0125445980399214 -0.0461088939323592 0.0723399087998413
v 0.00668218711064215 -0.0451884536465804 0.0754163965195335
v 0.00455576955249918 -0.0448911469641834 0.079352757353976
v 0.00927553701587474 -0.045687791690455 0.0783827075651279
v -0.00173399186140584 -0.042201913205575 0.0828674494154614
v 0.000371363695262068 -0.0435133560027491 0.0836947340924684
v 0.000684261807650984 -0.0432206460999881 0.0861980253144942
v 0.00317207094160004 -0.0441024055546561 0.0850195935115073
v 0.00208806846232463 -0.0376947953603981 0.0874884622380058
v -0.000317110458145018 -0.0427232608316564 0.0936579025506928
v 0.00245090853541769 -0.0437933695873605 0.0946479053186295
v 0.00680850138886984 -0.0451927547302719 0.0805370182164932
v 0.00629812400551667 -0.0450590110805518 0.0850729980218932
v 0.00809330291771344 -0.0458388396419951 0.0836155607529348
v 0.00986379699659347 -0.0458024781776999 0.0815890341592075
v 0.0106763424372074 -0.0459392705756862 0.0806409876957401
v 0.0122040527209518 -0.0466768821577483 0.0785630212143819
v 0.0128526285833075 -0.0462562765879431 0.0804862618667687
v 0.0141146723368203 -0.0462687760613089 0.081709767976382
v 0.00681808797118884 -0.0450981876457753 0.0880636749865774
v 0.0131259608694503 -0.046208654235548 0.0854488938245182
v 0.0088323455467588 -0.0455659485286391 0.0868136718680835
v 0.0130654549929256 -0.046187188287271 0.0926573862956658
v 0.0114936105162968 -0.0460474292847592 0.075826547886283
v 0.0152276365308716 -0.0463476990196231 0.0748830370003454
v 0.0148495324454924 -0.0463263334476125 0.0786244764132796
v 0.0196718842970327 -0.046584028830365 0.0783835702288219
v 0.0163664872833638 -0.0468450442428555 0.083732383103492
v 0.0182230864820524 -0.0464258284648688 0.0812304248366779
v 0.0201223374314757 -0.0463081854379584 0.0838166631496991
v 0.0170011078353461 -0.0463870088398241 0.0866390309582848
v 0.0224923457045365 -0.0461673812246904 0.0811506996753068
v 0.024371673196768 -0.0463396799773506 0.0837550629113148
v 0.00157437232225622 -0.0381164334358952 0.0924262913090138
v 0.00591111301787792 -0.0391449799622461 0.0885118860634845
v 0.00621048008824457 -0.0399571855849218 0.093668317076539
v 0.00321009766102123 -0.0400988687527147 0.0991828842539936
v 0.00747277232967782 -0.0411427191157944 0.0978807656407456
v 0.00195839415492199 -0.0435022945178552 0.100344500384323
v 0.00528073370768869 -0.0446690535246454 0.0967377561317365
v 0.00679385285674682 -0.0448796709451078 0.101096281166559
v 0.0101145706473022 -0.0399901827639747 0.0868019135815149
v 0.0129626297580524 -0.0405018646847441 0.0882111441261891
v 0.0116760171647362 -0.0409172861536116 0.0922205008194196
v 0.00912746993907099 -0.0455712214471095 0.0962343577889999
v 0.0138051702311503 -0.0404326145053285 0.0834596607052354
v 0.0155869880731898 -0.0410086931058649 0.0907681882802923
v 0.0167963307730125 -0.0463171566414973 0.0978509910525813
v 0.0112571327605127 -0.0417157717349913 0.0968351852893809
v 0.0124322352049456 -0.0460105565453298 0.0997825728257577
v 0.0201049078131677 -0.0415859019390642 0.0946961306570006
v 0.00331080664492436 -0.0406523061532512 0.100875801289447
v 0.00285201168749491 -0.0414344828377853 0.10213117119142
v 0.00755447203610083 -0.0417682107437949 0.100479261831735
v 0.00940399103505636 -0.0428306989183347 0.101685685550838
v 0.0017332038520234 -0.0431456643637219 0.101902206649034
v 0.000474350939683359 -0.0419210043754146 0.102519274195461
v 0.00586952914721502 -0.0441711522837838 0.102290677137273
v 0.00732987203601401 -0.0437812410844405 0.102646061086656
v 0.011571385987314 -0.0423995568802794 0.100102091953657
v 0.015743138601912 -0.0423256326333574 0.0977998451816698
v 0.0133166111287594 -0.0436218438739367 0.101917309100499
v 0.0169150795420394 -0.0461962461262505 0.10084385300552
v 0.0130157096454902 -0.0458120688095186 0.101622297114142
v 0.0166312296213109 -0.0458780946426709 0.102079504101222
v 0.0195646720774051 -0.0445490771455887 0.102492736569599
v 0.0131531785588962 -0.0449670446611958 0.102529603793096
v 0.0211620653766892 -0.0451886315617991 0.102413540529436
v 0.0209811229821767 -0.042766714524495 0.100208906159859
v 0.0182693125526495 -0.0434243325046857 0.10143004041446
v 0.0103585212522102 -0.0451256024278239 0.10233500525852
v 0.0199258000357219 -0.0462945208275457 0.0920525147869933
v 0.0234600916397131 -0.0460522476957387 0.0865722448983649
v 0.0249312144577002 -0.0456852133211452 0.0994553205658863
v 0.0285309193596174 -0.0450081582075561 0.0964266914461089
v 0.0246594504647664 -0.0419147125441371 0.098893814294048
v 0.0210316650189768 -0.0461441749868472 0.0995709636603752
v 0.0246100870993674 -0.0428525944510543 0.101541857921279
v 0.0211452840027039 -0.0457903161628512 0.101694972180664
v 0.0286516443564922 -0.0419805711569874 0.101547749830648
v 0.0290162392133292 -0.04470665195524 0.100674772575982
v 0.0263854740307565 -0.0434377672683438 0.102320655119524
v 0.0323820478915115 -0.0438354729196877 0.099675862460757
v 0.0258670939495112 -0.0451748678217436 0.101732757024811
v 0.0283727473850635 -0.0442379432287687 0.102163793376366
v 0.0330884551710559 -0.0431996511838439 0.101738228580845
v 0.0437295568873592 -0.0381350380565328 0.0568199773816767
v 0.0410248925182385 -0.0395583967439818 0.057921411287352
v 0.0424907300313437 -0.0386973851722596 0.0604621506924239
v 0.047493032329285 -0.0348688769607873 0.0586235156722667
v 0.045215006319467 -0.0368472942345281 0.0595556683017656
v 0.0468794431500858 -0.0362139990244963 0.0620161358039794
v 0.0449900802533288 -0.0372808210274007 0.065115350187405
v 0.0523198070439767 -0.0299871654105869 0.0514598503347301
v 0.053647400955043 -0.0278658152691495 0.054371412230122
v 0.0540523901192464 -0.0268361882231545 0.051234488470165
v 0.050957180429822 -0.0311098300093673 0.0539309628033166
v 0.0555767080916862 -0.025045833873359 0.0560282841306667
v 0.0548163930785809 -0.0272942145483889 0.0571280016196739
v 0.0518704618988385 -0.030184651469476 0.0567869293170412
v 0.0531673354264869 -0.0287675763204386 0.057509949659853
v 0.053906675361983 -0.0279139564275356 0.0589247329154996
v 0.0489844904408368 -0.0330845758921201 0.0529740840308562
v 0.0502846976225545 -0.0328552314867552 0.0564433662939001
v 0.0504051109424825 -0.0320949393313886 0.0593865993648568
v 0.0471264520331152 -0.0355530633781214 0.065909871551099
v 0.0491006845969882 -0.0342373983087802 0.0672453637463051
v 0.0476661934569214 -0.0351818316631747 0.0700068677850477
v 0.055848909022433 -0.0248594768566187 0.0598233489698679
v 0.0548782468285704 -0.0266455755190905 0.0633717509439871
v 0.0535187792835838 -0.0284389235610192 0.0603829637793409
v 0.0528177467569782 -0.0302710692475071 0.0624356447131723
v 0.0574133458889447 -0.0232032623021051 0.0623063532553517
v 0.0567080495307557 -0.0238471986469067 0.0663217432308486
v 0.0585705472268364 -0.0201292990441707 0.0653882852381291
v 0.0527066715754384 -0.0297939844048169 0.065538968343016
v 0.055056182797818 -0.0274471239094686 0.0674878179116746
v 0.0506543712059429 -0.0321170245431606 0.0642689255474556
v 0.0538573572817038 -0.0285051591137118 0.0707975078752944
v 0.0516950308933174 -0.0311446845470911 0.0699691067766848
v 0.0361063296761725 -0.0423390616866266 0.0629092232316038
v 0.0343508487601948 -0.0431986259611563 0.0650615223858719
v 0.0376162338999295 -0.0414791828986436 0.0595815736695576
v 0.0368295987618662 -0.0426622995027495 0.0668238660030305
v 0.0389090269850587 -0.0411249763336578 0.0655871859172425
v 0.0398504297597561 -0.0409091424656985 0.0619253534860225
v 0.0418517202254422 -0.0393690946622426 0.0641309631413972
v 0.0367110012866037 -0.0422595355014235 0.0696223726164023
v 0.0438695572209826 -0.0386308832093022 0.0677041767878512
v 0.0414440789266369 -0.0397527288720199 0.0690658495812
v 0.0447897152400076 -0.0376206256825705 0.069565832030012
v 0.0403341621257432 -0.0408857660809231 0.0726920303597076
v 0.0423655779946417 -0.0392462976163931 0.0725005765217827
v 0.0417968548500786 -0.0396897028061562 0.0756944956868666
v 0.0446211219927893 -0.0377207092997443 0.0758942943378322
v 0.0469036074685241 -0.0359611393391953 0.0705317502900279
v 0.0447235003792167 -0.0376118513322301 0.0710164555600477
v 0.0469470546432953 -0.036418173220396 0.0726389756213882
v 0.0500094156541243 -0.0328709798975421 0.0710232340379247
v 0.0529043853908768 -0.0304198758951917 0.0728881023970635
v 0.0499525098426125 -0.0330403451359393 0.0742871321531548
v 0.0540722980569321 -0.0283002154073789 0.0760984075426978
v 0.0563197917957838 -0.0247064196811808 0.0753005968322367
v 0.0548657238152993 -0.0277221607343902 0.0794048037921966
v 0.051367992185666 -0.0315435480621369 0.0770513897371482
v 0.0493734968549906 -0.0342052523308881 0.0790979785972492
v 0.0585039984057907 -0.0209161986290493 0.0687240446296063
v 0.057707420291183 -0.0222088374396258 0.0705375944820719
v 0.0595450910059754 -0.0181019337796687 0.0701811218322544
v 0.0576008627237835 -0.0233895616607091 0.0728310980607524
v 0.0558612937066049 -0.0255220546884574 0.071265363459105
v 0.0587455840866111 -0.0198213976410263 0.0724889241528675
v 0.0568860183347838 -0.0237538068734957 0.0778266987098501
v 0.0602483339577473 -0.0160001044294608 0.0766141849340537
v 0.0606030915962279 -0.0150551781012144 0.0805442382730885
v 0.0585753265015835 -0.0204957505381092 0.0760100576030663
v 0.0592256641759844 -0.018956972520624 0.0813910818091226
v 0.0577034736027096 -0.0222716713339551 0.0815504546950884
v 0.0590371605415679 -0.0202927647870848 0.0788863051934951
v 0.0537628049201161 -0.0162602371094414 0.0871974171339301
v 0.0605806382419535 -0.0165756793158237 0.083504319670268
v 0.058177695090988 -0.0211468024012712 0.0849253334216497
v 0.0574470298871734 -0.0237422107895332 0.0835252207042836
v 0.0594008451623019 -0.0185128543924206 0.0862817248194992
v 0.0527756638600228 -0.0298275426603063 0.0802885481831334
v 0.0541909451782492 -0.028040080114471 0.0818201175433572
v 0.0508429048278097 -0.0322221937123162 0.0813836211199853
v 0.0492278669217829 -0.0337428000535094 0.0826887698266156
v 0.0522010741169779 -0.0312346492921411 0.0838371293581754
v 0.0533945808162819 -0.0291233279164489 0.0852791868657314
v 0.0560481644977849 -0.0252862281642899 0.0832846412536299
v 0.0549285417660836 -0.0268101214605669 0.0884801655794839
v 0.0566652650142237 -0.0240761264299614 0.086682742518182
v 0.052015163044512 -0.030739035784348 0.0869047381126784
v 0.0526778211514766 -0.0298764204640041 0.0926745107302551
v 0.0396499850881663 -0.040869124874522 0.0797460933084897
v 0.0433770771872584 -0.0391560870660217 0.0786738636166499
v 0.0451714795686554 -0.0372876159817929 0.0807431584126777
v 0.047119052856942 -0.0357251903262491 0.0760536153066303
v 0.0415754547784112 -0.039809716070898 0.0811449988532127
v 0.0438334142317632 -0.0382809856635319 0.0813098602224981
v 0.0451766365824382 -0.0375960364156016 0.083587615703056
v 0.0466496735882903 -0.0367669256537495 0.083548621448053
v 0.0420184786095265 -0.0394752496237248 0.0852087613378384
v 0.0443251199958505 -0.0379051340830981 0.0857733274753046
v 0.0477329743090842 -0.0352555928161917 0.080997205095787
v 0.0383771386805953 -0.0415956746295912 0.0770763201640205
v 0.0493034338410976 -0.0336056398043796 0.0862146903266385
v 0.0461520346431848 -0.0365062732178532 0.0864651690510795
v 0.0457479508117973 -0.0366849447236727 0.0984448960295517
v 0.0486981017271777 -0.0342437685628003 0.0921275157301311
v 0.0559667786641493 -0.0123345811092001 0.0931284131456053
v 0.057151015117234 -0.0129880811615888 0.09972110630651
v 0.0589131472150541 -0.0099184482898198 0.101677787847414
v 0.0579492185869128 -0.0138462407085148 0.101712705204389
v 0.0332508913156541 -0.0403424861339375 0.101404132864046
v 0.0468102108014914 -0.029231888555352 0.0947927738387242
v 0.04982791830212 -0.0257633987172359 0.0952155730799472
v 0.0449820025833519 -0.0319930560257092 0.098269309627416
v 0.0425027638765669 -0.034376624646033 0.0993585042971616
v 0.0505927076645627 -0.0262613664557443 0.0998399529291679
v 0.051661652031662 -0.0256166239893104 0.10114911439207
v 0.0488121054751068 -0.0299819902823325 0.101739964578838
v 0.0453363529884692 -0.0327503478847585 0.100392642503083
v 0.0431338660260773 -0.0355211016518445 0.101942848156743
v 0.0456765082317239 -0.0342909603296522 0.102164493263854
v 0.0472402488588752 -0.0303277069221295 0.0996643052512916
v 0.0399384862311829 -0.0368594255881784 0.101332461338179
v 0.0376102050818672 -0.0414173141041156 0.101287812295731
v 0.0366759020571723 -0.0395134938083498 0.102136555131106
v 0.031412125900217 -0.0422232524583539 0.102415850913787
v 0.0341795441358209 -0.0420697983206468 0.102422843770758
v 0.0396444775360673 -0.0386923002473304 0.102511372404297
v 0.0388405722508968 -0.040266716709017 0.102189320481275
v 0.0411360580695313 -0.0394065468300081 0.101635409104711
v 0.0442084402709682 -0.0368059390646889 0.1023567897722
v 0.0456875604515654 -0.0363887773059477 0.101022552489439
v 0.0498094145181449 -0.0302564512879888 0.102466175170096
v 0.0547015140484231 -0.014653436861169 0.0898138183348069
v 0.0526768794900422 -0.0191066114791352 0.0891572065117255
v 0.0541275470908838 -0.0192283044828383 0.0966941152673614
v 0.0603645312443086 -0.0156644020617758 0.0865346465114201
v 0.0585929329801494 -0.0201971163429194 0.0931329304017866
v 0.0603556482270821 -0.0156061441912123 0.0934445899606444
v 0.0559680204880893 -0.015206864809175 0.0974734611727303
v 0.051449353670658 -0.0225619475460091 0.0928870478690036
v 0.0567257949011193 -0.0238436222136311 0.0926991487416486
v 0.0547832209797014 -0.0269458327079641 0.0986938413094397
v 0.0530360789784533 -0.0227771135367573 0.100215345952214
v 0.0581940472760747 -0.020967934780911 0.0996880992819963
v 0.0565586449962057 -0.0241040961396038 0.0975986490947614
v 0.061041870132275 -0.01338273327761 0.0990636728142413
v 0.0618921056294162 -0.00907887691166131 0.0999955499205499
v 0.0597891889086027 -0.0171788192029711 0.0999319505444451
v 0.0561338470110165 -0.0170658033660561 0.100771973200355
v 0.060417984453215 -0.0143704475100435 0.101211753139525
v 0.0615374936359401 -0.00944698135390898 0.10130386619049
v 0.0595167009503636 -0.012280898218038 0.102483036431824
v 0.0604103211103171 -0.0124878456985213 0.102167962759596
v 0.0588858012100443 -0.0188179018828795 0.101321524914143
v 0.0556416813326253 -0.0202301694096026 0.101938835971026
v 0.0572602281551885 -0.0220826271618775 0.101526582806783
v 0.0539577892384565 -0.0234878820238041 0.102119974209545
v 0.0531949823507462 -0.0287868037112165 0.100748237069493
v 0.0559372172101636 -0.024648436230103 0.101073230496247
v 0.0560676435004848 -0.0222648939795006 0.102462535146794
v 0.0552009787512435 -0.0247543596870052 0.102351654612229
v 0.053129408787172 -0.0265169171478052 0.102516927092621
v 0.0577644243758585 -0.0197624625253633 0.102346945377717
v 0.0511397524215417 -0.0316424332885109 0.0980988966750117
v 0.0480032679106193 -0.0347617161186974 0.0983348472884558
v 0.0495164729817988 -0.0330881263492383 0.100776611122535
v 0.0472449987889943 -0.0346072266899371 0.101950001378622
v 0.0528653059724922 -0.0286869067069206 0.10192447986477
v 0.0504040207009207 -0.0310699276735903 0.102342239583559
v 0.000301641612168229 -0.0370160278538494 0.0777031698955466
v -0.00240861033314656 -0.0356611745435835 0.0769355197981953
v 0.00414373957044174 -0.0386212814483862 0.0779245961369471
v 0.00655249429505795 -0.0400290961087004 0.0696289901925671
v 0.010568215709912 -0.0406294928324779 0.07336552439582
v 0.0129910678036896 -0.0413450500413338 0.0687983804547481
v 0.00769260123912741 -0.0396185760524743 0.0783395265164026
v 0.0101752499429618 -0.039951593279248 0.0815713376771593
v 0.0130077704473574 -0.040617841599973 0.0778575313515412
v 0.015857631380193 -0.0413545396885195 0.0718471636097545
v 0.0172687842895899 -0.0410144749315742 0.0756034838160449
v 0.0181054727740458 -0.0416256767987118 0.0680079099234739
v 0.0186779092318347 -0.0418044017580945 0.0621797116020096
v 0.0207101555328074 -0.04123735472424 0.0708344926684495
v 0.0239135720325571 -0.0411754667873016 0.0654867506026481
v 0.0270974203080389 -0.0404436428430065 0.0666243879532277
v 0.0320852202547572 -0.0388852078635968 0.0667510094297605
v 0.0348549573638481 -0.0378267403215233 0.0655577262959831
v 0.0361922909956593 -0.0370847098431717 0.0616086394010922
v 0.020421468643042 -0.0407073749900792 0.0773904013398407
v 0.0249909208682056 -0.0400147946434112 0.0783423429848809
v 0.0181431348076013 -0.0406470865951286 0.0812799408298015
v 0.0237152721137055 -0.0400559096156924 0.0818957594320557
v 0.0291369997055381 -0.0389960841926018 0.0785049509766153
v 0.033858806047756 -0.0375681309186711 0.0744819849740396
v 0.0322100256711325 -0.0378679732446907 0.0793144581987603
v 0.0359198619410892 -0.0370806088931065 0.0691022984543812
v 0.0374232293241129 -0.0356966975267239 0.0748827484829092
v 0.0394114042777712 -0.0348993083267522 0.0707035220426053
v 0.0467413532009505 -0.0274816342898516 0.0830131112245283
v 0.0441658466337902 -0.0301618190247002 0.0820968120910934
v 0.0276262456533051 -0.0392610622439983 0.0827169103204382
v 0.0395493254266664 -0.0340213078689931 0.0792926988858697
v 0.0434462221438686 -0.0314892149088422 0.0750155378083658
v 0.0425151105217124 -0.0317927123744235 0.0790586776573803
v 0.0340595367710391 -0.0369421544707526 0.0822610957880594
v 0.0377553764906607 -0.0349346570818381 0.0835780512605939
v -0.00113323895913008 -0.0360345988842629 0.0839842210776074
v 0.00254824644722 -0.0377717811553704 0.0821856227558342
v 0.00603481236437674 -0.0389916615393495 0.0829035887776683
v 0.0467398261779848 -0.0292371300986076 0.0547902627918475
v 0.044861273860109 -0.0314258024088562 0.0542664565642271
v 0.0390608674907111 -0.0356778408309506 0.0638123891339219
v 0.0445624665966062 -0.031505970997891 0.06067794282101
v 0.0410249731183272 -0.0343901977957529 0.0634812329084175
v 0.047838429600048 -0.0279621041985337 0.0595409811749536
v 0.0512783986496174 -0.0239629139524337 0.0570252664921107
v 0.052216446847955 -0.0217303028248327 0.0607194119751785
v 0.0510459034618138 -0.0238645978031392 0.0605619923610434
v 0.049753103813808 -0.0251395311485911 0.0608394773218047
v 0.0490153770454541 -0.0269059669580516 0.0568595313252697
v 0.0506631647497463 -0.0244709275822193 0.0644880004236797
v 0.0524341105037431 -0.0214898308589044 0.066620438488682
v 0.0490680116780951 -0.0267629543387961 0.0632595519003879
v 0.0505390883546732 -0.0242824762960968 0.0684517447336874
v 0.0437254475299301 -0.0322941083013591 0.0631094377177849
v 0.0463016651650892 -0.0299513590379045 0.0630692892124247
v 0.0452153169786373 -0.0307410890182847 0.066794492232535
v 0.0423191489903859 -0.033129730349427 0.067927057920317
v 0.0478596228598761 -0.0278214684138056 0.068007526490266
v 0.045528408759998 -0.0292996166723657 0.0763355965634213
v 0.0533429504268777 -0.0177917281386971 0.0769292099572346
v 0.051940738414999 -0.0211560663607372 0.0736406759630867
v 0.0499143923840659 -0.0238433897324089 0.0767731051101746
v 0.0515632362960571 -0.0209405454880294 0.0792049716121416
v 0.0476524716460503 -0.0267833226617322 0.0775678016284474
v 0.0491963187899881 -0.024372661614881 0.0833432374961991
v 0.0532978843325764 -0.0170863031718397 0.0828079065819567
v 0.051923657560254 -0.0199555086818191 0.0838719335471462
v 0.0507412785670741 -0.0221674101844035 0.0864339617365377
v 0.0485978875890357 -0.0275067477238701 0.0518082099648096
v 0.0510060330934902 -0.0245740278746464 0.0538783714379665
f 3 1 2
f 4 2 5
f 2 4 3
f 6 7 1132
f 8 9 10
f 11 12 13
f 14 13 12
f 11 13 15
f 13 547 15
f 16 11 15
f 17 12 11
f 16 18 17
f 12 19 584
f 22 584 19
f 11 16 17
f 17 19 12
f 20 18 16
f 19 18 21
f 83 18 20
f 23 595 22
f 17 18 19
f 22 19 21
f 24 15 547
f 15 24 27
f 28 15 27
f 27 24 26
f 27 26 25
f 29 27 25
f 28 16 15
f 33 28 27
f 30 33 29
f 27 29 33
f 32 30 29
f 31 29 25
f 29 31 32
f 32 34 30
f 30 34 121
f 16 28 20
f 35 20 28
f 35 28 33
f 30 35 33
f 36 20 35
f 37 35 30
f 37 30 121
f 37 121 38
f 121 34 39
f 41 42 43
f 41 45 46
f 47 43 42
f 42 41 46
f 48 49 50
f 53 52 51
f 54 41 55
f 55 43 51
f 51 43 53
f 43 55 41
f 51 52 49
f 6 49 52
f 7 52 56
f 7 6 52
f 51 49 55
f 49 48 55
f 54 55 48
f 54 45 41
f 54 57 45
f 54 48 57
f 58 57 48
f 48 50 58
f 50 59 58
f 60 61 62
f 64 65 60
f 62 63 60
f 66 61 45
f 67 66 58
f 59 67 58
f 67 59 69
f 74 67 69
f 68 66 67
f 70 73 223
f 71 225 73
f 66 68 72
f 62 61 72
f 66 72 61
f 62 72 70
f 63 62 70
f 73 70 72
f 68 74 73
f 73 72 68
f 68 67 74
f 75 46 65
f 46 45 76
f 76 45 61
f 65 46 76
f 75 1 44
f 46 44 42
f 46 75 44
f 65 2 75
f 75 2 1
f 5 2 65
f 65 64 5
f 61 60 76
f 65 76 60
f 66 57 58
f 45 57 66
f 327 77 78
f 327 334 77
f 79 111 80
f 21 81 23
f 81 82 23
f 81 21 83
f 84 85 595
f 84 595 23
f 84 88 86
f 23 22 21
f 82 84 23
f 88 84 82
f 80 87 79
f 88 102 86
f 617 86 102
f 90 89 50
f 89 90 91
f 91 90 92
f 6 90 49
f 9 90 6
f 9 6 1132
f 50 49 90
f 92 9 8
f 9 92 90
f 59 50 89
f 93 89 91
f 91 92 93
f 93 92 94
f 93 111 89
f 111 93 80
f 8 95 92
f 95 8 96
f 94 92 95
f 96 97 95
f 96 98 97
f 95 97 94
f 97 99 94
f 99 87 80
f 87 99 102
f 99 97 100
f 87 102 88
f 102 99 101
f 101 103 102
f 100 101 99
f 100 104 101
f 104 103 101
f 98 100 97
f 98 105 100
f 36 106 83
f 69 59 109
f 59 89 109
f 69 109 110
f 114 69 110
f 112 109 111
f 79 112 111
f 112 79 106
f 89 111 109
f 110 109 112
f 108 110 112
f 73 74 71
f 71 74 114
f 71 114 115
f 115 114 116
f 113 114 110
f 110 108 113
f 116 119 243
f 114 113 116
f 116 113 119
f 69 114 74
f 20 36 83
f 107 36 35
f 107 35 37
f 37 38 107
f 87 106 79
f 117 107 38
f 4 5 122
f 4 122 123
f 128 123 122
f 125 126 124
f 4 124 3
f 124 127 3
f 126 127 124
f 123 124 4
f 125 124 123
f 128 137 123
f 123 130 132
f 129 132 130
f 137 130 123
f 125 123 132
f 131 126 125
f 132 131 125
f 133 138 235
f 135 138 133
f 134 135 133
f 135 239 136
f 239 135 134
f 137 235 138
f 137 138 130
f 138 129 130
f 135 139 138
f 135 145 139
f 139 129 138
f 129 140 141
f 129 141 132
f 142 132 141
f 139 140 129
f 1367 141 140
f 1367 142 141
f 136 145 135
f 143 139 145
f 144 145 136
f 144 143 145
f 139 143 140
f 143 1367 140
f 146 1367 143
f 146 143 154
f 136 239 147
f 148 147 239
f 150 147 149
f 149 147 148
f 149 151 150
f 151 149 152
f 151 152 162
f 160 151 162
f 144 147 153
f 158 153 147
f 147 144 136
f 158 147 150
f 153 154 144
f 154 143 144
f 154 153 155
f 154 155 1368
f 158 155 153
f 156 157 155
f 158 160 159
f 158 150 160
f 160 150 151
f 156 155 158
f 157 156 1416
f 159 156 158
f 159 1416 156
f 161 162 152
f 163 162 161
f 161 312 163
f 163 164 162
f 164 163 166
f 165 163 312
f 165 166 163
f 169 160 168
f 160 162 168
f 164 168 162
f 164 169 168
f 169 159 160
f 169 1416 159
f 172 1416 169
f 170 172 169
f 170 169 171
f 173 172 170
f 169 167 171
f 174 171 167
f 175 171 174
f 167 169 164
f 167 164 166
f 171 173 170
f 173 171 175
f 175 176 173
f 172 173 1431
f 1431 173 176
f 177 178 180
f 238 187 244
f 179 180 181
f 181 180 178
f 188 183 185
f 186 187 179
f 188 187 186
f 188 186 181
f 183 188 181
f 186 179 181
f 189 188 185
f 194 178 192
f 194 192 193
f 194 193 197
f 195 178 194
f 191 197 193
f 197 191 196
f 196 191 190
f 197 199 198
f 194 197 195
f 199 197 196
f 178 195 182
f 182 181 178
f 203 182 200
f 183 182 203
f 200 182 195
f 198 200 195
f 195 197 198
f 201 200 198
f 201 198 202
f 183 203 184
f 184 185 183
f 184 203 204
f 203 200 204
f 204 200 201
f 201 205 206
f 207 204 206
f 206 204 201
f 182 183 181
f 205 202 208
f 202 198 199
f 199 208 202
f 201 202 205
f 205 209 206
f 209 205 210
f 206 209 207
f 215 63 70
f 64 60 215
f 214 64 215
f 215 60 63
f 215 216 218
f 219 218 216
f 216 215 70
f 216 70 217
f 218 214 215
f 221 220 219
f 128 222 137
f 213 212 214
f 222 213 214
f 214 218 222
f 235 218 220
f 222 235 137
f 235 222 218
f 217 219 216
f 220 218 219
f 217 223 224
f 225 223 73
f 224 223 225
f 177 224 226
f 224 225 226
f 225 227 226
f 217 70 223
f 177 228 224
f 228 177 229
f 228 217 224
f 228 219 217
f 179 229 180
f 219 228 229
f 230 219 229
f 192 177 226
f 177 192 178
f 229 177 180
f 212 64 214
f 64 212 5
f 122 5 212
f 128 122 212
f 212 213 128
f 222 128 213
f 233 220 221
f 221 219 230
f 221 230 231
f 232 221 231
f 233 221 234
f 235 220 233
f 233 236 235
f 133 235 236
f 134 133 236
f 237 236 233
f 237 233 234
f 237 234 303
f 187 232 179
f 234 221 232
f 232 238 234
f 303 234 238
f 238 232 187
f 236 237 134
f 239 134 303
f 303 134 237
f 230 229 231
f 179 231 229
f 232 231 179
f 227 115 240
f 227 240 241
f 242 240 115
f 116 242 115
f 227 225 71
f 227 71 115
f 241 240 193
f 226 227 241
f 241 192 226
f 192 241 193
f 242 193 240
f 242 191 193
f 116 243 242
f 243 191 242
f 191 243 190
f 243 119 118
f 245 238 244
f 245 244 253
f 247 245 253
f 247 246 245
f 307 246 247
f 248 247 253
f 189 185 250
f 252 244 188
f 244 187 188
f 249 253 252
f 249 252 188
f 253 244 252
f 249 188 189
f 249 189 254
f 251 254 189
f 249 254 255
f 251 256 254
f 254 262 255
f 262 254 256
f 249 255 253
f 255 248 253
f 258 308 247
f 257 247 248
f 258 247 257
f 260 257 259
f 260 258 257
f 2545 258 260
f 2545 260 259
f 311 258 2545
f 261 255 262
f 263 261 262
f 263 267 261
f 264 262 256
f 263 262 264
f 265 267 263
f 264 265 263
f 264 266 265
f 248 255 261
f 257 248 261
f 259 261 268
f 268 2553 259
f 268 261 267
f 268 267 269
f 269 267 265
f 269 265 270
f 266 270 265
f 2538 269 270
f 259 257 261
f 290 282 272
f 272 273 290
f 272 284 274
f 273 272 274
f 274 275 273
f 274 276 277
f 278 274 277
f 277 988 278
f 274 278 275
f 279 275 278
f 185 184 250
f 184 204 281
f 250 184 281
f 250 280 251
f 280 250 281
f 282 251 280
f 251 189 250
f 211 207 209
f 207 211 281
f 207 281 204
f 211 271 281
f 281 271 280
f 256 251 282
f 280 271 282
f 283 256 282
f 272 271 284
f 282 271 272
f 209 276 211
f 276 284 211
f 209 210 276
f 211 284 271
f 274 284 276
f 276 210 285
f 282 286 283
f 286 287 266
f 287 286 288
f 290 286 282
f 288 286 290
f 289 288 290
f 287 270 266
f 287 2539 270
f 2539 287 292
f 2538 270 2539
f 288 292 287
f 292 288 289
f 290 291 289
f 293 292 289
f 290 273 291
f 291 273 294
f 294 273 275
f 291 294 297
f 291 297 295
f 275 279 294
f 297 294 279
f 291 299 289
f 299 291 295
f 299 295 298
f 293 289 299
f 295 297 296
f 296 301 298
f 295 296 298
f 299 298 300
f 300 298 301
f 264 256 283
f 266 264 283
f 266 283 286
f 304 302 303
f 306 148 302
f 306 302 304
f 238 245 303
f 304 303 245
f 148 239 302
f 302 239 303
f 307 304 246
f 305 304 307
f 149 148 306
f 305 306 304
f 308 307 247
f 308 305 307
f 152 306 305
f 245 246 304
f 306 152 149
f 152 305 161
f 309 305 308
f 161 305 309
f 310 308 258
f 310 309 308
f 161 309 312
f 311 312 310
f 311 310 258
f 310 312 309
f 313 312 311
f 312 313 165
f 83 21 18
f 39 120 121
f 40 120 39
f 314 315 316
f 317 316 348
f 318 322 319
f 320 318 319
f 321 322 325
f 324 322 321
f 323 319 324
f 324 321 77
f 324 77 331
f 318 325 322
f 322 324 319
f 78 326 327
f 328 326 78
f 366 327 326
f 326 329 330
f 77 321 78
f 332 331 334
f 331 77 334
f 333 327 366
f 334 327 333
f 335 334 333
f 336 334 335
f 325 337 321
f 337 328 78
f 314 328 337
f 338 314 337
f 325 435 337
f 314 329 328
f 329 314 316
f 316 317 329
f 329 326 328
f 337 78 321
f 106 87 81
f 81 87 82
f 82 87 88
f 341 343 339
f 340 339 343
f 93 94 99
f 93 99 80
f 103 617 102
f 342 343 341
f 342 1667 343
f 1667 342 344
f 107 112 36
f 36 112 106
f 108 112 107
f 108 119 113
f 119 108 117
f 346 347 317
f 317 348 346
f 349 350 347
f 351 350 349
f 346 349 347
f 81 83 106
f 121 120 38
f 117 108 107
f 352 117 38
f 117 353 119
f 353 117 352
f 352 38 120
f 118 119 353
f 354 120 40
f 352 120 354
f 354 355 352
f 355 354 359
f 353 352 355
f 355 356 353
f 367 351 357
f 349 357 351
f 354 358 359
f 359 865 355
f 357 360 367
f 361 362 330
f 326 362 366
f 330 362 326
f 339 362 363
f 341 363 364
f 350 361 347
f 350 365 361
f 363 361 365
f 362 361 363
f 365 364 363
f 339 333 366
f 340 333 339
f 335 333 340
f 339 366 362
f 339 363 341
f 317 330 329
f 330 317 347
f 361 330 347
f 365 350 351
f 351 367 365
f 364 365 368
f 368 365 367
f 367 369 368
f 368 369 345
f 364 342 341
f 364 368 342
f 368 345 342
f 370 345 369
f 345 344 342
f 871 344 345
f 370 871 345
f 360 369 367
f 375 371 372
f 373 371 375
f 374 373 375
f 374 375 376
f 378 377 382
f 377 374 376
f 376 382 377
f 379 382 376
f 380 382 379
f 378 382 381
f 379 383 380
f 381 382 380
f 383 384 380
f 384 388 380
f 388 381 380
f 381 386 387
f 388 386 381
f 390 388 384
f 391 386 390
f 390 386 388
f 386 389 387
f 392 387 389
f 393 392 389
f 389 386 394
f 386 391 394
f 394 393 389
f 2813 394 391
f 395 396 397
f 401 398 399
f 196 398 400
f 190 398 196
f 400 199 196
f 401 400 398
f 199 400 402
f 402 400 401
f 401 399 403
f 404 401 403
f 405 404 922
f 407 406 402
f 401 404 402
f 402 404 407
f 404 405 407
f 396 408 409
f 410 411 409
f 411 412 409
f 413 411 410
f 414 415 926
f 402 208 199
f 416 464 417
f 413 416 412
f 402 406 208
f 407 414 406
f 407 415 414
f 208 406 420
f 420 406 414
f 464 416 418
f 418 416 419
f 210 205 208
f 210 208 420
f 421 420 414
f 421 414 926
f 421 210 420
f 412 411 413
f 423 424 425
f 426 423 425
f 427 426 425
f 428 338 435
f 429 338 428
f 314 338 315
f 315 338 429
f 430 316 315
f 430 315 429
f 431 430 429
f 431 429 432
f 433 431 432
f 428 434 429
f 428 424 423
f 434 428 423
f 426 434 423
f 434 432 429
f 435 325 436
f 436 424 435
f 436 325 318
f 436 318 438
f 437 438 318
f 320 437 318
f 371 438 437
f 424 438 440
f 439 424 440
f 428 435 424
f 424 436 438
f 439 425 424
f 371 373 438
f 440 438 373
f 435 338 337
f 439 427 425
f 378 441 442
f 427 442 443
f 443 442 441
f 432 434 444
f 433 432 444
f 445 431 433
f 433 397 445
f 444 434 426
f 444 426 427
f 444 427 446
f 397 433 447
f 447 433 444
f 397 447 448
f 447 444 446
f 396 445 397
f 395 397 448
f 440 449 439
f 449 440 373
f 377 449 373
f 442 427 439
f 442 439 449
f 377 373 374
f 450 348 430
f 450 451 348
f 451 450 452
f 452 346 451
f 452 456 346
f 430 348 316
f 456 349 346
f 348 451 346
f 450 430 431
f 450 431 453
f 454 452 450
f 454 450 453
f 454 417 452
f 243 455 190
f 118 455 243
f 455 118 353
f 455 353 356
f 455 398 190
f 399 455 459
f 398 455 399
f 417 456 452
f 457 460 456
f 455 356 459
f 356 458 459
f 356 355 865
f 399 459 403
f 459 458 403
f 404 403 922
f 403 458 922
f 349 456 357
f 357 456 460
f 360 357 460
f 462 360 460
f 460 461 462
f 417 457 456
f 416 417 454
f 464 457 417
f 461 460 457
f 463 462 461
f 461 457 464
f 453 431 445
f 409 412 453
f 453 445 396
f 409 453 396
f 412 454 453
f 412 416 454
f 461 464 463
f 465 395 448
f 466 465 448
f 467 468 502
f 468 469 470
f 472 278 988
f 278 472 279
f 465 396 395
f 473 396 465
f 474 473 475
f 475 473 465
f 476 409 408
f 476 410 409
f 477 410 476
f 421 285 210
f 277 276 285
f 277 285 988
f 478 422 413
f 479 480 481
f 479 482 480
f 483 446 484
f 485 483 484
f 486 441 487
f 488 486 487
f 486 443 441
f 486 484 443
f 485 484 486
f 485 486 488
f 489 483 485
f 490 488 385
f 491 485 488
f 448 447 446
f 492 493 448
f 492 448 446
f 494 493 492
f 487 441 378
f 378 381 487
f 385 487 381
f 385 488 487
f 490 491 488
f 385 495 490
f 490 495 496
f 497 490 496
f 491 490 497
f 498 2879 496
f 392 498 499
f 497 496 2879
f 392 499 387
f 381 387 385
f 416 413 422
f 416 422 419
f 443 446 427
f 377 442 449
f 378 442 377
f 466 448 493
f 465 466 500
f 468 501 502
f 470 494 501
f 501 468 470
f 503 466 493
f 504 500 466
f 503 493 494
f 470 503 494
f 505 503 470
f 466 503 504
f 506 504 503
f 503 505 506
f 471 505 470
f 471 470 469
f 408 396 473
f 474 476 473
f 473 476 408
f 509 476 474
f 509 477 476
f 507 474 475
f 474 507 509
f 508 509 507
f 500 475 465
f 507 475 500
f 510 511 478
f 477 413 410
f 413 477 478
f 422 511 419
f 478 477 512
f 511 422 478
f 512 477 509
f 480 512 509
f 512 513 478
f 512 480 513
f 513 510 478
f 514 507 500
f 519 507 514
f 519 508 507
f 520 508 519
f 500 504 514
f 515 506 505
f 514 504 516
f 517 516 504
f 518 519 516
f 516 519 514
f 481 509 508
f 481 480 509
f 481 508 520
f 521 481 520
f 481 521 479
f 484 446 443
f 489 501 483
f 502 501 489
f 491 489 485
f 494 492 483
f 501 494 483
f 492 446 483
f 497 489 491
f 522 497 2879
f 523 467 522
f 523 522 524
f 524 522 2879
f 495 498 496
f 495 499 498
f 525 498 392
f 502 522 467
f 499 495 385
f 499 385 387
f 489 497 502
f 502 497 522
f 526 527 578
f 526 528 529
f 526 578 528
f 528 531 530
f 532 545 533
f 534 532 535
f 536 532 533
f 537 538 533
f 538 537 539
f 539 537 540
f 543 544 534
f 544 541 545
f 542 541 544
f 529 541 542
f 546 547 548
f 548 547 549
f 527 550 549
f 550 548 549
f 526 550 527
f 548 550 544
f 548 544 543
f 548 543 546
f 543 556 546
f 24 547 546
f 26 24 546
f 552 26 546
f 551 26 552
f 553 551 552
f 554 551 553
f 542 550 526
f 526 529 542
f 542 544 550
f 558 555 556
f 532 534 545
f 545 541 559
f 556 543 534
f 534 544 545
f 556 534 557
f 558 556 557
f 552 546 556
f 556 555 552
f 555 553 552
f 555 853 553
f 529 560 541
f 541 560 559
f 561 560 562
f 561 562 567
f 562 529 530
f 529 562 560
f 562 530 563
f 530 529 528
f 530 590 563
f 565 563 590
f 567 562 563
f 565 567 563
f 567 565 568
f 566 565 564
f 566 568 565
f 566 564 592
f 545 559 533
f 559 560 561
f 537 559 561
f 537 533 559
f 537 561 540
f 567 540 561
f 540 567 569
f 568 569 567
f 566 592 570
f 570 592 573
f 570 573 574
f 574 573 572
f 575 574 572
f 576 572 571
f 681 568 566
f 549 577 527
f 527 577 578
f 579 14 577
f 549 547 13
f 13 579 549
f 577 549 579
f 578 577 580
f 580 577 14
f 580 582 581
f 581 528 578
f 581 531 528
f 581 578 580
f 583 580 14
f 584 14 12
f 583 14 584
f 584 585 583
f 586 582 583
f 582 580 583
f 579 13 14
f 589 582 587
f 589 581 582
f 530 531 590
f 589 531 581
f 531 589 590
f 591 590 589
f 592 590 591
f 591 609 592
f 587 591 589
f 588 591 587
f 593 591 588
f 611 609 593
f 591 593 609
f 585 586 583
f 594 586 585
f 22 585 584
f 595 585 22
f 582 586 587
f 587 596 588
f 586 594 597
f 586 597 587
f 597 596 587
f 600 588 596
f 611 598 599
f 603 599 598
f 585 595 594
f 615 597 594
f 85 594 595
f 601 596 597
f 600 596 601
f 600 601 602
f 600 602 598
f 604 598 602
f 603 598 604
f 605 603 604
f 605 861 603
f 593 588 600
f 598 593 600
f 611 593 598
f 551 25 26
f 551 31 25
f 551 554 31
f 554 32 31
f 613 34 32
f 606 613 554
f 554 613 32
f 608 607 606
f 611 610 609
f 610 611 612
f 571 610 612
f 564 565 590
f 592 564 590
f 573 592 609
f 573 609 610
f 611 599 860
f 860 599 608
f 572 610 571
f 572 573 610
f 613 861 614
f 613 614 39
f 861 613 607
f 861 599 603
f 861 607 599
f 607 613 606
f 615 594 85
f 616 601 615
f 86 85 84
f 86 615 85
f 616 615 86
f 602 618 604
f 618 626 604
f 616 602 601
f 626 605 604
f 616 86 617
f 616 619 602
f 618 602 619
f 619 616 617
f 103 619 617
f 619 103 631
f 104 631 103
f 104 100 620
f 105 98 621
f 105 621 622
f 622 623 105
f 620 100 105
f 620 105 623
f 623 624 620
f 625 623 622
f 619 630 618
f 626 618 630
f 626 630 627
f 631 104 633
f 632 630 631
f 633 632 631
f 620 633 104
f 633 620 624
f 634 624 635
f 625 624 623
f 637 624 625
f 624 637 636
f 636 635 624
f 866 634 635
f 866 635 638
f 640 638 635
f 866 628 629
f 628 866 638
f 637 639 636
f 635 636 640
f 636 639 640
f 641 628 638
f 641 638 640
f 628 641 642
f 645 642 641
f 643 641 640
f 643 640 639
f 643 639 1979
f 644 643 1979
f 645 641 643
f 644 645 643
f 759 645 644
f 646 644 1979
f 647 759 644
f 644 646 647
f 648 558 557
f 649 535 532
f 535 557 534
f 535 650 557
f 649 650 535
f 557 650 648
f 648 650 653
f 649 532 536
f 538 536 533
f 654 536 538
f 655 539 540
f 655 540 569
f 654 538 539
f 539 655 656
f 539 656 654
f 656 655 659
f 666 657 656
f 666 656 667
f 649 536 658
f 658 536 657
f 658 650 649
f 653 650 658
f 657 536 654
f 654 656 657
f 667 656 659
f 558 660 555
f 558 648 660
f 651 660 648
f 576 575 572
f 661 575 576
f 688 661 662
f 662 663 688
f 664 653 658
f 673 653 664
f 664 658 657
f 665 664 657
f 665 657 666
f 671 653 673
f 668 666 667
f 669 666 668
f 689 668 667
f 671 648 653
f 670 648 671
f 670 671 672
f 673 664 665
f 701 671 673
f 665 666 669
f 674 665 669
f 665 674 673
f 655 569 676
f 675 655 676
f 677 659 675
f 659 655 675
f 676 678 675
f 678 676 679
f 678 677 675
f 678 679 680
f 691 677 678
f 676 569 681
f 681 569 568
f 681 566 570
f 570 682 681
f 682 570 574
f 574 683 682
f 679 676 681
f 682 679 681
f 684 683 575
f 661 684 575
f 683 574 575
f 685 679 682
f 688 684 661
f 687 684 688
f 683 684 687
f 685 680 679
f 682 683 686
f 685 682 686
f 687 686 683
f 689 667 659
f 659 677 689
f 691 678 680
f 690 689 677
f 690 677 691
f 668 689 692
f 692 689 690
f 692 690 693
f 693 690 723
f 691 723 690
f 695 694 680
f 723 691 680
f 696 723 680
f 697 695 698
f 697 694 695
f 696 680 694
f 695 680 685
f 695 685 686
f 687 699 686
f 698 695 686
f 698 686 699
f 699 700 698
f 674 701 673
f 702 703 701
f 706 671 701
f 706 672 671
f 672 706 899
f 701 703 706
f 702 701 674
f 702 674 669
f 692 669 668
f 704 669 692
f 669 704 702
f 705 704 692
f 706 711 899
f 702 704 707
f 708 704 705
f 703 702 707
f 709 703 707
f 709 706 703
f 707 704 708
f 708 705 710
f 706 712 711
f 712 706 709
f 713 709 707
f 714 707 708
f 713 707 714
f 714 708 727
f 712 709 713
f 715 714 727
f 713 714 719
f 714 715 719
f 716 711 712
f 716 712 717
f 2884 718 716
f 717 2884 716
f 719 712 713
f 719 717 712
f 720 717 719
f 715 720 719
f 715 737 720
f 705 692 721
f 721 692 693
f 693 722 721
f 724 694 697
f 725 693 723
f 725 723 696
f 722 693 725
f 725 696 726
f 726 696 694
f 721 710 705
f 710 721 722
f 710 722 727
f 725 728 722
f 728 725 726
f 726 694 724
f 729 727 722
f 729 722 728
f 730 728 726
f 730 726 724
f 697 698 731
f 733 724 697
f 733 697 731
f 733 731 732
f 741 733 732
f 733 741 742
f 733 742 724
f 710 727 708
f 734 715 727
f 728 735 729
f 730 735 728
f 724 742 730
f 734 727 729
f 736 735 730
f 737 715 734
f 737 734 738
f 734 729 739
f 739 729 735
f 734 739 738
f 740 738 739
f 736 739 735
f 730 742 736
f 744 742 741
f 743 739 736
f 740 739 743
f 736 742 745
f 743 736 745
f 745 742 744
f 740 743 2903
f 743 745 2903
f 744 917 747
f 746 744 747
f 628 948 629
f 628 748 948
f 749 748 750
f 749 750 755
f 749 753 748
f 749 755 757
f 751 749 757
f 753 749 751
f 751 752 753
f 752 751 754
f 628 642 750
f 748 628 750
f 750 642 755
f 756 642 645
f 755 642 756
f 757 755 756
f 757 756 758
f 756 645 759
f 758 756 760
f 770 757 758
f 770 751 757
f 752 761 762
f 763 752 764
f 763 761 752
f 752 754 764
f 765 940 761
f 765 761 763
f 767 940 765
f 759 647 768
f 760 756 759
f 759 768 760
f 769 760 768
f 754 751 770
f 770 772 779
f 758 760 770
f 760 769 770
f 769 768 771
f 2047 769 771
f 770 769 772
f 772 769 773
f 769 2047 773
f 774 754 770
f 764 754 774
f 775 763 764
f 778 764 774
f 764 778 776
f 763 766 765
f 775 766 763
f 766 809 765
f 809 766 775
f 777 809 775
f 776 775 764
f 776 777 775
f 812 776 813
f 780 779 772
f 774 770 779
f 778 774 779
f 781 778 779
f 780 781 779
f 780 772 773
f 773 2047 782
f 780 773 782
f 781 780 783
f 782 783 780
f 788 783 782
f 788 782 784
f 776 778 781
f 781 785 776
f 776 785 813
f 786 785 781
f 785 786 821
f 781 783 786
f 783 788 786
f 786 788 787
f 472 790 789
f 279 472 789
f 279 789 1009
f 296 297 791
f 297 279 791
f 793 296 791
f 301 296 793
f 791 792 793
f 301 793 2933
f 793 794 2933
f 795 1004 1006
f 941 767 796
f 1001 941 796
f 798 1001 797
f 797 799 798
f 798 800 1005
f 800 798 799
f 1035 800 804
f 804 800 801
f 800 799 801
f 805 804 801
f 801 799 803
f 802 805 801
f 802 801 803
f 806 805 802
f 802 803 806
f 807 805 806
f 806 803 836
f 806 836 808
f 807 806 808
f 796 767 765
f 796 765 809
f 809 777 810
f 1001 796 797
f 797 796 809
f 811 797 809
f 811 809 810
f 777 776 812
f 777 812 810
f 811 810 812
f 814 811 812
f 814 812 813
f 814 813 815
f 799 797 811
f 799 811 816
f 816 811 817
f 811 814 818
f 817 811 818
f 818 814 815
f 818 815 819
f 820 815 813
f 820 813 785
f 820 785 821
f 820 821 822
f 815 820 822
f 821 786 787
f 823 821 787
f 824 823 787
f 822 821 823
f 829 823 824
f 822 825 815
f 825 822 827
f 815 825 819
f 825 833 819
f 827 826 825
f 833 825 826
f 826 827 828
f 822 823 829
f 827 822 829
f 827 829 830
f 828 827 830
f 803 799 816
f 831 803 816
f 831 816 817
f 831 817 818
f 834 831 818
f 832 803 831
f 818 819 834
f 834 819 833
f 832 831 834
f 836 803 832
f 837 836 832
f 838 808 836
f 836 837 838
f 838 837 839
f 832 834 837
f 837 834 835
f 835 839 837
f 839 835 840
f 840 3007 839
f 833 826 841
f 841 842 833
f 842 834 833
f 843 841 826
f 826 828 843
f 830 844 828
f 828 844 843
f 845 844 830
f 851 844 845
f 835 834 842
f 835 842 846
f 842 841 846
f 840 835 846
f 848 840 846
f 849 840 848
f 850 848 846
f 841 843 846
f 843 847 846
f 851 847 843
f 843 844 851
f 850 846 847
f 3072 850 847
f 851 852 847
f 555 880 853
f 553 854 859
f 553 853 854
f 855 854 853
f 855 858 854
f 856 857 858
f 884 858 855
f 858 884 856
f 571 857 856
f 615 601 597
f 859 857 608
f 554 859 606
f 606 859 608
f 553 859 554
f 854 857 859
f 857 854 858
f 612 860 608
f 612 611 860
f 612 857 571
f 608 857 612
f 34 613 39
f 608 599 607
f 862 861 863
f 614 40 39
f 40 614 862
f 861 862 614
f 605 626 863
f 605 863 861
f 862 354 40
f 862 358 354
f 862 863 358
f 358 863 627
f 627 863 626
f 359 358 627
f 359 627 632
f 632 627 630
f 359 632 864
f 865 359 864
f 866 867 864
f 864 867 865
f 867 943 865
f 867 629 943
f 629 868 943
f 629 867 866
f 631 630 619
f 634 633 624
f 633 864 632
f 864 633 634
f 370 369 869
f 634 866 864
f 873 870 872
f 370 870 871
f 370 872 870
f 870 873 874
f 874 873 875
f 369 360 869
f 869 872 370
f 876 869 360
f 872 869 876
f 878 873 872
f 872 877 878
f 670 651 648
f 670 652 651
f 888 882 652
f 888 652 670
f 880 555 660
f 660 652 880
f 880 881 853
f 881 855 853
f 883 855 881
f 652 660 651
f 652 882 880
f 880 882 881
f 883 885 884
f 576 856 884
f 884 855 883
f 885 576 884
f 576 571 856
f 662 576 885
f 662 661 576
f 882 886 881
f 886 883 881
f 885 883 887
f 890 882 888
f 882 890 886
f 886 887 883
f 887 886 890
f 887 662 885
f 663 662 887
f 889 888 670
f 889 890 888
f 672 889 670
f 891 890 889
f 892 889 672
f 890 891 895
f 889 892 891
f 902 891 892
f 893 891 902
f 890 895 887
f 688 663 894
f 895 894 663
f 896 894 895
f 896 895 893
f 893 895 891
f 903 897 893
f 699 687 688
f 699 688 894
f 898 699 894
f 700 699 898
f 896 898 894
f 672 899 892
f 899 901 892
f 901 902 892
f 900 901 899
f 903 893 902
f 904 903 902
f 711 900 899
f 902 901 904
f 905 916 904
f 905 901 900
f 905 904 901
f 904 916 915
f 907 900 711
f 907 711 716
f 907 906 900
f 906 905 900
f 908 906 907
f 907 716 718
f 907 718 908
f 909 905 906
f 909 916 905
f 910 908 718
f 908 909 906
f 910 909 908
f 909 910 911
f 920 909 911
f 920 919 909
f 896 897 898
f 731 698 700
f 897 912 898
f 898 912 700
f 912 731 700
f 903 913 897
f 912 897 913
f 731 912 732
f 732 912 913
f 915 903 904
f 915 913 903
f 914 732 913
f 741 732 914
f 914 913 915
f 917 914 915
f 918 915 916
f 918 916 909
f 915 918 917
f 914 744 741
f 914 917 744
f 918 909 919
f 747 918 919
f 1034 919 920
f 921 747 919
f 919 1034 921
f 918 747 917
f 923 405 922
f 923 922 944
f 925 405 923
f 925 923 924
f 405 415 407
f 415 405 925
f 925 926 415
f 927 926 925
f 925 924 928
f 929 928 924
f 935 928 929
f 927 925 928
f 927 928 935
f 930 926 931
f 421 926 930
f 931 937 930
f 933 418 419
f 926 927 931
f 931 927 936
f 936 927 935
f 937 931 936
f 939 935 938
f 939 936 935
f 940 1000 939
f 1000 937 936
f 936 939 1000
f 941 1000 940
f 356 865 458
f 458 865 943
f 943 942 458
f 943 868 942
f 458 942 944
f 922 458 944
f 945 942 868
f 945 868 949
f 944 942 945
f 462 876 360
f 946 462 952
f 946 876 462
f 946 947 876
f 868 629 948
f 949 868 948
f 947 950 876
f 952 462 463
f 951 952 463
f 944 924 923
f 953 946 952
f 955 944 945
f 955 924 944
f 954 955 945
f 949 954 945
f 956 955 954
f 929 924 955
f 929 955 956
f 953 947 946
f 948 748 949
f 753 954 949
f 956 954 753
f 753 762 956
f 762 753 752
f 753 949 748
f 971 957 950
f 957 958 950
f 950 958 959
f 960 959 958
f 950 961 876
f 877 872 961
f 962 878 877
f 959 961 950
f 961 959 963
f 963 877 961
f 964 879 962
f 965 964 962
f 968 966 964
f 963 959 965
f 959 960 965
f 967 968 965
f 967 981 968
f 953 952 951
f 418 463 464
f 463 418 934
f 953 971 947
f 970 953 951
f 970 971 953
f 947 971 950
f 932 972 951
f 970 951 972
f 929 956 973
f 973 938 929
f 938 935 929
f 973 762 974
f 956 762 973
f 938 973 974
f 975 938 974
f 938 975 939
f 939 975 940
f 974 762 761
f 975 761 940
f 975 974 761
f 976 977 978
f 977 979 958
f 979 984 958
f 977 976 979
f 958 980 960
f 986 980 958
f 984 986 958
f 969 968 981
f 982 2346 981
f 983 2346 982
f 984 979 985
f 985 986 984
f 987 986 985
f 986 987 1063
f 1010 789 790
f 989 285 930
f 285 421 930
f 988 285 989
f 989 930 990
f 937 990 930
f 988 989 790
f 790 989 990
f 933 419 511
f 934 933 1067
f 511 991 933
f 790 472 988
f 510 513 1021
f 990 993 790
f 993 990 994
f 1010 790 992
f 992 790 993
f 992 993 1003
f 995 996 997
f 990 937 998
f 994 990 998
f 998 999 994
f 998 937 1000
f 998 1000 999
f 1001 1000 941
f 767 941 940
f 999 1000 1001
f 1002 999 1001
f 999 1004 994
f 1004 993 994
f 993 1004 1003
f 999 1002 1004
f 1005 1004 1002
f 1004 1005 1006
f 1007 995 1008
f 1007 1062 995
f 1008 995 997
f 1005 1002 1001
f 1001 798 1005
f 1009 789 1010
f 791 279 1009
f 791 1009 792
f 1009 1010 1011
f 1011 1010 1012
f 992 1012 1010
f 1012 992 1015
f 1011 792 1009
f 1011 1012 1013
f 1013 1012 1015
f 792 1011 1013
f 792 794 793
f 1014 794 792
f 1014 792 1013
f 1015 992 1017
f 1013 1015 1016
f 1016 1015 1017
f 1017 1018 1016
f 1014 1013 1016
f 1014 1016 1019
f 1019 1016 1018
f 1018 1020 3153
f 513 480 482
f 482 1021 513
f 1021 482 997
f 482 1022 997
f 479 1023 482
f 479 521 1024
f 1023 479 1024
f 1017 992 1003
f 1003 1004 795
f 1017 1003 795
f 1017 795 1025
f 1025 795 1006
f 1026 997 1027
f 997 1026 1008
f 1007 1026 1028
f 1029 1028 1026
f 1022 1027 997
f 1022 1030 1027
f 1017 1025 1018
f 1025 1006 1031
f 1025 1020 1018
f 1026 1027 1032
f 1032 1033 1026
f 3163 747 921
f 1006 1005 1035
f 1006 1035 1031
f 1031 1035 804
f 1005 800 1035
f 1036 1031 804
f 1020 1025 1031
f 2974 1020 1036
f 1020 1031 1036
f 1036 804 805
f 805 1037 1036
f 1033 1038 1029
f 1038 1039 1029
f 978 1062 1007
f 976 978 1007
f 1007 1028 976
f 987 985 1040
f 1041 1040 985
f 1042 1040 1043
f 1043 1040 1041
f 1044 1043 1041
f 976 1028 1039
f 1029 1039 1028
f 1039 1045 976
f 1046 1045 1039
f 1041 1045 1046
f 1046 1047 1041
f 1048 1041 1047
f 3168 1046 1039
f 3168 1047 1046
f 3168 1049 1047
f 1050 1048 1047
f 1051 1044 1041
f 1048 1051 1041
f 1052 1051 1048
f 1052 1053 1051
f 1057 1053 1052
f 1054 1057 1055
f 1056 1057 1052
f 1048 1058 1052
f 1058 1048 1050
f 1056 1052 1058
f 1055 1057 1059
f 1060 1059 1057
f 1056 1060 1057
f 887 895 663
f 896 893 897
f 934 932 951
f 961 872 876
f 962 877 963
f 965 962 963
f 879 878 962
f 967 965 960
f 968 964 965
f 463 934 951
f 1061 972 932
f 972 1061 1062
f 977 957 971
f 958 957 977
f 972 978 970
f 978 971 970
f 977 971 978
f 980 967 960
f 986 967 980
f 969 981 2346
f 967 986 981
f 1063 982 981
f 986 1063 981
f 1064 982 1063
f 1064 1063 987
f 1064 983 982
f 1065 983 1064
f 1066 1065 1064
f 418 933 934
f 933 991 1068
f 932 934 1067
f 1061 932 1067
f 1067 1062 1061
f 1068 1067 933
f 511 510 991
f 991 510 1068
f 1068 510 1021
f 1068 996 1067
f 996 995 1067
f 1068 1021 996
f 1021 997 996
f 995 1062 1067
f 1007 1008 1026
f 1029 1026 1033
f 1062 978 972
f 1045 979 976
f 1045 985 979
f 1066 1064 987
f 1066 987 1040
f 1040 1042 1066
f 1069 1066 1042
f 1065 1066 1069
f 1043 1069 1042
f 1044 1069 1043
f 1070 1065 1069
f 1065 1070 1054
f 1070 1069 1044
f 1041 985 1045
f 1044 1051 1053
f 1044 1053 1070
f 1053 1057 1070
f 1070 1057 1054
f 1074 1075 1173
f 1173 1075 1081
f 1072 1076 1071
f 1072 1 1077
f 1076 1072 1077
f 1076 1077 1078
f 1078 1084 1076
f 1084 1079 1076
f 1079 1073 1071
f 1076 1079 1071
f 1079 1080 1073
f 1080 1074 1073
f 1082 1078 127
f 3 1077 1
f 127 1077 3
f 127 1078 1077
f 1083 1084 1078
f 1085 1078 1082
f 1078 1085 1083
f 1086 1087 1080
f 1080 1079 1086
f 1086 1079 1084
f 1089 1095 1086
f 1086 1095 1087
f 1086 1084 1099
f 1099 1089 1086
f 1087 1074 1080
f 1074 1088 1075
f 1090 1081 1075
f 1090 1091 1081
f 1087 1088 1074
f 1090 1075 1088
f 1088 1087 1092
f 1092 1090 1088
f 1090 1092 1093
f 1093 1091 1090
f 1094 1091 1093
f 1099 1100 1089
f 1095 1096 1087
f 1096 1092 1087
f 1097 1092 1096
f 1093 1092 1097
f 1094 1093 1098
f 1083 1099 1084
f 1351 1099 1083
f 1100 1099 1351
f 1101 1095 1089
f 1101 1089 1100
f 1353 1100 1351
f 1353 1354 1100
f 1203 1094 1098
f 1098 1093 1097
f 1096 1095 1102
f 1106 1097 1096
f 1112 1096 1102
f 1106 1096 1112
f 1101 1102 1095
f 1354 1101 1100
f 1107 1101 1354
f 1102 1101 1103
f 1104 1102 1105
f 1105 1102 1103
f 1107 1103 1101
f 1112 1102 1104
f 1109 1203 1098
f 1097 1108 1098
f 1110 1098 1108
f 1098 1110 1109
f 1097 1106 1108
f 1105 1103 1111
f 1113 1105 1111
f 1106 1112 1115
f 1112 1104 1114
f 1107 1111 1103
f 1108 1106 1115
f 1115 1110 1108
f 1116 1117 1110
f 1114 1115 1112
f 1105 1119 1104
f 1105 1113 1119
f 1120 1121 1119
f 1113 1111 1122
f 1113 1120 1119
f 1122 1120 1113
f 1388 1120 1122
f 1115 1114 1123
f 1119 1124 1104
f 1104 1124 1114
f 1123 1114 1125
f 1123 1125 1126
f 1118 1110 1115
f 1115 1123 1118
f 1126 1118 1123
f 1119 1121 1124
f 1125 1114 1124
f 1128 1127 1124
f 1125 1124 1127
f 1128 1124 1121
f 1127 1128 1275
f 1129 1121 1120
f 1388 1129 1120
f 1129 1128 1121
f 1130 1128 1129
f 1131 1130 1129
f 1131 1129 1388
f 7 1177 1133
f 1133 1132 7
f 1134 1177 1138
f 1133 1177 1134
f 9 1132 10
f 1136 1132 1133
f 1133 1134 1135
f 1136 10 1132
f 1136 1133 1137
f 1135 1137 1133
f 1147 1135 1134
f 1139 96 8
f 8 10 1139
f 1140 1139 10
f 1140 10 1136
f 1143 1139 1140
f 1143 1141 1139
f 1143 1142 1141
f 1140 1144 1143
f 1140 1137 1144
f 1137 1140 1136
f 1147 1145 1135
f 1145 1137 1135
f 1146 1145 1147
f 1149 1142 1143
f 1149 1148 1142
f 1149 1143 1144
f 1145 1151 1137
f 1146 1151 1145
f 1152 1151 1146
f 1146 1219 1152
f 1153 1149 1144
f 1144 1137 1155
f 1144 1155 1153
f 1137 1151 1155
f 1153 1155 1156
f 1153 1156 1154
f 1150 1149 1154
f 1149 1153 1154
f 1157 1151 1160
f 1160 1151 1152
f 1158 1160 1152
f 1154 1156 1159
f 1151 1157 1155
f 1161 1155 1157
f 1157 1949 1161
f 1162 1949 1157
f 1157 1160 1162
f 1162 1160 1163
f 1162 1164 1949
f 1163 1164 1162
f 43 47 1165
f 1170 53 1165
f 53 1170 1166
f 53 43 1165
f 1170 1165 1168
f 47 1168 1165
f 1169 1168 47
f 1168 1169 1073
f 1173 1170 1168
f 44 1169 47
f 1072 1169 44
f 44 47 42
f 1169 1071 1073
f 1169 1072 1071
f 1171 1166 1170
f 1166 1171 1167
f 1171 1172 1167
f 1167 1172 1180
f 1174 1171 1173
f 1171 1170 1173
f 1073 1074 1168
f 1173 1168 1074
f 1081 1174 1173
f 1193 1174 1081
f 1172 1171 1174
f 1175 1172 1174
f 1175 1180 1172
f 56 52 53
f 56 1176 1177
f 1167 1176 1166
f 56 53 1166
f 56 1166 1176
f 1178 1176 1167
f 1177 7 56
f 1177 1176 1138
f 1179 1138 1176
f 1176 1178 1179
f 1179 1181 1210
f 1181 1182 1210
f 1178 1167 1180
f 1181 1179 1178
f 1180 1181 1178
f 1183 1180 1175
f 1180 1183 1181
f 1202 1184 1183
f 1185 1184 1202
f 1186 1184 1185
f 1187 1183 1184
f 1186 1187 1184
f 1188 1182 1181
f 1188 1181 1183
f 1187 1188 1183
f 1189 1188 1187
f 1186 1185 1190
f 1187 1186 1191
f 1187 1191 1189
f 1191 1192 1189
f 44 1 1072
f 1174 1193 1175
f 1197 1175 1193
f 1091 1193 1081
f 1197 1193 1091
f 1091 1094 1197
f 1199 1197 1094
f 1200 1185 1202
f 1185 1200 1190
f 1201 1200 1202
f 1199 1200 1201
f 1200 1199 1198
f 1198 1190 1200
f 1203 1198 1199
f 1203 1199 1094
f 1203 1204 1198
f 1205 1198 1204
f 1190 1205 1191
f 1198 1205 1190
f 1205 1204 1206
f 1205 1206 1191
f 1207 1208 1196
f 1805 1196 1655
f 1208 1655 1196
f 1191 1186 1190
f 1192 1191 1209
f 1210 1138 1179
f 1210 1211 1138
f 1182 1212 1210
f 1182 1214 1212
f 1212 1211 1210
f 1211 1134 1138
f 1213 1134 1211
f 1212 1213 1211
f 1134 1213 1147
f 1216 1213 1212
f 1212 1214 1216
f 1214 1182 1188
f 1215 1214 1188
f 1141 96 1139
f 1141 98 96
f 621 98 1141
f 1141 1142 621
f 1217 1146 1147
f 1147 1213 1217
f 1213 1216 1217
f 1215 1216 1214
f 1189 1215 1188
f 1189 1192 1215
f 1215 1192 1218
f 1219 1146 1217
f 1219 1217 1216
f 1215 1220 1216
f 1220 1219 1216
f 1215 1221 1220
f 1221 1222 1220
f 1152 1219 1158
f 1158 1163 1160
f 1163 1158 1223
f 1220 1158 1219
f 1220 1223 1158
f 1221 1215 1218
f 1203 1109 1204
f 1204 1117 1206
f 1110 1117 1109
f 1109 1117 1204
f 1226 1206 1117
f 1226 1117 1116
f 1206 1209 1191
f 1206 1226 1209
f 1209 1218 1192
f 1218 1209 1227
f 1226 1228 1209
f 1228 1227 1209
f 1229 1226 1116
f 1118 1116 1110
f 1229 1116 1118
f 1230 1118 1126
f 1230 1229 1118
f 1229 1231 1226
f 1233 1127 1232
f 1126 1233 1230
f 1125 1233 1126
f 1230 1233 1234
f 1229 1234 1235
f 1229 1230 1234
f 1234 1233 1232
f 1236 1228 1231
f 1237 1238 1236
f 1228 1236 1238
f 1236 1231 1239
f 1236 1239 1240
f 1236 1240 1237
f 1226 1231 1228
f 1229 1235 1231
f 1239 1231 1235
f 1227 1242 1218
f 1223 1243 1163
f 1220 1222 1223
f 1244 1223 1222
f 1244 1243 1223
f 1163 1243 1164
f 1164 1243 1245
f 1245 1249 1164
f 1244 1245 1243
f 1246 1221 1218
f 1221 1246 1222
f 1246 1244 1222
f 1246 1247 1248
f 1246 1218 1247
f 1247 1218 1242
f 1244 1246 1248
f 1245 1244 1248
f 1249 1250 1164
f 1249 1251 1250
f 1251 1258 1250
f 1245 1252 1253
f 1253 1251 1249
f 1245 1253 1249
f 1257 1253 1252
f 1258 1254 1250
f 1251 1253 1256
f 1253 1257 1256
f 1258 1251 1256
f 1256 1259 1258
f 1256 1257 1260
f 1256 1260 1315
f 1315 1259 1256
f 1254 1261 1255
f 1259 1254 1258
f 1245 1248 1252
f 1248 1262 1252
f 1247 1262 1248
f 1263 1257 1252
f 1263 1252 1262
f 1260 1257 1263
f 1263 1262 1264
f 1247 1264 1262
f 1247 1265 1264
f 1264 1266 1263
f 1228 1238 1227
f 1227 1238 1242
f 1238 1268 1242
f 1242 1268 1265
f 1247 1242 1265
f 1237 1269 1268
f 1268 1238 1237
f 1270 1265 1268
f 1268 1269 1270
f 1270 1271 1265
f 1271 1264 1265
f 1130 1277 1128
f 1278 1130 1131
f 1278 1276 1130
f 1277 1275 1128
f 1275 1232 1127
f 1276 1277 1130
f 1235 1234 1280
f 1234 1232 1279
f 1299 1234 1279
f 1281 1279 1275
f 1232 1275 1279
f 1282 1277 1276
f 1276 1278 1283
f 1283 1282 1276
f 1275 1277 1281
f 1281 1277 1284
f 1277 1282 1284
f 1281 1285 1279
f 1289 1284 1282
f 1284 1286 1281
f 1289 1287 1284
f 1288 1287 1289
f 1282 1283 1289
f 1290 1323 1291
f 1290 1291 1292
f 1292 1291 1293
f 1294 1285 1295
f 1285 1281 1295
f 1295 1281 1286
f 1298 1297 1295
f 1294 1297 1293
f 1297 1292 1293
f 1295 1297 1294
f 1286 1298 1295
f 1299 1280 1234
f 1235 1280 1239
f 1279 1285 1299
f 1280 1299 1293
f 1299 1294 1293
f 1291 1240 1239
f 1239 1280 1291
f 1291 1280 1293
f 1299 1285 1294
f 1287 1286 1284
f 1286 1287 1296
f 1300 1296 1287
f 1288 1300 1287
f 1333 1298 1301
f 1286 1296 1301
f 1296 1302 1301
f 1286 1301 1298
f 1304 1300 1288
f 1302 1296 1300
f 1303 1301 1302
f 1302 1305 1303
f 1306 1302 1300
f 1305 1302 1306
f 1326 1307 1308
f 1310 1307 1311
f 1307 1312 1308
f 1312 1307 1310
f 1312 1310 1315
f 1310 1313 1315
f 1309 1313 1310
f 1254 1259 1261
f 1261 1259 1318
f 1316 1317 1261
f 1266 1260 1263
f 1312 1260 1266
f 1312 1315 1260
f 1308 1312 1266
f 1266 1326 1308
f 1261 1318 1316
f 1316 1318 1319
f 1313 1259 1315
f 1313 1320 1259
f 1259 1320 1318
f 1321 1318 1320
f 1314 1320 1313
f 1322 1320 1314
f 1322 1321 1320
f 1322 1314 1327
f 1318 1321 1319
f 1324 1311 1307
f 1240 1269 1237
f 1323 1269 1240
f 1290 1292 1324
f 1323 1240 1291
f 1325 1323 1290
f 1325 1290 1324
f 1270 1269 1271
f 1323 1325 1271
f 1264 1326 1266
f 1271 1326 1264
f 1271 1325 1326
f 1324 1307 1326
f 1326 1325 1324
f 1292 1297 1311
f 1310 1311 1309
f 1292 1311 1324
f 1309 1297 1298
f 1297 1309 1311
f 1298 1333 1309
f 1313 1309 1333
f 1314 1313 1333
f 1333 1335 1314
f 1335 1327 1314
f 1322 1327 1336
f 1322 1336 1331
f 1328 1321 1329
f 1319 1321 1328
f 1328 1330 1319
f 1329 1330 1328
f 1332 1329 1331
f 1333 1334 1335
f 1303 1333 1301
f 1334 1333 1303
f 1334 1340 1335
f 1335 1336 1327
f 1340 1336 1335
f 1303 1338 1334
f 1338 1303 1337
f 1337 1303 1305
f 1339 1338 1337
f 1338 1340 1334
f 1538 1340 1338
f 1336 1340 1341
f 1331 1336 1341
f 1545 1332 1331
f 1342 1369 1349
f 126 1082 127
f 131 1082 126
f 1082 131 1343
f 1346 1083 1085
f 1351 1083 1346
f 1343 1085 1082
f 1343 1346 1085
f 1194 1347 1345
f 131 132 142
f 1348 131 142
f 1348 1343 131
f 1343 1348 1349
f 1343 1349 1346
f 1350 1346 1349
f 1366 1349 1348
f 1352 1353 1351
f 1350 1352 1351
f 1355 1354 1353
f 1355 1353 1352
f 1369 1350 1349
f 1369 1352 1350
f 1355 1352 1357
f 1357 1352 1369
f 1355 1357 1358
f 1350 1351 1346
f 1366 1342 1349
f 1360 1342 1366
f 1342 1360 1356
f 1361 1360 1359
f 1364 1361 1359
f 1362 1371 1360
f 1362 1360 1361
f 1362 1361 1363
f 1364 1363 1361
f 1365 1363 1364
f 142 1366 1348
f 1367 1366 142
f 1359 1360 1366
f 1366 1367 1359
f 1367 1364 1359
f 1364 1367 146
f 1368 1364 146
f 1342 1356 1369
f 1369 1370 1357
f 1370 1369 1356
f 1360 1371 1356
f 1371 1370 1356
f 1370 1371 1373
f 1372 1357 1370
f 1372 1358 1357
f 1373 1372 1370
f 1371 1362 1374
f 1374 1373 1371
f 1373 1374 1375
f 1374 1362 1363
f 1376 1372 1373
f 1372 1376 1396
f 1373 1375 1376
f 1375 1377 1376
f 1377 1396 1376
f 1354 1355 1378
f 1107 1354 1378
f 1379 1107 1378
f 1378 1355 1380
f 1380 1355 1358
f 1380 1358 1393
f 1380 1381 1378
f 1381 1379 1378
f 1381 1382 1379
f 1383 1382 1384
f 1385 1733 1806
f 1379 1111 1107
f 1379 1122 1111
f 1379 1382 1387
f 1387 1388 1122
f 1387 1122 1379
f 1389 1131 1388
f 1486 1131 1389
f 1382 1383 1387
f 1383 1390 1387
f 1390 1388 1387
f 1389 1388 1390
f 1391 1486 1389
f 1392 1389 1390
f 1392 1391 1389
f 1381 1380 1393
f 1394 1381 1393
f 1395 1358 1372
f 1395 1393 1358
f 1396 1395 1372
f 1395 1394 1393
f 1394 1395 1396
f 1382 1381 1397
f 1397 1381 1394
f 1397 1384 1382
f 1398 1384 1397
f 1399 1394 1396
f 1401 1399 1396
f 1397 1394 1398
f 1399 1398 1394
f 1400 1384 1398
f 1399 1401 1402
f 1398 1399 1400
f 1402 1400 1399
f 1403 1400 1402
f 1405 1390 1383
f 1404 1383 1384
f 1405 1383 1404
f 1405 1392 1390
f 1410 1391 1392
f 1406 1405 1407
f 1405 1406 1392
f 1392 1406 1410
f 1400 1404 1384
f 1404 1407 1405
f 1403 1408 1404
f 1407 1404 1408
f 1400 1403 1404
f 1408 1403 1409
f 1407 1408 1406
f 1406 1408 1409
f 1493 1410 1406
f 1493 1406 1409
f 1364 1412 1365
f 1411 1363 1365
f 1411 1365 1412
f 1411 1374 1363
f 1413 1411 1412
f 1411 1413 1414
f 1417 1413 1412
f 1426 1413 1417
f 1413 1426 1414
f 1414 1426 1415
f 146 154 1368
f 1368 1412 1364
f 1368 155 157
f 157 1412 1368
f 1416 1412 157
f 1417 1412 1416
f 1429 1417 1416
f 1411 1419 1374
f 1375 1374 1419
f 1420 1419 1411
f 1419 1421 1375
f 1421 1419 1420
f 1375 1421 1377
f 1421 1422 1377
f 1422 1444 1377
f 1424 1422 1421
f 1414 1420 1411
f 1421 1420 1424
f 1415 1420 1414
f 1423 1420 1415
f 1422 1424 1446
f 1425 1446 1424
f 1424 1420 1423
f 1423 1425 1424
f 1417 1418 1426
f 1418 1427 1426
f 1428 1427 1418
f 1427 1415 1426
f 1439 1427 1428
f 1429 1416 172
f 1431 1429 172
f 1418 1417 1429
f 1429 1431 1418
f 1430 1418 1431
f 1428 1418 1430
f 1430 1431 1433
f 1433 1431 176
f 176 3178 1433
f 1430 1433 1432
f 1433 3179 1432
f 1428 1430 1432
f 1428 1432 1434
f 1439 1428 1434
f 1435 1423 1415
f 1427 1435 1415
f 1439 1435 1427
f 1425 1423 1435
f 1437 1425 1435
f 1436 1437 1435
f 1438 1437 1436
f 1439 1434 1440
f 1441 1439 1440
f 1441 1442 1439
f 1436 1435 1439
f 1442 1436 1439
f 1442 1438 1436
f 1444 1396 1377
f 1444 1401 1396
f 1444 1443 1401
f 1422 1446 1444
f 1443 1402 1401
f 1445 1402 1443
f 1402 1445 1452
f 1443 1449 1445
f 1447 1444 1446
f 1447 1443 1444
f 1462 1447 1446
f 1446 1448 1462
f 1447 1449 1443
f 1450 1447 1462
f 1445 1449 1450
f 1462 1451 1450
f 1450 1449 1447
f 1452 1403 1402
f 1452 1409 1403
f 1453 1409 1452
f 1445 1454 1452
f 1454 1453 1452
f 1454 1455 1453
f 1493 1409 1456
f 1453 1456 1409
f 1457 1493 1456
f 1457 1495 1493
f 1455 1456 1453
f 1457 1456 1455
f 1454 1445 1450
f 1458 1454 1451
f 1458 1455 1454
f 1451 1454 1450
f 1459 1458 1451
f 1458 1459 1460
f 1459 1471 1460
f 1460 1455 1458
f 1460 1457 1455
f 1500 1457 1460
f 1471 1500 1460
f 1448 1446 1425
f 1437 1448 1425
f 1437 1461 1448
f 1438 1461 1437
f 1462 1448 1461
f 1462 1463 1451
f 1468 1462 1461
f 1468 1463 1462
f 1468 1464 1463
f 1461 1438 1465
f 1461 1465 1466
f 3212 1465 1438
f 1467 1466 1465
f 1468 1461 1466
f 1467 1468 1466
f 1467 3214 1468
f 1463 1459 1451
f 1464 1459 1463
f 1469 1459 1464
f 1471 1469 1470
f 1471 1459 1469
f 1475 1470 1469
f 1472 1471 1470
f 1475 1472 1470
f 1475 1476 1472
f 1464 1468 1473
f 1464 1473 1469
f 1473 1475 1469
f 3214 1473 1468
f 1474 1473 3214
f 1474 1475 1473
f 1476 1475 1477
f 1475 1474 3225
f 3225 1477 1475
f 1644 1194 1345
f 1479 1478 1480
f 1481 1482 1483
f 1486 1278 1131
f 1487 1278 1486
f 1487 1488 1278
f 1486 1391 1487
f 1489 1488 1487
f 1391 1490 1487
f 1489 1487 1490
f 1391 1410 1490
f 1491 1489 1490
f 1492 1490 1410
f 1494 1491 1490
f 1494 1490 1492
f 1493 1492 1410
f 1492 1493 1495
f 1492 1498 1494
f 1498 1492 1495
f 1498 1496 1494
f 1497 1498 1495
f 1457 1497 1495
f 1457 1499 1497
f 1499 1498 1497
f 1501 1457 1500
f 1501 1499 1457
f 1503 1502 1501
f 1502 1499 1501
f 1471 1501 1500
f 1472 1501 1471
f 1504 1501 1472
f 1503 1501 1504
f 1472 1476 1504
f 1477 1505 1476
f 3226 1505 1477
f 1506 1505 3226
f 1507 1289 1283
f 1283 1278 1508
f 1488 1508 1278
f 1508 1507 1283
f 1288 1289 1507
f 1508 1511 1507
f 1489 1508 1488
f 1489 1509 1508
f 1509 1511 1508
f 1288 1510 1304
f 1510 1288 1507
f 1511 1510 1507
f 1513 1511 1512
f 1512 1511 1509
f 1306 1300 1304
f 1510 1514 1304
f 1304 1514 1306
f 1515 1305 1306
f 1516 1339 1305
f 1514 1515 1306
f 1516 1305 1515
f 1513 1510 1511
f 1513 1514 1510
f 1514 1513 1517
f 1518 1517 1513
f 1517 1515 1514
f 1512 1509 1519
f 1489 1491 1519
f 1519 1509 1489
f 1522 1520 1519
f 1496 1491 1494
f 1519 1491 1522
f 1491 1496 1521
f 1521 1522 1491
f 1574 1525 1521
f 1519 1520 1512
f 1512 1523 1513
f 1520 1523 1512
f 1525 1524 1520
f 1524 1523 1520
f 1525 1520 1522
f 1521 1525 1522
f 1530 1524 1525
f 1525 1574 1526
f 1523 1518 1513
f 1528 1518 1523
f 1529 1517 1518
f 1528 1529 1518
f 1523 1524 1528
f 1528 1524 1530
f 1531 1517 1529
f 1531 1515 1517
f 1533 1529 1528
f 1532 1529 1533
f 1531 1529 1532
f 1528 1530 1533
f 1530 1534 1533
f 1530 1525 1526
f 1530 1526 1527
f 1530 1527 1534
f 1535 1533 1534
f 1535 1532 1533
f 1559 1532 1535
f 1535 1560 1559
f 1561 1559 1560
f 1815 1272 1536
f 1339 1337 1305
f 1338 1339 1538
f 1538 1339 1539
f 1540 1339 1516
f 1543 1539 1339
f 1515 1540 1516
f 1540 1554 1543
f 1543 1339 1540
f 1541 1538 1539
f 1542 1553 1539
f 1553 1541 1539
f 1542 1539 1543
f 1556 1542 1543
f 1542 1556 1551
f 1340 1538 1541
f 1340 1541 1341
f 1545 1331 1341
f 1547 1545 1341
f 1548 1341 1541
f 1341 1548 1547
f 1541 1544 1548
f 1545 1547 1546
f 1549 1547 1548
f 1547 1550 1546
f 1549 1548 1544
f 1550 1547 1549
f 1549 1552 1550
f 1549 1565 1552
f 1552 2198 1550
f 1541 1553 1544
f 1553 1542 1551
f 1551 1544 1553
f 1549 1544 1551
f 1549 1551 1565
f 1531 1554 1540
f 1531 1540 1515
f 1531 1555 1554
f 1555 1543 1554
f 1555 1531 1532
f 1543 1555 1556
f 1556 1555 1558
f 1558 1564 1556
f 1532 1559 1555
f 1555 1559 1557
f 1559 1561 1557
f 1557 1558 1555
f 1557 1562 1558
f 1562 1564 1558
f 1612 1557 1561
f 1557 1612 1562
f 1563 1552 1565
f 1564 1551 1556
f 1551 1564 1565
f 1567 1565 1564
f 1565 1566 1563
f 1562 1567 1564
f 1567 1562 1568
f 1568 1569 1567
f 1562 1615 1568
f 1568 1615 1569
f 1565 1567 1569
f 1565 1569 1566
f 1570 1566 1569
f 1570 1569 1621
f 1496 1498 1571
f 1571 1498 1572
f 1571 1521 1496
f 1521 1571 1577
f 1521 1577 1574
f 1499 1572 1498
f 1499 1502 1572
f 1573 1571 1572
f 1577 1571 1573
f 1577 1573 1575
f 1573 1572 1502
f 1575 1573 1576
f 1503 1573 1502
f 1576 1573 1503
f 1579 1575 1576
f 1579 1576 1593
f 1577 1526 1574
f 1578 1527 1526
f 1578 1526 1577
f 1578 1577 1575
f 1579 1578 1575
f 1579 1593 1580
f 1580 1581 1579
f 1582 1527 1578
f 1583 1527 1582
f 1583 1534 1527
f 1583 1535 1534
f 1584 1560 1535
f 1584 1535 1583
f 1581 1582 1578
f 1585 1582 1581
f 1585 1583 1582
f 1585 1587 1583
f 1579 1581 1578
f 1599 1585 1581
f 1581 1580 1599
f 1586 1587 1585
f 1585 1599 1586
f 1600 1586 1599
f 1587 1584 1583
f 1589 1584 1587
f 1586 1589 1587
f 1504 1590 1503
f 1590 1504 1476
f 1505 1590 1476
f 1590 1591 1503
f 1591 1576 1503
f 1591 1593 1576
f 1590 1592 1591
f 1592 1593 1591
f 1594 1593 1592
f 1595 1590 1505
f 1505 1506 1595
f 1506 1597 1595
f 1592 1590 1596
f 1590 1595 1596
f 1597 1596 1595
f 1598 1592 1596
f 1598 1594 1592
f 3333 1598 1596
f 1594 1580 1593
f 1605 1580 1594
f 1580 1605 1599
f 1605 1600 1599
f 1606 1600 1605
f 1601 1600 1606
f 1601 1608 1628
f 1602 1586 1600
f 1601 1602 1600
f 1602 1589 1586
f 1589 1602 1603
f 1602 1601 1603
f 1628 1603 1601
f 1604 1605 1594
f 1604 1594 1598
f 1609 1606 1605
f 1598 3333 1604
f 1609 1605 1604
f 1607 1609 1604
f 1608 1601 1606
f 1609 1608 1606
f 1609 1611 1608
f 1561 1560 1613
f 1561 1613 1612
f 1588 1560 1584
f 1589 1588 1584
f 1560 1588 1613
f 1562 1612 1614
f 1615 1562 1614
f 1614 1613 1619
f 1612 1613 1614
f 1619 1616 1614
f 1589 1617 1588
f 1613 1588 1617
f 1613 1617 1619
f 1617 1589 1603
f 1625 1617 1603
f 1616 1619 1618
f 1625 1619 1617
f 1616 1615 1614
f 1621 1615 1616
f 1616 1620 1621
f 1621 1569 1615
f 1622 2236 1570
f 1622 1570 1621
f 1620 1624 1621
f 1624 1622 1621
f 2236 1622 1624
f 1623 1620 1618
f 1616 1618 1620
f 1635 1623 1618
f 1638 1624 1620
f 1638 1639 1624
f 1623 1638 1620
f 1625 1603 1628
f 1628 1631 1625
f 1626 1619 1625
f 1619 1626 1627
f 1631 1626 1625
f 1631 1632 1626
f 1632 1627 1626
f 1629 1628 1608
f 1629 1631 1628
f 1611 1629 1608
f 1629 1611 1630
f 1629 1630 3363
f 1629 3363 1631
f 1632 1631 1633
f 1640 1632 1633
f 3363 1633 1631
f 3363 1634 1633
f 1640 1633 1634
f 1619 1627 1618
f 1635 1618 1627
f 1637 1636 1635
f 1627 1632 1635
f 1636 1623 1635
f 1636 1638 1623
f 1639 1638 1636
f 1640 1635 1632
f 1635 1640 1637
f 1641 1636 1637
f 1641 1639 1636
f 1641 1642 1639
f 1641 1643 1642
f 1640 1641 1637
f 3368 1643 1641
f 1640 3368 1641
f 2257 1642 1643
f 1183 1175 1197
f 1197 1201 1183
f 1202 1183 1201
f 1644 320 319
f 323 1644 319
f 1644 1345 320
f 323 1645 1644
f 323 331 1646
f 331 323 324
f 1645 323 1646
f 332 1646 331
f 1645 1194 1644
f 1645 1195 1194
f 1195 1645 1196
f 1647 1196 1645
f 1207 1196 1647
f 1647 1645 1646
f 1648 1649 1646
f 1649 1647 1646
f 1207 1647 1649
f 1207 1649 1657
f 1648 1646 332
f 334 1650 332
f 1648 332 1650
f 336 1650 334
f 1651 336 335
f 1651 1652 336
f 336 1652 1650
f 1676 1648 1650
f 1653 1654 1648
f 1676 1653 1648
f 1676 1650 1652
f 1653 1676 1656
f 1648 1654 1649
f 1649 1654 1653
f 1653 1657 1649
f 1197 1199 1201
f 1805 1655 1478
f 1478 1655 1480
f 1208 1659 1655
f 1678 1480 1655
f 1658 1653 1656
f 1657 1658 1207
f 1657 1653 1658
f 1658 1208 1207
f 1208 1658 1659
f 1678 1655 1659
f 1656 1660 1658
f 1659 1658 1660
f 1680 1659 1660
f 1661 1660 1656
f 335 340 1651
f 1651 340 1662
f 340 1666 1662
f 343 1666 340
f 1652 1651 1662
f 1662 1666 1663
f 1664 1662 1663
f 1665 1664 1663
f 1652 1662 1664
f 1666 343 1667
f 1666 1667 1668
f 1669 1666 1668
f 1669 1663 1666
f 1668 344 2279
f 344 1668 1667
f 871 2279 344
f 1672 1665 1663
f 1672 1663 1669
f 1672 1670 1665
f 1671 1669 1668
f 1672 1669 1671
f 1674 1672 1671
f 1671 1668 2280
f 1670 1673 1665
f 1672 1675 1670
f 1674 1675 1672
f 1225 1224 1670
f 1675 1225 1670
f 1664 1673 1652
f 1673 1664 1665
f 1676 1652 1673
f 1676 1661 1656
f 1661 1676 1673
f 1684 1661 1673
f 1673 1670 1684
f 1684 1670 1224
f 1224 1686 1684
f 1680 1678 1659
f 1678 1679 1677
f 1677 1480 1678
f 1679 1678 1680
f 1677 1679 1484
f 1660 1681 1680
f 1680 1681 1679
f 1682 1484 1679
f 1484 1682 1485
f 1679 1681 1241
f 1241 1682 1679
f 1127 1233 1125
f 1682 1241 1685
f 1686 1224 1225
f 1683 1660 1661
f 1683 1661 1684
f 1683 1684 1273
f 1683 1681 1660
f 1681 1267 1241
f 1241 1267 1685
f 1267 1681 1683
f 1273 1267 1683
f 1686 1273 1684
f 1273 1686 1687
f 1686 1225 1687
f 1272 1685 1690
f 1685 1267 1690
f 1267 1273 1690
f 1273 1688 1690
f 1689 1272 1690
f 1689 1536 1272
f 1688 1689 1690
f 1691 1689 1688
f 1698 1691 1688
f 1687 1692 1274
f 1687 1274 1273
f 1694 1274 1692
f 1693 1274 1694
f 1696 1693 1694
f 1274 1688 1273
f 1693 1688 1274
f 1693 1698 1688
f 1697 1693 1696
f 1269 1323 1271
f 1698 1689 1691
f 1699 1689 1698
f 1322 1329 1321
f 1322 1331 1329
f 1700 1698 1693
f 1693 1697 1700
f 1697 1701 1702
f 1699 1698 1700
f 1702 1700 1697
f 2333 1701 1697
f 1697 1696 2333
f 1701 2333 1703
f 1704 1702 1701
f 1703 1704 1701
f 1344 320 1345
f 371 437 372
f 1705 372 1344
f 372 437 1344
f 1347 1194 1706
f 1347 1707 1344
f 1344 1345 1347
f 1347 1706 1708
f 1194 1715 1706
f 1705 375 372
f 1705 1344 1707
f 1705 1709 376
f 1710 1712 1711
f 1712 1707 1347
f 1705 1707 1712
f 1708 1712 1347
f 1708 1711 1712
f 1709 1705 1712
f 1710 1709 1712
f 1195 1715 1194
f 1713 1715 1195
f 1195 1805 1713
f 1706 1715 1716
f 1478 1713 1805
f 1806 1713 1478
f 1715 1713 1717
f 1715 1717 1716
f 1717 1713 1806
f 1711 1708 1714
f 1714 1718 1711
f 1719 1710 1711
f 1708 1706 1716
f 1716 1714 1708
f 1714 1716 1720
f 1721 1718 1714
f 1386 1721 1720
f 1721 1714 1720
f 376 375 1705
f 376 1709 1722
f 379 376 1722
f 1709 1710 1722
f 1710 1723 1722
f 379 1722 1755
f 1724 1722 1723
f 1755 1722 1724
f 1723 1725 1724
f 1710 1719 1723
f 1718 1719 1711
f 1719 1718 1727
f 1727 1726 1719
f 1726 1723 1719
f 1721 1727 1718
f 1721 1728 1727
f 1729 1726 1727
f 1728 1729 1727
f 1723 1726 1725
f 1726 1730 1725
f 1726 1729 1730
f 1743 1731 1729
f 1733 1717 1806
f 1733 1385 1732
f 1716 1717 1720
f 1720 1734 1386
f 1728 1721 1386
f 1734 1736 1386
f 1717 1734 1720
f 1733 1734 1717
f 1734 1733 1732
f 1734 1732 1735
f 1735 1732 1737
f 1736 1734 1735
f 1735 1737 1738
f 1740 1735 1812
f 1738 1812 1735
f 1739 1735 1740
f 1728 1386 1741
f 1741 1386 1736
f 1742 1741 1736
f 1739 1736 1735
f 1742 1736 1739
f 1728 1743 1729
f 1743 1728 1741
f 1744 1731 1743
f 1743 1745 1744
f 1743 1741 1745
f 1745 1741 1742
f 1742 1747 1745
f 1745 1746 1744
f 1746 1745 1747
f 1742 1739 1748
f 1748 1739 1740
f 1750 1740 1751
f 1752 1748 1740
f 1752 1740 1750
f 1752 1749 1748
f 1747 1742 1748
f 1749 1747 1748
f 1787 1747 1749
f 1749 1753 1788
f 1753 1749 1752
f 1752 1754 1753
f 1753 1754 1789
f 383 1755 1724
f 383 1724 1756
f 383 379 1755
f 1757 1724 1725
f 1724 1757 1758
f 1758 1756 1724
f 384 383 1756
f 1759 384 1756
f 1760 1759 1756
f 1761 1758 1757
f 1761 1757 1762
f 1760 1756 1758
f 1760 1758 1761
f 1757 1725 1730
f 1762 1757 1730
f 1764 1762 1730
f 1763 1762 1764
f 1730 1729 1764
f 1731 1764 1729
f 1765 1762 1763
f 1765 1761 1762
f 1766 1761 1765
f 1767 1766 1765
f 1763 1764 1731
f 1763 1731 1782
f 1767 1763 1774
f 1767 1765 1763
f 1774 1763 1782
f 390 1759 391
f 384 1759 390
f 1768 1761 1766
f 1768 1759 1760
f 1760 1761 1768
f 1769 1759 1768
f 1770 391 1759
f 1770 1759 1769
f 391 1770 2813
f 1769 1768 1771
f 1771 1768 1773
f 1773 1768 1766
f 1767 1775 1766
f 1775 1767 1774
f 1776 1766 1775
f 3604 1773 1766
f 3604 1766 1776
f 1777 1776 1775
f 1782 1731 1744
f 1782 1744 1779
f 1779 1744 1746
f 1747 1780 1746
f 1781 1779 1780
f 1780 1779 1746
f 1782 1779 1781
f 1783 1774 1782
f 1783 1782 1781
f 1784 1781 1780
f 1784 1785 1781
f 1786 1785 1784
f 1780 1747 1787
f 1787 1749 1788
f 1784 1780 1787
f 1753 1789 1788
f 1789 1754 1790
f 1791 1784 1787
f 1787 1788 1791
f 1786 1784 1791
f 1791 1788 1792
f 1792 1788 1789
f 1792 1789 1790
f 1800 1791 1792
f 1783 1793 1774
f 1775 1774 1793
f 1781 1785 1783
f 1785 1794 1783
f 1785 1797 1794
f 1786 1797 1785
f 1777 1775 1793
f 1795 1777 1793
f 1783 1794 1793
f 1796 1793 1794
f 1778 1777 1795
f 1793 1796 1795
f 1794 1798 1796
f 1798 1794 1797
f 1799 1786 1791
f 1799 1791 1800
f 1797 1786 1799
f 1801 1797 1799
f 1798 1797 1801
f 1802 1798 1801
f 1801 1799 1803
f 1803 1799 1800
f 1803 1800 1804
f 437 320 1344
f 1195 1196 1805
f 1479 1806 1478
f 1807 1479 1480
f 1677 1807 1480
f 1479 1385 1806
f 1807 1385 1479
f 1807 1808 1385
f 1677 1484 1807
f 1809 1732 1385
f 1385 1808 1809
f 1808 1481 1809
f 1809 1481 1810
f 1807 1484 1808
f 1481 1808 1485
f 1485 1808 1484
f 1482 1481 1485
f 1483 1482 1823
f 1809 1737 1732
f 1737 1809 1810
f 1738 1737 1810
f 1483 1810 1481
f 1738 1810 1811
f 1483 1811 1810
f 1822 1811 1483
f 1812 1738 1811
f 1816 1812 1811
f 1751 1812 1816
f 1816 1811 1822
f 1815 1485 1682
f 1685 1815 1682
f 1482 1485 1814
f 1815 1814 1485
f 1815 1813 1814
f 1685 1272 1815
f 1751 1740 1812
f 1751 1817 1750
f 1750 1818 1752
f 1754 1752 1818
f 1790 1754 1847
f 1819 1792 1790
f 1800 1792 1820
f 1804 1800 1820
f 1821 1803 1804
f 1822 1483 1823
f 1822 1823 1825
f 1825 1824 1822
f 1816 1822 1824
f 1826 1816 1824
f 1826 1824 1827
f 1824 1825 1828
f 1827 1824 1828
f 1814 1823 1482
f 1823 1814 1813
f 1823 1813 1829
f 1829 1813 1830
f 1536 1813 1815
f 1537 1830 1536
f 1536 1830 1813
f 1833 1829 1830
f 1831 1833 1830
f 1831 1830 1537
f 1832 1831 1537
f 1832 1833 1831
f 1859 1833 1832
f 1825 1823 1829
f 1834 1825 1829
f 1828 1825 1835
f 1835 1825 1834
f 1834 1829 1833
f 1833 1836 1834
f 1837 1835 1834
f 1828 1835 1827
f 1827 1835 1837
f 1837 1834 1836
f 1837 1836 1839
f 1833 1838 1836
f 1838 1833 1859
f 1839 1836 1838
f 1841 1839 1838
f 1842 1751 1816
f 1751 1842 1817
f 1817 1842 1843
f 1843 1842 1826
f 1817 1818 1750
f 1818 1817 1843
f 1842 1816 1826
f 1843 1826 1827
f 1844 1843 1845
f 1845 1843 1827
f 1845 1827 1846
f 1754 1818 1847
f 1847 1818 1848
f 1848 1818 1843
f 1848 1843 1844
f 1849 1848 1844
f 1850 1844 1845
f 1849 1844 1850
f 1846 1827 1837
f 1851 1837 1839
f 1846 1837 1851
f 1845 1846 1852
f 1851 1852 1846
f 1850 1845 1852
f 1853 1852 1851
f 1854 1850 1852
f 1853 1855 1852
f 1851 1839 1841
f 1851 1841 1853
f 1856 1853 1841
f 1857 1855 1853
f 1853 1879 1897
f 1857 1853 1897
f 1537 1536 1689
f 1537 1689 1699
f 1858 1859 1832
f 1859 1858 1860
f 1832 1537 1861
f 1537 1699 1861
f 1861 1699 1700
f 1700 1702 1861
f 1862 1861 1702
f 1858 1832 1861
f 1858 1861 1862
f 1860 1858 1862
f 1865 1860 1862
f 1862 1863 1865
f 1838 1859 1840
f 1840 1859 1860
f 1864 1702 1704
f 1864 1862 1702
f 1863 1862 1864
f 1863 1864 1866
f 1867 1704 1703
f 1867 1703 1868
f 1866 1704 1867
f 1864 1704 1866
f 1869 1863 1866
f 1863 1870 1865
f 1869 1866 1867
f 1869 1867 1871
f 2441 1871 1867
f 1840 1860 1872
f 1841 1838 1840
f 1872 1860 1865
f 1873 1872 1865
f 1873 1865 1870
f 1870 1863 1869
f 1870 1869 1874
f 1875 1870 1874
f 1874 1869 1871
f 1841 1840 1876
f 1856 1841 1876
f 1876 1840 1872
f 1872 1873 1876
f 1856 1876 1877
f 1877 1876 1873
f 1878 1877 1873
f 1878 1873 1875
f 1879 1853 1856
f 1856 1877 1879
f 1877 1880 1879
f 1880 1877 1878
f 1880 1878 1884
f 1884 1878 1881
f 1875 1873 1870
f 1881 1875 1874
f 1878 1875 1881
f 1882 1874 1871
f 1882 1871 1883
f 1881 1874 1882
f 1885 1884 1881
f 1886 1881 1882
f 1886 1882 1887
f 1888 1887 1882
f 1885 1881 1886
f 1885 1886 1887
f 1849 1847 1848
f 1819 1790 1847
f 1819 1847 1889
f 1891 1847 1849
f 1891 1889 1847
f 1891 1849 1890
f 1890 1849 1850
f 1890 1850 1854
f 1892 1819 1889
f 1892 1889 1893
f 1893 1889 1891
f 1891 1890 1894
f 1891 1894 1893
f 1855 1894 1854
f 1854 1852 1855
f 1894 1890 1854
f 1895 1894 1855
f 1895 1896 1894
f 1895 1855 1857
f 1898 1895 1857
f 1899 1857 1897
f 1900 1899 1897
f 1898 1857 1899
f 1895 1901 1896
f 1901 1895 1898
f 1898 1902 1901
f 1902 1898 1899
f 1902 1899 1903
f 1820 1792 1819
f 1820 1819 1892
f 1904 1892 1893
f 1892 1904 1905
f 1906 1904 1893
f 1906 1893 1907
f 1908 1804 1905
f 1804 1892 1905
f 1905 1904 1906
f 1909 1905 1906
f 3691 1908 1905
f 3691 1905 1909
f 1910 3691 1909
f 1907 1893 1894
f 1894 1896 1907
f 1907 1896 1911
f 1906 1907 1911
f 1911 1914 1906
f 1909 1906 1912
f 1912 1906 1914
f 1914 1911 1913
f 1911 1902 1913
f 1911 1896 1901
f 1902 1903 1932
f 1902 1911 1901
f 1913 1902 1932
f 1913 1932 1915
f 1897 1879 1916
f 1900 1897 1916
f 1916 1879 1880
f 1917 1916 1880
f 1917 1880 1884
f 1918 1917 1884
f 1919 1916 1917
f 1917 1920 1919
f 1921 1917 1918
f 1920 1917 1921
f 1903 1899 1900
f 1916 1919 1900
f 1900 1922 1903
f 1920 1921 1923
f 1884 1924 1918
f 1921 1918 1924
f 1924 1884 1885
f 1925 1885 1887
f 1925 1887 2459
f 1924 1885 1925
f 1921 1924 1923
f 1926 1923 1927
f 1927 1923 1924
f 1927 1924 1925
f 1926 1927 1928
f 1936 1927 1925
f 1919 1923 1929
f 1922 1919 1929
f 1930 1903 1922
f 1922 1929 1931
f 1929 1934 1931
f 1932 1903 1930
f 1933 1932 1930
f 1931 1930 1922
f 1920 1923 1919
f 1929 1923 1934
f 1934 1923 1926
f 1935 1934 1926
f 1935 1926 1928
f 1928 1927 1936
f 1938 1928 1936
f 1937 1938 1936
f 1938 1944 1939
f 1773 1772 1771
f 1777 1778 1776
f 1821 1804 1908
f 1892 1804 1820
f 1913 1940 1914
f 1915 1940 1913
f 1919 1922 1900
f 1941 1930 1942
f 1931 1942 1930
f 1942 1931 1934
f 1934 1935 1943
f 1939 1935 1928
f 1942 1934 1943
f 1935 1939 1943
f 1939 1928 1938
f 1150 1148 1149
f 1945 1154 1159
f 1161 1156 1155
f 1946 1159 1156
f 1161 1946 1156
f 1946 1947 1159
f 1948 1161 1949
f 1161 1948 1946
f 1946 1948 1947
f 1950 1947 1948
f 1949 1164 1250
f 1949 1250 1948
f 1148 1951 1142
f 1142 1951 621
f 1952 1951 1148
f 1952 1148 1953
f 1956 1952 1953
f 1953 1954 1956
f 1954 1953 1955
f 621 1951 622
f 622 1951 1952
f 625 622 1952
f 1957 1952 1956
f 625 1952 1957
f 625 1957 637
f 1957 1958 637
f 1955 1959 1954
f 1954 1958 1956
f 1958 1957 1956
f 1954 1959 1960
f 1960 1958 1954
f 1960 1974 1958
f 1960 1959 1961
f 1974 1960 1969
f 1154 1962 1150
f 1945 1962 1154
f 1945 1963 1962
f 1953 1150 1962
f 1955 1953 1962
f 1962 1963 1955
f 1963 1966 1955
f 1159 1964 1945
f 1964 1963 1945
f 1964 1965 1963
f 1959 1955 1961
f 1955 1966 1961
f 1960 1961 1969
f 1966 1967 1961
f 1968 1961 1967
f 1969 1961 1968
f 1966 1963 1965
f 1966 1965 1970
f 1965 2002 1970
f 1970 1967 1966
f 1970 1968 1967
f 1968 1970 1971
f 1970 2002 1971
f 1958 639 637
f 1958 1972 639
f 639 1972 1973
f 1972 1958 1974
f 1969 1975 1974
f 1977 1976 1975
f 1974 1973 1972
f 1978 1973 1974
f 1974 1975 1978
f 1978 1975 1976
f 1973 1979 639
f 1979 1973 1980
f 646 1979 1980
f 646 1980 1981
f 1982 1980 1973
f 1973 1978 1982
f 1981 1980 1982
f 1982 1978 1988
f 1982 1988 1990
f 1977 1975 1969
f 1968 1983 1969
f 1983 1977 1969
f 1977 1988 1976
f 1976 1988 1978
f 1988 1977 1989
f 1989 1977 1985
f 1968 1971 1983
f 1977 1983 1985
f 1985 1983 1971
f 1971 1984 1985
f 1987 1985 1984
f 1989 1985 1986
f 1987 1986 1985
f 2043 646 1981
f 1982 2046 1981
f 2046 2045 1981
f 1982 1990 2046
f 1990 1988 1989
f 2046 1990 1992
f 1992 1990 1991
f 1990 1989 1991
f 1989 1986 1991
f 1986 1987 2018
f 1993 1986 2018
f 1964 1159 1947
f 1947 1994 1964
f 1994 1995 1964
f 1965 1964 1995
f 1950 1994 1947
f 1996 1994 1950
f 1950 1948 1997
f 1998 1994 1996
f 1995 1994 1998
f 1998 2003 1995
f 1999 2003 1998
f 1996 2000 1998
f 1998 2000 1999
f 2001 1999 2000
f 1965 1995 2002
f 1995 2003 2002
f 2002 2004 1971
f 2004 2002 2005
f 2002 2003 2005
f 2003 2006 2005
f 2006 2003 1999
f 1999 2001 2006
f 1997 1948 1250
f 1996 1950 1997
f 2007 1996 1997
f 1250 1254 1997
f 1255 1997 1254
f 1255 2007 1997
f 2007 1255 2008
f 2008 2000 2007
f 2000 1996 2007
f 2008 1255 1317
f 1317 1255 1261
f 2009 2001 2000
f 2010 1317 2011
f 1317 2010 2008
f 2010 2009 2008
f 2008 2009 2000
f 2012 2009 2010
f 2004 1984 1971
f 1984 2004 2005
f 2014 1987 1984
f 2013 1984 2005
f 2014 1984 2013
f 2015 2005 2006
f 2005 2015 2013
f 2006 2017 2015
f 2017 2016 2015
f 2016 2013 2015
f 2014 2018 1987
f 2014 2013 2019
f 2018 2014 2019
f 2019 2013 2016
f 2016 2021 2019
f 2016 2017 2020
f 2021 2016 2020
f 2034 2030 2012
f 2022 2006 2001
f 2022 2017 2006
f 2001 2009 2022
f 2022 2009 2025
f 2017 2022 2023
f 2023 2022 2025
f 2024 2017 2023
f 2009 2012 2025
f 2023 2025 2029
f 2025 2012 2030
f 2020 2017 2024
f 2027 2024 2023
f 2026 2021 2020
f 2026 2020 2024
f 2073 2027 2028
f 2027 2026 2024
f 2073 2026 2027
f 2027 2023 2029
f 2029 2025 2030
f 2031 2029 2030
f 2029 2028 2027
f 2031 2028 2029
f 2032 2018 2019
f 2019 2033 2032
f 1316 2011 1317
f 2034 2010 2011
f 1319 2011 1316
f 2035 2011 1319
f 2035 2034 2011
f 2010 2034 2012
f 2030 2034 2036
f 2035 2036 2034
f 2035 1319 1330
f 2038 2030 2036
f 2038 2036 2037
f 2039 2035 1330
f 1332 1330 1329
f 1332 2039 1330
f 2195 2039 1332
f 2040 2036 2035
f 2039 2040 2035
f 2037 2036 2040
f 2041 2037 2040
f 2042 2031 2038
f 2031 2030 2038
f 2043 647 646
f 768 647 2043
f 2045 2043 1981
f 2044 2043 2045
f 2043 2044 768
f 2045 2046 2044
f 2054 2044 2046
f 771 768 2044
f 2044 2048 771
f 2047 771 2048
f 2048 2059 2047
f 2049 2048 2044
f 2050 2048 2049
f 2049 2044 2054
f 2050 2049 2051
f 2053 2046 1992
f 2046 2053 2054
f 1992 2052 2053
f 2055 2054 2053
f 1993 1992 1991
f 1993 2052 1992
f 1986 1993 1991
f 1993 2079 2052
f 2055 2053 2052
f 2052 2056 2055
f 2052 2079 2056
f 2051 2049 2054
f 2055 2051 2054
f 2051 2055 2057
f 2065 2051 2057
f 2057 2055 2056
f 2058 2065 2057
f 2057 2056 2058
f 782 2047 2059
f 2050 2059 2048
f 2059 784 782
f 2050 784 2059
f 784 2050 2060
f 2060 2050 2061
f 2060 2061 2066
f 788 784 2062
f 2062 784 2060
f 2062 2063 788
f 2062 2060 2064
f 2062 2064 2063
f 2064 2060 2066
f 2063 2117 2111
f 2117 2063 2064
f 2051 2061 2050
f 2061 2051 2065
f 2066 2061 2065
f 2065 2058 2068
f 2068 2058 2084
f 2065 2068 2067
f 2069 2068 2084
f 2064 2066 2070
f 2117 2064 2070
f 2066 2065 2067
f 2066 2067 2070
f 2070 2067 2071
f 2117 2070 2071
f 2069 2071 2067
f 2069 2067 2068
f 2069 2098 2071
f 2073 2072 2026
f 2074 2073 2028
f 2074 2028 2031
f 2031 2075 2074
f 2075 2077 2074
f 2076 2074 2077
f 2192 2077 2189
f 2076 2077 2192
f 2078 2076 2192
f 2080 1993 2018
f 2080 2079 1993
f 2032 2080 2018
f 2080 2082 2079
f 2080 2032 2033
f 2033 2019 2021
f 2080 2033 2082
f 2082 2033 2085
f 2085 2033 2081
f 2056 2079 2082
f 2058 2056 2083
f 2083 2056 2082
f 2083 2082 2087
f 2084 2058 2083
f 2081 2087 2085
f 2082 2085 2087
f 2093 2087 2081
f 2072 2021 2026
f 2033 2021 2072
f 2033 2072 2088
f 2072 2073 2088
f 2074 2088 2073
f 2076 2088 2074
f 2088 2081 2033
f 2089 2088 2076
f 2089 2081 2088
f 2093 2081 2090
f 2090 2081 2089
f 2089 2091 2090
f 2091 2089 2076
f 2078 2091 2076
f 2084 2083 2086
f 2086 2083 2087
f 2093 2086 2087
f 2094 2086 2093
f 2086 2095 2084
f 2096 2086 2094
f 2095 2086 2096
f 2095 2096 2101
f 2101 2096 2103
f 2069 2084 2097
f 2084 2095 2097
f 2097 2098 2069
f 2099 2098 2097
f 2100 2097 2095
f 2101 2100 2095
f 2101 2102 2100
f 2104 2090 2091
f 2093 2090 2104
f 2093 2104 2094
f 2106 2105 2091
f 2104 2091 2105
f 2106 2091 2078
f 2106 2078 2092
f 2105 2106 2109
f 2107 2096 2094
f 2107 2094 2104
f 2103 2096 2107
f 2108 2107 2104
f 2107 2141 2103
f 2141 2107 2108
f 2105 2109 2104
f 2104 2109 2108
f 2144 2108 2109
f 787 788 2063
f 824 787 2063
f 2110 824 2063
f 2063 2111 2110
f 829 824 2110
f 2113 829 2110
f 2117 2119 2111
f 2112 2110 2111
f 2112 2111 2119
f 829 2113 830
f 2113 2114 830
f 2113 2110 2114
f 2110 2112 2114
f 2112 2116 2114
f 2112 2115 2116
f 2115 2123 2116
f 2071 2118 2117
f 2117 2118 2119
f 2120 2071 2121
f 2118 2071 2120
f 2122 2119 2118
f 2122 2118 2120
f 2115 2112 2119
f 2115 2119 2122
f 2123 2115 2122
f 2125 2122 2124
f 2124 2122 2120
f 2124 2120 2126
f 2114 2127 830
f 830 2127 845
f 2127 2114 2116
f 845 2127 2128
f 2127 2116 2128
f 2128 2116 2123
f 2129 2128 2123
f 2123 2122 2125
f 2125 2129 2123
f 2129 2125 2130
f 2131 2125 2124
f 2126 2131 2124
f 2130 2125 2131
f 2132 2130 2131
f 2133 2130 2132
f 2098 2121 2071
f 2099 2121 2098
f 2097 2100 2099
f 2099 2134 2121
f 2134 2120 2121
f 2100 2102 2099
f 2099 2102 2135
f 2103 2102 2101
f 2135 2102 2142
f 2135 2142 2136
f 2099 2135 2134
f 2137 2134 2135
f 2120 2134 2126
f 2137 2126 2134
f 2131 2126 2137
f 2137 2135 2136
f 2138 2137 2136
f 2140 2136 2139
f 2138 2136 2140
f 2137 2138 2155
f 2141 2108 2145
f 2142 2103 2141
f 2145 2143 2141
f 2142 2141 2143
f 2151 2142 2143
f 2145 2108 2144
f 2146 2145 2144
f 2147 2143 2145
f 2151 2143 2148
f 2148 2143 2147
f 2147 2145 2146
f 2147 2146 2149
f 2147 2149 2148
f 2148 2153 2151
f 2150 2151 2153
f 2153 2148 2149
f 2152 2150 2153
f 2142 2102 2103
f 2139 2142 2151
f 2136 2142 2139
f 2150 2139 2151
f 2139 2150 2140
f 2131 2137 2154
f 2154 2137 2155
f 2131 2154 2132
f 2157 2132 2154
f 2157 2154 2155
f 2156 2138 2140
f 2155 2138 2156
f 2156 2157 2155
f 2132 2157 2158
f 2133 2132 2158
f 2158 2157 2160
f 2160 2157 2156
f 2156 2161 2160
f 2160 2159 2158
f 2161 2162 2160
f 2162 2159 2160
f 2152 2153 2272
f 2164 2152 2272
f 2163 2152 2164
f 2272 2274 2164
f 2165 2170 2164
f 2163 2140 2150
f 2156 2140 2161
f 2161 2140 2166
f 2166 2140 2163
f 2163 2150 2152
f 2167 2161 2166
f 2167 2166 2163
f 2162 2161 2167
f 2162 2167 2168
f 2164 2170 2163
f 2169 2163 2170
f 2167 2163 2169
f 2167 2169 2171
f 2172 2170 2165
f 2169 2170 2172
f 2169 2172 3757
f 852 851 845
f 852 845 2174
f 2174 845 2128
f 2176 2174 2128
f 2176 2175 2174
f 2174 2175 852
f 2176 2128 2173
f 2178 2175 2176
f 2178 2176 2173
f 2173 2128 2129
f 2173 2129 2177
f 2130 2177 2129
f 3832 2173 2177
f 2178 2173 3832
f 3832 2177 2180
f 2179 3832 2180
f 2130 2180 2177
f 2180 2130 2133
f 2181 2180 2133
f 2039 2195 2182
f 2185 2182 2196
f 2041 2040 2183
f 2182 2040 2039
f 2183 2040 2182
f 2184 2041 2183
f 2185 2183 2182
f 2186 2184 2183
f 2186 2183 2185
f 2187 2186 2185
f 2075 2031 2042
f 2041 2038 2037
f 2042 2038 2041
f 2075 2042 2189
f 2042 2041 2189
f 2077 2075 2189
f 2188 2041 2184
f 2186 2188 2184
f 2189 2041 2188
f 2190 2189 2188
f 2192 2189 2191
f 2190 2191 2189
f 2092 2192 2191
f 2092 2078 2192
f 2191 2190 2201
f 2187 2193 2188
f 2190 2188 2193
f 2187 2188 2186
f 2205 2190 2193
f 2201 2190 2205
f 2194 2193 2187
f 1545 2195 1332
f 2195 1545 1546
f 2196 2182 2195
f 2196 2195 1546
f 2196 1546 1550
f 1550 2198 2196
f 2196 2197 2185
f 2198 2197 2196
f 2185 2197 2187
f 2194 2187 2219
f 2197 2198 2219
f 2219 2187 2197
f 2202 2092 2191
f 2201 2202 2191
f 2202 2106 2092
f 2203 2106 2202
f 2202 2201 2204
f 2202 2204 2203
f 2205 2193 2194
f 2205 2194 2200
f 2206 2208 2205
f 2207 2208 2206
f 2206 2205 2200
f 2205 2208 2201
f 2208 2204 2201
f 2204 2209 2203
f 2209 2204 2214
f 2206 2200 2210
f 2211 2206 2210
f 2207 2206 2211
f 2207 2211 2212
f 2213 2212 2211
f 2208 2207 2204
f 2204 2207 2214
f 2214 2207 2212
f 2212 2215 2214
f 2223 2209 2214
f 2212 2224 2215
f 1563 2198 1552
f 1563 2199 2198
f 2217 2199 1563
f 2218 2199 2217
f 2218 2216 2199
f 2219 2198 2199
f 2199 2216 2219
f 2200 2219 2216
f 2194 2219 2200
f 2221 2200 2216
f 2217 1563 1566
f 2221 2216 2218
f 2218 2220 2221
f 2218 2217 2220
f 2221 2210 2200
f 2210 2221 2222
f 2233 2222 2221
f 2220 2233 2221
f 2233 2220 2237
f 1570 2217 1566
f 2236 2217 1570
f 2222 2211 2210
f 2213 2211 2222
f 2203 2109 2106
f 2263 2109 2203
f 2263 2203 2209
f 2144 2109 2263
f 2263 2209 2223
f 2224 2212 2213
f 2223 2214 2215
f 2225 2264 2215
f 2226 2264 2225
f 2225 2215 2224
f 2227 2226 2225
f 2273 2226 2228
f 2228 2226 2227
f 2229 2225 2224
f 2225 2229 2227
f 2229 2231 2227
f 2244 2228 2227
f 2244 2227 2231
f 2245 2244 2231
f 2230 2228 2244
f 2220 2236 2237
f 2233 2237 2234
f 2235 2222 2233
f 2232 2234 2237
f 2233 2234 2235
f 2236 2220 2217
f 2234 2232 2239
f 2241 2236 1624
f 2241 2237 2236
f 1624 2240 2241
f 2241 2232 2237
f 2240 2232 2241
f 1639 2240 1624
f 2213 2222 2235
f 2235 2242 2213
f 2224 2213 2242
f 2234 2238 2235
f 2238 2242 2235
f 2242 2229 2224
f 2231 2229 2242
f 2231 2242 2238
f 2239 2238 2234
f 2243 2238 2239
f 2244 2269 2230
f 2269 2244 2245
f 2245 2277 2269
f 2246 2277 2245
f 2232 2240 2250
f 2250 2247 2232
f 2239 2232 2247
f 2243 2239 2247
f 2250 2255 2247
f 2255 2251 2247
f 2248 2243 2247
f 2251 2248 2247
f 2249 2240 1639
f 2249 2250 2240
f 1642 2249 1639
f 2254 2249 1642
f 2254 2250 2249
f 2255 2250 2254
f 2251 2260 2248
f 2252 2251 2253
f 2260 2251 2252
f 2254 2256 2255
f 2257 2254 1642
f 2256 2254 2257
f 2253 2251 2255
f 2256 2253 2255
f 2231 2238 2243
f 2243 2258 2231
f 2258 2243 2248
f 2259 2258 2248
f 2258 2245 2231
f 2245 2258 2259
f 2259 2248 2260
f 2259 2261 2246
f 2261 2259 2260
f 2246 2245 2259
f 2262 2246 2261
f 2264 2263 2223
f 2263 2146 2144
f 2146 2263 2265
f 2265 2263 2264
f 2264 2223 2215
f 2266 2265 2273
f 2265 2266 2268
f 2267 2268 2266
f 2268 2146 2265
f 2149 2146 2268
f 2267 2149 2268
f 2149 2267 2153
f 2264 2226 2265
f 2273 2265 2226
f 2228 2230 2273
f 2269 2266 2273
f 2270 2267 2266
f 2271 2270 2266
f 2272 2153 2267
f 2270 2272 2267
f 2274 2272 2270
f 2270 2271 2274
f 2269 2273 2230
f 2269 2271 2266
f 2165 2164 2274
f 2274 2275 2165
f 2275 2271 2276
f 2271 2275 2274
f 2271 2269 2277
f 2278 2277 2246
f 2271 2277 2278
f 2278 2276 2271
f 1150 1953 1148
f 2279 2280 1668
f 2280 2279 2281
f 2282 2280 2281
f 2282 1671 2280
f 2285 1674 1671
f 2284 1675 1674
f 1671 2282 2285
f 2285 2282 2283
f 2285 2284 1674
f 2284 2285 2286
f 2283 2282 2287
f 2286 2285 2283
f 2288 2286 2283
f 2284 2286 2290
f 2291 1675 2284
f 2290 2291 2284
f 2290 2286 2288
f 2288 2283 2289
f 2310 2288 2303
f 2290 2288 2310
f 2288 2289 2303
f 874 871 870
f 871 874 2279
f 874 2281 2279
f 2281 874 875
f 2293 2292 875
f 2281 875 2292
f 2282 2281 2287
f 2281 2292 2287
f 2292 2294 2287
f 878 875 873
f 878 2293 875
f 2293 2295 2292
f 2295 2296 2292
f 2296 2294 2292
f 879 2293 878
f 2293 879 2295
f 879 2298 2295
f 2296 2295 2298
f 2294 2296 2297
f 2341 2296 2339
f 2341 2299 2296
f 2299 2300 2296
f 2283 2287 2289
f 2294 2301 2287
f 2287 2301 2289
f 2289 2302 2303
f 2304 2302 2301
f 2294 2297 2301
f 2300 2301 2297
f 2300 2304 2301
f 2300 2306 2304
f 2289 2301 2302
f 2305 2302 2304
f 2306 2305 2304
f 2296 2300 2297
f 2307 2305 2306
f 1675 2291 1225
f 2308 2291 2290
f 2308 2290 2310
f 2310 2309 2308
f 2309 2310 2312
f 2291 2308 2313
f 2312 2310 2303
f 2302 2312 2303
f 2312 2302 2311
f 2312 2311 2315
f 1687 1225 2291
f 1687 2291 2313
f 2313 2308 2314
f 1692 1687 2313
f 2315 2309 2312
f 2314 2308 2309
f 2314 2309 2315
f 2314 2315 2316
f 2325 2313 2314
f 2317 2318 2315
f 2316 2315 2318
f 2319 2311 2302
f 2315 2311 2317
f 2302 2305 2319
f 2311 2319 2320
f 2317 2311 2320
f 2320 2319 2321
f 2317 2322 2318
f 2322 2317 2320
f 2319 2305 2307
f 2319 2307 2321
f 2323 2320 2321
f 2322 2320 2324
f 2323 2324 2320
f 2325 1692 2313
f 2325 1695 1692
f 1695 2325 2326
f 2325 2314 2316
f 2316 2318 2327
f 2326 2325 2316
f 2326 2316 2327
f 1694 1692 1695
f 1695 1696 1694
f 1695 2329 1696
f 2326 2329 1695
f 2318 2328 2327
f 2330 2327 2328
f 2326 2331 2332
f 1696 2329 2333
f 2329 2326 2332
f 2327 2331 2326
f 2327 2330 2331
f 2332 2331 2334
f 2331 2335 2334
f 2330 2335 2331
f 2318 2322 2328
f 2336 2330 2328
f 2336 2328 2322
f 2324 2336 2322
f 2336 2324 2337
f 2333 2329 2332
f 2332 2338 2333
f 2333 2338 1703
f 2338 2332 2334
f 2334 2437 2338
f 2335 2437 2334
f 966 2298 879
f 964 966 879
f 2298 2339 2296
f 969 966 968
f 2339 2298 966
f 969 2339 966
f 2340 2339 969
f 2339 2340 2341
f 2299 2341 2343
f 2300 2299 2342
f 2342 2299 2344
f 2342 2306 2300
f 2345 2306 2342
f 2345 2307 2306
f 2363 2307 2345
f 2340 2343 2341
f 2299 2343 2344
f 969 2346 2340
f 2346 2347 2340
f 2347 2343 2340
f 2343 2348 2344
f 2348 2343 2347
f 2345 2342 2344
f 2349 2350 2344
f 2349 2344 2348
f 2344 2350 2345
f 2345 2350 2351
f 2352 2347 2346
f 2348 2347 2354
f 2353 2348 2354
f 2354 2347 2352
f 983 2352 2346
f 983 2355 2352
f 2356 2355 983
f 2357 2354 2355
f 2357 2353 2354
f 2353 2349 2348
f 2359 2358 2353
f 2360 2353 2357
f 2359 2353 2360
f 2361 2362 2396
f 2307 2363 2321
f 2321 2363 2323
f 2364 2323 2363
f 2337 2324 2323
f 2323 2364 2337
f 2337 2364 2365
f 2365 2368 2337
f 2366 2337 2368
f 2369 2336 2337
f 2366 2369 2337
f 2370 2369 2366
f 2369 2330 2336
f 2369 2335 2330
f 2369 2371 2335
f 2366 2368 2367
f 2370 2366 2372
f 2367 2372 2366
f 2370 2373 2369
f 2374 2373 2370
f 2375 2373 2374
f 2372 2374 2370
f 2376 2372 2377
f 2376 2374 2372
f 2375 2374 2376
f 2378 2375 2376
f 2378 2376 2379
f 2363 2345 2351
f 2364 2363 2351
f 2351 2380 2364
f 2380 2365 2364
f 2380 2381 2365
f 2381 2368 2365
f 2382 2380 2383
f 2382 2381 2380
f 2386 2382 2383
f 2384 2381 2382
f 2384 2368 2381
f 2384 2367 2368
f 2385 2384 2382
f 2386 2385 2382
f 2388 2385 2386
f 2385 2387 2384
f 2385 2388 2387
f 2377 2372 2367
f 2377 2367 2384
f 2389 2377 2384
f 2387 2389 2384
f 2389 2387 2391
f 2379 2376 2377
f 2379 2377 2389
f 2390 2379 2389
f 2396 2362 2394
f 2395 2361 2396
f 2395 2397 2361
f 2398 2399 2397
f 2400 2401 2402
f 2402 2395 2400
f 1055 2393 1054
f 2403 1055 1059
f 1055 2403 2393
f 2404 2392 2393
f 2403 2404 2393
f 2405 2403 1059
f 2406 2404 2403
f 2404 2406 2407
f 2405 2406 2403
f 2405 2408 2406
f 2406 2408 2409
f 2407 2401 2404
f 2402 2410 2411
f 2407 2410 2402
f 2406 2409 2407
f 2409 2412 2407
f 2413 2410 2407
f 2413 2414 2410
f 2413 2407 2412
f 2413 2412 2415
f 2379 2390 2378
f 2388 2386 2478
f 2478 2416 2388
f 2388 2417 2387
f 2391 2387 2417
f 2390 2389 2391
f 2418 2390 2422
f 2419 2390 2391
f 2419 2391 2420
f 2419 2420 2421
f 2422 2390 2419
f 2423 2479 2480
f 2414 2423 2480
f 2424 2423 2414
f 2479 2423 2425
f 2426 2425 2423
f 2424 2426 2423
f 2426 2427 2425
f 2413 2428 2414
f 2428 2424 2414
f 2415 2428 2413
f 2424 4102 2426
f 2429 4102 2424
f 2430 2420 2426
f 2430 2421 2420
f 2431 2422 2421
f 2432 2433 2431
f 2434 2421 2430
f 2435 2421 2434
f 2436 2431 2421
f 2431 2436 2432
f 1868 1703 2338
f 2338 2437 1868
f 2371 2437 2335
f 2438 2437 2371
f 2439 2438 2371
f 1868 2437 2438
f 2441 1867 1868
f 2438 2441 1868
f 2438 2439 2440
f 1871 2441 2442
f 2438 2442 2441
f 2440 2442 2438
f 2373 2439 2371
f 2375 2439 2373
f 1883 1871 2442
f 2444 1883 2442
f 2440 2443 2442
f 2443 2444 2442
f 2446 2444 2443
f 2446 2443 2447
f 2446 2445 2444
f 2446 2447 2456
f 2448 2440 2439
f 2439 2375 2448
f 2448 2449 2440
f 2448 2375 2450
f 2378 2450 2375
f 2481 2449 2450
f 2450 2378 2481
f 1888 1882 1883
f 1888 1883 2444
f 1888 2444 2445
f 2451 2446 2452
f 2452 2446 2456
f 2453 2452 2456
f 2418 2378 2390
f 2455 2378 2418
f 2433 2418 2422
f 2455 2418 2433
f 2456 2458 2453
f 2459 1887 1888
f 2451 1888 2445
f 2459 1888 2451
f 2460 2459 2451
f 2451 2445 2446
f 2461 1925 2459
f 2461 2459 2460
f 1936 1925 2461
f 2462 2461 2460
f 2460 2451 2463
f 2464 2483 2457
f 2465 2457 2432
f 2483 2464 2466
f 2467 2466 2464
f 2464 2457 2465
f 2467 2464 2465
f 2468 2469 2470
f 1937 1936 2462
f 1936 2461 2462
f 2471 2462 2460
f 2349 2358 2350
f 2380 2351 2350
f 2356 983 1065
f 2352 2355 2354
f 2394 2357 2355
f 2349 2353 2358
f 2358 2383 2350
f 2472 2358 2359
f 2472 2383 2358
f 2361 2359 2360
f 2360 2357 2362
f 2360 2362 2361
f 2361 2472 2359
f 2472 2361 2397
f 2473 2472 2397
f 2369 2373 2371
f 2380 2350 2383
f 2383 2472 2386
f 2473 2386 2472
f 2473 2399 2386
f 2356 1065 2474
f 2355 2356 2394
f 2474 2394 2356
f 2362 2357 2394
f 1054 2474 1065
f 1054 2393 2474
f 2474 2392 2394
f 2393 2392 2474
f 2404 2401 2392
f 2473 2397 2399
f 2475 2397 2395
f 2475 2398 2397
f 2394 2395 2396
f 2400 2395 2394
f 2400 2394 2392
f 2402 2475 2395
f 2402 2411 2475
f 2401 2400 2392
f 2476 2398 2475
f 2475 2411 2476
f 2411 2477 2476
f 2410 2414 2477
f 2411 2410 2477
f 2401 2407 2402
f 2386 2399 2478
f 2478 2399 2476
f 2416 2417 2388
f 2479 2416 2478
f 2417 2416 2425
f 2479 2425 2416
f 2417 2425 2427
f 2420 2417 2427
f 2426 2420 2427
f 2476 2399 2398
f 2478 2476 2480
f 2478 2480 2479
f 2476 2477 2480
f 2477 2414 2480
f 2420 2391 2417
f 2431 2433 2422
f 2422 2419 2421
f 2429 2424 2428
f 2426 4102 2434
f 2434 2430 2426
f 2465 2432 2436
f 2449 2443 2440
f 2448 2450 2449
f 2481 2443 2449
f 2447 2443 2481
f 2482 2447 2481
f 2481 2454 2482
f 2378 2454 2481
f 2454 2378 2455
f 2456 2447 2482
f 2482 2454 2457
f 2455 2457 2454
f 2455 2433 2432
f 2432 2457 2455
f 2456 2482 2458
f 2482 2483 2458
f 2482 2457 2483
f 2453 2458 2483
f 2484 2452 2453
f 2485 2453 2483
f 2451 2452 2463
f 2463 2452 2484
f 2486 2463 2484
f 2484 2453 2485
f 2485 2483 2466
f 2485 2470 2484
f 2485 2466 2470
f 2486 2484 2469
f 2469 2484 2470
f 2488 2486 2469
f 2470 2466 2467
f 2470 2467 2489
f 2490 2462 2471
f 2463 2471 2460
f 2463 2487 2471
f 2486 2487 2463
f 2462 2491 1937
f 1938 1937 2491
f 2490 2491 2462
f 1938 2492 1944
f 2492 1938 2491
f 2490 2471 2487
f 2493 2494 2495
f 2495 2496 2497
f 2494 2496 2495
f 2498 2499 2497
f 2498 2497 2502
f 2496 2500 2497
f 2500 2496 2501
f 2501 2496 2919
f 2502 2497 2500
f 2501 2502 2500
f 2502 2501 2503
f 2923 2765 2503
f 166 165 2505
f 2504 2505 165
f 2504 2506 2505
f 2504 2507 2506
f 2508 2512 2507
f 2517 2508 2507
f 174 2509 175
f 166 2509 167
f 174 167 2509
f 2505 2509 166
f 2506 2509 2505
f 2512 2509 2506
f 2509 2510 175
f 2510 176 175
f 2510 3178 176
f 2510 2511 2515
f 2510 2509 2511
f 2509 2512 2511
f 2515 3178 2510
f 2513 2511 2512
f 2512 2506 2507
f 2508 2520 2512
f 2513 2514 2511
f 2514 2515 2511
f 2517 2507 2516
f 2517 2520 2508
f 2518 2517 2614
f 2518 2519 2517
f 2519 2619 2696
f 2525 2519 2696
f 2513 2512 2520
f 2520 2521 2513
f 2522 2521 2520
f 2523 2514 2513
f 2514 2523 3195
f 2521 2523 2513
f 2523 2521 3195
f 2520 2517 2524
f 2517 2519 2524
f 2522 2520 2524
f 2525 2522 2524
f 2519 2525 2524
f 2522 2525 2526
f 2521 2522 3195
f 2527 3195 2522
f 2526 2527 2522
f 2528 2525 2696
f 2529 2526 2525
f 2528 2529 2525
f 2528 2531 2529
f 2530 2527 2526
f 2526 2531 2530
f 2531 2526 2529
f 2532 2531 2528
f 2531 2534 2533
f 2531 2532 2534
f 2535 2534 2532
f 2536 2534 2535
f 2538 2539 2540
f 2542 2541 2540
f 2542 2540 2539
f 2579 2566 2541
f 2579 2541 2542
f 2545 259 2544
f 2546 2545 2544
f 2546 2544 2547
f 2543 2545 2546
f 2546 2547 2543
f 2548 2567 2547
f 2549 2550 2543
f 2561 2547 2567
f 2549 2547 2561
f 2549 2543 2547
f 2552 268 269
f 2552 2553 268
f 2552 2551 2553
f 2554 2551 2552
f 2551 2544 2553
f 2547 2544 2551
f 2538 2552 269
f 2554 2552 2538
f 2554 2538 2540
f 2553 2544 259
f 2551 2548 2547
f 2554 2548 2551
f 2555 2554 2541
f 2567 2548 2555
f 2555 2548 2554
f 2541 2554 2540
f 2566 2555 2541
f 2556 2566 2579
f 2556 2579 2595
f 2549 2561 2562
f 2549 2562 2559
f 2562 2561 2558
f 2562 2558 2569
f 2562 2569 2626
f 2563 2562 2564
f 2559 2562 2563
f 2563 2615 2559
f 2564 2562 2626
f 2565 2563 2564
f 2568 2555 2566
f 2561 2567 2558
f 2569 2567 2555
f 2569 2558 2567
f 2555 2568 2569
f 2568 2566 2556
f 2570 2569 2568
f 2569 2570 2626
f 2621 2626 2570
f 2570 2568 2556
f 2556 2557 2570
f 2570 2557 2621
f 292 2571 2539
f 2571 2572 2539
f 2571 292 2573
f 293 2573 292
f 2571 2573 2572
f 2573 293 2574
f 2575 2573 2574
f 2576 2581 2577
f 2578 2572 2575
f 2575 2580 2578
f 2572 2542 2539
f 2542 2572 2578
f 2579 2578 2580
f 2579 2542 2578
f 2573 2575 2572
f 2575 2574 2581
f 2576 2575 2581
f 2576 2580 2575
f 300 293 299
f 2582 293 300
f 2582 2574 293
f 2583 300 2584
f 300 301 2584
f 300 2583 2582
f 2574 2582 2581
f 2586 2581 2582
f 2585 2582 2583
f 2586 2582 2585
f 2587 2583 2584
f 2587 2585 2583
f 2585 2588 2586
f 2589 2588 2585
f 2589 2585 2587
f 2589 2587 2936
f 2590 2580 2576
f 2590 2576 2577
f 2577 2581 2591
f 2577 2591 2590
f 2593 2590 2591
f 2592 2593 2591
f 2579 2580 2594
f 2579 2594 2595
f 2599 2595 2594
f 2593 2599 2594
f 2593 2580 2590
f 2594 2580 2593
f 2596 2593 2592
f 2592 2597 2596
f 2597 2592 2606
f 2598 2596 2597
f 2596 2598 2599
f 2595 2600 2556
f 2595 2599 2600
f 2599 2593 2596
f 2600 2557 2556
f 2601 2600 2599
f 2591 2581 2586
f 2602 2591 2586
f 2586 2605 2602
f 2588 2605 2586
f 2592 2591 2602
f 2606 2592 2602
f 2606 2602 2604
f 2604 2602 2605
f 2588 2603 2605
f 2606 2604 2607
f 2608 2606 2607
f 2608 2597 2606
f 2607 2604 2605
f 2607 2605 2609
f 2607 2610 2608
f 2610 2607 2609
f 2545 313 311
f 2545 2611 313
f 313 2611 165
f 2543 2611 2545
f 2550 2611 2543
f 2504 165 2611
f 2612 2611 2550
f 2611 2612 2504
f 2516 2612 2550
f 2504 2612 2516
f 2550 2560 2516
f 2507 2504 2516
f 2559 2550 2549
f 2560 2550 2559
f 2614 2560 2613
f 2613 2518 2614
f 2516 2614 2517
f 2614 2516 2560
f 2615 2560 2559
f 2613 2560 2615
f 2616 2615 2563
f 2616 2613 2615
f 2616 2617 2613
f 2617 2616 2618
f 2619 2518 2617
f 2518 2613 2617
f 2618 2619 2617
f 2519 2518 2619
f 2620 2557 2600
f 2622 2621 2557
f 2620 2622 2557
f 2623 2620 2601
f 2622 2620 2623
f 2623 2633 2622
f 2624 2633 2623
f 2634 2633 2624
f 2625 2624 2623
f 2634 2624 2635
f 2635 2624 2625
f 2564 2626 2627
f 2627 2565 2564
f 2695 2565 2627
f 2628 2695 2627
f 2628 2630 2695
f 2627 2629 2628
f 2630 2628 2629
f 2626 2621 2631
f 2632 2626 2631
f 2632 2627 2626
f 2621 2622 2631
f 2622 2633 2631
f 2632 2631 2633
f 2634 2632 2633
f 2632 2629 2627
f 2636 2637 2635
f 2637 2636 2638
f 2640 2639 2629
f 2630 2629 2639
f 2640 2642 2639
f 2643 2642 2640
f 2641 2643 2640
f 2644 2632 2634
f 2644 2634 2645
f 2646 2644 2645
f 2637 2634 2635
f 2629 2632 2644
f 2646 2629 2644
f 2646 2640 2629
f 2641 2640 2646
f 2637 2645 2634
f 2649 2645 2650
f 2649 2646 2645
f 2651 2646 2649
f 2650 2645 2637
f 2641 2646 2651
f 2652 2647 2648
f 2647 2653 2648
f 2647 2652 2654
f 2654 2652 2655
f 2717 2654 2655
f 2658 2656 2657
f 2598 2658 2657
f 2597 2658 2598
f 2660 2597 2668
f 2660 2658 2597
f 2659 2658 2660
f 2601 2620 2600
f 2598 2601 2599
f 2657 2601 2598
f 2601 2657 2661
f 2601 2661 2623
f 2656 2661 2657
f 2659 2662 2656
f 2663 2662 2659
f 2659 2656 2658
f 2663 2659 2664
f 2659 2660 2664
f 2625 2623 2661
f 2662 2661 2656
f 2663 2661 2662
f 2663 2625 2661
f 2635 2625 2663
f 2665 2666 2672
f 2667 2666 2665
f 2668 2597 2608
f 2668 2608 2670
f 2660 2668 2669
f 2668 2670 2669
f 2493 2670 2608
f 2610 2493 2608
f 2493 2610 2671
f 2674 2673 2675
f 2495 2669 2670
f 2493 2495 2670
f 2660 2669 2495
f 2675 2689 2677
f 2673 2672 2678
f 2678 2672 2666
f 2678 2675 2673
f 2675 2676 2674
f 2676 2675 2677
f 2667 2679 2680
f 2499 2664 2660
f 2635 2663 2636
f 2681 2666 2667
f 2681 2682 2666
f 2681 2683 2682
f 2683 2681 2684
f 2685 2664 2499
f 2663 2664 2685
f 2683 2762 2686
f 2683 2684 2687
f 2499 2660 2497
f 2495 2497 2660
f 2690 2689 2688
f 2682 2678 2666
f 2675 2678 2688
f 2678 2682 2688
f 2688 2689 2675
f 2690 2688 2682
f 2690 2682 2686
f 2692 2690 2686
f 2691 2689 2690
f 2692 2691 2690
f 2692 2765 2691
f 2923 2691 2765
f 2686 2682 2683
f 2681 2667 2680
f 2653 2684 2680
f 2680 2684 2681
f 2679 2648 2653
f 2680 2679 2653
f 2653 2693 2684
f 2693 2653 2647
f 2684 2693 2687
f 2616 2563 2565
f 2616 2565 2694
f 2565 2695 2694
f 2694 2618 2616
f 2697 2618 2694
f 2696 2619 2618
f 2697 2696 2618
f 2697 2694 2695
f 2698 2697 2695
f 2703 2698 2705
f 2698 2695 2630
f 2630 2705 2698
f 2699 2697 2698
f 2696 2697 2700
f 2699 2700 2697
f 2696 2700 2528
f 2699 2698 2703
f 2702 2700 2699
f 2532 2700 2702
f 2701 2702 2699
f 2700 2532 2528
f 2704 2703 2705
f 2705 2630 2639
f 2642 2705 2639
f 2704 2705 2642
f 2701 2699 2703
f 2701 2703 2704
f 2709 2701 2704
f 2643 2704 2642
f 2706 2704 2643
f 2707 2643 2641
f 2707 2706 2643
f 2708 2704 2706
f 2709 2704 2708
f 2710 2708 2706
f 2710 2711 2708
f 2711 2709 2708
f 2712 2709 2711
f 2655 2713 2714
f 2655 2715 2713
f 2715 2655 2652
f 2716 2655 2714
f 2717 2655 2716
f 2719 2714 2718
f 2716 2714 2719
f 2720 2716 2719
f 2721 2702 2701
f 2532 2702 2721
f 2721 2535 2532
f 2709 2721 2701
f 2709 2722 2721
f 2722 2535 2721
f 2722 2536 2535
f 2712 2722 2709
f 2724 2722 2712
f 2724 2723 2722
f 2725 2726 2719
f 2723 2537 2722
f 2722 2537 2536
f 3289 2537 2723
f 2723 2724 2781
f 2781 3289 2723
f 2498 2502 2764
f 2638 2650 2637
f 2650 2638 2727
f 2728 2650 2727
f 2729 2727 2759
f 2729 2728 2727
f 2730 2736 2729
f 2736 2730 2731
f 2732 2707 2641
f 2650 2728 2649
f 2654 2733 2647
f 2733 2654 2741
f 2732 2641 2651
f 2741 2654 2717
f 2651 2649 2728
f 2734 2651 2728
f 2735 2733 2741
f 2731 2738 2740
f 2740 2738 2735
f 2737 2736 2731
f 2729 2734 2728
f 2734 2729 2739
f 2729 2736 2739
f 2707 2732 2742
f 2742 2732 2743
f 2743 2732 2651
f 2743 2651 2734
f 2740 2735 2741
f 2740 2741 2744
f 2741 2717 2745
f 2741 2745 2744
f 2743 2734 2739
f 2746 2743 2739
f 2739 2747 2746
f 2739 2736 2747
f 2737 2747 2736
f 2742 2743 2746
f 2750 2746 2747
f 2751 2747 2737
f 2749 2751 2737
f 2744 2731 2740
f 2731 2744 2749
f 2731 2749 2737
f 2744 2748 2749
f 2636 2663 2752
f 2753 2752 2756
f 2498 2756 2685
f 2663 2685 2752
f 2752 2685 2756
f 2753 2756 2757
f 2757 2756 2764
f 2757 2764 2758
f 2757 2758 2763
f 2763 2758 2754
f 2636 2752 2638
f 2759 2638 2752
f 2761 2687 2760
f 2755 2686 2762
f 2683 2687 2762
f 2762 2754 2755
f 2762 2761 2754
f 2754 2761 2763
f 2761 2762 2687
f 2638 2759 2727
f 2752 2753 2759
f 2730 2753 2757
f 2757 2763 2730
f 2738 2730 2763
f 2729 2759 2753
f 2753 2730 2729
f 2738 2763 2761
f 2498 2685 2499
f 2756 2498 2764
f 2502 2503 2764
f 2765 2764 2503
f 2692 2766 2765
f 2765 2758 2764
f 2758 2765 2766
f 2766 2692 2755
f 2755 2692 2686
f 2755 2754 2758
f 2758 2766 2755
f 2760 2687 2693
f 2760 2693 2733
f 2733 2693 2647
f 2735 2761 2760
f 2735 2760 2733
f 2738 2761 2735
f 2738 2731 2730
f 2767 2706 2707
f 2768 2711 2710
f 2712 2711 2768
f 2710 2706 2767
f 2769 2767 2707
f 2710 2767 2768
f 2717 2716 2770
f 2719 2726 2720
f 2770 2716 2720
f 2771 2720 2777
f 2720 2726 2777
f 2745 2717 2770
f 2770 2771 2772
f 2772 2745 2770
f 2770 2720 2771
f 2773 2771 2777
f 2768 2774 2712
f 2724 2712 2774
f 2775 2724 2774
f 2776 2775 2774
f 2777 2726 2778
f 2779 2777 2780
f 2775 2781 2724
f 2781 2775 2782
f 2776 2782 2775
f 2781 2782 2783
f 2780 2777 2778
f 2784 2778 2785
f 2780 2778 2784
f 2780 2784 2786
f 2776 2774 2768
f 2768 2787 2776
f 2782 2788 2783
f 2789 2788 2782
f 2786 2790 2780
f 2779 2773 2777
f 2779 2780 2790
f 2769 2792 2767
f 2792 2768 2767
f 2787 2768 2792
f 2791 2792 2769
f 2793 2791 2750
f 2793 2792 2791
f 2794 2793 2750
f 2787 2792 2793
f 2798 2787 2793
f 2707 2742 2769
f 2791 2769 2742
f 2772 2744 2745
f 2772 2748 2744
f 2742 2746 2791
f 2746 2750 2791
f 2751 2794 2750
f 2751 2750 2747
f 2751 2749 2748
f 2751 2748 2794
f 2795 2748 2772
f 2795 2772 2771
f 2807 2771 2773
f 2795 2771 2807
f 2795 2810 2748
f 2794 2748 2810
f 2810 2795 2807
f 2810 2801 2794
f 2793 2794 2801
f 2796 2776 2787
f 2789 2782 2776
f 2797 2788 2789
f 2789 2776 2796
f 2798 2793 2799
f 2799 2793 2801
f 2787 2798 2796
f 2804 2799 2801
f 2796 2798 2799
f 2802 2797 2789
f 2803 2796 2799
f 2789 2796 2803
f 2799 2804 2803
f 2801 2800 2804
f 2802 2789 2803
f 2804 2805 2803
f 2806 2804 2800
f 2802 2803 2805
f 2804 2806 2805
f 2806 3467 2805
f 2807 2773 2779
f 2807 2779 2808
f 2809 2810 2807
f 2807 2808 2809
f 2808 2779 2790
f 2808 2790 2809
f 2810 2800 2801
f 2800 2809 2811
f 2809 2800 2810
f 2811 2809 2790
f 2800 2811 2812
f 2812 2806 2800
f 2878 393 394
f 2816 2814 2815
f 2817 2816 2818
f 2819 468 467
f 523 524 2819
f 2820 469 468
f 2821 2819 524
f 2822 2821 524
f 2820 468 2819
f 2820 2821 2823
f 2819 2821 2820
f 505 471 2824
f 2825 2824 471
f 469 2820 471
f 2823 471 2820
f 2825 471 2823
f 2826 2827 2825
f 2822 2823 2821
f 2823 2826 2825
f 2823 2822 2826
f 2828 2829 2830
f 2830 2822 2828
f 2822 2831 2826
f 2831 2832 2826
f 2832 2831 2833
f 2830 2831 2822
f 2834 2830 2835
f 2834 2833 2831
f 2830 2834 2831
f 2836 1024 2837
f 2838 2839 518
f 2840 2841 2842
f 518 2842 2841
f 2839 521 520
f 1024 521 2837
f 2839 2837 521
f 2843 2841 2844
f 2838 518 2845
f 2843 518 2841
f 2843 2845 518
f 2845 2836 2838
f 1024 2836 2846
f 2845 2847 2836
f 2846 2836 2847
f 2845 2843 2848
f 2672 2848 2843
f 2847 2845 2848
f 2849 2827 2826
f 2827 2849 2840
f 2850 2840 2849
f 2832 2849 2826
f 2850 2849 2832
f 2840 2844 2841
f 2840 2850 2844
f 2851 2822 524
f 2822 2851 2828
f 392 393 2852
f 2835 2829 2853
f 2856 2853 2855
f 2856 2855 2854
f 2853 2856 2857
f 2835 2830 2829
f 2858 2814 2816
f 2859 2858 2816
f 2856 2854 2861
f 2856 2861 2860
f 2862 2859 2817
f 2863 2861 2859
f 2861 2863 2860
f 2863 2859 2862
f 2834 2864 2715
f 2679 2865 2648
f 2865 2834 2715
f 2865 2833 2834
f 2648 2865 2715
f 2864 2713 2715
f 2652 2648 2715
f 2844 2672 2843
f 2672 2844 2665
f 2674 2847 2848
f 2673 2674 2848
f 2673 2848 2672
f 2850 2832 2866
f 2665 2850 2866
f 2833 2679 2832
f 2866 2832 2679
f 2850 2665 2844
f 2679 2667 2866
f 2866 2667 2665
f 2865 2679 2833
f 2856 2867 2857
f 2857 2867 2868
f 2869 2857 2868
f 2835 2870 2864
f 2835 2853 2870
f 2864 2834 2835
f 2853 2857 2870
f 2869 2870 2857
f 2713 2864 2870
f 2713 2870 2869
f 2856 2860 2867
f 2872 2871 2860
f 2871 2867 2860
f 2871 2868 2867
f 2873 2863 2862
f 2872 2860 2863
f 2863 2874 2872
f 2874 2863 2873
f 2718 2868 2871
f 2875 2874 2873
f 2868 2714 2869
f 2869 2714 2713
f 2714 2868 2718
f 2871 2872 2718
f 2876 2872 2874
f 2718 2872 2725
f 2719 2718 2725
f 2725 2872 2876
f 2877 2876 2874
f 2877 2785 2876
f 2725 2876 2778
f 2726 2725 2778
f 2778 2876 2785
f 393 2878 2852
f 2878 394 2813
f 2815 2878 2813
f 2852 2878 2814
f 2814 2878 2815
f 2816 2815 2818
f 515 505 2824
f 515 2824 2827
f 2824 2825 2827
f 2837 2839 2836
f 2839 2838 2836
f 517 504 506
f 515 2842 506
f 2840 2842 515
f 2842 517 506
f 2842 516 517
f 2842 518 516
f 2827 2840 515
f 2839 519 518
f 519 2839 520
f 524 2879 2851
f 2851 2879 2880
f 2880 498 525
f 2881 2880 525
f 2880 2879 498
f 2882 2851 2880
f 525 2852 2883
f 2883 2881 525
f 2883 2882 2881
f 2882 2880 2881
f 2882 2883 2855
f 2819 467 523
f 525 392 2852
f 2854 2883 2852
f 2828 2851 2882
f 2882 2829 2828
f 2853 2882 2855
f 2882 2853 2829
f 2854 2855 2883
f 2858 2852 2814
f 2854 2852 2858
f 2861 2854 2858
f 2861 2858 2859
f 2816 2817 2859
f 2885 720 737
f 720 2885 2886
f 2886 717 720
f 2887 2886 2885
f 2884 2888 718
f 2889 2884 717
f 2889 717 2886
f 2884 2890 2888
f 3137 2888 2890
f 2889 2886 2887
f 2893 2887 2885
f 2891 2887 2893
f 2892 2884 2889
f 2892 2890 2884
f 2895 2892 2889
f 2889 2896 2895
f 2887 2891 2889
f 2893 2894 2891
f 2896 2889 2891
f 2896 2891 2894
f 2890 3139 3137
f 2938 3139 2890
f 2938 2890 2892
f 2897 2938 2892
f 2897 2892 2895
f 2897 2895 2898
f 2894 2899 2900
f 2896 2898 2895
f 2898 2896 2948
f 2948 2896 2894
f 2900 2948 2894
f 2885 737 2901
f 2901 737 738
f 2901 738 2902
f 2901 2893 2885
f 2901 2902 2893
f 2902 738 740
f 740 2903 2902
f 2906 2902 2903
f 2903 745 2905
f 745 744 746
f 2905 745 746
f 2905 2904 2903
f 2906 2903 2904
f 2905 2965 2904
f 2893 2899 2894
f 2893 2902 2899
f 2899 2902 2907
f 2907 2902 2906
f 2907 2900 2899
f 2907 2964 2900
f 2906 2908 2907
f 2908 2906 2904
f 2908 2904 2965
f 2493 2671 2909
f 2671 2910 2909
f 2911 2910 2671
f 2494 2493 2909
f 2910 2911 2912
f 2912 2911 2913
f 2914 2912 2913
f 2910 2912 2915
f 2912 2916 2915
f 2912 2914 2916
f 2917 2914 2918
f 2496 2494 2919
f 2920 2919 2494
f 2920 2494 2909
f 2909 2910 2920
f 2910 2915 2920
f 2915 2921 2920
f 2921 2915 2925
f 2921 2919 2920
f 2919 2921 2924
f 2924 2922 2923
f 2503 2501 2924
f 2924 2501 2919
f 2503 2924 2923
f 2925 2924 2921
f 2922 2928 2923
f 2915 2916 2931
f 2925 2915 2931
f 2930 2927 2925
f 2927 2924 2925
f 2928 2922 2929
f 2927 2929 2922
f 2927 2922 2924
f 2929 2927 2926
f 2930 2925 2931
f 2917 2916 2914
f 2932 2916 2917
f 2931 2916 2932
f 2930 2932 3040
f 3040 2926 2930
f 2930 2931 2932
f 2930 2926 2927
f 2917 2918 3037
f 2917 3038 2932
f 2932 3038 3040
f 2587 2584 2933
f 2934 2587 2933
f 2934 2933 3140
f 2933 2584 301
f 2587 2934 2936
f 2936 2934 2935
f 2935 2937 2936
f 2935 2934 3140
f 2939 2938 2940
f 3142 2937 2935
f 3142 2939 2937
f 2940 2937 2939
f 2938 2939 3139
f 2940 2938 2897
f 2603 2588 2589
f 2603 2936 2941
f 2941 2936 2937
f 2936 2603 2589
f 2605 2603 2609
f 2609 2603 2941
f 2941 2937 2942
f 2940 2942 2937
f 2943 2609 2941
f 2943 2610 2609
f 2671 2610 2943
f 2671 2943 2911
f 2944 2943 2941
f 2911 2943 2944
f 2911 2944 2945
f 2945 2944 2942
f 2944 2941 2942
f 2945 2913 2911
f 2898 2940 2897
f 2898 2946 2940
f 2946 2898 2948
f 2942 2940 2946
f 2947 2942 2946
f 2946 2948 2966
f 2966 2900 2964
f 2948 2900 2966
f 2946 2966 2949
f 2949 2966 2950
f 2945 2942 2947
f 2945 2947 2913
f 2947 2946 2949
f 2949 2951 2918
f 2954 2952 2955
f 2956 2952 2957
f 2954 2958 2952
f 2958 2957 2952
f 2952 2956 2959
f 746 747 3163
f 2960 3163 2961
f 2905 2971 2965
f 2971 2905 746
f 746 3163 2960
f 2960 2971 746
f 2960 2961 2962
f 2971 2960 2962
f 2973 2963 2962
f 2964 2907 2908
f 2908 2967 2964
f 2965 2967 2908
f 2967 2966 2964
f 2967 2968 2966
f 2968 2972 2969
f 2969 2970 2968
f 2971 2962 2963
f 2971 2972 2965
f 2972 2971 2963
f 2972 2967 2965
f 2972 2968 2967
f 2969 2973 2974
f 805 807 1037
f 2974 1037 2975
f 2975 1037 807
f 2969 2974 2975
f 2980 2976 2975
f 2973 2969 2963
f 2972 2963 2969
f 2976 2969 2975
f 2978 2976 2980
f 2970 2969 2976
f 2979 2970 2976
f 2979 2976 2978
f 2977 807 808
f 2977 808 838
f 2975 807 2977
f 2980 2975 2977
f 2978 2980 2981
f 2981 2980 2977
f 2981 2977 2982
f 2983 2981 2982
f 2981 2983 2978
f 2984 2978 2983
f 2982 2977 2985
f 2982 2986 2987
f 2987 2983 2982
f 2950 2966 2988
f 2968 2988 2966
f 2970 2988 2968
f 2989 2988 2970
f 2950 2988 2989
f 2970 2979 2990
f 2989 2970 2990
f 2989 2951 2950
f 2991 2951 2989
f 2991 2989 2992
f 2992 2989 2990
f 2992 2990 2993
f 2993 2990 2994
f 2990 2979 2994
f 2995 2956 2957
f 3035 2995 2957
f 2995 2996 3159
f 2995 2997 2996
f 2979 2978 2994
f 2984 2994 2978
f 2998 2994 2984
f 2999 2984 2983
f 2983 2987 2999
f 2984 2999 2998
f 2998 2999 3000
f 3001 3000 2999
f 3001 2999 2987
f 2993 2994 2998
f 2996 3004 3003
f 3004 3002 3003
f 3004 2996 3005
f 3004 3059 3002
f 838 839 3006
f 2985 838 3006
f 2977 838 2985
f 3006 2986 2985
f 3006 839 3007
f 3008 3006 3007
f 2982 2985 2986
f 3009 2986 3010
f 2986 3006 3010
f 3007 840 849
f 3070 3007 849
f 3009 2987 2986
f 3011 2987 3009
f 3013 3012 3002
f 3012 3013 3014
f 3013 3002 3059
f 3015 3014 3013
f 3015 3016 3014
f 3017 3016 3018
f 2676 3019 3020
f 3019 2676 3021
f 3161 3019 3022
f 3021 3022 3019
f 2955 3161 3022
f 3023 3022 3021
f 2677 3021 2676
f 2947 2949 2918
f 2947 2914 2913
f 2914 2947 2918
f 2955 3022 3024
f 2955 3024 2954
f 3024 3022 3023
f 3024 3025 2954
f 3026 2958 2954
f 3024 3023 3025
f 3027 3025 3023
f 3027 3028 3025
f 3028 3026 2954
f 3025 3028 2954
f 3026 3028 3029
f 3030 3029 3028
f 3031 3021 2677
f 2689 3031 2677
f 3031 2689 2691
f 3032 3021 3031
f 3032 3023 3021
f 3023 3032 3027
f 2928 3027 3032
f 2928 3032 3031
f 2923 2928 3031
f 2923 3031 2691
f 3027 2928 2929
f 2929 2926 3028
f 3027 2929 3028
f 2926 3030 3028
f 2918 2951 3033
f 3039 3033 2951
f 2991 3039 2951
f 3034 3039 2991
f 3026 3035 2957
f 2958 3026 2957
f 3044 2997 3035
f 3034 2991 2992
f 3044 3036 2997
f 3038 2917 3037
f 2918 3033 3037
f 3033 3039 3037
f 3043 3037 3039
f 3037 3043 3038
f 3040 3043 3050
f 3042 3041 3029
f 3039 3034 3043
f 3035 3026 3029
f 3044 3035 3029
f 3036 3044 3041
f 3044 3029 3041
f 3045 3041 3042
f 3042 3050 3051
f 3034 2992 3046
f 3046 2992 2993
f 3043 3034 3047
f 3050 3043 3047
f 3034 3046 3047
f 3052 3047 3046
f 3041 3048 3036
f 2993 3049 3046
f 3051 3050 3065
f 3051 3045 3042
f 3050 3047 3052
f 3065 3050 3052
f 3041 3045 3048
f 3052 3046 3049
f 3049 3053 3052
f 3065 3054 3051
f 3052 3053 3055
f 3052 3055 3065
f 2995 3035 2997
f 2997 3005 2996
f 2997 3036 3005
f 3056 3004 3005
f 3036 3056 3005
f 3048 3057 3056
f 3049 2993 2998
f 3058 3049 2998
f 2998 3000 3058
f 3057 3059 3004
f 3057 3004 3056
f 3060 3059 3057
f 3061 3062 3059
f 3036 3048 3056
f 3048 3063 3057
f 3063 3048 3045
f 3054 3063 3045
f 3054 3045 3051
f 3053 3049 3058
f 3053 3058 3098
f 3055 3053 3098
f 3057 3063 3060
f 3054 3060 3063
f 3061 3060 3064
f 3065 3066 3054
f 3064 3054 3066
f 3054 3064 3060
f 3060 3061 3059
f 2926 3040 3030
f 3030 3042 3029
f 3038 3043 3040
f 3030 3040 3042
f 3050 3042 3040
f 3062 3013 3059
f 3062 3015 3013
f 3067 3015 3062
f 3008 3007 3070
f 3068 3009 3010
f 3010 3006 3008
f 3008 3070 3069
f 3008 3068 3010
f 3069 3068 3008
f 848 850 849
f 849 850 3071
f 3071 3070 849
f 3071 850 3072
f 852 3072 847
f 3071 3072 3076
f 3076 3072 3825
f 3070 3071 3075
f 3070 3075 3073
f 3069 3070 3073
f 3069 3073 3074
f 3076 3075 3071
f 3076 3078 3075
f 3073 3075 3078
f 3076 3077 3078
f 3079 3009 3068
f 3009 3079 3011
f 3011 3001 2987
f 3001 3011 3079
f 3001 3079 3080
f 3081 3079 3068
f 3081 3080 3079
f 3081 3068 3082
f 3074 3068 3069
f 3074 3082 3068
f 3081 3082 3083
f 3016 3015 3084
f 3084 3018 3016
f 3074 3073 3085
f 3082 3074 3085
f 3086 3085 3087
f 3085 3073 3087
f 3088 3087 3073
f 3088 3073 3078
f 3088 3078 3077
f 3089 3088 3077
f 3088 3089 3087
f 3091 3018 3090
f 3085 3083 3082
f 3083 3085 3086
f 3092 3093 3091
f 3094 3087 3089
f 3000 3001 3095
f 3095 3058 3000
f 3095 3001 3080
f 3096 3095 3080
f 3066 3065 3055
f 3109 3066 3055
f 3055 3098 3100
f 3100 3109 3055
f 3098 3058 3095
f 3064 3097 3061
f 3098 3095 3096
f 3097 3062 3061
f 3099 3067 3097
f 3067 3062 3097
f 3100 3098 3096
f 3064 3066 3101
f 3101 3066 3109
f 3064 3101 3097
f 3097 3101 3099
f 3100 3096 3102
f 3109 3100 3102
f 3103 3084 3067
f 3104 3080 3081
f 3080 3104 3105
f 3067 3084 3015
f 3084 3103 3106
f 3018 3084 3106
f 3104 3081 3083
f 3083 3086 3107
f 3104 3083 3107
f 3115 3104 3107
f 3103 3067 3099
f 3099 3108 3103
f 3109 3111 3101
f 3101 3111 3099
f 3099 3111 3108
f 3096 3080 3102
f 3105 3102 3080
f 3102 3105 3113
f 3113 3105 3115
f 3102 3113 3109
f 3108 3111 3110
f 3111 3109 3117
f 3117 3109 3113
f 3108 3106 3103
f 3106 3108 3112
f 3105 3104 3115
f 3112 3114 3106
f 3116 3110 3111
f 3116 3111 3117
f 3117 3113 3115
f 3108 3110 3112
f 3110 3114 3112
f 3118 3114 3110
f 3116 3119 3110
f 3130 3116 3117
f 3116 3130 3119
f 3115 3107 3129
f 3106 3090 3018
f 3106 3114 3090
f 3120 3086 3087
f 3120 3087 3094
f 3090 3114 3121
f 3107 3086 3120
f 3092 3091 3090
f 3092 3121 3122
f 3121 3092 3090
f 3094 3089 3123
f 3129 3107 3120
f 3125 3121 3114
f 3110 3119 3118
f 3114 3118 3125
f 3118 3126 3125
f 3119 3126 3118
f 3125 3124 3121
f 3125 3126 3127
f 3128 3126 3119
f 3124 3125 3127
f 3126 3128 3127
f 3117 3115 3129
f 3130 3117 3129
f 3130 3129 3133
f 3129 3120 3131
f 3094 3131 3120
f 3132 3131 3094
f 3133 3129 3131
f 3134 3119 3130
f 3130 3133 3134
f 3133 3131 3132
f 3134 3128 3119
f 3134 3887 3128
f 3891 3134 3133
f 3891 3133 3890
f 718 2888 910
f 910 2888 3137
f 3137 3135 910
f 910 3135 3136
f 3135 3146 3147
f 3147 3136 3135
f 911 910 3136
f 3136 3138 911
f 911 3138 920
f 3147 3150 3136
f 3137 3139 3135
f 2933 794 3140
f 3140 794 1014
f 3140 1014 3141
f 2935 3140 3141
f 3142 2935 3141
f 2939 3142 3139
f 3143 1023 1024
f 3144 3143 1024
f 3143 3145 1023
f 3144 3161 3143
f 3143 3161 3145
f 3146 3135 3139
f 3147 3146 3148
f 3142 3148 3146
f 3149 3147 3148
f 3136 3150 3138
f 3150 3147 3149
f 3150 3149 3151
f 1019 3141 1014
f 3141 1019 3152
f 3152 3148 3141
f 3148 3152 3149
f 3142 3141 3148
f 3153 3149 3152
f 3154 3162 3151
f 3152 1019 1018
f 3152 1018 3153
f 3151 3149 3153
f 3153 3154 3151
f 3142 3146 3139
f 482 1023 1022
f 3145 1022 1023
f 1030 1022 3155
f 1032 1027 1030
f 1032 1030 3156
f 3157 1032 3156
f 3157 1033 1032
f 3145 3155 1022
f 3156 1030 3155
f 3158 3156 3155
f 2959 3156 3158
f 2959 3157 3156
f 3159 3157 2959
f 2846 3144 1024
f 3144 2846 3160
f 3160 2846 3020
f 2846 2847 3020
f 3020 3019 3160
f 3160 3019 3161
f 3161 3144 3160
f 3145 2953 3158
f 2953 3145 3161
f 2952 3158 2953
f 2951 2949 2950
f 2955 2953 3161
f 2952 2953 2955
f 3158 3155 3145
f 2952 2959 3158
f 3138 1034 920
f 3138 3150 1034
f 3162 921 1034
f 3151 1034 3150
f 1034 3151 3162
f 3163 3162 2961
f 3162 3163 921
f 3154 3164 3162
f 3162 3164 2961
f 2962 2961 3164
f 2973 2962 3164
f 3154 3153 1020
f 3154 1020 2974
f 2974 1036 1037
f 3154 2973 3164
f 2974 2973 3154
f 1038 1033 3165
f 3157 3165 1033
f 3159 3165 3157
f 3166 1038 3165
f 3166 1039 1038
f 3166 3167 1039
f 3159 2959 2956
f 2995 3159 2956
f 3159 3166 3165
f 3159 3003 3166
f 3167 3166 3003
f 3003 3002 3167
f 3159 2996 3003
f 3167 3168 1039
f 3169 3168 3167
f 1049 1050 1047
f 1050 1049 1058
f 1049 3168 3169
f 1049 3169 3170
f 3170 1058 1049
f 3171 1058 3170
f 3172 3171 3170
f 3171 1056 1058
f 3173 1056 3171
f 1060 1056 3173
f 1060 3173 3174
f 3175 1060 3174
f 3167 3002 3169
f 3002 3012 3169
f 3169 3012 3170
f 3012 3014 3170
f 3014 3172 3170
f 3016 3172 3014
f 3172 3016 3017
f 3171 3172 3173
f 3172 3017 3173
f 3017 3176 3173
f 3176 3174 3173
f 3177 3174 3176
f 3177 3175 3174
f 2674 3020 2847
f 2676 3020 2674
f 3176 3091 3177
f 3176 3017 3018
f 3018 3091 3176
f 3093 3177 3091
f 1433 3178 3179
f 1434 1432 3179
f 3178 2515 3179
f 3180 1434 3179
f 3180 1440 1434
f 3181 1440 3180
f 3182 3180 3179
f 3184 3182 3179
f 3182 3181 3180
f 3183 3181 3182
f 3184 2515 3185
f 3184 3179 2515
f 3185 2515 2514
f 3197 3184 3185
f 3182 3184 3183
f 3184 3191 3183
f 3186 3191 3184
f 3187 1440 3181
f 1441 1440 3187
f 3187 1442 1441
f 3183 3187 3181
f 3183 3188 3187
f 3188 1438 1442
f 3188 1442 3187
f 1438 3188 3212
f 3189 3212 3188
f 3183 3190 3188
f 3183 3191 3190
f 3192 3190 3191
f 3193 3192 3191
f 3189 3188 3190
f 3192 3189 3190
f 3192 3218 3189
f 3193 3218 3192
f 3193 3194 3218
f 3197 3185 2514
f 3195 3197 2514
f 3196 3197 3195
f 3184 3197 3186
f 3197 3198 3186
f 3204 3186 3198
f 3198 3197 3196
f 3199 3196 3195
f 3196 3199 3200
f 3200 3199 3203
f 2527 3199 3195
f 2530 3199 2527
f 3199 3201 3203
f 3200 3198 3196
f 3198 3200 3202
f 3203 3202 3200
f 3250 3202 3203
f 3204 3191 3186
f 3204 3193 3191
f 3193 3204 3205
f 3193 3206 3194
f 3236 3194 3206
f 3193 3205 3206
f 3205 3236 3206
f 3207 3204 3198
f 3207 3198 3202
f 3207 3205 3204
f 3208 3205 3207
f 3208 3207 3202
f 3202 3250 3208
f 3209 3205 3208
f 3209 3236 3205
f 3210 3209 3208
f 3209 3210 3211
f 3242 3211 3210
f 3213 1465 3212
f 3189 3213 3212
f 3213 1467 1465
f 3218 3213 3189
f 1467 3213 3219
f 3219 3216 1467
f 3216 3214 1467
f 3214 3216 3215
f 3219 3217 3216
f 3215 3216 3217
f 3219 3213 3218
f 3218 3220 3219
f 3220 3218 3194
f 3221 3217 3219
f 3219 3220 3221
f 3222 3217 3221
f 3241 3222 3221
f 3215 1474 3214
f 1474 3223 3225
f 3223 1474 3215
f 3224 3223 3215
f 1477 3225 3226
f 3228 3225 3223
f 3228 3226 3225
f 3228 3223 3224
f 3229 3227 3226
f 3217 3230 3215
f 3230 3224 3215
f 3228 3224 3230
f 3222 3230 3217
f 3241 3230 3222
f 3230 3241 3231
f 3231 3232 3230
f 3232 3228 3230
f 3233 3229 3232
f 3234 3233 3232
f 3226 3228 3229
f 3232 3229 3228
f 3232 3231 3234
f 3235 3234 3231
f 3236 3240 3194
f 3240 3220 3194
f 3240 3221 3220
f 3240 3237 3238
f 3240 3239 3221
f 3238 3239 3240
f 3241 3221 3239
f 3239 3238 3244
f 3244 3241 3239
f 3211 3236 3209
f 3236 3237 3240
f 3211 3237 3236
f 3243 3237 3211
f 3242 3243 3211
f 3237 3244 3238
f 3244 3237 3243
f 3244 3243 3246
f 3244 3246 3245
f 3282 3245 3246
f 3244 3245 3241
f 3247 3241 3245
f 3247 3231 3241
f 3248 3280 3247
f 3247 3245 3248
f 3201 3199 2530
f 3249 2530 2531
f 2530 3249 3201
f 3251 3250 3203
f 3201 3251 3203
f 3254 3250 3251
f 3254 3251 3201
f 2533 3249 2531
f 2533 3253 3249
f 3253 3201 3249
f 3201 3253 3254
f 3252 3254 3256
f 3255 3254 3253
f 3254 3255 3256
f 3208 3250 3252
f 3252 3250 3254
f 3261 3258 3252
f 3258 3208 3252
f 3258 3210 3208
f 3242 3210 3257
f 3258 3257 3210
f 3259 3258 3261
f 3258 3259 3257
f 3257 3260 3242
f 3256 3261 3252
f 3262 3256 3255
f 3262 3261 3256
f 3259 3261 3262
f 3263 3257 3259
f 3264 3263 3259
f 2536 2533 2534
f 3253 2533 3265
f 3265 2533 3266
f 3266 2533 2536
f 2536 3287 3266
f 3265 3266 3267
f 3267 3253 3265
f 3267 3255 3253
f 3268 3255 3267
f 3267 3266 3268
f 2537 3287 2536
f 3269 3262 3255
f 3268 3269 3255
f 3270 3269 3268
f 3264 3259 3262
f 3264 3262 3269
f 3291 3263 3264
f 3269 3270 3264
f 3273 3243 3242
f 3260 3273 3242
f 3272 3273 3260
f 3275 3272 3260
f 3246 3243 3273
f 3273 3297 3246
f 3297 3273 3274
f 3297 3282 3246
f 3273 3272 3274
f 3260 3257 3275
f 3257 3263 3275
f 3275 3276 3272
f 3291 3275 3263
f 3291 3276 3275
f 3272 3276 3274
f 3229 3233 3277
f 3278 3277 3233
f 3278 3233 3234
f 3234 3235 3278
f 3235 3279 3278
f 3280 3235 3231
f 3279 3235 3280
f 3231 3247 3280
f 3248 3245 3282
f 3283 3281 3280
f 3284 3281 3283
f 3248 3282 3285
f 3248 3283 3280
f 3283 3248 3285
f 3286 3283 3285
f 3286 3284 3283
f 3289 3287 2537
f 3266 3287 3288
f 3287 3289 3437
f 3437 3288 3287
f 3436 3437 3289
f 3266 3290 3268
f 3266 3288 3290
f 3439 3290 3288
f 3291 3264 3270
f 3270 3292 3291
f 3290 3271 3268
f 3268 3271 3270
f 3270 3271 3292
f 3439 3271 3290
f 3295 3271 3439
f 3293 3292 3294
f 3294 3271 3295
f 3271 3294 3292
f 3296 3293 3294
f 3274 3299 3301
f 3299 3274 3276
f 3298 3299 3276
f 3300 3299 3298
f 3282 3303 3285
f 3301 3297 3274
f 3301 3303 3297
f 3303 3282 3297
f 3302 3309 3303
f 3303 3286 3285
f 3309 3286 3303
f 3286 3305 3284
f 3304 3286 3309
f 3304 3305 3286
f 3306 3305 3304
f 3299 3302 3301
f 3302 3303 3301
f 3308 3309 3302
f 3307 3308 3302
f 3310 3309 3308
f 3304 3309 3306
f 3306 3309 3310
f 3314 3276 3291
f 3291 3312 3314
f 3313 3314 3312
f 3300 3314 3313
f 3314 3298 3276
f 3314 3300 3298
f 3307 3299 3300
f 3315 3307 3300
f 3292 3312 3291
f 3293 3312 3292
f 3312 3293 3313
f 3293 3296 3313
f 3296 3318 3313
f 3296 3316 3318
f 3296 3454 3316
f 3318 3300 3313
f 3318 3315 3300
f 3318 3317 3315
f 3485 3318 3316
f 3485 3317 3318
f 3317 3485 3319
f 3302 3299 3307
f 3320 3308 3307
f 3320 3310 3308
f 3320 3307 3315
f 3320 3324 3310
f 3321 3306 3310
f 3317 3320 3315
f 3320 3322 3324
f 3322 3320 3317
f 3319 3322 3317
f 3321 3311 3306
f 3321 3403 3311
f 3321 3323 3403
f 3324 3321 3310
f 3324 3323 3321
f 3325 3326 3323
f 3328 3322 3327
f 3319 3327 3322
f 3324 3328 3323
f 3328 3324 3322
f 3328 3325 3323
f 3328 3327 3329
f 3329 3325 3328
f 3500 3325 3329
f 3325 3500 3407
f 3227 1506 3226
f 3330 1506 3227
f 1506 3330 1597
f 3229 3330 3227
f 1597 3330 3332
f 3333 1596 1597
f 3332 3333 1597
f 3332 3334 3333
f 1604 3333 3338
f 3338 3333 3334
f 3331 3332 3330
f 3334 3332 3331
f 3277 3330 3229
f 3330 3277 3331
f 3279 3277 3278
f 3335 3277 3279
f 3335 3331 3277
f 3336 3331 3335
f 3337 3336 3335
f 3331 3336 3334
f 3336 3338 3334
f 3336 3340 3338
f 3348 3340 3336
f 3338 3340 3341
f 3341 3340 3348
f 3338 1607 1604
f 1607 3338 3339
f 1607 1610 1609
f 3339 1610 1607
f 1610 3342 1609
f 3339 3342 1610
f 3342 1611 1609
f 3342 1630 1611
f 3343 3342 3339
f 3343 3344 3342
f 3338 3341 3339
f 3343 3339 3341
f 3343 3341 3345
f 3344 3343 3345
f 3361 3344 3345
f 3335 3279 3346
f 3281 3279 3280
f 3281 3346 3279
f 3284 3346 3281
f 3346 3337 3335
f 3349 3346 3284
f 3347 3346 3349
f 3337 3348 3336
f 3348 3337 3346
f 3347 3348 3346
f 3284 3305 3350
f 3284 3350 3349
f 3350 3397 3349
f 3351 3341 3348
f 3352 3341 3351
f 3351 3348 3347
f 3353 3351 3347
f 3352 3345 3341
f 3353 3355 3351
f 3355 3352 3351
f 3349 3354 3347
f 3397 3354 3349
f 3357 3354 3397
f 3354 3353 3347
f 3356 3353 3354
f 3356 3355 3353
f 3357 3356 3354
f 3356 3357 3358
f 3358 3355 3356
f 3360 3355 3358
f 3360 3359 3355
f 3345 3352 3361
f 3359 3361 3352
f 3359 3352 3355
f 3380 3361 3359
f 3344 1630 3342
f 3362 1630 3344
f 3362 3363 1630
f 3364 1634 3363
f 1634 3364 3370
f 3364 3363 3362
f 3365 3362 3344
f 3344 3361 3365
f 3365 3364 3362
f 3365 3366 3364
f 3367 1640 1634
f 3368 1640 3367
f 3370 3367 1634
f 3370 3364 3369
f 3367 3370 3368
f 3371 1643 3368
f 3372 3373 3377
f 3369 3364 3366
f 3369 3374 3370
f 3374 3368 3370
f 3375 3374 3369
f 3375 3369 3366
f 3366 3383 3375
f 3383 3374 3375
f 3374 3376 3368
f 3376 3371 3368
f 3371 3376 3373
f 3376 3374 3377
f 3373 3376 3377
f 3359 3360 3378
f 3380 3379 3361
f 3361 3379 3365
f 3365 3379 3366
f 3381 3379 3380
f 3366 3379 3381
f 3381 3383 3366
f 3382 3381 3380
f 3384 3383 3381
f 3384 3381 3382
f 3378 3380 3359
f 3380 3378 3385
f 3380 3385 3382
f 3378 3387 3385
f 3360 3387 3378
f 3385 3387 3382
f 3386 3384 3382
f 3386 3382 3387
f 3389 3374 3383
f 3389 3377 3374
f 3389 3383 3384
f 3377 3389 3391
f 3377 3391 3372
f 3392 3372 3391
f 3391 3389 3390
f 3392 3391 3390
f 3393 3389 3384
f 3390 3389 3393
f 3384 3386 3393
f 3386 3388 3393
f 3390 3393 3394
f 3393 3388 3394
f 3395 3392 3390
f 3394 3395 3390
f 3396 3395 3394
f 3397 3350 3305
f 3306 3397 3305
f 3398 3357 3397
f 3402 3398 3397
f 3399 3400 3398
f 3357 3400 3358
f 3398 3400 3357
f 3400 3401 3358
f 3404 3401 3400
f 3404 3409 3401
f 3306 3402 3397
f 3399 3398 3402
f 3311 3402 3306
f 3403 3405 3399
f 3400 3399 3405
f 3405 3404 3400
f 3412 3404 3405
f 3403 3402 3311
f 3402 3403 3399
f 3406 3405 3403
f 3406 3412 3405
f 3326 3406 3403
f 3403 3323 3326
f 3326 3325 3407
f 3326 3407 3406
f 3360 3358 3401
f 3408 3360 3401
f 3408 3387 3360
f 3401 3409 3408
f 3408 3409 3410
f 3412 3409 3404
f 3412 3413 3409
f 3422 3413 3412
f 3409 3413 3410
f 3411 3410 3413
f 3413 3414 3411
f 3415 3411 3414
f 3414 3413 3422
f 3422 3423 3414
f 3416 3387 3408
f 3416 3386 3387
f 3388 3386 3416
f 3388 3416 3411
f 3408 3410 3416
f 3410 3411 3416
f 3417 3411 3415
f 3396 3388 3417
f 3417 3388 3411
f 3388 3396 3394
f 3949 3395 3396
f 3418 3417 3415
f 3418 3396 3417
f 3396 3418 3983
f 3432 3418 3415
f 3983 3418 3419
f 3420 3421 3406
f 3406 3421 3412
f 3421 3422 3412
f 3422 3421 3423
f 3428 3421 3420
f 3428 3423 3421
f 3424 3414 3423
f 3428 3425 3423
f 3424 3423 3425
f 3420 3406 3407
f 3407 3427 3420
f 3426 3420 3427
f 3426 3428 3420
f 3428 3429 3425
f 3429 3428 3426
f 3430 3429 3426
f 3414 3424 3415
f 3415 3424 3431
f 3431 3424 3425
f 3415 3431 3432
f 3433 3432 3431
f 3433 3988 3432
f 3989 3988 3433
f 3425 3434 3431
f 3434 3435 3431
f 3425 3429 3434
f 3430 3434 3429
f 3433 3431 3435
f 3433 3435 3989
f 3435 3594 3989
f 3432 3419 3418
f 3419 3432 3988
f 3289 2781 3436
f 2783 3436 2781
f 3440 3436 2783
f 3440 3437 3436
f 2786 2784 3438
f 3437 3441 3288
f 3288 3441 3439
f 3440 3441 3437
f 3439 3441 3449
f 3442 3443 3444
f 3440 2783 2788
f 2788 3445 3440
f 3438 3443 2786
f 3443 3446 2786
f 3445 3441 3440
f 3447 3441 3445
f 3446 3443 3448
f 3442 3448 3443
f 3295 3439 3449
f 3449 3441 3447
f 3450 3295 3449
f 3453 3295 3450
f 3449 3451 3450
f 3295 3453 3294
f 3296 3294 3453
f 3453 3454 3296
f 3455 3453 3450
f 3458 3459 3455
f 3454 3453 3455
f 3459 3454 3455
f 3451 3449 3447
f 3456 3451 3447
f 3451 3455 3450
f 3458 3451 3456
f 3457 3447 3445
f 3457 3456 3447
f 3458 3455 3451
f 3460 3459 3458
f 3460 3458 3456
f 3452 3664 3462
f 3452 3442 3444
f 3448 3442 3452
f 3448 3452 3461
f 3452 3462 3461
f 3465 3461 3462
f 3463 3462 3464
f 3463 3465 3462
f 3445 2788 2797
f 3466 3445 2797
f 3466 3457 3445
f 3466 2797 2802
f 2805 3468 2802
f 2805 3467 3468
f 3468 3466 2802
f 3466 3468 3457
f 2786 3469 2790
f 3469 2786 3446
f 3469 3446 3470
f 3470 3446 3448
f 3470 3448 3471
f 2811 2790 3469
f 3469 3472 2811
f 3470 3472 3469
f 3472 2812 2811
f 3472 3470 3471
f 3471 3473 3472
f 3472 3473 2812
f 3473 3560 2812
f 3473 3471 3479
f 3480 3473 3479
f 3474 3456 3457
f 3476 3460 3456
f 3475 3460 3476
f 3474 3476 3456
f 3471 3448 3461
f 3461 3477 3471
f 3477 3461 3465
f 3478 3465 3463
f 3479 3471 3477
f 3479 3477 3480
f 3481 3475 3476
f 3478 3477 3465
f 3506 3478 3463
f 3480 3477 3478
f 3478 3482 3480
f 3482 3478 3483
f 3484 3316 3454
f 3484 3485 3316
f 3460 3484 3454
f 3485 3484 3486
f 3485 3486 3487
f 3454 3459 3460
f 3488 3484 3460
f 3484 3488 3486
f 3488 3460 3475
f 3488 3489 3486
f 3464 3462 3492
f 3492 3490 3464
f 3490 3507 3464
f 3487 3486 3489
f 3493 3489 3488
f 3493 3494 3489
f 3489 3494 3487
f 3494 3495 3487
f 3490 3491 3496
f 3487 3319 3485
f 3327 3319 3487
f 3487 3497 3327
f 3498 3327 3497
f 3499 3498 3497
f 3498 3499 3504
f 3498 3329 3327
f 3500 3329 3498
f 3498 3504 3500
f 3501 3516 3500
f 3497 3495 3499
f 3502 3499 3495
f 3495 3497 3487
f 3499 3502 3504
f 3503 3504 3502
f 3504 3501 3500
f 3505 3501 3504
f 3493 3488 3475
f 3463 3464 3506
f 3506 3464 3507
f 3496 3507 3490
f 3494 3508 3495
f 3509 3493 3475
f 3510 3475 3481
f 3509 3475 3510
f 3509 3494 3493
f 3509 3511 3494
f 3506 3507 3512
f 3483 3478 3506
f 3483 3506 3512
f 3483 3512 3513
f 3508 3494 3511
f 3502 3495 3503
f 3514 3504 3503
f 3508 3503 3495
f 3586 3516 3501
f 3496 3517 3515
f 3518 3515 3517
f 3519 3515 3518
f 3519 3518 3520
f 3520 3518 3521
f 3505 3586 3501
f 3522 3586 3505
f 3518 3523 3521
f 3526 3524 3527
f 3521 3523 3528
f 3528 3523 3525
f 3528 3525 3526
f 3525 3524 3526
f 3529 3526 3527
f 3507 3496 3530
f 3512 3507 3530
f 3512 3530 3532
f 3513 3512 3532
f 3530 3531 3532
f 3515 3530 3496
f 3530 3515 3519
f 3531 3530 3519
f 3533 3531 3519
f 3533 3519 3520
f 3504 3514 3505
f 3514 3522 3505
f 3534 3535 3522
f 3536 3514 3503
f 3537 3514 3536
f 3508 3536 3503
f 3538 3537 3536
f 3533 3539 3531
f 3539 3533 3540
f 3537 3522 3514
f 3534 3522 3537
f 3541 3537 3538
f 3541 3534 3537
f 3542 3521 3528
f 3540 3521 3542
f 3521 3540 3520
f 3542 3528 3526
f 3543 3526 3529
f 3543 3542 3526
f 3540 3533 3520
f 3539 3540 3547
f 3544 3534 3545
f 3547 3540 3546
f 3541 3545 3534
f 3546 3540 3542
f 3546 3542 3543
f 3543 3549 3550
f 3551 3547 3546
f 3583 3547 3551
f 3551 3552 3583
f 3553 3545 3554
f 3548 3545 3553
f 3546 3543 3550
f 3550 3551 3546
f 3551 3550 3555
f 3551 3555 3552
f 3556 3552 3555
f 3557 3467 2806
f 3457 3468 3558
f 3468 3467 3558
f 3559 3558 3467
f 3467 3557 3559
f 3558 3474 3457
f 3557 2806 2812
f 3557 2812 3560
f 3560 3473 3480
f 3561 3474 3558
f 3558 3559 3561
f 3562 3557 3560
f 3563 3560 3480
f 3476 3474 3561
f 3564 3476 3561
f 3559 3562 3561
f 3562 3559 3557
f 3564 3561 3562
f 3563 3562 3560
f 3564 3481 3476
f 3482 3563 3480
f 3564 3562 3565
f 3562 3563 3570
f 3563 3566 3570
f 3510 3481 3564
f 3567 3564 3565
f 3567 3510 3564
f 3570 3565 3562
f 3566 3563 3482
f 3567 3509 3510
f 3567 3568 3509
f 3566 3482 3483
f 3570 3566 3569
f 3567 3571 3568
f 3565 3571 3567
f 3511 3509 3568
f 3566 3483 3513
f 3566 3513 3569
f 3565 3570 3571
f 3572 3570 3569
f 3571 3570 3572
f 3573 3511 3568
f 3573 3568 3571
f 3574 3573 3575
f 3576 3511 3573
f 3511 3576 3508
f 3575 3571 3572
f 3573 3571 3575
f 3569 3513 3578
f 3578 3513 3532
f 3572 3569 3578
f 3573 3574 3576
f 3575 3572 3577
f 3539 3578 3532
f 3539 3532 3531
f 3572 3578 3577
f 3581 3578 3539
f 3577 3579 3575
f 3581 3577 3578
f 3574 3575 3579
f 3536 3508 3576
f 3580 3576 3574
f 3576 3580 3536
f 3580 3574 3579
f 3580 3538 3536
f 3584 3538 3580
f 3582 3579 3577
f 3580 3579 3582
f 3583 3581 3539
f 3582 3584 3580
f 3554 3577 3581
f 3577 3554 3582
f 3583 3554 3581
f 3584 3541 3538
f 3554 3584 3582
f 3539 3547 3583
f 3554 3583 3552
f 3541 3584 3545
f 3554 3545 3584
f 3552 3556 3554
f 3554 3556 3553
f 3500 3516 3407
f 3407 3516 3427
f 3516 3426 3427
f 3585 3426 3586
f 3516 3586 3426
f 3585 3430 3426
f 3587 3585 3586
f 3430 3585 3590
f 3585 3588 3590
f 3588 3585 3587
f 3587 3586 3522
f 3588 3587 3522
f 3522 3535 3588
f 3589 3588 3535
f 3524 3591 3527
f 3592 3435 3434
f 3592 3434 3430
f 3590 3592 3430
f 3593 3592 3590
f 3435 3592 3594
f 3594 3592 3593
f 3595 3594 3593
f 3589 3590 3588
f 3589 3595 3590
f 3595 3593 3590
f 3595 3596 3594
f 3544 3589 3535
f 3597 3596 3595
f 3598 3589 3544
f 3598 3595 3589
f 3598 3597 3595
f 3544 3535 3534
f 3545 3548 3544
f 3598 3544 3548
f 3553 3599 3548
f 3599 3553 3556
f 2813 1770 3601
f 3601 1770 1769
f 3600 3601 1769
f 3600 1771 3602
f 3602 1771 1772
f 2815 2813 3601
f 3601 2818 2815
f 3603 3602 1772
f 1772 1773 3604
f 3603 1772 3606
f 3607 3603 3606
f 3618 3608 3609
f 2817 2818 3610
f 3611 2862 3612
f 3611 3613 2873
f 3614 3615 3611
f 3613 3611 3615
f 3616 3617 3618
f 3619 3616 3618
f 1778 1795 3609
f 3620 1795 1796
f 3609 1795 3620
f 1796 1798 3620
f 3621 1798 1802
f 3620 1798 3621
f 3622 3609 3620
f 3622 3618 3609
f 3623 1802 1801
f 1803 3624 1801
f 2873 2862 3611
f 3625 3619 3626
f 3626 3619 3627
f 3628 3623 3629
f 3630 3629 3631
f 3631 3629 3632
f 3733 3634 3633
f 3733 3633 3635
f 3635 3633 3636
f 3637 3635 3636
f 3629 3630 3628
f 3636 3628 3630
f 3638 3630 3631
f 3638 3631 3639
f 3640 3641 3630
f 3640 3630 3638
f 3642 3638 3639
f 3644 3645 3646
f 3647 3646 3645
f 3646 2875 2873
f 3646 3647 2875
f 3645 3648 3647
f 3625 3626 3653
f 3635 3649 3626
f 3653 3649 3650
f 3651 3652 3648
f 3654 3653 3650
f 3652 3653 3654
f 3655 3654 3650
f 2877 2874 2875
f 3656 2875 3647
f 2877 2875 3656
f 3656 3647 3657
f 3657 3647 3648
f 3648 3659 3657
f 3656 2785 2877
f 3658 2785 3656
f 2785 3658 2784
f 3656 3657 3658
f 3660 3657 3659
f 3658 3657 3660
f 3659 3648 3652
f 3659 3652 3654
f 3659 3654 3661
f 3661 3654 3655
f 3655 3662 3661
f 3444 3659 3661
f 3660 3659 3444
f 3663 3661 3662
f 3663 3662 3664
f 3444 3661 3663
f 3665 3635 3637
f 3649 3635 3665
f 3650 3649 3665
f 3650 3665 3666
f 3641 3666 3637
f 3666 3641 3667
f 3667 3641 3640
f 3650 3666 3668
f 3668 3655 3650
f 3668 3666 3667
f 3669 3668 3667
f 3669 3667 3670
f 3671 3640 3638
f 3671 3638 3642
f 3667 3640 3671
f 3670 3667 3671
f 3642 3672 3671
f 3642 3643 3672
f 3673 3672 3674
f 3675 3671 3672
f 3676 3673 3674
f 3655 3668 3662
f 3662 3668 3669
f 3662 3669 3677
f 3664 3662 3677
f 3677 3669 3670
f 3670 3671 3678
f 3677 3670 3678
f 3679 3677 3678
f 3680 3679 3678
f 3681 3680 3678
f 3678 3671 3681
f 3675 3681 3671
f 3681 3675 3682
f 3682 3675 3673
f 3682 3673 3683
f 3681 3682 3684
f 3680 3681 3684
f 3682 3683 3684
f 3685 3676 3686
f 3683 3687 3688
f 3683 3673 3687
f 3676 3687 3673
f 3676 3685 3687
f 3687 3685 3689
f 3690 3591 3524
f 3691 3692 1908
f 1910 3692 3691
f 1912 1910 1909
f 3734 3692 3693
f 3694 3693 3692
f 3694 3692 1910
f 1910 1912 3694
f 3734 1908 3692
f 3695 3694 1912
f 1914 3695 1912
f 1914 3696 3695
f 3697 3703 3698
f 3701 3700 3699
f 3702 3698 3703
f 3745 3702 3704
f 3705 3704 3702
f 3705 3703 3707
f 3700 3706 3708
f 3706 3700 3709
f 3708 3706 3703
f 3710 3706 3709
f 3710 3709 3711
f 3711 3709 3712
f 3707 3703 3706
f 3710 3707 3706
f 3713 3674 3672
f 3713 3714 3715
f 3716 3713 3715
f 3717 3716 3715
f 3718 3716 3717
f 3717 3715 3704
f 3717 3704 3705
f 3717 3705 3707
f 3676 3713 3716
f 3674 3713 3676
f 3686 3676 3716
f 3718 3717 3719
f 3718 3686 3716
f 3690 3718 3719
f 3720 3707 3710
f 3720 3710 3711
f 3717 3707 3719
f 3720 3721 3707
f 3719 3707 3721
f 3721 3720 3711
f 3722 3690 3719
f 3722 3719 3723
f 3723 3719 3721
f 3723 3721 3724
f 3721 3711 3725
f 3725 3724 3721
f 3690 3686 3718
f 3685 3686 3690
f 3722 3723 3726
f 3722 3591 3690
f 3591 3722 3726
f 3726 3723 3727
f 3728 3726 3727
f 3591 3726 3728
f 3658 3438 2784
f 3660 3438 3658
f 3438 3660 3443
f 3444 3443 3660
f 3663 3452 3444
f 3452 3663 3664
f 3664 3492 3462
f 3492 3664 3677
f 3677 3679 3490
f 3491 3490 3679
f 3677 3490 3492
f 3491 3679 3680
f 3491 3680 3684
f 3496 3491 3517
f 3684 3683 3688
f 3517 3684 3688
f 3491 3684 3517
f 3518 3688 3523
f 3518 3517 3688
f 3523 3688 3687
f 3523 3687 3689
f 3689 3685 3690
f 3689 3690 3524
f 3525 3523 3689
f 3525 3689 3524
f 1771 3600 1769
f 3600 3729 3601
f 3602 3729 3600
f 3729 3602 3603
f 3606 1772 3604
f 3605 3604 1776
f 1776 3608 3605
f 3608 1776 1778
f 3609 3608 1778
f 3604 3605 3606
f 3606 3605 3617
f 3617 3607 3606
f 3617 3605 3608
f 3617 3608 3618
f 2818 3601 3729
f 3729 3610 2818
f 3612 3610 3729
f 2862 2817 3610
f 2862 3610 3612
f 3729 3603 3607
f 3612 3729 3607
f 3614 3612 3607
f 3614 3611 3612
f 3644 3613 3615
f 3615 3614 3644
f 3607 3617 3616
f 3619 3634 3627
f 3614 3607 3616
f 3616 3645 3614
f 3645 3616 3625
f 3616 3619 3625
f 3622 3620 3730
f 3730 3620 3621
f 3731 3730 3621
f 3731 3621 1802
f 1802 3732 3731
f 3623 1801 3624
f 3732 1802 3623
f 3618 3622 3619
f 3634 3619 3622
f 3634 3622 3730
f 3633 3730 3731
f 3730 3633 3634
f 3627 3634 3733
f 3644 3614 3645
f 3624 1803 1821
f 3632 3624 1821
f 3624 3629 3623
f 3732 3623 3628
f 3624 3632 3629
f 3631 3632 3734
f 1821 3734 3632
f 3631 3734 3639
f 3735 3633 3731
f 3735 3731 3628
f 3633 3735 3636
f 3636 3735 3628
f 3626 3627 3733
f 3635 3626 3733
f 3630 3641 3636
f 3641 3637 3636
f 3731 3732 3628
f 3642 3639 3736
f 3643 3642 3736
f 3646 2873 3644
f 2873 3613 3644
f 3625 3651 3645
f 3648 3645 3651
f 3653 3652 3651
f 3625 3653 3651
f 3653 3626 3649
f 3637 3666 3665
f 3672 3673 3675
f 3734 1821 1908
f 3639 3734 3693
f 3737 1914 1940
f 3696 1914 3737
f 1940 1915 3738
f 3737 1940 3739
f 3695 3741 3694
f 3742 3694 3741
f 3741 3695 3696
f 3739 1940 3738
f 3737 3740 3696
f 3696 3740 3741
f 3740 3737 3739
f 3736 3639 3693
f 3736 3693 3694
f 3736 3694 3742
f 3741 3743 3742
f 3744 3740 3739
f 3740 3744 3741
f 3744 3739 3714
f 3643 3736 3742
f 3672 3643 3742
f 3672 3742 3743
f 3743 3741 3744
f 3672 3743 3713
f 3713 3743 3744
f 3745 3738 3698
f 3738 3745 3739
f 1933 1915 1932
f 3738 1915 1933
f 3698 3738 1933
f 3698 1933 3746
f 1933 1930 1941
f 3747 1933 1941
f 3699 1941 1942
f 3746 1933 3747
f 3747 1941 3699
f 3747 3697 3746
f 3708 3747 3699
f 3746 3697 3698
f 3697 3747 3708
f 3701 1942 1943
f 3699 1942 3701
f 3701 1943 1939
f 1944 3701 1939
f 2492 3701 1944
f 3708 3699 3700
f 3709 3701 2492
f 3700 3701 3709
f 3748 3709 2492
f 3712 3709 3748
f 3702 3745 3698
f 3714 3739 3745
f 3703 3697 3708
f 3704 3714 3745
f 3713 3744 3714
f 3714 3704 3715
f 3705 3702 3703
f 2159 3749 2158
f 3749 2159 3751
f 2159 3752 3751
f 3752 2159 2162
f 3750 3752 2162
f 3753 3752 3754
f 2171 2168 2167
f 3755 2168 2171
f 3750 2162 2168
f 3756 3750 2168
f 3756 2168 3755
f 2169 3757 2171
f 3755 2171 3757
f 3755 3757 3758
f 3759 3757 2172
f 3759 3758 3757
f 3756 3762 3750
f 3752 3750 3762
f 3756 3755 3760
f 3762 3756 3761
f 3760 3761 3756
f 3754 3752 3762
f 3754 3762 3763
f 3764 3761 3760
f 3762 3761 3763
f 3760 3755 3765
f 3765 3755 3758
f 3765 3758 3766
f 3764 3760 3765
f 3764 3765 3767
f 3768 3764 3767
f 3767 3765 3766
f 3768 3767 3766
f 3770 3754 3763
f 3770 3763 3772
f 3771 3761 3764
f 3771 3763 3761
f 3763 3771 3772
f 3770 3772 3769
f 3772 3771 3773
f 3768 3774 3764
f 3775 3774 3768
f 3962 3768 3766
f 3775 3768 3962
f 3773 3764 3774
f 3962 3776 3775
f 3771 3764 3773
f 3777 3769 3772
f 3773 3777 3772
f 3778 3779 3769
f 3778 3769 3777
f 3780 3778 3777
f 3779 3778 3780
f 3780 3777 3781
f 3775 3776 3782
f 3782 3774 3775
f 3783 3773 3774
f 3783 3774 3782
f 3781 3777 3773
f 3781 3773 3783
f 3784 3785 3786
f 3791 3787 3788
f 3789 3790 3791
f 3790 3789 3792
f 3793 3794 3792
f 3795 3781 3783
f 3781 3795 3780
f 3780 3795 3796
f 3796 3795 3803
f 3797 3780 3796
f 3798 3796 3803
f 3783 3782 3799
f 3800 3783 3799
f 3800 3799 3801
f 3802 3800 3801
f 3800 3795 3783
f 3795 3800 3803
f 3802 3803 3800
f 3804 3796 3798
f 3798 3805 3804
f 3802 3801 3806
f 3798 3803 3802
f 3805 3798 3802
f 3807 3792 3789
f 3807 3793 3792
f 3808 3793 3807
f 3807 3809 3808
f 3810 3808 3809
f 3811 3812 3813
f 3816 3814 3813
f 3813 3814 4126
f 4126 3811 3813
f 3815 3813 3812
f 3785 3816 3817
f 3817 3816 3813
f 3818 3817 3813
f 3815 3818 3813
f 3793 3811 3794
f 3793 3812 3811
f 3808 3812 3793
f 3819 3802 3820
f 3819 3805 3802
f 3820 3821 3819
f 3815 3812 3808
f 3815 3808 3810
f 3822 3819 3821
f 3823 3822 3821
f 3819 3824 3805
f 3822 3824 3819
f 3825 852 2175
f 3825 3072 852
f 3826 3825 2175
f 3826 2175 2178
f 3826 2178 3828
f 3826 3828 3827
f 3833 3827 3828
f 3825 3826 3076
f 3826 3829 3076
f 3829 3826 3827
f 3829 3077 3076
f 3829 3839 3077
f 3830 3829 3827
f 3839 3829 3830
f 3833 3830 3827
f 3833 3831 3830
f 3828 2178 3832
f 3833 3828 3832
f 3833 3832 2179
f 3836 3833 2179
f 2179 2180 2181
f 2181 3834 2179
f 3834 2181 3835
f 3837 3833 3836
f 3846 3837 3836
f 3837 3831 3833
f 3836 2179 3834
f 3858 3836 3834
f 3858 3834 3835
f 3846 3836 3838
f 3838 3836 3858
f 3840 3839 3831
f 3839 3830 3831
f 3840 3841 3839
f 3842 3840 3831
f 3077 3839 3123
f 3089 3077 3123
f 3123 3839 3841
f 3123 3841 3844
f 3841 3840 3842
f 3844 3841 3842
f 3845 3844 3842
f 3846 3842 3831
f 3831 3837 3846
f 3847 3842 3846
f 3846 3848 3847
f 3849 3846 3838
f 3850 3849 3838
f 3858 3851 3838
f 3838 3851 3850
f 3852 3850 3851
f 3853 3850 3852
f 3848 3846 3849
f 3853 3849 3850
f 3854 3842 3847
f 3848 3856 3847
f 3856 3848 3855
f 3854 3845 3842
f 3854 3847 3856
f 3849 3855 3848
f 3849 3853 3855
f 3855 3857 3856
f 2158 3749 2133
f 2133 3749 2181
f 3835 2181 3749
f 3749 3751 3835
f 3753 3835 3751
f 3859 3858 3835
f 3859 3835 3753
f 3753 3754 3859
f 3753 3751 3752
f 3851 3858 3860
f 3859 3860 3858
f 3859 3861 3860
f 3861 3859 3754
f 3851 3860 3852
f 3853 3852 3860
f 3863 3853 3860
f 3770 3861 3754
f 3853 3862 3855
f 3863 3862 3853
f 3860 3861 3863
f 3863 3864 3862
f 3864 3865 3862
f 3855 3862 3865
f 3866 3863 3861
f 3864 3863 3866
f 3861 3770 3866
f 3866 3770 3769
f 3779 3866 3769
f 3867 3864 3866
f 3779 3867 3866
f 3868 3122 3121
f 3868 3843 3122
f 3121 3124 3868
f 3843 3868 3869
f 3870 3869 3868
f 3124 3871 3868
f 3871 3870 3868
f 3871 3124 3127
f 3128 3871 3127
f 3870 3871 3872
f 3094 3123 3844
f 3844 3132 3094
f 3132 3844 3873
f 3845 3873 3844
f 3133 3132 3890
f 3890 3132 3873
f 3873 3845 3874
f 3875 3873 3874
f 3870 3876 3869
f 3878 3876 3870
f 3876 3878 3877
f 3874 3845 3854
f 3879 3874 3854
f 3879 3854 3856
f 3857 3879 3856
f 3880 3876 3877
f 3788 3880 3877
f 3881 3788 3877
f 3878 3881 3877
f 3857 3865 3882
f 3878 3870 3883
f 3872 3883 3870
f 3883 3895 3878
f 3884 3879 3857
f 3895 3881 3878
f 3885 3881 3895
f 3881 3885 3791
f 3875 3874 3879
f 3887 3886 3128
f 3128 3886 3871
f 3872 3871 3888
f 3886 3888 3871
f 3887 3888 3886
f 3889 3888 3887
f 3891 3887 3134
f 3891 3890 3892
f 3891 3893 3887
f 3893 3891 3892
f 3890 3873 3875
f 3890 3875 3892
f 3905 3893 3892
f 3889 3887 3893
f 3872 3888 3883
f 3888 3894 3883
f 3894 3888 3889
f 3894 3895 3883
f 3896 3894 3889
f 3895 3894 3904
f 3894 3896 3904
f 3885 3895 3903
f 3884 3857 3882
f 3897 3884 3882
f 3898 3897 3899
f 3904 3903 3895
f 3896 3901 3900
f 3896 3900 3904
f 3901 3902 3900
f 3902 3901 3899
f 3913 3902 3899
f 3913 3899 3897
f 3884 3875 3879
f 3898 3875 3884
f 3892 3875 3905
f 3898 3905 3875
f 3896 3889 3893
f 3901 3893 3905
f 3896 3893 3901
f 3901 3905 3898
f 3897 3898 3884
f 3899 3901 3898
f 3865 3864 3906
f 3857 3855 3865
f 3882 3865 3906
f 3864 3907 3906
f 3864 3867 3907
f 3797 3907 3867
f 3788 3881 3791
f 3885 3789 3791
f 3906 3907 3908
f 3908 3907 3797
f 3779 3780 3867
f 3797 3867 3780
f 3796 3804 3797
f 3909 3797 3804
f 3910 3885 3903
f 3910 3789 3885
f 3906 3908 3911
f 3906 3911 3882
f 3882 3911 3897
f 3908 3797 3909
f 3807 3789 3910
f 3912 3910 3903
f 3913 3897 3911
f 3908 3913 3911
f 3904 3912 3903
f 3900 3912 3904
f 3912 3900 3916
f 3902 3913 3918
f 3902 3916 3900
f 3918 3913 3908
f 3919 3902 3918
f 3902 3919 3916
f 3910 3809 3807
f 3809 3910 3912
f 3914 3809 3912
f 3809 3914 3810
f 3909 3915 3908
f 3912 3916 3914
f 3909 3917 3915
f 3918 3915 3919
f 3920 3919 3915
f 3920 3915 3917
f 3918 3908 3915
f 3804 3917 3909
f 3804 3805 3917
f 3805 3824 3917
f 3921 2246 2262
f 3921 2278 2246
f 3922 3925 3923
f 2262 3925 3921
f 3921 3925 3922
f 3923 3925 3926
f 3926 3925 3924
f 3927 3923 3926
f 2253 3928 2252
f 3929 3928 3930
f 2252 3931 3937
f 3931 2252 3928
f 2256 2257 1643
f 3371 2256 1643
f 3930 2256 3371
f 3930 2253 2256
f 3373 3930 3371
f 3928 2253 3930
f 3932 3930 3373
f 3930 3932 3929
f 3372 3932 3373
f 3932 3933 3929
f 3931 3928 3929
f 3931 3929 3934
f 3929 3933 3935
f 3929 3935 3934
f 3936 3934 3935
f 2260 2252 3937
f 3937 2261 2260
f 2261 3937 2262
f 3924 2262 3937
f 3924 3937 3938
f 3939 3924 3938
f 3931 3938 3937
f 3934 3938 3931
f 3939 3938 3934
f 3924 3925 2262
f 3940 3927 3926
f 3942 3940 3941
f 3973 3941 3954
f 3973 3942 3941
f 3932 3943 3933
f 3943 3932 3372
f 3943 3372 3392
f 3933 3936 3935
f 3943 3936 3933
f 3945 3936 3943
f 3936 3945 3934
f 3934 3945 3939
f 3944 3945 3943
f 3944 3946 3945
f 3392 3395 3947
f 3947 3944 3943
f 3943 3392 3947
f 3944 3947 3948
f 3949 3947 3395
f 3949 3948 3947
f 3944 3950 3946
f 3948 3951 3944
f 3945 3946 3939
f 3939 3946 3952
f 3946 3950 3952
f 3952 3924 3939
f 3924 3952 3926
f 3940 3926 3952
f 3941 3940 3952
f 3950 3944 3951
f 3953 3950 3951
f 3950 3954 3952
f 3954 3950 3953
f 3954 3941 3952
f 3957 2276 3922
f 2172 2165 2275
f 3957 2275 2276
f 3759 2172 2275
f 3955 3759 2275
f 3956 3759 3955
f 3955 2275 3957
f 3922 2276 2278
f 3922 2278 3921
f 3923 3957 3922
f 3957 3960 3955
f 3959 3955 3960
f 3958 3956 3955
f 3766 3956 3958
f 3960 3957 3923
f 3960 3923 3961
f 3960 3961 3959
f 3927 3961 3923
f 3956 3758 3759
f 3766 3758 3956
f 3962 3766 3958
f 3958 3955 3959
f 3964 3959 3961
f 3962 3959 3964
f 3962 3958 3959
f 3966 3962 3964
f 3964 3961 3963
f 3963 3961 3927
f 3965 3964 3963
f 3967 3966 3964
f 3776 3962 3966
f 4021 3776 3966
f 3968 3966 3967
f 3967 3969 3968
f 4021 3966 3968
f 3965 3963 3927
f 3965 3970 3971
f 3967 3964 3965
f 3971 3967 3965
f 3965 3927 3940
f 3942 3965 3940
f 3970 3965 3942
f 3972 3971 3970
f 3969 3967 3971
f 3969 3971 3972
f 3942 3972 3970
f 3776 4021 3782
f 3974 3973 3954
f 3973 3974 3975
f 3975 3942 3973
f 3979 3975 3974
f 3979 3974 3976
f 3987 3976 3977
f 3978 3999 3976
f 3980 3975 3979
f 4001 3980 3979
f 3979 3976 3999
f 3999 4001 3979
f 3982 3948 3981
f 3981 3948 3949
f 3396 3983 3981
f 3396 3981 3949
f 3951 3948 3985
f 3985 3948 3982
f 3984 3985 3982
f 3986 3981 3983
f 3981 3986 3982
f 3984 3986 3990
f 3419 3986 3983
f 3988 3986 3419
f 3986 3984 3982
f 3977 3985 3984
f 3990 3977 3984
f 3977 3976 3985
f 3987 3977 3990
f 3985 3953 3951
f 3976 3953 3985
f 3974 3954 3953
f 3976 3974 3953
f 3993 3990 3988
f 3988 3989 3991
f 3991 3993 3988
f 3992 3987 3993
f 3993 3991 3992
f 3728 3727 3994
f 3989 3594 3995
f 3995 3991 3989
f 3992 3991 3996
f 3992 3996 3997
f 3996 3991 3995
f 3998 3996 3995
f 3978 3976 3987
f 4005 3978 3987
f 3978 4000 3999
f 4000 3978 4005
f 3987 3992 4005
f 3999 4003 4001
f 4004 4003 4000
f 4003 3999 4000
f 3997 4005 3992
f 4006 4000 4005
f 4007 4006 4005
f 4006 4004 4000
f 3996 4007 3997
f 4007 4005 3997
f 4008 4003 4004
f 4009 4004 4006
f 4008 4004 4009
f 3990 3986 3988
f 3993 3987 3990
f 4010 4021 3968
f 3969 4011 3968
f 4011 3969 4012
f 4011 4010 3968
f 4011 4014 4010
f 4013 3969 3972
f 3975 3972 3942
f 3972 3975 4013
f 3969 4013 4012
f 4015 4011 4012
f 4015 4014 4011
f 4015 4012 4016
f 4020 4017 4012
f 4016 4012 4017
f 4018 4014 4015
f 4019 4015 4016
f 4019 4018 4015
f 3975 3980 4013
f 4013 3980 4020
f 4013 4020 4012
f 4002 4020 3980
f 4002 3980 4001
f 3799 3782 4021
f 3799 4021 3801
f 3801 4021 4010
f 3806 4010 4014
f 3806 3801 4010
f 4018 3806 4014
f 3820 3802 3806
f 4018 3820 3806
f 4002 4022 4017
f 4017 4019 4016
f 4023 4019 4017
f 4022 4023 4017
f 3821 4018 4019
f 4024 4019 4023
f 4001 4003 4002
f 4002 4017 4020
f 4022 4002 4003
f 4003 4008 4022
f 4009 4025 4008
f 3821 4019 4024
f 4023 4022 4025
f 4023 4025 4024
f 4008 4025 4022
f 4018 3821 3820
f 4027 3529 4026
f 3543 3529 3549
f 3529 4027 3549
f 3550 3549 4028
f 3555 3550 4028
f 3555 4028 4072
f 4028 3549 4029
f 4031 4032 3786
f 4031 3786 3785
f 4031 3785 4033
f 4041 4032 4031
f 4041 4031 4033
f 4034 3817 3818
f 4033 3785 3817
f 4034 4033 3817
f 4032 4041 4035
f 4036 4035 4037
f 4037 4035 4041
f 4034 4038 4033
f 4039 4040 4038
f 4041 4033 4038
f 4040 4041 4038
f 4040 4037 4041
f 4037 4040 4052
f 4087 4052 4040
f 4087 4089 4052
f 3815 4034 3818
f 4034 3815 4042
f 3815 3810 4030
f 3920 3824 4043
f 4042 3815 4030
f 4044 4030 4045
f 4030 4044 4042
f 4044 4045 4047
f 4047 4045 4046
f 4044 4039 4042
f 3920 4048 4046
f 4048 3920 4043
f 4047 4046 4048
f 4024 4051 3823
f 4051 4049 3823
f 3822 4043 3824
f 4049 4043 3822
f 4048 4043 4049
f 3823 4049 3822
f 4047 4039 4044
f 4038 4034 4042
f 4039 4038 4042
f 4047 4048 4050
f 4050 4049 4051
f 4040 4039 4047
f 4047 4050 4040
f 4050 4051 4087
f 4087 4040 4050
f 4048 4049 4050
f 4036 4037 4052
f 3916 4045 3914
f 3919 4045 3916
f 4030 3810 3914
f 4045 4030 3914
f 3919 3920 4046
f 4045 3919 4046
f 3920 3917 3824
f 3527 3591 3728
f 3527 3728 4053
f 3728 3994 4053
f 4053 3994 4054
f 4054 4055 4053
f 3594 4056 3995
f 4056 3998 3995
f 4056 3594 3596
f 4057 3998 4058
f 3996 3998 4057
f 3529 3527 4026
f 4026 3527 4053
f 4055 4059 4053
f 4026 4053 4059
f 4058 4056 3596
f 3998 4056 4058
f 4060 4159 3786
f 4159 4060 4054
f 4060 4055 4054
f 4060 3786 4032
f 4061 4007 3996
f 4007 4061 4006
f 4057 4061 3996
f 4061 4062 4006
f 4062 4009 4006
f 4032 4035 4060
f 4063 4060 4035
f 4064 4061 4057
f 4065 4061 4064
f 4065 4062 4061
f 3597 4066 3596
f 4066 4058 3596
f 4067 4066 3597
f 4027 4026 4059
f 4057 4058 4068
f 4027 4059 4069
f 4029 4027 4069
f 4058 4066 4068
f 4067 3597 3598
f 4071 4066 4067
f 4070 4066 4071
f 4070 4071 4073
f 3548 4067 3598
f 4067 3548 3599
f 4071 4067 3599
f 4071 3599 3556
f 4071 3556 4073
f 4072 3556 3555
f 4073 3556 4072
f 4028 4029 4072
f 4027 4029 3549
f 4066 4070 4068
f 4074 4068 4070
f 4063 4069 4055
f 4068 4064 4057
f 4069 4059 4055
f 4075 4069 4063
f 4074 4064 4068
f 4076 4064 4074
f 4074 4083 4076
f 4055 4060 4063
f 4075 4063 4036
f 4036 4063 4035
f 4077 4075 4036
f 4079 4065 4064
f 4079 4062 4065
f 4078 4062 4079
f 4077 4080 4075
f 4081 4080 4082
f 4080 4077 4082
f 4076 4079 4064
f 4083 4080 4076
f 4079 4076 4081
f 4076 4080 4081
f 4081 4078 4079
f 4069 4075 4029
f 4072 4029 4075
f 4075 4080 4072
f 4083 4072 4080
f 4073 4072 4083
f 4083 4070 4073
f 4083 4074 4070
f 4084 4025 4009
f 4085 4024 4025
f 4009 4062 4084
f 4078 4084 4062
f 4084 4085 4025
f 4086 4085 4084
f 4051 4024 4085
f 4087 4051 4086
f 4085 4086 4051
f 4078 4086 4084
f 4089 4087 4086
f 4086 4078 4088
f 4089 4086 4088
f 3823 3821 4024
f 4036 4052 4077
f 4052 4082 4077
f 4089 4088 4082
f 4089 4082 4052
f 4088 4078 4081
f 4081 4082 4088
f 3175 2405 1059
f 3175 1059 1060
f 4090 2405 4091
f 2405 4090 2408
f 2409 2408 4090
f 4091 2405 3175
f 2409 4090 4092
f 4093 2412 2409
f 4093 2415 2412
f 4094 2415 4093
f 4095 2415 4094
f 4092 4093 2409
f 4092 4096 4093
f 4094 4093 4096
f 3177 4091 3175
f 4091 3177 4090
f 4094 4096 4097
f 4094 4097 4098
f 4094 4098 4095
f 4095 4098 4099
f 3880 4098 4097
f 3880 4100 4098
f 2428 4095 2429
f 4095 2428 2415
f 4099 4101 2429
f 4095 4099 2429
f 2429 4101 4102
f 2434 4102 4101
f 4100 4101 4099
f 4100 4103 4101
f 4103 2434 4101
f 4104 2434 4103
f 2436 2421 2435
f 2465 2435 4105
f 4106 4107 2465
f 2465 4105 4106
f 2465 4107 4108
f 2435 2434 4104
f 4105 2435 4104
f 4100 4099 4098
f 4109 4103 4100
f 4103 4109 4110
f 4110 4104 4103
f 4105 4104 4110
f 3880 4111 4100
f 4111 4109 4100
f 3788 4111 3880
f 3787 4109 4111
f 4112 4109 3787
f 4112 4110 4109
f 4113 4106 4105
f 4114 4113 4115
f 4106 4113 4114
f 4116 4117 4118
f 4107 4106 4116
f 4114 4116 4106
f 4116 4114 4117
f 4110 4113 4105
f 4119 4120 3816
f 3784 4119 3816
f 3787 4111 3788
f 3790 4112 3787
f 4110 4112 4121
f 4113 4110 4121
f 4121 4112 3790
f 3790 3787 3791
f 3792 4121 3790
f 3792 3794 4121
f 4122 4118 4117
f 4123 4118 4122
f 4124 4123 4122
f 4125 4114 4115
f 4126 4117 4125
f 4126 4122 4117
f 4114 4125 4117
f 3811 4126 4125
f 4120 4124 3814
f 4126 3814 4122
f 3814 4124 4122
f 4115 3794 4125
f 4115 4113 4121
f 3794 4115 4121
f 4125 3794 3811
f 3816 4120 3814
f 3784 3816 3785
f 4090 3177 4127
f 4128 4090 4127
f 4128 4092 4090
f 4128 4129 4092
f 3093 4127 3177
f 4128 4127 3093
f 3092 3122 3093
f 3093 3122 3843
f 3843 4128 3093
f 3843 4129 4128
f 4129 3843 3869
f 3876 4129 3869
f 4129 4096 4092
f 4097 4096 4129
f 3876 4097 4129
f 4097 3876 3880
f 4130 4140 4160
f 4108 2489 2467
f 2468 2470 2489
f 2468 2488 2469
f 4131 2488 2468
f 4130 2488 4131
f 4132 2468 2489
f 4131 2468 4132
f 2489 4108 4132
f 4133 4131 4134
f 4135 4130 4133
f 4130 4135 4140
f 3712 3748 4136
f 3711 3712 4137
f 4137 4136 4138
f 4139 4138 4140
f 4141 4138 4139
f 4142 4137 4138
f 3711 4137 3725
f 4138 4141 4142
f 4141 4139 4143
f 4144 4141 4143
f 4145 4133 4134
f 4146 4145 4147
f 4147 4145 4148
f 4145 4134 4148
f 4133 4146 4135
f 4143 4135 4146
f 4145 4146 4133
f 4149 4147 4150
f 4123 4147 4148
f 4150 4147 4123
f 4146 4149 4143
f 4149 4146 4147
f 4144 4143 4149
f 4108 2467 2465
f 4132 4108 4107
f 4116 4132 4107
f 4118 4134 4132
f 4118 4148 4134
f 4118 4132 4116
f 4123 4148 4118
f 4142 3725 4137
f 3725 4142 4151
f 4144 4142 4141
f 4142 4144 4152
f 4152 4144 4153
f 4154 4152 4153
f 4152 4151 4142
f 4150 4155 4149
f 4153 4144 4155
f 4150 4123 4124
f 4149 4155 4144
f 4155 4156 4153
f 4150 4124 4120
f 4119 4155 4150
f 4120 4119 4150
f 3723 3724 3727
f 3725 4151 3724
f 3724 4151 3727
f 4157 3727 4151
f 4154 4151 4152
f 4157 4151 4154
f 4157 4154 4158
f 4157 3994 3727
f 3994 4157 4158
f 4054 4158 4159
f 4154 4153 4156
f 4154 4159 4158
f 4154 4156 4159
f 4156 4155 4119
f 3784 4156 4119
f 4159 4156 3786
f 3784 3786 4156
f 4054 3994 4158
f 2465 2436 2435
f 2486 2488 2487
f 4160 2487 2488
f 2488 4130 4160
f 4160 4140 4161
f 4136 4161 4140
f 4134 4131 4132
f 4131 4133 4130
f 4161 2491 4160
f 2490 4160 2491
f 4160 2490 2487
f 4161 2492 2491
f 3748 2492 4161
f 3748 4161 4136
f 4136 4137 3712
f 4138 4136 4140
f 4143 4139 4135
f 4139 4140 4135
