v -0.000438322361542498 0.0285583186609405 0.00903867565290462
v -0.0029896021032338 0.0299532368253697 0.0136610108639007
v 0.00143128773525901 0.0319145574768637 0.0131204719539883
v -0.000355894000305675 0.0340650852574282 0.0188889141998206
v -0.00545238703055747 0.0313535090943369 0.0191533722612063
v -0.0148616856792005 0.00412264811692215 0.00420726169145985
v -0.0131173723274997 0.0039259556184743 0.00258027886370241
v -0.0167200508026036 -0.0042836358676727 0.005965039911238
v -0.0167028719227112 0.00100183385975272 0.00585952301015274
v -0.0150857295722193 -0.00492685131420697 0.00404349205289578
v -0.0478760770748007 0.00457120212912985 0.0273055561831909
v -0.0486858999745104 0.00212747744425617 0.0262645261760322
v -0.0525030579655242 0.00388434081793677 0.0289912898527425
v -0.0523988163716214 0.00122469610983793 0.0276824666586236
v -0.0497650159313095 0.00516358288228239 0.0289750212309537
v -0.0414982158551264 0.00515048446490146 0.0255451375956684
v -0.0444838231285707 0.00348619951011669 0.0252577220241271
v -0.0380821343958332 0.0035806940468283 0.023492782902751
v -0.0421790275533715 0.001685415929115 0.0238428060499465
v -0.0360382560901837 0.00518343368656196 0.0242712091645527
v -0.0340483614594944 0.00200249243456128 0.0218230094847097
v -0.0418316705840645 -0.00118741387561357 0.0231155246766848
v -0.0340574646726997 -0.000856070139198356 0.0212116076706561
v -0.0539196361422271 0.0053561915382002 0.0321151653712822
v -0.0503774147914247 0.00520374125376127 0.0317714060673916
v -0.0533824452191409 0.00537971890926361 0.0330358312219208
v -0.0486533021121324 0.00555348526999159 0.0300811180786878
v -0.0426395161519777 0.0057924363803036 0.027137074782569
v -0.0480962573327886 0.00507338622643083 0.0309617769436646
v -0.041120554340566 0.0050536552771831 0.0289362310739971
v -0.0508495006015473 0.00336815732227711 0.0339598294066229
v -0.0474716470894828 0.00261395543431585 0.0324937276315121
v -0.0421386915730892 0.00573536205882228 0.0280358180238147
v -0.0423687470169338 0.00272300982679105 0.0305095497230575
v -0.0351243510461617 0.00574385940195129 0.0258344024928318
v -0.0290791932874659 0.00577077959339513 0.0236303213031613
v -0.0340667344340367 0.00533675670939485 0.0275226109238198
v -0.0297948130560877 0.00435096200078942 0.0283568895361958
v -0.039491694051648 -4.93959353701618e-05 0.0306018498948694
v -0.0349426886300142 -0.00236605258462737 0.030166287734639
v -0.0100305701255983 0.0180284598805009 0.00590989942669275
v -0.00614422197303045 0.0217629601588098 0.00548218817460781
v -0.00803016181976248 0.0170670514825749 0.00319062041418468
v -0.00351328042898252 0.0250607949513161 0.0065121641280783
v -0.012374473668571 0.0206353746725179 0.0121039792905745
v -0.0081769413003656 0.0230504751911311 0.00924573750414516
v -0.00313965304909778 0.0215787154768318 0.00283279920794985
v -0.0157720122231871 0.0121998141958524 0.00919649554496559
v -0.0147644308807633 0.00869316104783826 0.00561330105842875
v -0.0172818340701452 0.00856135241474293 0.00951018115478968
v -0.0115960127277001 0.0113645137113089 0.00327661357819481
v -0.0123197369492755 0.00837382193622162 0.00277398534574489
v -0.00894705730521368 0.0136023472730978 0.00241710294765331
v -0.0132715182080587 0.0156913496837422 0.00807726283684245
v -0.0122743224703601 0.0134341205393764 0.00509187691296257
v -0.0107946194110697 0.00910202295347944 0.00235473566830764
v -0.0151383012807954 0.0163506762799479 0.0117943946620158
v -0.0176632548263725 0.0139742111310567 0.0138649528846295
v -0.0200804938243523 0.0124501079629723 0.017488069075882
v -0.011686818706236 0.0264161699746155 0.0194566402587299
v -0.0143014076431395 0.0226763332640645 0.0180401351560723
v -0.0144978582426474 0.0247174544209928 0.0204572328173624
v -0.0131290034170729 0.0263923160971199 0.0220860905879029
v -0.00896474709377451 0.0302821836305585 0.0208625448530597
v -0.00785222144031831 0.0283395237477238 0.0167960629920301
v -0.0169613323528365 0.0191780805543042 0.0183159617197067
v -0.0194919549085858 0.0163072595686541 0.0200870146462552
v -0.0189978635881875 0.0188825548058751 0.0210438748451428
v -0.0220898318671141 0.0127338854234374 0.0213837344050661
v -0.0162890745079604 0.0242780972536959 0.0251374758719758
v -0.0226890913984064 0.0170300248656635 0.0278503543248024
v -0.0167207370894395 0.0216107630383409 0.0213518731599476
v -0.0197101814612728 0.0192420014791069 0.0247168786810385
v -0.0212180540856221 0.0160230765741544 0.0240624352011379
v -0.00477230084769614 0.0267608224711862 0.0103688185844427
v -0.0107058130176189 0.0246178078178189 0.0147874167314618
v -0.00671152484690307 0.0180021852619386 0.0183290027206716
v -0.0102145666145575 0.0163184766576181 0.0196010737509515
v -0.0241461336406902 0.00415855057139094 0.0207750734806378
v -0.0236301803187152 -0.000686894953212295 0.0189134362602612
v -0.0284446933358649 0.00180396641055046 0.0207841612390682
v -0.029058624095307 -0.00120636578207704 0.0203641139510064
v -0.0313109213598118 0.00406849291759111 0.0222614900903035
v -0.0341544469925554 -0.00381559068367178 0.0210019512485908
v -0.0381820607515322 -0.00572455266074248 0.0220508528979051
v -0.0312967318795662 -0.00665573846328066 0.0209344021397327
v -0.0250574893074699 2.58916828590944e-05 0.0202702042376507
v -0.0271017707649905 -0.00475116810786438 0.0201333233506327
v -0.0198999302468329 0.00704717823959668 0.0133690160943402
v -0.0177237311129498 0.0035589681382927 0.00808151795570497
v -0.0199435174866879 0.00305334146068229 0.0119658888374912
v -0.0194802708742024 -0.000598446869022305 0.01035566573582
v -0.0221974844542847 0.00119110966247657 0.0160019721423498
v -0.0219315456862006 -0.00254096106717851 0.0150845071387878
v -0.0197741527407766 -0.00408647984718047 0.0110185687240882
v -0.0184072802723686 -0.00840712241968013 0.00955609205518096
v -0.0210632377694739 -0.00739687575384027 0.01425362206175
v -0.0197184717484452 -0.0120062957269769 0.0134710567185249
v -0.0235802940368262 -0.00401612442857415 0.0186982454880898
v -0.0227787016739599 -0.00870467104187596 0.0185915749770522
v -0.0240208392520899 -0.00726044438659601 0.0198805612550483
v -0.0249237074994937 -0.00559896188818121 0.0200174692368844
v -0.0262075372914786 -0.00912998954173823 0.0218141094243331
v -0.0244696143656562 -0.0100000089125942 0.0218851026553037
v -0.0214952621555268 -0.0144815114558429 0.0188497588949337
v -0.0266461546819861 0.00426924555788767 0.0218189974868292
v -0.027939266539658 0.00585568208624403 0.0261668827723925
v -0.0253725241467242 0.00705779963763456 0.0257007349741033
v -0.0224310476402796 0.00921952326646341 0.0202327199691273
v -0.0239251067441268 0.00891318399296515 0.0239351472313444
v -0.0228382442818762 0.00565946133289017 0.0191849724501329
v -0.0251057121002966 0.00605199081321935 0.0231236903550496
v -0.0254007798367147 0.00971107248628335 0.0271926253113587
v -0.023410031763172 0.0124787746825465 0.0258434301115165
v -0.0240029338069028 0.0147054310084273 0.0298580289188837
v -0.0250258187522959 0.0118629804114074 0.0298178906857485
v -0.0267433654159427 0.00557002197618549 0.0280780250544578
v -0.0278956377768224 0.00630862594578983 0.0330210841405033
v -0.0263644513542591 0.00733219844405335 0.0300483497187296
v -0.0322877449460477 0.00108772910770317 0.0298240189329825
v -0.0352949472982901 0.00282411071109918 0.0293091163054788
v -0.00306708120526473 0.0341383492503472 0.0206625274666436
v 0.000472861529360446 0.0360433988214908 0.0231125101697519
v 0.00329645785845748 0.0355677401616714 0.0190823267851063
v 0.00476236374793412 0.0373149971008861 0.0208094945778837
v 0.00607232537786574 0.0362017557897129 0.0186776676314229
v 0.00480335245954777 0.0332414213208694 0.0131994819243249
v -0.0043162440312283 0.0343287220938613 0.0245358267919189
v 0.00418970531666961 0.0389919317861855 0.027853768401041
v 0.000744561604190883 0.0383235476860749 0.0273031425653554
v 0.0088592471610584 0.0372817566431203 0.0199359613799384
v 0.00479298438453743 0.0379660360793341 0.0243292939663868
v -0.00402903001020565 0.0379906984218884 0.0328204755560039
v -0.00357699933319042 0.0388354099858427 0.0371289089623682
v -0.0011178188278349 0.0396081490922994 0.0357076600052297
v 0.000900402818681554 0.0414275023028392 0.038866598879602
v -0.00278409595788581 0.036591603162971 0.028618266411233
v -0.000167809057314476 0.0384670263672234 0.0307512803216043
v 0.00344394435806548 0.0406006120727051 0.0320075301522597
v 0.00645870551265493 0.0405679963804444 0.0308337842334311
v 0.00848617975785387 0.0403347407619538 0.0270883448324794
v 0.0100616806617714 0.0392326706914563 0.0248458551344352
v 0.00755950673785006 0.041557083412561 0.0338993207845726
v 0.00572805170849976 0.0421316921456281 0.0373211242654925
v 0.00170399287171666 0.0404317001422986 0.0350353011724988
v 0.0122982788947947 0.0423953227875803 0.0321702636986993
v 0.00347427938567533 0.0424733554119964 0.0412339428835069
v -0.00287030074828522 0.0409872969608726 0.0443991500216847
v -0.00011339669785532 0.0425817795348503 0.0471031847180514
v 0.00318032709377002 0.0438270877374048 0.0449232647445066
v 0.002176629246083 0.0436979745803782 0.0488221843797184
v -0.00111060528601167 0.0437839747543851 0.0515159105758449
v 0.00770432435273846 0.0435580019150526 0.0393343862057904
v 0.0101546513143739 0.0425923098742689 0.0361677651300342
v 0.0116580069870349 0.0433068218366501 0.0384120947271619
v 0.0133763709294137 0.0442495178351085 0.0418844600183336
v 0.0158961544201311 0.0442106104737696 0.0387882222360479
v 0.0080051805083676 0.0439210779280828 0.0432445078394873
v 0.0120583313087524 0.0453582325561058 0.0450971801395958
v 0.00792861493803519 0.0448438487447845 0.0481656610191359
v 0.000380738354395466 0.0440456004690917 0.0542233114753725
v 0.00378402698164868 0.0447105458809271 0.0525218610504452
v 0.00303257236573743 0.045748305518691 0.0578918136624902
v 0.00630870800644661 0.0456566781172603 0.0548680068120927
v 0.00334102286502559 0.0458235801347142 0.0625283256647112
v 0.00667814093125931 0.0463016900686362 0.0598184696454529
v 0.010118886615351 0.046646025589718 0.0575872752963847
v 0.00800248657775326 0.0459532829842683 0.0514778685988946
v 0.0122634591937812 0.0456912421474477 0.0502091919219184
v 0.0143929868624658 0.0462140537865361 0.0510536948156962
v 0.0138803058312448 0.0464597266836226 0.0543424805856575
v 0.0170901392147979 0.0454492594680365 0.0478539301521877
v 0.0165757690752089 0.0466339200726943 0.0513792928118085
v 0.0124346355069777 0.0473468833457325 0.0581377675553844
v 0.0158919865655566 0.0466134526546906 0.0555323120479781
v 0.0193037778404534 0.0465520214894113 0.0553552936918568
v -0.0204314654241051 0.0236588831780471 0.0348586651667786
v -0.0231001788200614 0.0221465730602554 0.0402752573699477
v -0.0180894143678216 0.02922706315962 0.0414735578910054
v -0.0211223404557313 0.0256338853803361 0.0393334994353091
v -0.0219592032623929 0.0253314940468189 0.044032478930388
v -0.0246533314801625 0.0227188322395997 0.045064581875515
v -0.0237670575615152 0.0242674272316841 0.0485709481323707
v -0.0247521681029789 0.0240953198453801 0.053006723028804
v -0.023108475561336 0.0270781838332578 0.0515825957322117
v -0.0190556734135052 0.0299834737087244 0.0447968948307406
v -0.015890803356334 0.0326120050806933 0.0453317229189005
v -0.019478924654888 0.0297622935604914 0.0485790385260936
v -0.0208800823675099 0.0294347813835267 0.0535884442084197
v -0.0279082029503658 0.00940650077991657 0.0367797451302599
v -0.0264731971586036 0.0129707417808526 0.0359528340289659
v -0.0236710073907312 0.0192669205020519 0.0361547386790579
v -0.0249465614363034 0.0165049910728001 0.0357529601085863
v -0.0253668458967004 0.0186975582685355 0.0388712085916975
v -0.0255149723452877 0.0187455594193396 0.04185581574104
v -0.0283511925555117 0.0113900025418556 0.0389172661050303
v -0.0271345485750361 0.014536630363434 0.0406886974683021
v -0.0283248761988067 0.0152482395296606 0.0447013057638152
v -0.0288550252441182 0.0111021843189508 0.0433196137779917
v -0.0266870973487422 0.0189506193283366 0.0477880984061603
v -0.0280795261485663 0.0168070723489456 0.0497792826818964
v -0.0292206081667838 0.012899110221982 0.0477059968233793
v -0.0255639021904325 0.0213920335101975 0.0487351209008758
v -0.0275070441068406 0.0201114625860949 0.0523636815620884
v -0.0306951607208202 0.0120453275556243 0.0521738047684022
v -0.0291547411478264 0.015907144080531 0.0538809587935379
v -0.0281193802157854 0.0189484867163572 0.0555396778401451
v -0.0305237688636254 0.00925653420093941 0.0487596737220111
v -0.0301940027053282 0.0139471396492287 0.0552884797929063
v -0.03139469104768 0.0105821221103124 0.0570472722663479
v -0.0298807235729349 0.0169169921285116 0.0576095971319256
v -0.00628226423006919 0.0321681555188134 0.0224032488236889
v -0.00671398151492795 0.0333050837749586 0.025422236957448
v -0.00896669357320032 0.0316115511334196 0.0254569127073904
v -0.0114588562135067 0.0289482862451215 0.0239858415300073
v -0.0135362093380826 0.0291444330972894 0.0270879408273956
v -0.0157479896486753 0.0270719127406891 0.0292084609575181
v -0.00993070855700505 0.0324185127579029 0.0294263297056877
v -0.0133680449828834 0.0302892767818253 0.0312607126009728
v -0.0114101619039604 0.0333088093125829 0.0331565812910932
v -0.012741780331525 0.0329967238754394 0.0371592739651289
v -0.00714443610676826 0.034489836444704 0.0273138218045137
v -0.0185903689900075 0.0234724537820052 0.0275295599006613
v -0.0189662351222532 0.0236563420761034 0.0305606594611862
v -0.0209778057191715 0.0196785971993546 0.0286846070123549
v -0.0223296916409951 0.0205895941966031 0.032584261968405
v -0.0230636563534512 0.0174447422501134 0.0308937674586988
v -0.0171282423183198 0.0277811029541922 0.0324642355660783
v -0.0176831684701874 0.0278646968263506 0.0364637439821528
v -0.0147787576077045 0.0309835132534875 0.0365375908906055
v -0.0155732205738246 0.0317557655166426 0.0386060401662391
v -0.0141069219721203 0.033273229798324 0.0414817913391537
v -0.00963161680670322 0.0350165773482788 0.0361243789554066
v -0.0106312875735546 0.0357413035171381 0.0409293929710286
v -0.00710801936943668 0.0352445390112846 0.0317117556420935
v -0.00655560248428436 0.0367656361208007 0.0354371306138831
v -0.00829780173951613 0.0374983041521416 0.039029317897161
v -0.0126866563784017 0.0360432595319318 0.0447914178239796
v -0.0034993938300494 0.0399482418211372 0.0413278510892252
v -0.023896985006786 0.0161625802787198 0.0314151505908208
v -0.0237873571489592 0.01743430881858 0.0331794169014646
v -0.0255453947350715 0.0141728069056961 0.0324635676510042
v -0.0270109930479269 0.00930940460528461 0.0335327106721359
v -0.0154439733860231 0.0339746333612688 0.0488045865225188
v -0.0115174539031548 0.0371604404563519 0.0495771646970488
v -0.00996744965015575 0.0391149411287091 0.0519955880121109
v -0.0105515957422457 0.0389257167469295 0.0555961204520419
v -0.0136318321847338 0.0376703874917881 0.0574550711577037
v -0.0182340448152315 0.0324567057984237 0.0542793856890588
v -0.0242129033111785 0.0254924730583582 0.055102263122087
v -0.0226009644926649 0.0282842799225999 0.0578060282435034
v -0.0170096767371286 0.0338793208046423 0.051466621507331
v -0.014854955867815 0.0355094374826007 0.0541724477674267
v -0.0204763294468095 0.0317838121194964 0.0579497231682229
v -0.0163137024256166 0.0350229535078898 0.0582908176236319
v -0.0224156079787488 0.0290790396938516 0.0614980825324135
v -0.0114180786331997 0.0392257860275807 0.0619746044688733
v -0.00720170523466514 0.0416720497789943 0.0611825044009757
v -0.0107514726765433 0.0402906846829438 0.0673366582514962
v -0.00938146265228476 0.0413785113639613 0.0643003845648607
v -0.0144508277765368 0.0371890434942885 0.0638703645953995
v -0.0183957273492265 0.0335347390432325 0.0611322546012893
v -0.0179115711295086 0.0351339136693308 0.0646209330274178
v -0.0209029090533344 0.0313173277626171 0.0643916301128907
v -0.0191043988668116 0.03365866060972 0.0678618324705112
v -0.0221063904864233 0.0304358858692798 0.06818787396275
v -0.0157556929876103 0.0366299433768602 0.0679132971859995
v -0.0141059798844985 0.0384779797109895 0.0694230968778389
v -0.0173052365116988 0.0355345877596898 0.0713470988606586
v -0.0211446820244572 0.0326542662126033 0.0709921655629971
v -0.0284544600671421 0.019731531087232 0.0611715720347705
v -0.0286351609628217 0.0213078127046543 0.0652335082466943
v -0.029294337226698 0.019548837572122 0.0675633306392477
v -0.0302891344819987 0.0165770838591686 0.0657011515382764
v -0.031022867912819 0.0154144258158203 0.0682852554101656
v -0.0309409053349596 0.0136173050030468 0.0605763078629627
v -0.032215790902223 0.0123700162778269 0.0652005517916409
v -0.0320593332575555 0.012192195580182 0.0678695866807904
v -0.0323162398069637 0.011848629057778 0.0718093411460606
v -0.0262935694118716 0.0236131079700888 0.058982856180975
v -0.0271173956595918 0.0211899479862563 0.0569138432073296
v -0.0257401947629486 0.0249138809767298 0.0638590820658532
v -0.0243760987048177 0.0282514227400306 0.0651786449487972
v -0.0294421360269921 0.0177840378137523 0.0621915687911744
v -0.0322277096454056 0.00927805966761127 0.061770883480494
v -0.0256956363724537 0.0258830347233233 0.0685876927836012
v -0.0237502219451835 0.0285945758092091 0.0710759755443207
v -0.0266459989198109 0.0254605295343783 0.0711027839764623
v -0.0275886830564447 0.0234260019829661 0.0748685058574851
v -0.027721167216373 0.0225591981615228 0.0698273106586755
v -0.029506515398762 0.0197140617760387 0.0730185623177678
v -0.0253788208028159 0.0269570233188691 0.0760562111394511
v -0.0277765380704037 0.023580381042373 0.0802219778594345
v -0.0309931614466115 0.0171288198808642 0.0706517610878855
v -0.0308423221349476 0.0171163783294979 0.0765757057489631
v -0.03292794014794 0.0132094937057432 0.0778582628452756
v -0.0316125088483135 0.014856120750555 0.0739492553418288
v -0.0311674933939609 0.0166831402354465 0.0796090937081581
v -0.0296359703064195 0.0210271259529102 0.078272015881708
v -0.0300947037313152 0.0194554491712328 0.0813264763162834
v -0.0320015396818037 0.0146282589961641 0.0813874905895067
v -0.00614784600320632 0.0397005424342644 0.0443448669265797
v -0.00848645069375476 0.037843585037502 0.0437215803972128
v -0.00742094109558792 0.0395893564199235 0.0487711886145758
v -0.00410684265631621 0.0419829016692575 0.0527743781199665
v -0.00362012599254584 0.0414766173018178 0.0485284409388171
v -0.00851280049090985 0.0401421123156237 0.0528882489431698
v -0.00589703784798066 0.0422903903466197 0.0570430223524692
v -0.00259211038049934 0.0431827303025938 0.0561865807681142
v -0.00432102048377165 0.0429442975573908 0.0599397117947242
v -0.00332656189286317 0.0436627876275196 0.0632900182841658
v 0.000283007752392829 0.0447178232997124 0.0604375754703617
v -0.0012821558618887 0.0452655292732928 0.0643519856862097
v -0.0133599098276031 0.0178595684888957 0.0246362566405499
v -0.0152177237541344 0.0186410856113515 0.0292743639220736
v -0.0164278422545886 0.0151071139010672 0.0268881721599387
v -0.0174322564260843 0.0125223205932984 0.0266280393871967
v -0.00214141245325026 0.0266084198987784 0.0219644495213983
v -5.58925935246236e-05 0.0253106825045005 0.0193715894384269
v 0.00298275679286187 0.0279923548734625 0.0203553489284819
v -0.00711800128638947 0.02050163896908 0.0198232818070834
v -0.00490438346519304 0.0235681745744738 0.0208833932539846
v 0.00018831836302785 0.0224709770257289 0.0176751303024244
v -0.00353910943417973 0.0224083955315595 0.019147529848262
v -0.00629050500925631 0.0246477196744204 0.0232829084914947
v -0.0140965052603471 0.0117011758049534 0.0209129774693479
v -0.0107674182188937 0.0129534139026607 0.0186928210882527
v -0.011994931575641 0.0165630644512683 0.0216354503654626
v -0.0145674808219885 0.0141918969427252 0.0232694113710352
v -0.0158195808292511 0.0108273710679434 0.0225942260338832
v -0.00453715766027695 0.0184681918265639 0.0176427321543269
v -0.00387652042085517 0.0147208982739638 0.0167559468242524
v -0.0114108381597496 0.00763835789460223 0.0176812075465406
v -0.00764276383197945 0.0132432472831439 0.0172838771837673
v -0.0100124353085258 0.00611361665475488 0.01700438988552
v -0.00709746195487413 0.00934076242550656 0.0167011362254911
v -0.0105100079570192 0.0206946273561425 0.0236283740454561
v -0.0131564755648544 0.0209604627789821 0.0282467460815946
v -0.0145450218938836 0.00168169204599532 0.0187157365111433
v -0.0122283813879323 0.000670013414648144 0.0173282866728482
v -0.016467339586471 -0.0018820561233335 0.020180624927191
v -0.0170871892691177 -0.00605799037231334 0.0211730614265076
v -0.0147015853626141 -0.00383516514244091 0.0187003867259562
v -0.0166670106032352 -0.0087721109846153 0.0213255924703149
v -0.0186396999893681 -0.00756481955229899 0.023896983281994
v -0.0210346339831621 0.00953963417615224 0.0326518942082031
v -0.0190223797120235 0.00863034266886817 0.026954070791329
v -0.019132955914802 0.013327920846555 0.0314835084277698
v -0.0220369616088701 0.00464458691081376 0.0320708582616734
v -0.0201893834032751 0.00396106865439179 0.0273992135460004
v -0.0212308675008715 0.00188439588640063 0.0290629983700515
v -0.0283705452422378 0.00204366536859522 0.0302653839262442
v -0.0274690628331801 0.00325013415324577 0.0313505684164823
v -0.0300590299607222 -0.00222225024943371 0.0303505071449727
v -0.0288102394864708 -0.00118973114483458 0.0321223324731379
v -0.0290376710516491 -0.000490390193508312 0.0355584246484043
v -0.0237165288815106 -0.000566257751495075 0.0351709287705975
v -0.0301042083649273 -0.0056198379866246 0.0299387674698734
v -0.0281075030441129 -0.00638471394784387 0.0303457244865585
v -0.0240094240935542 -0.00525055225374284 0.035989310953463
v -0.017986322847958 0.00606640241805601 0.0236811220728853
v -0.0163645778733025 0.00674957678436551 0.0215592434797732
v -0.0174974640412001 0.00229539578536315 0.0218656056371848
v -0.0184008384555653 -0.00212148752505705 0.022881514257777
v -0.0194231074850531 0.00176820625724543 0.0249800381902837
v -0.0139267259045467 0.00748946548386501 0.0192740882574451
v -0.0216985930645735 -0.00214373565678038 0.0297052581554137
v -0.0195163054594915 -0.00359153980404066 0.0247355118487519
v -0.0206412224885958 -0.00730022714633227 0.0279189602095405
v -0.0203986330015898 -0.010891780256174 0.0288738534314223
v 0.0025173437154345 0.0318153595899852 0.0267271869562235
v 0.00541124439709298 0.0315909985697816 0.0243041021493638
v 0.000213394149308151 0.032374847627471 0.0301025596919535
v 0.00455472581927232 0.0349648795394792 0.0326383200033348
v 0.00529581370969036 0.0333354731197613 0.0280434088147907
v 0.0079320416637319 0.0358414707930985 0.0330397803064952
v 0.00265767614759682 0.0357954094937974 0.0370062898919325
v 0.00280156140448018 0.0373071473072035 0.0423633665028778
v 0.01120673124072 0.0376109466028069 0.0368884655064409
v 0.00960538470140992 0.0391181688180009 0.0429410552505661
v 0.0072150003735095 0.0397186721534709 0.0477811774162154
v 0.00562755045302007 0.0374106544297597 0.0398152896683272
v 0.0146627524658293 0.0388212438436848 0.0403420139243165
v 0.014615104234945 0.040354883880927 0.0465281097315895
v 0.00426291657870504 0.0398739676811163 0.0524961195568652
v 0.0125588024959658 0.0415489925935143 0.0543691006272551
v 0.00952665480898708 0.0414937657330576 0.0556796370496259
v 0.0123616701317942 0.0409799596118021 0.0497286737725859
v 0.0128142168439884 0.0420804374935996 0.0589897282475043
v 0.0169948354063803 0.0413359832869419 0.0513112672095473
v 0.0180356911945992 0.041812584442198 0.05541564821673
v 0.00915466930013934 0.0422259262457102 0.0624303211776259
v 0.0135145083017551 0.0427285504534298 0.0625454801278683
v 0.0158263265553415 0.0425357973415467 0.0590317471887751
v -0.0174856705169668 0.0260092321821741 0.0521801323749301
v -0.0205386574636434 0.0211642443987532 0.0493175434466169
v -0.0168495169912581 0.0256817578833056 0.0478818980979208
v -0.0288506004495479 0.00669605189582761 0.0387724741502981
v -0.0300131554060725 0.00363596743802478 0.0391356795446284
v -0.0293241017996953 0.00865802011604227 0.0421831255808349
v -0.0298808163163441 0.00599608837600952 0.0421220898124756
v -0.0307796444103279 0.00683777977962184 0.0450093696526303
v -0.0303031190772596 0.00218520091274238 0.0397581172349771
v -0.0306400758397981 0.00278739393323856 0.04373544114149
v -0.0315979542407032 0.00143197183475858 0.0470549497126805
v -0.0309076199640825 0.00687842194389399 0.0485982218573162
v -0.0313585183317832 0.00444051520441679 0.048243374946669
v -0.0219021565933845 0.0200476205332382 0.0530255850874148
v -0.0224703480552319 0.0172230413033187 0.048559614541239
v -0.0245943299674869 0.0159257764011453 0.0573494465107009
v -0.0239031959107832 0.0156250218419859 0.0516567241460417
v -0.0248163726774488 0.0122326270601726 0.0484746901026729
v -0.0263093629807598 0.0114590457268002 0.056377708894301
v -0.0319718060047371 0.00583953856899192 0.0528922246351897
v -0.0327291656310504 0.00313885103338662 0.0519740822257744
v -0.0263243264913305 0.00884591349508224 0.0514397860211877
v -0.0251854786597569 0.00763253943178892 0.0442816292610082
v -0.028135816812021 0.00312298006865775 0.0552978650051326
v -0.0276667273113147 0.00574900614242544 0.0568823830553944
v -0.0318034367704516 0.0074136036627214 0.0550004200606802
v -0.0328157085510406 0.00705206467641252 0.0581365961862523
v -0.0274143007698187 0.00845589925513168 0.0574613406420556
v -0.0105266684933483 0.026879711794195 0.034092296268682
v -0.0064285753625595 0.0283674135315256 0.0297434051401865
v -0.00685604024098783 0.0293569658413781 0.032899664771503
v -0.0115029396161407 0.027471451370985 0.0380689994188323
v -0.00853178637859482 0.0304388065594337 0.0386913870451431
v -0.0116669401119983 0.0243748713802702 0.0313999046418464
v -0.015232624325662 0.0212447129450351 0.0334111602256133
v -0.0179472466367683 0.0173190514085961 0.0337139388060736
v -0.0187380464659068 0.0188953000635531 0.0382635824549121
v -0.0157664601507959 0.024284557712663 0.0408791248483518
v -0.016582401615378 0.0246384230829379 0.0447790051968136
v -0.0136016320842953 0.0245777939940569 0.0358853752213982
v -0.0084713974305838 0.0249225267947021 0.0266355511574151
v -0.0041989342223054 0.0278423436742825 0.0258875572400024
v 0.00231297867657901 0.0292837678437561 0.0225179623862007
v -0.0011876422432419 0.0296854329750799 0.0258298099366716
v -0.00537899736115495 0.031572605405889 0.0356563821683305
v -0.00247129547783613 0.0316193260114178 0.0317326860537946
v -0.00233744617861177 0.0357031741631206 0.04401176423948
v -0.00299876373386826 0.034336089356059 0.0397269304035362
v -0.00680351636109526 0.0335557015495919 0.0446270263110341
v -0.0134005593609096 0.0273820365506382 0.0422767294629108
v -0.0196172506022494 0.0210668248283749 0.0455156793672349
v -0.0104308759875006 0.0314513302375927 0.0464835019178492
v -0.0140510576542535 0.0283783502586288 0.0477161587833238
v -0.0148908058777977 0.0292583804105765 0.0541175321946813
v -0.000906609393836814 0.0340385990822874 0.0360935502072571
v -0.0211501115043934 0.0145330835609069 0.0386316723599178
v -0.0214080593166902 0.0121249216844201 0.0365613702978441
v -0.0232864903211713 0.010465302223054 0.0401187737153964
v -0.021595472936464 0.0168266060851409 0.0440258372522121
v -0.0238209291687635 0.0118719810061081 0.0442759120115083
v -0.0285636297648114 0.0047822616205649 0.0357803876991137
v -0.0235906764535237 0.00597752065265128 0.0372591618187498
v -0.0253167794474733 0.00355458564761644 0.041556195079328
v -0.029573330996285 -0.00152349562983008 0.0377932594324659
v -0.0295456167457498 0.00274315885490946 0.0375943912607332
v -0.0248829128699059 -0.00012595567247531 0.0389711681592711
v -0.0263277990598717 1.49644497487768e-05 0.0450565750871817
v -0.026223847993305 -0.00331894676432962 0.0424966257503179
v -0.0271449017685292 8.63464191774567e-05 0.0484639325828482
v -0.0266011472947017 0.00442781619829162 0.0479999384421069
v -0.0184894268003596 0.026120260440016 0.059389002365389
v -0.0160285874086855 0.0291380419604326 0.0605748947819316
v -0.00675984025016723 0.0363985822089827 0.0676419280576403
v -0.0104320698613776 0.0344593543904338 0.0656133126318969
v -0.0113938727184769 0.0338343977655614 0.0697831387175456
v -0.0136865466727903 0.0319822379617422 0.0662349504625102
v -0.0127108128788558 0.0325387794392927 0.0716717453048732
v -0.0327938416106315 0.00973241771953944 0.0691434058530644
v -0.0207903202567927 0.0225864274725137 0.0568198031792692
v -0.0226516318153648 0.0205409436860951 0.0615332683640464
v -0.0207997943964094 0.0234228559879596 0.0606818615743523
v -0.0233579421054757 0.0185438594390687 0.0588152245990149
v -0.0251979678625798 0.0153118548582735 0.0618137927678736
v -0.0278118699780156 0.00916700269025693 0.0627777289780244
v -0.0271351353772563 0.0115080220522505 0.076984659333777
v -0.0276718159862084 0.0103874369580348 0.0718834389328474
v -0.0260232853595219 0.0148789191766033 0.0732501917287337
v -0.0283605592438444 0.00653835972477562 0.0826866499413078
v -0.00863943170829279 0.0338393339390527 0.0514953886307315
v -0.00705566975218703 0.0343307808514864 0.0492915022511038
v -0.00626651271545449 0.0357638945435626 0.0528905129919362
v -0.00382385768493501 0.0361393567258616 0.0481073259944373
v 0.000964388686516843 0.0379594431863218 0.0473478009212471
v -0.00034044353797709 0.038579072080001 0.0535801672997057
v -0.00754089352385067 0.0360127178615533 0.0577921378674035
v 0.000482693828962525 0.0392560655480677 0.0573922157917571
v -0.0034298342499665 0.0379296235119043 0.0588692226055044
v -0.011576828647241 0.0316371191152736 0.0512303924033201
v -0.0138313618826505 0.0307303080028237 0.0577509371244757
v -0.012165084561616 0.0325447153781005 0.0588007653156348
v 0.00211506593994364 0.0400045711192899 0.0571555450336758
v 0.00070496064307201 0.0401727415250235 0.0626229032153986
v -0.00322331295285021 0.0381522181506648 0.0610268971026806
v 0.00223822493927038 0.0409005679138999 0.0657145651751221
v 0.00628331392051107 0.0413965049803002 0.0593301220824101
v -0.0196884981440509 0.0254235557148624 0.0664070914823032
v -0.0105651075926328 0.0337396419819374 0.06073901918402
v -0.00862323444116393 0.0355551129533596 0.0628805403922721
v -0.0154844249412794 0.0300896512897165 0.065367321026712
v -0.017891719875885 0.0279696069580753 0.069874244813338
v -0.0148694809665049 0.0312910501939948 0.0706308224709186
v -0.0165910487778044 0.0293517875391053 0.0735995997499174
v -0.0216776834565658 0.0226680202937427 0.0672012013535669
v -0.0239593356985287 0.0192075638185363 0.0696252416904034
v -0.0250870293447141 0.0165742665089067 0.0663727262819899
v -0.0289272507030033 0.00577757641805557 0.070389767097704
v -0.0283168716933114 0.00718574886138712 0.0649757628368075
v -0.0268003650913539 0.0118493829033505 0.0647974371814917
v -0.0282302736575935 0.00801826733609233 0.0714733431004882
v -0.0202549759427437 0.0251160490156323 0.0736348444083115
v -0.0151442074863851 0.0309206331046325 0.0780637577575174
v -0.020353931653034 0.024873213811143 0.077808123260906
v -0.0182185937294165 0.0276025609102481 0.0793073924708428
v -0.0207960794646581 0.0237932134056239 0.0858787478443367
v -0.0224848612591952 0.0217263280605459 0.0769550467805618
v -0.0247184346530464 0.0176990441354722 0.0768498043283264
v -0.0261358312585631 0.0138473318627183 0.0803794123536718
v -0.00557554670693065 0.0371650057141616 0.065003494485997
v -0.00524335747320716 0.0379104678881982 0.0696240679065857
v -0.00453819853442681 0.0383340866125645 0.0698538459337585
v 0.00638098703021755 0.0418863767290868 0.0680092688111959
v -0.0616077705330048 3.04552665654854e-05 0.034716791534302
v -0.0582254206550043 0.00197060362031986 0.031937233903743
v -0.0610878740214692 -0.00355023505800051 0.0337132685007225
v -0.0644484666755697 -0.00158102918156185 0.0378097890762491
v -0.062954582387825 -0.0060403985543165 0.0361733012409647
v -0.0605767085732633 -0.00678963779113104 0.0337508461322719
v -0.0674038863973365 0.00423951527566512 0.0468234157180465
v -0.0686392189722621 0.00131954044612842 0.047200084771423
v -0.0649582244427976 0.00510570251095061 0.0432951075868558
v -0.0671069296142952 0.00556338512763038 0.048918838401502
v -0.0693619918850832 0.00385609361841252 0.0527269230071094
v -0.0693846672005943 -0.00216822231110482 0.0481654205901974
v -0.0700784145358963 0.000616467230359388 0.0517408622374364
v -0.0705716954803714 -0.00221579912425414 0.0527619196662391
v -0.0697915581234502 -0.00452386348579517 0.050051792291714
v -0.0656475587085336 0.000933579313949581 0.040751226245079
v -0.0636161652763192 0.00154226491515338 0.0378573502627992
v -0.0617045677021822 0.00517453384819946 0.0386944142001164
v -0.063024689470573 0.00443371588777543 0.0390751746300973
v -0.0661636606095454 0.00341548140872721 0.043258372156247
v -0.0597176757302385 0.00544602697454251 0.0372439664164379
v -0.0558424560419997 0.00480508566463762 0.032233721185692
v -0.0600870669636058 0.00449807228525005 0.0356057145394253
v -0.0569215718338364 0.00389360244611065 0.0319263953923399
v -0.061106791111957 0.00304698761877335 0.0354125170837735
v -0.0543883821952359 0.00467551707233528 0.0353288495341231
v -0.0586418960420827 0.00528701708549283 0.0384657834170804
v -0.0573588412609113 0.00391162649837269 0.0396644665590879
v -0.0519249576954135 0.00178336433336575 0.0356821745567787
v -0.0614752253014791 0.00541827924822746 0.0431881465349558
v -0.0632332420912551 0.0056719373072159 0.0422381149828844
v -0.0655682550742484 0.00605605781635288 0.0476463892853929
v -0.0639823174177933 0.00603905643574742 0.0464525994892542
v -0.067591418103597 -0.000363034953390727 0.0439462184867493
v -0.0668151050260993 -0.00364777088051611 0.0416974103672091
v -0.0682886418081537 -0.00437177887444744 0.0453094567997604
v -0.0655754721094897 -0.00552259111863888 0.0398924944781925
v -0.0646584365609181 -0.00783822567244272 0.0395030881492301
v -0.0627913164668682 -0.0102861328484859 0.0397877363997994
v -0.0642648208073153 -0.00937532074614028 0.0404666331149249
v -0.0660915903051533 -0.0100980677694746 0.0466606997210848
v -0.0677663587379776 -0.00725212984434721 0.045479922178073
v -0.0675913525114238 -0.00888151776991341 0.0473294983865197
v -0.0696125536839068 -0.0074378173956912 0.051979058050536
v -0.065635956658267 -0.0103503705290684 0.0479931895706778
v -0.0598853433796057 -0.00804239128669955 0.044081765423016
v -0.0623849623640307 -0.0091810237593934 0.046598432081193
v -0.0615865990712828 -0.0104657352241413 0.0421013303836167
v -0.0648231199119573 -0.0101426859945764 0.0491165563579187
v -0.0642800946283566 -0.00895191848379748 0.0518810906075296
v -0.062357069335482 -0.00700047643701078 0.050557838096864
v -0.0557796807418667 0.00114139084760656 0.0297375456908467
v -0.0587807626737051 -0.000926238478871291 0.0316725201169589
v -0.0537891249590319 0.00255362918920024 0.0290095893247607
v -0.054627749794182 -0.00248345460836175 0.028468683877312
v -0.0577065388894287 -0.00440953709138812 0.030637062529112
v -0.0539097236297241 -0.00661062197378147 0.0284317271322897
v -0.0508629977512033 -0.00234272154071524 0.0263130772209031
v -0.0479039609422867 -0.00052235012365304 0.0252056859368603
v -0.0470019736494248 -0.00370794854931058 0.0245377269809176
v -0.0496728294152169 -0.00610445573971507 0.0259667956057039
v -0.0519222796732573 -0.00864365633292693 0.028143135771626
v -0.0519825733557863 -0.0100163162446933 0.0292848494136336
v -0.0577408298109156 -0.00823636311292613 0.0317714669648153
v -0.0608053726554742 -0.0095418949837128 0.0356018849875311
v -0.0565140674402196 -0.010239482570213 0.0326111453223268
v -0.0612397050651339 -0.0106772539828728 0.0389399798165035
v -0.0521172000019836 -0.0107078013872994 0.0314430830186858
v -0.0434127339665362 -0.00639188234844219 0.0236605363056753
v -0.0411515864891133 -0.00358303122884396 0.0227048848513224
v -0.0470485453761678 -0.00994498462480296 0.0269292137109921
v -0.0452663943008568 -0.00842269041454631 0.025194369260777
v -0.0458754559839758 -0.0102425724374513 0.0293687481501495
v -0.0476749792240509 -0.00869562442418739 0.0320079914566783
v -0.0466630874524755 -0.0105176587347979 0.0280651918336742
v -0.0417628546381387 -0.00984310130447594 0.0251006515976668
v -0.0385728193189949 -0.0102978657268193 0.0252365356498297
v -0.0433520021002811 -0.00956328179043748 0.0291863627872917
v -0.0379855572736368 -0.0103741134471636 0.0259978058980758
v -0.0394968356990679 -0.00928169552188868 0.0280935328033338
v -0.0494541866265363 -0.00304808590879211 0.0347312075642125
v -0.047494964730545 -0.00638977808484265 0.0330669958872559
v -0.0528874434469809 -0.00523164466432771 0.0370590543605115
v -0.0570730533258239 -0.0107205258412187 0.0362166825951332
v -0.0585561809309366 -0.00958332395983773 0.0401375142932971
v -0.0530309487062847 -0.00962019899765841 0.0346806379909175
v -0.056911789646298 -0.00724105413120021 0.0404674178644936
v -0.0459230165092254 -0.00154287419451231 0.0327263772821252
v -0.0406242659419007 -0.00364758460240158 0.0308466394180697
v -0.0390216116873194 -0.00801538280988361 0.0230307882832893
v -0.0351658319838851 -0.00911460918474513 0.023029271451724
v -0.0292024593402759 -0.00881584239239751 0.021776100420738
v -0.0325910865433634 -0.0103306978898461 0.0254401809278455
v -0.0290967364849105 -0.010122175940742 0.0236971464812671
v -0.0234201959803001 -0.012159891967842 0.0218832136304489
v -0.0186044284121904 -0.0147750464708747 0.0129786170470529
v -0.0204321534213067 -0.0177749847856497 0.0192063595775275
v -0.0222450891320626 -0.0168624386833544 0.0217778072697736
v -0.0236581395438248 -0.0156696958167343 0.0255188095815425
v -0.0210923266603267 -0.0198326165000045 0.0230894708601862
v -0.0324132598871207 -0.00983587687009958 0.0269268366511762
v -0.0300809983365778 -0.00848159813050649 0.0282795623104701
v -0.026693725815246 -0.0177773606766238 0.0373901181108875
v -0.027928863131589 -0.0128574473811939 0.0358386232710923
v -0.0281148421648415 -0.010155058165726 0.0256466351611406
v -0.0259291262106202 -0.0103461309238716 0.0243500317380225
v -0.0269603105071829 -0.00976307972439613 0.0274287047618486
v -0.0249007401162129 -0.0116607910633036 0.0253526481746103
v -0.0252852337992609 -0.0149429116185617 0.0285784474724859
v -0.0243530873983387 -0.018485594501638 0.0302803960670621
v -0.0226076096609246 -0.0212613864790641 0.0273819421599976
v -0.0209926936024926 -0.0218335359410892 0.0251580135367261
v -0.0259821573124047 -0.0178311193648166 0.0332352317460459
v -0.0199338955576755 -0.0258269577226907 0.0288117738427954
v -0.0227922492261537 -0.0224445450881434 0.0312673185215779
v -0.0248608059082396 -0.0210456511512796 0.0357175727334716
v -0.0257993513723541 -0.0222866777402973 0.0393876334194165
v -0.0222317338408095 -0.0257465001179218 0.0333020844145145
v -0.0215040173272003 -0.0275172764280571 0.0365276133941608
v -0.0233010355906036 -0.0247327740839998 0.036837576040473
v -0.0191895320259868 -0.0301964593358147 0.0354076872137677
v -0.0210236976965809 -0.0301227806198981 0.0386680950786949
v -0.0667773173375491 0.00669662621667733 0.0558662474433395
v -0.068566184351055 0.00535881687638113 0.0528099576242944
v -0.0676238096733336 0.00621597808204563 0.0534288876934796
v -0.0659473792293811 0.00647993614012917 0.0554025951256305
v -0.0642276889122877 0.0053385514505129 0.0542267659905734
v -0.0686112585062129 0.00657566523074817 0.0602218529291264
v -0.0706000315959271 0.00165229430271367 0.0558018364359936
v -0.0709186055967053 -0.00457262733078569 0.0559778111659489
v -0.0711926528855393 0.000205455643769257 0.0589656911328788
v -0.0705381185724916 0.0038300998091012 0.0596593928015163
v -0.0696771591275745 0.00532901268102054 0.0586371011105179
v -0.0714601925556177 -0.00364669778101712 0.0621832690419236
v -0.0638375267127256 0.00570371745982904 0.0494385958970895
v -0.0639223972999986 -0.00742617308742621 0.0554157361492529
v -0.0632284038612973 -0.00575159742880638 0.0559721303743715
v -0.0636004788742489 -0.00425944652536522 0.0616595968150067
v -0.0696633970455113 0.00585126651218196 0.0645487142371101
v -0.0701263731806755 0.00491804487076114 0.0667330090677869
v -0.0709471600231618 0.00279542103613183 0.0647116599552622
v -0.0714583057892768 -0.000744063926020821 0.0640155996544893
v -0.0705201797816283 0.00103660054926002 0.0718716144201909
v -0.0698895317674324 0.00349539581345167 0.0729593865254572
v -0.0662817895406961 0.00668299730232581 0.0611673152064313
v -0.0673563575473263 0.00722332904429864 0.0664342677249129
v -0.0658197450598354 0.00709038098578266 0.0678984715698919
v -0.0686525175722428 0.00666643724160697 0.0687348364721804
v -0.06911493559853 0.00561556505308691 0.072664762825985
v -0.0705918826005568 -0.00707092965526912 0.0589844283078198
v -0.0698525438449925 -0.00815715661923013 0.0568033212220797
v -0.0709787147751853 -0.00607504190299787 0.0652858547983858
v -0.0698351446574334 -0.00860992934741038 0.0625857871871237
v -0.0688831147948328 -0.00944477476071467 0.0585588571234824
v -0.0684659151715154 -0.00885017809032872 0.0699565448543102
v -0.0686665622801127 -0.00930180459240132 0.0541037902453506
v -0.0672829281548531 -0.00999235848752149 0.0559914752307264
v -0.0665231978699876 -0.00979334303236024 0.0562646673009275
v -0.0655173715896295 -0.00901254577778479 0.0566471171639609
v -0.0680030410913561 -0.00955486266504326 0.062985612803312
v -0.0664998697391914 -0.00902381427339655 0.0636342195841621
v -0.0651627907790203 -0.00797839092011746 0.0620653857057439
v -0.0642725681394022 -0.00675187039542048 0.0609896221602249
v -0.0711504099890141 -0.00262834584805396 0.06911471151888
v -0.0704097657907519 -0.00474647275846542 0.0722512708431318
v -0.0696733731943687 -0.00782641758615478 0.0691483410207255
v -0.0699870777297449 -0.000109126911070472 0.0748594757243365
v -0.0689822460609642 -0.00374847961067885 0.0780204747073104
v -0.0664821023253776 -0.00874154841172772 0.0768674731448615
v -0.0670126256637741 -0.00926097849127987 0.0685998667174677
v -0.0672149921366271 -0.00811055737902494 0.0779779180942094
v -0.0655059296792418 -0.00882189347703179 0.07530958145954
v -0.0654588116397668 -0.00837808003622842 0.0711195399384115
v -0.0646438908385671 -0.00722506343988495 0.0659579991771126
v -0.064264587904681 -0.00748169236438044 0.0719571781666182
v -0.0675264485023579 0.00701233554968559 0.0737282333786745
v -0.0673144203819057 0.00624442204426444 0.0780248331109325
v -0.065608010642196 0.00715043819866616 0.0800149005744635
v -0.0678601404172398 0.00434697579173838 0.0791271185005072
v -0.0682468289469534 0.00245278934743246 0.0796062768230075
v -0.0647620928085268 0.00768031928852778 0.0784420919763584
v -0.0650768910701548 0.00577527877564343 0.0841150139471066
v -0.0655214578597476 0.00419378231570949 0.0845998266016685
v -0.0630677715986363 0.00713068129510288 0.0854074245521006
v -0.0667217161360853 -0.000357389027744836 0.0838682391787558
v -0.0616457786905305 0.00771369820216378 0.082976292070971
v -0.0600995087578438 0.00794183414255527 0.0875740273363364
v -0.06119258891968 0.00699282364952418 0.0886164283778129
v -0.0630124426201017 0.00462678742566321 0.0883904488327716
v -0.0612191111082784 0.00336804108741074 0.0911813024994133
v -0.0561846283117294 0.00789701465418898 0.0900543405828851
v -0.0549143703793484 0.00789952407340575 0.0934509334487897
v -0.0530466505772423 0.00768047269392686 0.0913863839143448
v -0.0587255124248202 0.00708170038272967 0.091479718651581
v -0.056758707581898 0.0057539493362395 0.0942763000458545
v -0.0683579929719687 -0.00131549298724355 0.080347273365355
v -0.0667415314862973 -0.00410959283977199 0.0834675481689108
v -0.0687936737600602 -0.00666660012205533 0.0759007363080474
v -0.0633254883621792 -0.00863822374735352 0.0835004097535828
v -0.0671423734611972 -0.00593873697699426 0.0814884197386871
v -0.0651574653858929 -0.00780240460334159 0.0833120216687151
v -0.0643253785683015 -0.000883810114174271 0.0878318259847605
v -0.0651318020642769 -0.00645709073349908 0.0851437584216218
v -0.0632491242237345 -0.0046382948824294 0.0889193751593721
v -0.0620665263196197 -0.00778631782059181 0.0881792187865695
v -0.0635469515689844 -0.00792909217385356 0.0768830842857127
v -0.0609999035695234 -0.00747459649078417 0.0820174962632168
v -0.0628161044983413 -0.00854347454321627 0.0813840753498552
v -0.0615210134349647 -0.00169529733888244 0.0915525111801905
v -0.061399818612678 -0.00650458381362023 0.0903588394099764
v -0.0588294991493146 -0.0078151585837049 0.091748968059208
v -0.0588777525954069 0.00123725246947705 0.0939873138988978
v -0.0573502170724011 -0.00317242283480885 0.0952463729251042
v -0.0596433036951222 -0.0055447574841482 0.0927554758294548
v -0.0557740762013466 -0.00548142203741839 0.095705169781558
v -0.0586341856983902 -0.00800518329228937 0.0866464035698871
v -0.0594585916165425 -0.00865515955336129 0.0887325595352073
v -0.0564612621506276 -0.00764634815216662 0.0939992481400604
v -0.0532635575413932 -0.00908501367945063 0.0922119924041898
v -0.0531969677527057 -0.00905725837200693 0.0945607456369119
v -0.0469490002891016 -0.0103873125608393 0.0955859227400664
v -0.050487346371831 -0.00869237681088064 0.0922438579774337
v -0.0282539968789363 -0.0172775731659097 0.0426425720508823
v -0.0283677534577607 -0.0198461985290998 0.0451375873772218
v -0.0268409197351147 -0.0205310859497635 0.0423242696370463
v -0.0277546101886357 -0.021659962568365 0.0489407196172299
v -0.0297229422946902 -0.018454954741869 0.0531025916181637
v -0.0295064551603131 -0.0162336329781132 0.0468906936233344
v -0.0279355415249444 -0.0233641261415408 0.0517211841648365
v -0.026229165007185 -0.022475075802134 0.043529342831273
v -0.0241497377102789 -0.025517253330958 0.0417057886909663
v -0.0264859206374401 -0.0232395072591932 0.0463107703282653
v -0.025110902965913 -0.0264937227695518 0.0452326608806264
v -0.0221808960429336 -0.028192491865576 0.0403701291325544
v -0.0226147759352146 -0.0289659161128532 0.0442096193106574
v -0.0307477544480696 -0.0164269958670482 0.0556723951799687
v -0.0312486720077805 -0.0150729189807262 0.0522464159933911
v -0.0305226363164752 -0.0195634072467885 0.0579316582220019
v -0.028099808070474 -0.0234452078355389 0.0564349255865625
v -0.0313053029791508 -0.0173144777999141 0.0621732528623633
v -0.0302487548270866 -0.0199412832588101 0.0612392207973586
v -0.0324582386691727 -0.0160764474367664 0.0656083641136789
v -0.0198694114411857 -0.0322966976907728 0.043082874327312
v -0.0216710284363878 -0.0316197641677715 0.048389721842211
v -0.0247218607397503 -0.0274497318304099 0.0493032278488595
v -0.0196422162154396 -0.0340554825857803 0.0453191378202967
v -0.0230050863777376 -0.0317234802550826 0.0519040612719228
v -0.0206156371624042 -0.0337003947316288 0.0517886936295699
v -0.0266510502392764 -0.0259055347412271 0.0550563122028994
v -0.0292953832260058 -0.0223068445570875 0.0611687628598072
v -0.0269850656971665 -0.0269449567232479 0.0620387807759386
v -0.02942724302167 -0.0239652599757028 0.064835850544811
v -0.0263454691775864 -0.0283610465975313 0.0583424363506187
v -0.0244269602425554 -0.0294272873308244 0.0547125710385905
v -0.022276218101578 -0.0325761212325224 0.0553191560010705
v -0.0238864209499391 -0.0314164413075081 0.0605122385360638
v -0.0191300530519593 -0.0359411785274806 0.0550123820864286
v -0.0210141580771249 -0.0353799239342034 0.058002835306273
v -0.0159752141926203 -0.0389027603818261 0.0553312418456436
v -0.024682846885025 -0.0320519593899086 0.0647327304323539
v -0.0211645990316204 -0.0350180847676059 0.0623453402407277
v -0.0185284890131391 -0.03891650821425 0.064593800093458
v -0.0171764126355242 -0.0386860552315346 0.0605217903904025
v -0.0337105206733412 0.00864251446785063 0.0713949026834046
v -0.0337964807325876 0.00391727124903746 0.0691548977011866
v -0.0331582476947301 0.0106229291158893 0.0775819945411306
v -0.0339246482690512 0.0072327053566524 0.0807252008848233
v -0.0332664444440011 0.0103620024270111 0.0808012059619987
v -0.0341413431482038 0.0090698132365271 0.0837603540050189
v -0.0352692610436516 -0.00571808310392834 0.0780920373778559
v -0.0315767863657317 -0.0181341339429955 0.0682317686285773
v -0.0316581712749602 -0.0198576339968092 0.0710919357045833
v -0.0325155852429443 -0.0163040655365005 0.0738043443733656
v -0.0315685590070426 -0.0196532384441841 0.0760266345516573
v -0.0335096511123101 -0.0152946352603598 0.078222053216468
v -0.0324832703696077 -0.0178007889670197 0.0804848007039283
v -0.0323464897498741 -0.0196991645612607 0.0840683178911396
v -0.0305400152034411 -0.0227786686160291 0.0816415138407341
v -0.0336089316817199 -0.0138897170140805 0.0830544992332524
v -0.0327005379690478 -0.017452002609266 0.0864881236514377
v -0.0307796887794285 -0.0224641906106808 0.0870664200131564
v -0.0320453716095533 -0.019410299818775 0.0903238387010588
v -0.0307595662227511 -0.0237972585021955 0.0904180102892636
v -0.0304170528279771 -0.0209929480111015 0.0669876379290111
v -0.0292280823217083 -0.0238506802357054 0.0676635091657654
v -0.029441603566303 -0.0241285600459032 0.0727154143310852
v -0.0277310949844045 -0.0266946930251791 0.0673282230942775
v -0.0261564361582672 -0.0293535277053533 0.0677939421916372
v -0.0277084247050938 -0.0281185403621609 0.0709514255454574
v -0.0251958407528882 -0.0314085749993309 0.0737954554809025
v -0.0301321048246911 -0.0244177047229713 0.0773243096894074
v -0.0288487064217967 -0.02605974247589 0.0770853514191455
v -0.0272394391342047 -0.0285280924343354 0.0761603235522399
v -0.025569609853968 -0.0321704475131815 0.0778245626542122
v -0.0233014573465015 -0.0335072073644575 0.069150762245073
v -0.0217155062882901 -0.034940806366365 0.0662614821337744
v -0.022023111489362 -0.0360742756777733 0.0712059531487072
v -0.0196716329218354 -0.0373966306501454 0.0682513652443922
v -0.0168692939408827 -0.0398457887937666 0.067457647961039
v -0.0227929643310973 -0.0346293963017963 0.0751183560478681
v -0.0210382263298574 -0.0368076224200137 0.0786545298300487
v -0.0203473407009338 -0.0373233988464666 0.0743020192332588
v -0.0192208797792221 -0.0394599121640961 0.0777477965429038
v -0.0176735638252586 -0.0394003409022486 0.0705073045770061
v -0.016602790307849 -0.0407069153629606 0.0758599747705309
v -0.0290836082396898 -0.025724260940939 0.0812283482434962
v -0.0282329121674316 -0.0283690210042306 0.0839239131749735
v -0.0231919183708034 -0.0345210247309729 0.080059953939891
v -0.0258157493926675 -0.0311613141568675 0.0820912453057332
v -0.0243446600743613 -0.0333584301996708 0.0862215139842516
v -0.0291432332978417 -0.0259001002745104 0.087367710900109
v -0.0268534739315016 -0.0298669641319942 0.087045387592023
v -0.027949523031611 -0.0280483439443874 0.0918649898010139
v -0.0256129102984356 -0.0324599011996262 0.0897813937495714
v -0.0225772863081024 -0.0354906451156079 0.0891106757683512
v -0.0204884761877869 -0.0376567717490269 0.0823568057623581
v -0.0223826077708036 -0.0364123281121015 0.083803671211807
v -0.0188178705363724 -0.0391260744642007 0.0818317575451437
v -0.0175366295285304 -0.040275715155123 0.08050721711025
v -0.0132171245977511 -0.0435410436251259 0.0807382551560178
v -0.0208369429178064 -0.0374105181139037 0.0864316096370913
v -0.0167565804824279 -0.0410520210749415 0.0872379294330599
v -0.0204856964839097 -0.038240977692737 0.0897657182467889
v -0.0207995152447388 -0.037460279854799 0.0922015605802763
v -0.0194882448752375 -0.0394982442703415 0.0901905543284642
v -0.0158321871260957 -0.0424301096236893 0.0838670747333938
v -0.013340761470633 -0.0436206300706115 0.0863857551631866
v -0.0599023769125368 0.003266927845187 0.0447014578281656
v -0.0573882192617592 0.000167719207965639 0.0421621131048078
v -0.0599042869295813 0.00051703259112521 0.0469356367674502
v -0.0595934005572351 -0.00482262775031191 0.0460040314464507
v -0.056565505182665 -0.00408348062477443 0.0412526901538386
v -0.0579039545510563 -0.00222984172750227 0.0434375101483203
v -0.0536041874721929 0.000369824820222864 0.0376282260207035
v -0.0525810271476234 -0.00791427822331404 0.0358080117581378
v -0.0419705762149976 -0.00694963399407901 0.0304464162481287
v -0.0353396808316163 -0.00504582679435926 0.0299438197216535
v -0.0346839853021863 -0.00816766532356716 0.0284053393963262
v -0.0264975123597232 -0.0104679610460837 0.0294310465947922
v -0.0281968989234951 -0.00576282771822292 0.0330371275345141
v -0.0264320142997169 -0.0133643174631597 0.0317826363212962
v -0.0281163844914696 -0.00992712441302803 0.0328318089657041
v -0.0293244459853619 -0.00958138096016947 0.0389421173684828
v -0.0222611559486829 -0.0100277577563203 0.0331698404792123
v -0.0185370655349393 -0.013699689287819 0.0262718925612138
v -0.0173544065059562 -0.0128700691467104 0.0239520587367246
v -0.0214532098265172 -0.015120970546129 0.0347101506380264
v -0.0192938155167387 -0.0170913793743167 0.0312008254396629
v -0.0170033212707145 -0.0167924636215953 0.0260462741758811
v -0.0170106108934444 -0.0198480175081842 0.0289845570082267
v -0.024264930610733 -0.0100803902355887 0.0388076283630632
v -0.0221261998013857 -0.0174868767818809 0.0398025403354907
v -0.0202716874375127 -0.0197723799766505 0.0370583299537584
v -0.0183329436368457 -0.0239517533711349 0.0381988759896979
v -0.0620682446620158 0.00452230216911674 0.0478965910517619
v -0.0614785761775041 0.0021814691101986 0.0506284021594148
v -0.0630293082646159 0.0034612177148483 0.0549587397535647
v -0.0618305788704186 -0.000703527197496051 0.0534438537615132
v -0.0608449982804783 -0.00374772520936256 0.0493568678082322
v -0.0621013022452569 -0.00409887122070396 0.052548819524281
v -0.0625137205333921 0.00144641155759 0.0552438373739756
v -0.0628523535526204 -0.0015276477704363 0.0579319047603273
v -0.0642228877815338 0.00473408694139542 0.0599086192972007
v -0.0646252723231018 0.00549178503113489 0.0642789547159328
v -0.0633757298721037 0.00242149795346184 0.0617242638542207
v -0.0630461409469753 0.00247291424697271 0.0683680520286224
v -0.0637252676665606 0.00573610799850321 0.0707589342767468
v -0.0622775363894859 0.000369862635447224 0.0716226390288212
v -0.0637918000193827 -0.0052402663167101 0.0656934066492419
v -0.0631736837595292 -0.000863991900580489 0.0650813370426062
v -0.0628393687065316 -0.00296487772283425 0.0702905809585513
v -0.0618286796709723 -0.00315423921384184 0.0748130590848212
v -0.0633578311653461 -0.00562363115407644 0.0706903729071514
v -0.0635279801542592 0.00720827095358203 0.0767646262629764
v -0.060649298096083 0.00656113403453713 0.0811883400789781
v -0.0618003776866962 0.0051856481655185 0.0764325031294243
v -0.0618908686690565 0.00337619941921423 0.074054640650642
v -0.060669865383373 -0.00166746259671949 0.0773706901363057
v -0.0597410362586303 0.0015588742799524 0.0797190443512196
v -0.0579677324972012 0.00415685456841278 0.0833595292980765
v -0.0560942885661661 0.00512392011631834 0.0864886981565249
v -0.0570084462263309 0.00724603070000802 0.087471797720558
v -0.0534120312799138 0.00505420238871609 0.0890403391803528
v -0.0521281844458048 0.000812105048595567 0.0889947205492587
v -0.0495858884631535 0.00597358624034365 0.091698286580185
v -0.048381810740534 0.0027824001604639 0.0910240979034029
v -0.0623241082450353 -0.00660661600288069 0.0771788001566106
v -0.0602387142157108 -0.00515297709325848 0.0807470965875939
v -0.0578668449497243 -0.00645491963469939 0.0857176870791202
v -0.0575061632499952 -0.00307593575340391 0.0841144497710196
v -0.0566616161059966 0.000289003411078627 0.0843256001044604
v -0.0550414528838266 -0.00665060889424215 0.0888997455469118
v -0.0537493323021356 -0.00458824208388662 0.0883483579088428
v -0.0502627744326382 -0.0044612296371336 0.0904844765709717
v -0.0473294228292922 -0.00253253965692585 0.0912687766000424
v -0.0474765169631049 -0.00819479485339058 0.0926237439733381
v -0.0306640121143592 -0.000738176066569784 0.0421567180028731
v -0.0319397217608513 -0.00169939466955723 0.0456335746507351
v -0.0318490867932429 -0.00533680536921942 0.048858377727144
v -0.0322665808238284 -0.000352292960692819 0.0508521510465372
v -0.0326862543203703 0.00251673145458817 0.0556531897638741
v -0.0328903595388075 -0.00268476594710964 0.0551262301370339
v -0.0329168764140764 -0.00550453129015391 0.0522052377016643
v -0.0318664985277062 -0.00872983761081672 0.0510593802530648
v -0.0331597173309823 0.00300886373316114 0.0605447462661376
v -0.0337243822008634 -0.00167560632125173 0.0580226315307457
v -0.0288801774669934 -0.00219807914597002 0.0599166644356545
v -0.0289754866258509 0.00252987980518981 0.0637274592394007
v -0.0284444976365935 0.0008912372118073 0.0578120204435071
v -0.0326961815652532 -0.00715359571689919 0.0556666933829019
v -0.0331969475237598 -0.00652917712122056 0.0595944689749182
v -0.0336025679370757 -0.00298352145466409 0.0615372409153231
v -0.0322839024920465 -0.00939721006828883 0.0545705853693251
v -0.0331429418700464 -0.0103278764021069 0.0580329056419851
v -0.0322095101304954 -0.0135712232441386 0.0607787021124343
v -0.0328447048636916 -0.0129631346491049 0.0666690233055883
v -0.0304757035857217 -0.00657045615277467 0.0397355556382681
v -0.0290818444131331 -0.0068698257999794 0.0363472678867424
v -0.0306270540525043 -0.00419507575297806 0.042062060327443
v -0.0304128762974068 -0.00836364186491213 0.0427865767235878
v -0.0265411505034052 -0.00634597908342308 0.0462619014911236
v -0.0267377525290966 -0.00886786872020412 0.0482088479836215
v -0.0288066664017415 -0.0146208748071162 0.0395156309951328
v -0.0296011286791971 -0.0131029232375209 0.0433285616965896
v -0.0260792606799486 -0.0122416505956949 0.0476832621313415
v -0.028036827871133 -0.0028916364427726 0.0532207038718686
v -0.0270577598060793 -0.003693381223558 0.0473263085208756
v -0.0279119496974348 -0.00676334498366368 0.0542484642007343
v -0.0313269120169296 -0.0100642694105791 0.045760612279836
v -0.0313007759241616 -0.00803599272010824 0.0467099215714082
v -0.0309308550364555 -0.0122805097616826 0.0491924399565758
v -0.0265864108382749 -0.0143403063886586 0.0548114732567009
v -0.0255988590879617 -0.0177050168917852 0.055764268797564
v -0.0242487038257883 -0.0161153329252712 0.0453868406939926
v -0.0241707320423572 -0.020111696332279 0.0515387747172956
v -0.023139796250313 -0.0154993811929678 0.0403441404124485
v -0.0216905152332816 -0.0197946182691454 0.0411074285093703
v -0.0231752184995301 -0.0182411079007664 0.0451124265605043
v -0.0211477213901945 -0.0225499828986504 0.04442844487479
v -0.0225810731361953 -0.0206292472895845 0.0470177651016214
v -0.0171431936019501 -0.0275130896365554 0.0419923773782304
v -0.021965001028386 -0.0239838974206882 0.0521032686998949
v -0.0202220108661381 -0.0253956327425233 0.0472734451128881
v -0.0172438653277064 -0.0292386652059443 0.0472994766625292
v -0.0282551844410573 -0.00742621312173157 0.0580755686917861
v -0.0275750476534795 -0.0105949219709215 0.055554769025273
v -0.0288025813160631 -0.005577569394138 0.058842306118822
v -0.0314519773398534 -0.0119584429536997 0.051856322419622
v -0.0315784130656517 -0.0135462123351205 0.0546420769466573
v -0.0319007565465657 -0.0125435110763159 0.0558330292172635
v -0.0269535567751265 -0.015350436454932 0.067252595834176
v -0.0275635429430859 -0.0133746822219152 0.0614641179422894
v -0.0282667293006011 -0.0108402348094282 0.0632178476328418
v -0.0262344985718801 -0.0171078020932258 0.0603178435137502
v -0.0236825937772252 -0.0219254111255174 0.054235275665644
v -0.0199922989983228 -0.0277550360174676 0.0540774162134969
v -0.0179536193067803 -0.0307761779935258 0.0569164901476986
v -0.0161643685531109 -0.0334679364462147 0.060834632087997
v -0.0231068559547523 -0.0229044688314911 0.0599582263240867
v -0.020766370532903 -0.0278235015683774 0.0677811668743826
v -0.0217360790088808 -0.0257998100294656 0.0591116827219465
v -0.0199427640730486 -0.0293028315080005 0.0649636533314168
v -0.0332091525125932 0.00643086330036127 0.0666545425800185
v -0.0339028185924273 0.00336608707414127 0.0646965046412686
v -0.0339507628839787 -0.00118634187301703 0.0659829451706857
v -0.0290649967929584 0.00317443025017423 0.0674820283570906
v -0.0343345335375582 0.00188137653468704 0.0740526765186059
v -0.0348147479788814 -0.000792212015894074 0.0713202974016634
v -0.0341687621486331 -0.00317464271187411 0.0686224439310179
v -0.0294575756961149 -0.00430044124240484 0.0708972448612505
v -0.029343591996338 -0.00227834885576681 0.0713249983092934
v -0.0291881119759841 -0.00252185825955011 0.0748839985723889
v -0.034317390107404 -0.00495695932235218 0.0651062894428198
v -0.0338939179271387 -0.0075484205559996 0.0683201777452599
v -0.0331178459685827 -0.00950880073617307 0.0626304315267855
v -0.0330002297152153 -0.0130827934539305 0.069510119479728
v -0.0342845258057315 -0.0100631231681616 0.0713682270532923
v -0.0346006846672869 -0.00176431062965907 0.075248277644891
v -0.0343173658353824 -0.00643142089772772 0.0741160841553154
v -0.0336739197466522 -0.0119527569875891 0.0750028397615998
v -0.0345266666001666 -0.00812527918698177 0.0795162131618481
v -0.0283668271007921 -0.0100606895186092 0.0700013592568402
v -0.0291740986270269 -0.00553425623353658 0.0748009656785805
v -0.0333589886453656 0.00857574907777804 0.0743830895535682
v -0.0340858528534868 0.004691387518887 0.0743443508176799
v -0.0342959662146213 0.0058708871779523 0.0777385898298593
v -0.034979853397847 0.00362031197203881 0.0776297561241612
v -0.0346168716902989 0.00332523287043454 0.0824014047912321
v -0.0345853761755043 0.00444318234480328 0.0850517027120765
v -0.0347370496938079 0.000799846834332448 0.0798165329759808
v -0.0354274273528378 -0.000484698988757634 0.0835387437574608
v -0.0348028612619942 -0.00275756072073412 0.0802073106185962
v -0.0349229582500276 -0.00387692844671677 0.0865736013931804
v -0.0348146885043255 0.000310740780934385 0.0876725308305459
v -0.0344569345164044 -0.00945666984080743 0.0883970869042008
v -0.0288432042448611 0.00137138520803287 0.0742837246421824
v -0.029037484064144 0.00251540760592139 0.0840816659529509
v -0.0281081947040939 0.00747018612087027 0.0850536480031078
v -0.0265537658518425 0.0125413893653524 0.0866850921746044
v -0.0347500829798042 -0.0067405375713267 0.083163283991205
v -0.0288264150289038 -0.00826371955665102 0.0839374438696115
v -0.0292768342986633 -0.00270165439844577 0.0839549441855208
v -0.0274846168484011 -0.01387504805281 0.0763531947943078
v -0.0277307054148233 -0.0134751038219053 0.0867659730067072
v -0.0290600430386437 -0.00142752227892715 0.0876603861813618
v -0.0348056205291896 -0.0101649624423507 0.0838253301915245
v -0.0290764901418981 -0.00600596964830352 0.0852204484974198
v -0.0282964131132847 -0.0110546832122345 0.0873149566926801
v -0.0446062061918328 -0.00609922205878121 0.0919807922798108
v -0.0338610881581068 -0.0125525639247287 0.0806852351802924
v -0.0339331900554432 -0.0129396162547843 0.0872644806175428
v -0.0339844240975389 -0.0148019096256936 0.0906504884651212
v -0.02687558773884 -0.0148938792950733 0.0938317641038941
v -0.0262019160412888 -0.0184204180162485 0.086447561301794
v -0.0193829311493491 -0.0302512581271645 0.0713269176566538
v -0.0218133854771075 -0.0270518911192037 0.0806634104716646
v -0.0187034235403333 -0.0317119410029557 0.0718656995256882
v -0.0188948345755781 -0.0309215548928339 0.0749357164533143
v -0.0174361186114856 -0.0322113696853885 0.0762437567083949
v -0.0250808754699827 -0.0205245609995588 0.0745312486669728
v -0.0246785154573523 -0.0221001730247897 0.0835336841871991
v -0.0223046659075818 -0.0265136263072877 0.082688064598544
v -0.0199154339405604 -0.0299171951026977 0.0820318276972476
v -0.0217876576796216 -0.0260021884406304 0.0938525301733181
v -0.0206928943962486 -0.0282035788686983 0.0892078515846333
v -0.0195127046970273 -0.0297124615215237 0.0800329550696563
v -0.0182323446787838 -0.0319819977598102 0.0813491199359884
v -0.0166848060765052 -0.0333046347727217 0.0793550002104571
v -0.0127514692515734 -0.037027587586764 0.0751929109199847
v -0.0118796772121564 -0.037302093358478 0.0781009249556313
v -0.0160975585460961 -0.0339016096237243 0.0867692162109063
v -0.0147520801902636 -0.0355369806736729 0.0803218812787607
v -0.018832455695576 -0.0302409812211042 0.0927222520897837
v -0.0107960773851624 -0.0385441016990139 0.084104934559657
v -0.0127197474396082 -0.0367624665915444 0.0883699511296882
v -0.0288255531250982 -0.0046457015533783 0.0622765520047844
v -0.0289185690031436 -0.00708765122683314 0.0658205746722835
v -0.0198915245385605 -0.0293616261652965 0.0607961132727779
v -0.0176683627132992 -0.031854294355341 0.0637428264362615
v -0.0154721342087796 -0.0348639456520572 0.0690699606298477
v -0.0175298003419757 -0.0322258288174272 0.0677391570428052
v -0.0292438002890069 -0.00228165632962061 0.065722355882424
v -0.0293746594162073 0.000722923241197822 0.0700462868213464
v -0.016895154639272 -0.0331807955524068 0.0726669194436819
v -0.0154511010644968 -0.0350302273172991 0.0739406297625068
v 0.00408959936053481 0.0262704468306174 0.00323005716126978
v 0.00153916457049388 0.0276288644283916 0.00612184582896762
v 0.00371913234796729 0.0249937435602721 0.00243339033973483
v 0.00753796396479707 0.0254099973836836 0.00227866316089104
v 0.00844750808286679 0.0242943005379533 0.00247415448161479
v 0.00672093023092385 0.0294892077427495 0.00589326639735704
v 0.00382460351130333 0.0302663699427966 0.00859680341061156
v 0.00884331313630529 0.0320873374021573 0.00911128210848055
v 0.00930106942917907 0.0279661304127339 0.00325576311394437
v 0.010798537359328 0.0272180387258258 0.00252851705059049
v 0.00769658515201465 0.0226348072962223 0.00337610888525588
v 0.00859077473257241 0.0349011343297042 0.0144816339506332
v 0.0133363813398026 0.0326193481314503 0.00891582229530623
v 0.0125226456927987 0.030710962128488 0.0060138633489825
v 0.011834755243556 0.0347235014947198 0.0131444400896011
v 0.0137607416940132 0.0286075249185595 0.00325824233737037
v 0.0148959872821652 0.0267413787621926 0.00234718568991691
v 0.0141932577544352 0.0253733384493253 0.00244772174961331
v 0.0192745038598996 0.028542930790484 0.0033077091711454
v 0.0125253010278141 0.0238305635393284 0.00325483619529198
v 0.0115711524437024 0.0213779744189848 0.00553605690336255
v 0.0168834110449667 0.0245248721549483 0.00295554025720769
v 0.0165551078014699 0.0219719849326735 0.00528087703933625
v 0.0150628631196319 0.0207132297082665 0.00618964598322902
v 0.0190135210558275 0.0273051284440817 0.00250633071777111
v 0.021844899087154 0.0253232856425488 0.00230483462632807
v 0.02129446599311 0.0229097710012894 0.00377318172810684
v 0.0205154065834808 0.0205809179899421 0.00599536140052223
v 0.0169577056888658 0.0311769951391348 0.00655597136063248
v 0.020295807746722 0.0304580323465665 0.00579204420265295
v 0.0248384906470719 0.0271169253773024 0.00307703462594454
v 0.0252918231469333 0.0257475668800461 0.00227526393870004
v 0.0280030436184909 0.025504639478197 0.00267994567919236
v 0.0320324121907397 0.0213541618964648 0.00201028934420442
v 0.0309037172281392 0.0231775260395693 0.00219448038328033
v 0.0265132454845741 0.0222247484767767 0.00268517111112508
v 0.029232585049933 0.0278678101468577 0.00578676688270971
v 0.0251640606034686 0.0203692892383541 0.0048791360067963
v 0.0228552432368831 0.0181265324662051 0.00650905017882369
v 0.0279634624494417 0.0172289034643099 0.00593265892432664
v 0.0324503448490125 0.0246607556477346 0.00428057319006131
v 0.0287921218979568 0.0220524328597547 0.00225642087716408
v 0.0345727669754399 0.0215869317737588 0.00278270601348958
v 0.0341517609491746 0.0176989890202731 0.00236855555257088
v 0.0305386315719661 0.0180703907381505 0.00413919627003106
v 0.0294605179323109 0.0139274995775006 0.00635948960930631
v 0.0241100613506347 0.0131209812701225 0.00695146922753342
v 0.0325529962173298 0.0134257196892258 0.00581090176261508
v 0.0359906912392539 0.0188202862866546 0.00202177663839406
v 0.0379390347837086 0.0182381546690917 0.00263027440089434
v 0.0387348358735532 0.0154096136890608 0.00193737176798005
v 0.0370894597312884 0.0228258907375361 0.00583989777770231
v 0.0336435709076198 0.0154725503244005 0.00396277606283398
v 0.0369682827928532 0.0157813949406772 0.00202792721270584
v 0.0366655375672428 0.0130254819805998 0.00308137071347739
v 0.0350818327019982 0.0119659274934197 0.00511779141553198
v 0.0386486080519875 0.0102062132480614 0.00279014435664339
v 0.0404194305840686 0.0119815399890373 0.0019002252733557
v 0.0405937734006269 0.0148415418840828 0.00262953473277341
v 0.0425377334561998 0.0111220664074333 0.00236710183417528
v 0.0435100461387829 0.0149144115051573 0.00555587705818264
v -0.0143572868435095 -0.000360605683661062 0.00315169777537359
v -0.0128615530275488 -0.00104693690732472 0.00228796836127595
v -0.0107609133990343 -0.00354296843812729 0.00289077793592084
v -0.011315961553877 -0.00761970302866001 0.00235668988196237
v -0.0129366206756072 -0.00646709097910847 0.00234893141989621
v -0.0112740587667905 -0.0115075355199143 0.00222002015773484
v -0.0101293095124914 0.000824257240670262 0.00324217639755855
v -0.0155721290274793 -0.00942451706274553 0.00540267432476919
v -0.0128939811501216 -0.0109542048708173 0.00304725007846891
v -0.016020521586936 -0.0123237448574737 0.0072476060355173
v -0.0150154458472404 -0.015044861987428 0.00724461916745325
v -0.0132334010655689 -0.0131536591288489 0.00400935590889078
v -0.0101398729176009 -0.016262634430936 0.0026778974064809
v -0.00972979489579532 -0.0123126165595362 0.00234422598834678
v -0.00794781986584477 -0.0126898101264159 0.00305856797863393
v -0.00943017745101753 -0.0086579819368792 0.00323735071916978
v -0.014690040756282 -0.0192967636043775 0.010001463846592
v -0.0117792206176779 -0.0174890139016349 0.00467625454369568
v -0.0120101408678337 -0.0218698139490074 0.00849094105495623
v -0.00582849906780572 -0.0178208336825972 0.00251977082870143
v -0.00451129167525237 -0.0161921643278049 0.00427734657570257
v -0.00852365293872467 -0.019374670259713 0.00281086335161738
v -0.00848171121346771 -0.0227916289440058 0.00523189622086976
v -0.00500182915502179 -0.0214232169706965 0.00208015103307454
v -0.00447842450300815 -0.023643828758402 0.00262063626550011
v -0.00134442699432202 -0.023167232743571 0.00229630762397275
v -0.000926745228447221 -0.0189234659132397 0.0053516469171641
v -0.00396362989788816 -0.0265153154453208 0.00460249738209235
v -0.000973588444909373 -0.0216188665438817 0.0030177266487255
v -0.00012308454245288 -0.0261635094730786 0.0022321257496482
v 0.00170896388097353 -0.0245223672778457 0.00249713839245616
v 0.00279841442685049 -0.0230348044746422 0.00419575321405041
v 0.00713872265815302 -0.0269581616432556 0.00271831273673408
v -0.00514256488804207 0.0188074654416598 0.00253484695512411
v -0.0053481928468699 0.0153365217334934 0.00255244888063528
v -0.00454804714866706 0.014170529951104 0.00334419144245112
v -0.000469344018853618 0.0221556235012733 0.00226793712772605
v 0.000137147710420868 0.0240953225579354 0.00296434441777148
v -0.00236542821167543 0.0195288885437089 0.00238235666050158
v -0.00102133967516254 0.0181814448803964 0.00317754585431696
v -9.12634940965429e-05 0.0160881477753132 0.0053087686128048
v 0.00253119922112986 0.0225927932800698 0.00240405681741251
v 0.00299413822482797 0.0203722717967293 0.00368560848005096
v 0.00143143206016484 0.0152677795364502 0.00629214217207871
v -0.00881249501855801 0.00897138389509537 0.00280456046733668
v -0.0114241016766837 0.00426914060118506 0.00246545621653402
v -0.00595940367916438 0.0106437649115657 0.00426767318847252
v -0.00753739206197303 0.00707686975970502 0.00440163045597482
v -0.00227980188202427 0.0127480504875537 0.00582688334275336
v -0.00412837975018051 0.00844114340932967 0.00627747194084276
v -0.00553016008864401 0.00380690667856462 0.00645498237101147
v 0.000525137005893386 0.0125437090361324 0.00673142850479667
v 0.00106389285356069 0.00959978805781568 0.00678166587443796
v 0.00419775419950479 0.01239468685547 0.00601348719207915
v 0.00429800802613464 0.0114835285828787 0.00603159636045391
v 0.00032556059127111 0.00701788744535124 0.00694719199396152
v -0.00298036365992839 0.00359119896199645 0.00704976633746679
v 0.00134902921344153 0.00157926274775118 0.0072583464111714
v 0.00905896614857487 0.0141786641874358 0.00586727404490374
v 0.0097410410948599 0.00651874321956508 0.00728589889172979
v 0.00754941950085002 -0.00381521509393016 0.00752591292304576
v 0.00639836458900386 0.019720607321711 0.00556336838207986
v 0.0097458862535853 0.0271515738962206 0.01807305391094
v 0.0102368787012249 0.0245830214194083 0.0169470196057557
v 0.00967911655079388 0.0217516023337885 0.0165302739146973
v 0.00732125682756971 0.0185341549359435 0.00632293344692994
v 0.0132258453010921 0.0173975818258822 0.00583599514481156
v 0.0119893459199243 0.0181025495552339 0.00637127702066108
v 0.00852370298304779 0.0158003847378861 0.00570176649277567
v 0.00727492566114965 0.0165123483445014 0.00647792504084168
v 0.00573942113443269 0.0142101292731161 0.00645572868652964
v 0.0183174896525176 0.0190170063100304 0.00624935457387738
v 0.0201791230848078 0.0153188393476244 0.00682162166021542
v 0.0150431087879722 0.0121729530215277 0.00677437458055852
v 0.0188332314066021 0.0101895496240305 0.00721021265346834
v 0.00910581201467565 0.0160771876882364 0.0163166208797467
v 0.0114823252442043 0.0146732487465249 0.0161472336316475
v 0.0177414731421076 0.00383759417273009 0.00744515281891268
v -0.00780855306614906 0.00277929579809395 0.00528672206024632
v -0.00842521804761879 -0.00279721469171798 0.00512657983343406
v -0.00699054799981843 -0.00177956105564985 0.00616740510038177
v -0.00753267536831047 -0.0068900811967946 0.00546399918279621
v -0.00495391464800049 -0.00347634360806191 0.00682469381922505
v -0.0017424698805814 -0.00966703521748934 0.00716772169223112
v -0.00540226511495074 -0.00877214652284968 0.00635283561665477
v -0.00596726942006876 -0.0109259262268506 0.00566078203840157
v 0.0101812472207784 -0.0126912806725286 0.00750734403000067
v -0.00369451032559733 -0.0143636882920244 0.00581334874433013
v -9.39136593092181e-05 -0.0162975513305231 0.00668014543863711
v 0.00432360703409595 -0.0172631521200186 0.00721567085165326
v 0.00446343022987652 -0.0199017243425288 0.00679393576339348
v 0.00259905494537113 -0.0208278088804959 0.00592996129313905
v 0.00456510853607584 -0.0172886605249337 0.01642444848919
v 0.00359940111404028 -0.0215827597174407 0.0165029318209928
v 0.0259705899162976 0.00735906312502137 0.00719383493081753
v 0.0169802766393208 -0.00682361693525194 0.00760339252520139
v 0.0250498893819268 -0.00390415730158676 0.00750557524859727
v 0.0333128841756689 0.00466464149560563 0.00647202287976403
v 0.0361086638392642 0.00787980319849033 0.00581393341323413
v 0.030150623209651 -0.00168920309372509 0.00699470894954476
v 0.0395639308446331 0.00421885029076497 0.00411262621090648
v 0.0375451336396374 0.00765634294572687 0.00501376989601882
v 0.0381109144098477 0.00264091234782165 0.00567693690551352
v 0.0370074032360626 -0.00166872297236641 0.00619203887076255
v 0.0289942682894546 -0.00627957564653835 0.00670985882235779
v 0.0293075147478743 -0.0105028866079138 0.0062584763582673
v 0.0239705083153223 -0.00909414999328466 0.00748183533757142
v 0.0342855620821199 -0.00554681197192715 0.00637956804147642
v 0.0341984123610445 -0.0111793561350381 0.00579371241339474
v 0.021553708645004 -0.00528632981033291 0.0164244857221898
v 0.0178808634640832 -0.0147896029687497 0.00752067994525715
v 0.00647020014821582 -0.0237239457219765 0.00538324441724579
v 0.00756530960828292 -0.0222802869557018 0.00648102440850036
v 0.0112635255198552 -0.025273719450255 0.00538085889438271
v 0.0103312430434391 -0.0202797352370423 0.00714369902615437
v 0.0180319855482139 -0.0217274185278879 0.0071166014599701
v 0.0124954026642669 -0.0233553496354889 0.00657900095853792
v 0.0110982754003346 -0.0280023751895196 0.00270502039270029
v 0.0110022708554724 -0.0299978138236753 0.00194390859629512
v 0.0145310146174759 -0.0287340615915438 0.00242286027348587
v 0.0153429369768241 -0.0254703468479562 0.0056387164847032
v 0.014789833654244 -0.0276519006252742 0.00333042346777301
v 0.0164926894595635 -0.0308258284752103 0.00201395398609955
v 0.0151061282460403 -0.0318164573291734 0.00252068028621271
v 0.0192079336249503 -0.0285478012340531 0.00231778958685395
v 0.0195934882325589 -0.0265570313881438 0.00412754444623445
v 0.0177514764981266 -0.0300149097345191 0.00191188496982538
v 0.0259826733544175 -0.0290721443325351 0.00191706201105131
v 0.0233494289306545 -0.0270001776766575 0.00275481693499267
v 0.021312555503112 -0.0311100223310481 0.00242448143887366
v 0.0182293237634111 -0.023165843810716 0.00671447926251321
v 0.0208361850324751 -0.0243671095139999 0.00588699670729815
v 0.0248772761187752 -0.0216664122764955 0.00657408697021139
v 0.0233836880669157 -0.0203783402420807 0.00697077280552112
v 0.0256854623754203 -0.0231284703067207 0.00554171645933653
v 0.0196691501814438 -0.0118200013895873 0.0166840547663076
v 0.0239670182148657 -0.0134644981854423 0.00720882909562971
v 0.030292980385263 -0.0152590923346132 0.00578533146048931
v 0.0268201753457794 -0.0179857824888524 0.00641764663648129
v 0.028848543406897 -0.019162084472532 0.00635159650273679
v 0.0298824018073011 -0.00935745607438001 0.0163477772402512
v 0.0180394941987509 -0.0168039764820117 0.0164334530579985
v 0.0193175196890556 -0.0240193454942827 0.0163748781762039
v 0.0413106799889048 0.00646952304555678 0.00210782505375862
v 0.0442231998933105 0.0075873538428383 0.00263008035831498
v 0.0437864033995607 0.00404285123149758 0.00182569800778398
v 0.0461884806648915 0.00925803239780316 0.00553024863005331
v 0.0403093866249834 0.000573139041501357 0.00394381050814835
v 0.0379194278546443 -0.00487200813558532 0.00597450577787022
v 0.043286961566719 -0.0012696655295984 0.00194776270053645
v 0.0453186386801058 0.00267775521362798 0.00255962154085846
v 0.0473553484318771 0.0044631791873977 0.00522503388427715
v 0.0448227339579173 -0.00176459207804223 0.00195140291459576
v 0.0416406997439143 -0.00366849230715282 0.0026636472218841
v 0.0436222653748415 -0.00834615007619953 0.00184030696124963
v 0.0454013355944951 -0.00410554736916059 0.00244003105608895
v 0.0478630638976695 -0.00354320017654269 0.00516809111504201
v 0.0466175162544 -6.24876601238989e-05 0.00377409802441219
v 0.0345488301117736 -0.0148301380021008 0.00572213420961614
v 0.0366664737780679 -0.0101080370567305 0.00583402611984
v 0.036904957511386 -0.0139725252173349 0.00421484438794555
v 0.038747492382357 -0.00827315052911729 0.00471532600626561
v 0.0409282325297591 -0.00719893669521065 0.00281180389295982
v 0.0415962182634782 -0.0105926183488573 0.00191035926761074
v 0.0443129929480378 -0.00936643559099942 0.00230704827073386
v 0.0392513071558328 -0.013505486989947 0.00235396364124211
v 0.0404521563721115 -0.0154071247408481 0.00180855616177452
v 0.0392526983073379 -0.00371211692940003 0.00513238567580501
v 0.0473494375305429 -0.008064405875187 0.00523059479384399
v 0.0425552081086698 -0.0142224297116306 0.0022235568112664
v 0.0461997779005144 -0.0117420625031705 0.00503865966442915
v 0.0442468599386755 -0.0165192363915149 0.0050810793372144
v 0.0487383457657432 -0.00593782758996197 0.00659297234603863
v 0.0481611220439327 -0.0138044154483444 0.00868221986452073
v 0.0494311456133708 -0.00951904411260689 0.00865984423929906
v 0.0331058937725172 -0.0207720954033588 0.00298351941417595
v 0.0298475665170571 -0.0235284531271236 0.00295292474626325
v 0.037928115088441 -0.0186383525747571 0.00193325525332789
v 0.0342683149151996 -0.0217894753461506 0.00202620529063753
v 0.0356755140347297 -0.0183759281325297 0.00271961627523816
v 0.0288097066976467 -0.0252602289642979 0.00226838643738461
v 0.0338230960798715 -0.0245066109307182 0.00196342852590933
v 0.0353707220000544 -0.0244041267032169 0.00256710457532706
v 0.0280097113344756 -0.0267031301215015 0.00196408289650969
v 0.0239420981424683 -0.0324859658713815 0.0044029341493511
v 0.019075050641864 -0.0333962368731703 0.00447380265594696
v 0.0273677910868369 -0.0303672496220074 0.00338164996271792
v 0.0281030489777305 -0.0330665721780489 0.00711229354998709
v 0.0308234148232411 -0.0278246915134196 0.00259316029539254
v 0.030394308128484 -0.0304635268392988 0.0049305142039346
v 0.0340775355465812 -0.0282512560639145 0.00476154943536523
v 0.0328512739969144 -0.0152800450952642 0.00601517330712598
v 0.0339056953739362 -0.0170837426767725 0.00510241869309747
v 0.0311451096921762 -0.0183740696128096 0.00598900798454302
v 0.0291241638024957 -0.0209599693410737 0.00556456279423489
v 0.0362725642805112 -0.0265470578935157 0.00491532984278297
v 0.0318964484656173 -0.0320693026446283 0.00819554604907846
v 0.0331362284546292 -0.0323162323051055 0.00962732263873498
v 0.03062996607284 -0.0345550247329203 0.0111101095936977
v 0.0371817816080951 -0.031277851145593 0.0119960523466334
v 0.0351880274163563 -0.0343148030016042 0.0147661928188788
v 0.0401161599619094 -0.0184113257020105 0.00223976228712761
v 0.0419564107031926 -0.0203118274073649 0.00495835179680532
v 0.0389996603343113 -0.0240036282030547 0.00502152233323955
v 0.0380242859773483 -0.0277941814571687 0.00816720893776332
v 0.0466754878405446 -0.0174436258061637 0.00884169398461139
v 0.0451759901139685 -0.0205679782070981 0.00919747850762178
v 0.0491029084734194 -0.0181211858868674 0.0129999560267478
v 0.0427083905527652 -0.0251944821916656 0.010593044403638
v 0.0413004579783166 -0.0294025447123716 0.0139985249862536
v 0.019201201389744 0.0389073569942292 0.02109716438591
v 0.0130752673952269 0.0375938745404108 0.0191659919732598
v 0.00729755098722137 0.0300091989316304 0.0211419146321423
v 0.0083450645743662 0.0284208329709302 0.0192259345720464
v 0.01482074471526 0.0354054627016528 0.0140455320316386
v 0.0127813835149785 0.0302917058438749 0.0202334847761745
v 0.0127601359471113 0.0388497265616119 0.0213992589305401
v 0.0156907932155688 0.0376452430342655 0.0192471327966029
v 0.0197190192541161 0.0357202101472637 0.0151551058796227
v 0.0188714155524909 0.0335355871713649 0.0106247924172142
v 0.0234672540316747 0.0340240380297405 0.0127253563449084
v 0.0245715965870075 0.0320326869936402 0.00972091179338096
v 0.0266402429539498 0.0300128737516948 0.00748724932419056
v 0.0288731707838572 0.0326853256957596 0.0131688238159006
v 0.0228938441714629 0.0377472387210956 0.0209790906299839
v 0.0269273301934577 0.0358968463357279 0.018580934672288
v 0.031472683973224 0.0346192754293643 0.0191366690798253
v 0.0156723074599528 0.0409157040109009 0.0269522601259621
v 0.0191563325546037 0.0394285619274778 0.0244841491175165
v 0.0190074945498918 0.0405069041300673 0.0277140994518599
v 0.0232106878753465 0.0403874167410224 0.0265247541504066
v 0.0215916794346799 0.0408185545392442 0.0295990058049164
v 0.0171360629445777 0.0418042786436843 0.0314654075894264
v 0.0201856871290518 0.0423051352890727 0.0325731767083514
v 0.0149238071498711 0.0392849979759203 0.0237168624853631
v 0.0115895172483491 0.0410145568083952 0.029871392874254
v 0.0147468038742586 0.0427015495876189 0.0352308654888756
v 0.0222451741052305 0.0370417689790715 0.0188811742951656
v 0.0262827324660897 0.0377084901409829 0.0207342978456981
v 0.024475330905103 0.0388112032139963 0.0246522260582664
v 0.0300666341141353 0.0364446492447053 0.0225318290077287
v 0.0278762774319938 0.0380301860024082 0.0248072401763719
v 0.0257599801717721 0.0397091070488559 0.0282995005321377
v 0.0281398910399935 0.0393372229169809 0.0292427137403833
v 0.0306611968564906 0.0382431351427213 0.0261581027427174
v 0.0327709528249672 0.0375957427834521 0.0285688760186181
v 0.0322300217890716 0.0301963594658229 0.011246070211881
v 0.0349203451182299 0.0270403765181149 0.00893747515308605
v 0.0330014240541042 0.0319171366698301 0.0150642087080336
v 0.0354389613877977 0.0300841974862595 0.0142401958668295
v 0.0376913690567929 0.0279725272646449 0.0132622565116057
v 0.0410204148649529 0.0268593353880401 0.0160154125588977
v 0.0409918422750333 0.0291425292311253 0.0196701118408116
v 0.030600703613278 0.0161958895042407 0.0161741260907884
v 0.0299626487183633 0.0278156102725992 0.0207310437118335
v 0.039796267977996 0.0244485727028736 0.0106478005620923
v 0.0409384467598061 0.0199103627205701 0.00681996527717089
v 0.0438050213995167 0.0185781143449321 0.00903678799076993
v 0.0424864042741295 0.0229878086069925 0.0122546597949793
v 0.0470645819473698 0.0175373980641908 0.0130394054416122
v 0.0457830418665654 0.0207553570682504 0.0145539512533956
v 0.0334812258943429 0.033498932403089 0.0185695709870227
v 0.0367733152452819 0.0324049430270363 0.0205186046508205
v 0.0335988316371564 0.0349364433166808 0.0205477065935442
v 0.0349958518259367 0.0351179440596552 0.024727324305254
v 0.0383233876004739 0.0306800447925051 0.0189697236471632
v 0.0406434618732463 0.0307544163793357 0.02091002639465
v 0.03942610895153 0.0321802852067076 0.0238395646408147
v 0.0423614922029058 0.0297504763721747 0.0236631443814373
v 0.0389722086147876 0.0342723051873257 0.0268372069519719
v 0.0417336260209479 0.0313374773397391 0.0261948858775114
v 0.0440682552007548 0.0287879664605152 0.0248532553587756
v 0.0431304286049784 0.0277994508351839 0.0210196306493538
v 0.044286813574126 0.0252782442671767 0.0185548204809292
v 0.0469969534780649 0.0231550210071175 0.020025745808678
v 0.0456179215337986 0.0256133859250438 0.0200699018689693
v 0.0458068102039302 0.0259254690680939 0.0218649967220316
v 0.0468819586518918 0.0255764302158612 0.0244100634093691
v 0.0492178839500523 0.01964754565338 0.0193051944300707
v 0.0236785627246327 0.0417365143457422 0.0340017103899902
v 0.019252770914872 0.0430871161421356 0.0372768878036628
v 0.0241459651065067 0.0434181396409834 0.0383786973506146
v 0.0269878371225303 0.0422342093576488 0.0387585599835658
v 0.0293060524710575 0.0422656443363626 0.0417289781069994
v 0.0166947659552097 0.0446084229907076 0.0435540705427451
v 0.0218211655094826 0.043987740477562 0.0421301926173472
v 0.0242470263728856 0.0442099415622244 0.04534135831591
v 0.0277804389809007 0.0410561762927901 0.032409134917481
v 0.0296550617736649 0.0409253800218656 0.0361285616642774
v 0.0311930902336296 0.0393345113855067 0.032171243001098
v 0.0350272841215558 0.0381614450790713 0.03177471368525
v 0.0326943356542261 0.0411819774548948 0.038902591067703
v 0.0340348392929237 0.0392573657244911 0.0360212980153702
v 0.036255458785312 0.0390907786610845 0.0396582446817925
v 0.0260771537700305 0.0433525196547196 0.0426173555882801
v 0.0285029865165909 0.0438930686922723 0.0452007294277647
v 0.0269353056184844 0.0443136158895356 0.0480988951903643
v 0.0200399725083173 0.0453256894672217 0.0448617775644088
v 0.0234024390213767 0.0453879190305356 0.0499293971912652
v 0.0200931698638251 0.0454547166893772 0.0486532764250865
v 0.024805409351196 0.0456872494512699 0.0515128720321616
v 0.0223734090128331 0.0459683876746612 0.0539385989855865
v 0.0273025594555914 0.0448311736615967 0.0525040593082129
v 0.0333855113378942 0.0413522043479222 0.0440208224019482
v 0.0376761127226866 0.0403809023863803 0.0454211804442041
v 0.0385966121523289 0.0384860233868577 0.0423192484696056
v 0.0402312642043169 0.0387920092512657 0.0478509412081274
v 0.0324948756280039 0.042544789264255 0.0482973904195572
v 0.0311779881092307 0.0438634824262405 0.0528508759683902
v 0.0333293421788484 0.0434438742673558 0.0513841829034428
v 0.0369265680041959 0.0409035758062019 0.0494445443919369
v 0.040555265283851 0.0335178520714743 0.0295658106904688
v 0.0362792757702572 0.0365810601584526 0.0303845218517419
v 0.0434571541128633 0.031389184736594 0.0297215485717934
v 0.0383029509153625 0.0367972649076108 0.0352701415443235
v 0.0418275562880497 0.0343551761819703 0.0336558051346445
v 0.0410280059947839 0.0369547714394916 0.0397090848490768
v 0.0435387251603852 0.0330792967475323 0.032584979310941
v 0.0446774709700835 0.0320370659558941 0.0343694510231196
v 0.0470325304910788 0.0303691418165507 0.0357837587960637
v 0.0451543067273347 0.029600905971506 0.026957115280394
v 0.0476523602807788 0.0262758280594177 0.0274701883551266
v 0.0460459671171599 0.0293597328984416 0.0304351603198799
v 0.0491795194309291 0.0258053012061273 0.0300894426134795
v 0.0503672256073293 0.0238502392281462 0.0269026382531021
v 0.0523640797231988 0.0207938061940426 0.0289848967922325
v 0.0491835607686687 0.0275216680489918 0.0321858517038392
v 0.0490807286194304 0.0284806761568444 0.0366686880359901
v 0.0516065663981499 0.0239426358488581 0.0330214657325848
v 0.0426653232016388 0.0358973657635823 0.0422210128124856
v 0.0432505463667014 0.0343598981657798 0.0382221492094754
v 0.0472206126807181 0.0319726432950656 0.0389992198460579
v 0.0492310487945652 0.0302584568365436 0.0421841660661449
v 0.0428279719536502 0.0369297175391828 0.0470614335827254
v 0.0447991413519838 0.03576396222363 0.0456347300191927
v 0.0464521196888652 0.0345089272758479 0.0484532200016705
v 0.046974771039031 0.0328993788070919 0.0441391063847524
v 0.0514751167278706 0.027079270830791 0.039906924423416
v 0.0534516922786543 0.0252615373836699 0.0390602558239406
v 0.0526786723383565 0.0239098001400698 0.0363294709999947
v 0.0551596858984227 0.0212566816090332 0.0386370466471055
v 0.0514009615339547 0.0294898677006305 0.045020456066355
v 0.0531757867949915 0.0277175874837749 0.0483204442124641
v 0.0544306480791376 0.0243266084745744 0.0431952019006813
v 0.0570777281689283 0.0193352015653784 0.0417227670953926
v 0.0567111492009912 0.0225446657264732 0.0458773999044243
v 0.0196911830580644 0.0191025566360023 0.0162142150366294
v 0.0253201079829701 0.0142154106436177 0.0161243101123328
v 0.0190897707542901 0.0119641693939107 0.016107500081316
v 0.0363207557893618 0.00883418513089848 0.0163005560826705
v 0.0372384054428583 0.00375769748480645 0.0161969765343884
v 0.0407278687699059 0.00712420395146768 0.016826894783719
v 0.0261653822039469 0.00557382732834591 0.0162281876658677
v 0.0305799999095433 0.00330509598460158 0.0161710852772786
v 0.0449731435751005 0.015132347918106 0.00777843040815617
v 0.0476923199301878 0.0143155991353987 0.0110790038996831
v 0.0489897803891241 0.00907200811321362 0.00970781707936428
v 0.0510819432385094 0.0101250232091929 0.0141672324265855
v 0.0509093543707635 0.0142914840972603 0.0171164844842484
v 0.0533841926685845 0.0105416674430062 0.0192241414114211
v 0.0516628689855704 0.0164837131276148 0.0208700192969893
v 0.0503202170500411 0.0204837250595793 0.0234894573624704
v 0.0538606287126826 0.0128736425061301 0.0211197906210247
v 0.0526886390369132 0.0175556134726783 0.0250282600770841
v 0.0555043892893055 0.0102332670679853 0.0240222094754894
v 0.0540769259536159 0.017489511981595 0.0270059399247899
v 0.054840604586044 0.0136842879535866 0.025892857228921
v 0.0553790192718821 0.0156705572931326 0.0299203656884325
v 0.0540393015997464 0.0211217821787179 0.0324726033556734
v 0.0554479716184698 0.0182440109899273 0.0338861578961299
v 0.0572353072345647 0.0146903412437807 0.0322361811436587
v 0.0576282350603093 0.0144816520045678 0.0356235770823775
v 0.0571835775494748 0.0186553289344962 0.0383508679351881
v 0.0587308544066367 0.0172672466940443 0.0439828298848171
v 0.0594999222987719 0.0170899292845126 0.0477220259152692
v 0.049678826854134 -0.000670617477359145 0.00775201621987274
v 0.0499196976908882 0.00471397958896299 0.00932454194710588
v 0.0525365800292635 0.00464524553545533 0.0140086495807105
v 0.0513375312532402 -0.00444426788522223 0.0105819513675095
v 0.0517706734771549 -0.000767664825666198 0.011412775033124
v 0.0534385198085486 0.00107802219771153 0.0147481959612746
v 0.0537212543354834 -0.00447917882550628 0.0151559588782959
v 0.0517848747658456 -0.00883270855760053 0.0124104666286646
v 0.051410934954004 -0.0129256297861056 0.0135756383036495
v 0.0504922479100023 -0.0153513194252429 0.0134234779241643
v 0.0541487115999544 -0.0097392055952819 0.0173822489780843
v 0.0550636882022649 -0.00738171822049693 0.0186552731829565
v 0.0544965276389311 0.00562700007029283 0.0186491270341429
v 0.0555331367120913 0.00201452210241716 0.0196108535623233
v 0.0564088328728688 0.00657547281098745 0.0240148494011461
v 0.0558178179405402 0.00598034464328387 0.0207497650955781
v 0.0553775460791297 -0.00289315014974245 0.0186528595582142
v 0.0567750512882392 -0.00238871589321394 0.0210287442920701
v 0.0569789147803348 0.0010121692150672 0.0233734526490724
v 0.0585181858848638 0.00103789595743851 0.0262625122686048
v 0.0591187709633524 -0.0028816468208114 0.0290438380747626
v 0.0558769410478431 -0.00634492494040075 0.0203879656281899
v 0.0559685872309529 -0.00973592123064756 0.0200614091320674
v 0.057401101648522 -0.00453510807185236 0.0239823036477762
v 0.0546611836335982 -0.0136457236954566 0.0206439107813771
v 0.0560862082083696 -0.0122944146661236 0.0232881152668304
v 0.0568721214149199 -0.00791880057572804 0.0232722028873332
v 0.0586390799377525 -0.00629475186087025 0.0257801148384797
v 0.0580740603604937 -0.00956877065146669 0.0273853461335875
v 0.0358627428279211 -0.012924124790158 0.0162981699403592
v 0.0380760066817575 -0.015050669876548 0.0165856277286584
v 0.0465332255584524 -0.0226594678348084 0.0132423285869838
v 0.0490539718930161 -0.0227903164292004 0.0176596183122771
v 0.0531699252408734 -0.0157891738056116 0.0187939676200586
v 0.0457965484663129 -0.0277438850705436 0.0185001481126639
v 0.0503373080671924 -0.0239378911514406 0.0202509361454661
v 0.0519378505265536 -0.0193700977720042 0.0195332771664907
v 0.0455180480962621 -0.0299933273572922 0.0203945770518793
v 0.0396028959166593 -0.0332532948683298 0.0181559264772817
v 0.0401770956218262 -0.0348081818198754 0.0204982794606365
v 0.0420436325786343 -0.0324790244109283 0.0202032000630033
v 0.0438702584099687 -0.0306975608218203 0.0197377266575321
v 0.0449857008860708 -0.0314386317814331 0.0232627816438437
v 0.0427635405987534 -0.033662926975011 0.0237258011379969
v 0.0490820869599762 -0.0271610827590204 0.0238624784238065
v 0.0450089175739372 -0.0336605333748307 0.025994078698473
v 0.0486482588710192 -0.0257449567745102 0.0204830997068262
v 0.053777643809523 -0.0174794775702653 0.0204628861053662
v 0.0547958182131749 -0.017579701129483 0.024313836890096
v 0.0523874666073164 -0.0220057112298185 0.0237319295528345
v 0.0555597489173381 -0.0188179969151032 0.0277118086186418
v 0.0543950471787091 -0.0211716559979307 0.0260020653740521
v 0.0573733463753826 -0.0138611497908468 0.026180429135172
v 0.0581774915082931 -0.0129990743927172 0.0296699014138046
v 0.0571937905292569 -0.0167452493556656 0.0300672372756724
v 0.0549858637781065 -0.0226546657404756 0.031372457034005
v 0.0464668311410223 -0.0330072103685943 0.0294091901514686
v 0.0513097024140837 -0.0260599039218687 0.0263465989163648
v 0.0486023676522744 -0.0300559654800896 0.0279713149791917
v 0.0484014221303695 -0.0328921486125646 0.0319328128665099
v 0.0516119576205376 -0.0271055170307872 0.0295853958029411
v 0.0534294399227581 -0.0261668408998645 0.0316035454012266
v 0.0512128735383449 -0.0296040898977764 0.0337506800523745
v 0.0504698232772762 -0.0314091941421172 0.0357742709148144
v 0.0572106277608613 0.0092425512662642 0.0265678503916688
v 0.0569064097919853 0.0117225139410106 0.0296904326328725
v 0.0579469702856127 0.0102230301778256 0.0316520707470422
v 0.0576741754907061 0.00434965119159126 0.0265164979067377
v 0.0597281229670181 0.00625539754332901 0.0321667762922689
v 0.0594604495775439 0.00855752385544387 0.0350194711626772
v 0.0584577596565466 0.00549720176871387 0.0294892790082064
v 0.0597388126454643 0.00122987240247097 0.0317894719709552
v 0.0604752143175481 0.0036959640679575 0.0353994459387935
v 0.0620155693940888 0.00217198473583632 0.0383946967392412
v 0.0609197924928011 -0.000557469311905744 0.0357171366407637
v 0.0606288757560252 -0.00203353511325769 0.0319198368016641
v 0.0597379850897534 -0.00613316171470502 0.0314686386097683
v 0.0598182803454059 -0.0108614976303027 0.0315022384684313
v 0.0610724217547403 -0.0039783504245504 0.0357820617094472
v 0.062177561761872 -0.00683852755023255 0.0377946647079471
v 0.0605886840145632 -0.00779317892266116 0.0349013216309178
v 0.0595971288370877 -0.0136128409948124 0.0349532194299097
v 0.0608585477781749 -0.0103109942342682 0.0372437288434907
v 0.0592365312456248 0.0136438954303772 0.0405339040356968
v 0.0604669119739931 0.0102560323957764 0.0382488065635816
v 0.0611549919195851 0.00795184691616069 0.041342367005318
v 0.0606581523846416 0.0058776411991629 0.0375876013795143
v 0.0623131786997977 0.004761182176963 0.0429616344595988
v 0.0606652039530573 0.0148733752499602 0.0450754646449702
v 0.0612673017365642 0.0105735629263489 0.0452010186292598
v 0.0613590201751803 0.0122969843490931 0.0479110907028912
v 0.0628343211944565 0.00658659538177426 0.0455941206491206
v 0.0618724894470995 -0.00108459000033972 0.0393345726948311
v 0.0624776041374587 -0.00355378269405331 0.041676018112321
v 0.0629104852363919 -0.00555959575260818 0.0435410875171573
v 0.0621604079302698 -0.00735198330171974 0.040777867447496
v 0.0615722728778144 -0.0119712374639658 0.0414249785347913
v 0.063343814263181 0.00358759251063182 0.048250029838315
v 0.0626696953139487 0.00121153796231146 0.0436449864903129
v 0.0638220862774559 -0.00224884650965616 0.0452443092115044
v 0.0644926947623576 0.00178016120261062 0.0506313671842825
v 0.0636303712931648 -0.00584745991440968 0.0477964883338534
v 0.0638824626338581 -0.0023544345180137 0.0489708340098303
v 0.0643134500595754 -0.000786569915224025 0.0514953087286529
v 0.0646813723152298 -0.00706234343874857 0.0510663511758228
v 0.0576310675539488 -0.0188070986171645 0.0315374658957119
v 0.0589231839723322 -0.0169399913850163 0.0358588691450952
v 0.0574835086284896 -0.0202694203188374 0.0352964381572868
v 0.0551033566771634 -0.0245383331041282 0.0348992495718749
v 0.0577488598925077 -0.0225589945380071 0.0381066588933514
v 0.0608388726612993 -0.0148092041964298 0.0382184536738044
v 0.058397763624383 -0.0218514227458703 0.0415817256316216
v 0.05947142943185 -0.0185248919799732 0.0404634641241709
v 0.055963446429 -0.0262318237149611 0.0411797978805355
v 0.0542081017966414 -0.0271804675592784 0.0372483434360453
v 0.0523493241829619 -0.0310092785825438 0.0381835900933258
v 0.0569687211460429 -0.0260062750878092 0.0443077715999761
v 0.0535320123110026 -0.0301415458529593 0.0427289119852466
v 0.0613828232842499 -0.0142871046044374 0.042321528360588
v 0.0609732996261923 -0.0180772824105152 0.0455753684409541
v 0.0604785530129 -0.0200870414037404 0.0445413207662398
v 0.0629721415614485 -0.0101378872721894 0.0454387138114017
v 0.0634360074575507 -0.010110770089827 0.0492930895400959
v 0.064315744399978 -0.00971809053097058 0.054082012960612
v 0.0625820486484092 -0.0139304993510602 0.0482368203628526
v 0.0614528766393314 -0.0178612665771525 0.0481956334574187
v 0.0631910449330549 -0.0160159738377098 0.0510122802350887
v 0.0625597512016514 -0.0173441033218596 0.0544897922051444
v 0.059384588126877 -0.0225402274812407 0.0475716146526932
v 0.0577059859488701 -0.0263724213665826 0.049480451979033
v 0.0598271633755614 -0.0242044246046836 0.0514182588810194
v 0.056157084842392 -0.0281127410037302 0.0450214982661739
v 0.0555821378559046 -0.0296040683618464 0.0495729300368649
v 0.0609280928354236 -0.0212770262454247 0.0531880784552424
v 0.0585688567575936 -0.0261221143382013 0.0535753340192616
v 0.0566512599260582 -0.0295693317519949 0.0543719124688151
v 0.0589063921039165 -0.0266297167398251 0.0579655394962064
v 0.00357412524621815 0.0255328195659687 0.018313618115256
v 0.00420733941576316 0.0228417988090443 0.0171113714584396
v 0.000925618754249062 0.0193559900188119 0.0166925000945942
v 0.00627474984267492 0.0189995215174362 0.0164099163799366
v -0.000436252993211563 0.0140132615637217 0.0164823970947206
v 0.00383474437486402 0.0148878504807569 0.0163502730475671
v -0.00235458803582615 0.0110550421819583 0.0164096927832563
v -0.00812184023832342 0.0031733281355539 0.0165743057547991
v -0.00305106187811401 0.00337253016726414 0.0164250637362434
v 0.00459621634917778 0.0110481982326486 0.0162697993811664
v 0.00249046059825164 0.0135183574453415 0.0164698372401463
v 0.0142715614357994 0.0141497416133207 0.0162277393365761
v 0.00776270173932002 0.00389663267092881 0.0162733747406987
v 0.00783579071414546 0.011827756779719 0.0161590403246642
v 0.0115941423236007 0.0063188188203814 0.016296472716702
v 0.0136442038769257 0.00652107268454623 0.0160943094195003
v 0.0128862812187201 -0.000968402569676258 0.0164904270652653
v 0.00880146740977181 -0.00323074446502666 0.01635664738801
v -0.0099273007092506 -0.00152504068809239 0.0166894949863059
v -0.0107207480071831 -0.00659354439469653 0.0170114090458167
v -0.00563998139157316 -0.0050262137953547 0.0163921797296601
v -0.00775208332246016 -0.00872013382666529 0.0165784816180801
v -0.012880224807046 -0.00625355753095042 0.0177908134259496
v -0.0151415420042198 -0.00748731188843477 0.0194020209783981
v -0.0134275939116849 -0.0121391669208753 0.01891598308119
v -0.0112068143204861 -0.0115059628476698 0.0175304495693
v -0.00292729612265583 -0.0136246065255853 0.016485585380635
v -0.0103877444758696 -0.0173022645811988 0.0185877658224732
v -0.00780740400258646 -0.0138352736319841 0.0168884153614935
v -0.00173638827079629 -0.00715797385591937 0.016386033904367
v -0.0083830251969565 -0.0174948795716423 0.0176684579918029
v -0.00274748149488525 -0.0197905651335937 0.0167857312775292
v 0.00285617134919019 0.00372866141654031 0.0162934359203484
v 0.0205213876099914 0.00715603325761166 0.0160558454113268
v 0.0172354962420468 0.00623139407108405 0.0162886397365246
v 0.0193258958508379 0.00147303919038508 0.0162360649644027
v 0.0160544892958279 0.00146943484046163 0.0164360781537853
v 0.016478240515098 -0.00509124729734988 0.016542279393518
v 0.0251142677805368 0.000194480943833164 0.0161912781669638
v 0.0147481395451844 -0.00871580257191674 0.0166944745275532
v 0.00887977413965744 -0.0111879261756571 0.0164485323698631
v 0.0252420245644842 -0.00691571588550816 0.0164443188833486
v 0.0095469701075552 -0.0171103002358334 0.0164328907933837
v 0.0120529944940555 -0.0247997448366509 0.0164502310783622
v 0.0273918974917951 -0.0181554379916966 0.0162777268729015
v 0.0326364588933667 -0.0160720180430253 0.016328438368201
v 0.0253377321805555 -0.0144749248389216 0.0164183946434571
v 0.0300393398680569 -0.0180432616423516 0.0164440346450252
v 0.0153270594000959 -0.0284220261348725 0.0169364111156889
v 0.0262548996449163 -0.0240500360156721 0.0164792568078339
v 0.0216659480889708 -0.0280834278710455 0.0168236994853288
v 0.0193840741853675 -0.0313139766507628 0.0179872339196671
v 0.0240554519974551 -0.0294725538797556 0.017609738949359
v 0.027821018124287 -0.0262134624384548 0.0169449078907339
v 0.0310981919300958 -0.0201546727271674 0.0163852606743129
v 0.035116321978415 -0.019049084594536 0.0165783220428247
v 0.03207445337632 -0.0229366106657698 0.0166863352985606
v 0.0297809668403954 -0.0283395835587295 0.018028235282918
v 0.0348804276031713 -0.0248233191344852 0.0179235372334998
v 0.0309976088212551 -0.0306790950767103 0.0203167546254206
v 0.0345210008151515 -0.0282159700226004 0.0198903771664453
v 0.00871973384780201 0.0328003722222711 0.0250700645045391
v 0.0145977053017689 0.0290825631662961 0.0189809857681129
v 0.0106044848063767 0.0317126207449205 0.0226950419249518
v 0.0159251595545176 0.0306841782451324 0.0205163602489257
v 0.0114797337031551 0.0343607780480248 0.0276245743786667
v 0.016851049631607 0.0340246365245302 0.0262276238741936
v 0.0183496833790046 0.0317125746789535 0.0220118390842223
v 0.0143531466720029 0.0326837419457625 0.0236447809437136
v 0.0193886392626723 0.0244345933395512 0.0167335192066876
v 0.02202274836536 0.029145984897472 0.0195273785568993
v 0.0185472277316277 0.0269206569352062 0.0176971730650376
v 0.0211749126727461 0.0278342594614342 0.0183807761080808
v 0.0253306996168223 0.0250088184744737 0.0173543172090701
v 0.0227726424107847 0.0313698206557438 0.0223919966959156
v 0.0213469129324935 0.0331490660053123 0.0251843243437134
v 0.0272033699050767 0.0275574203377287 0.0192333641871016
v 0.0268598287395981 0.0299461102387747 0.0218241797494283
v 0.0147127552058504 0.0359900818188175 0.0314246403467178
v 0.0202867976998085 0.034841986402314 0.0285120925796296
v 0.019049979773803 0.0374272682172513 0.0358505497096975
v 0.0223766614668245 0.0359279671963774 0.0324942774774574
v 0.0250954774439685 0.0337042639592219 0.0281750978737465
v 0.0266418144893003 0.0315872373018341 0.0247071895803035
v 0.0309278847665242 0.0299121163076587 0.0244273498479859
v 0.0293664275006939 0.0331638787866126 0.0300531237793838
v 0.0261173598073437 0.0355859144798213 0.0339196364977544
v 0.0326390543180724 0.0329880522575212 0.0334078292239266
v 0.0330227123015109 0.0191011396699167 0.0168028054111606
v 0.0287914056955363 0.0217735426681767 0.0168174098286261
v 0.0308440621535946 0.0241545796985073 0.0181011309294088
v 0.0370183659048377 0.0201022144912469 0.0185852285160217
v 0.0335562937776379 0.0250856550462676 0.0201139793041884
v 0.0361182398914494 0.0174608368436661 0.0171544741559769
v 0.0395262045374569 0.014664724663967 0.0175820297395088
v 0.039004757702393 0.0208766433365456 0.0203676273492676
v 0.0418385982091587 0.0167672423444244 0.0200429277233006
v 0.0329949436218224 0.0282995767842987 0.023684538359768
v 0.0365114242778665 0.0256312439163449 0.0231036763282352
v 0.0339111478268325 0.0303185969787433 0.0282308096278225
v 0.0353692339607993 0.031304272744126 0.0327813977828499
v 0.0380199997223791 0.0271515942551929 0.0273024653434407
v 0.0387571355212286 0.0277561464583345 0.0296163609530349
v 0.0409848521334374 0.0243847254063815 0.0269393205615948
v 0.0411972512095361 0.0209143086283755 0.0227788322261413
v 0.0433741244912166 0.021825999839811 0.0270162793436504
v 0.0449097527734268 0.0154333726074847 0.022418805955714
v 0.0446046580156755 0.0122837157650045 0.0202284529938158
v 0.0453465129297225 0.0170909238322869 0.0245888769145475
v 0.045625554163605 0.0186235497935365 0.0270146937080866
v 0.0482443319802274 0.0147672649989443 0.0275304124049544
v 0.0147921296159331 0.037832445661014 0.0369439109057706
v 0.0185397282548637 0.0395918772085096 0.0435506056735689
v 0.0231342331763538 0.0379587081231378 0.0391058154231469
v 0.0208732400633729 0.0386703127066082 0.0403990988090314
v 0.0205055740613779 0.0409980400978249 0.0499809333959532
v 0.0221922847522709 0.0400328805657727 0.0471724299623929
v 0.0254778586713682 0.0389675551186659 0.0448157398673155
v 0.0278108642998519 0.036831486510818 0.0391490153140512
v 0.0312888531189917 0.0354990501226075 0.039124112846478
v 0.0303959166445429 0.0346161034691454 0.035391825056441
v 0.0301570399651252 0.0367876332756904 0.0421620333998853
v 0.0308807454720489 0.0384117194663242 0.0491318345974679
v 0.0317363579990742 0.0367039750743682 0.0431991663808795
v 0.0251564459072189 0.0405007655597927 0.0518535977702742
v 0.0228983393024737 0.0415077893686118 0.0566290184709985
v 0.0200130879568659 0.0421801571991485 0.0580603988949706
v 0.0256747494270803 0.0413600895227315 0.0577353261039782
v 0.029403494964651 0.0404449800443096 0.0599363427260196
v 0.0283850919003794 0.0401202709136141 0.0551396029880836
v 0.0357898400573653 0.0344964837614933 0.0422428166973406
v 0.0352232810097218 0.0360894847649144 0.0475394991308775
v 0.0360375681988961 0.0367591532909745 0.0526370859092381
v 0.0385422659952098 0.0350460098721807 0.0499468711158806
v 0.0389803823931842 0.03539896018692 0.0541088903908871
v 0.0373992470310275 0.0311065688407827 0.0356691075698663
v 0.0417058099647673 0.0270877434048093 0.0340255097727114
v 0.0397722437399781 0.0306633208135825 0.0383367207210716
v 0.0364763722052362 0.0326590612242297 0.0381604711270827
v 0.0399152776469948 0.0322064044294577 0.0438857258823206
v 0.0440026851438258 0.0260861869586328 0.0365002292083984
v 0.0435232048904906 0.0282199656244471 0.0399615361044354
v 0.0471126672929084 0.0249617785330845 0.0417092377809217
v 0.0452934773173888 0.0230336779495594 0.0332234442044313
v 0.0460925241846238 0.0210643192695123 0.031408906990251
v 0.0480824000972482 0.0186798461076095 0.0323678480010471
v 0.0501861127416091 0.0163942202506005 0.034284704780676
v 0.0484533026864079 0.0215392735054034 0.0379549523933824
v 0.0509892492015337 0.0177653153983174 0.0378770959096047
v 0.0399185080336445 0.0331605832117321 0.0463605002484525
v 0.0438760055496059 0.0300001074986092 0.0473432197139754
v 0.0416413160346591 0.0331916507288121 0.0523053473714588
v 0.0437347438431288 0.0311823303724789 0.0504450908538823
v 0.0458341655792685 0.0278582681106985 0.0459452013287217
v 0.0472494547609779 0.0285084868108137 0.0525558925823137
v 0.0496820673376789 0.0239036141039535 0.0466152792331398
v 0.0502052432910069 0.0208172909714168 0.0412562690245861
v 0.0501476690908765 0.0245972323848001 0.0501296450417073
v 0.049388867247645 0.0273084170225662 0.0570240202877662
v 0.0521535446270979 0.0215898513138655 0.0503026588136167
v 0.0531133824574367 0.0189865588783535 0.0477535946135712
v 0.0148694592715901 0.0216637911609924 0.0163924261841959
v 0.0243483206099704 0.0203064354014975 0.0163197752623307
v 0.0277624189630539 0.0109938141906585 0.0161441019569622
v 0.0316838292866686 0.0101093695141575 0.0160683751252518
v 0.0354414766881002 0.0135282826197022 0.0163409799423835
v 0.0385413697411022 0.0128606334255977 0.0168429540455889
v 0.0423676589160198 0.00987910343444501 0.0178050303561199
v 0.0417272473439726 0.0140174035326664 0.0186318758865575
v 0.0392895052077243 -0.00424847424106728 0.0163454238064333
v 0.0364683068623818 -0.000739776436609079 0.0162471482716901
v 0.0341003958520228 -0.00563646007171272 0.0162940932290977
v 0.0444435850748086 0.00873631132394846 0.0189282663531804
v 0.0468992741671381 0.010079007329145 0.0216338959115191
v 0.0482384127148975 0.0108369645808795 0.0241655340997784
v 0.0522880391498306 0.0145859416977689 0.0379220369426809
v 0.0530947550806075 0.0168147537997834 0.0436130892664245
v 0.0548472698710926 0.0183167145517073 0.0547275299776757
v 0.0430804176766956 0.00594832880634339 0.0175286074002722
v 0.0419019977947601 0.00117092711706954 0.0167384184422978
v 0.0458353179111349 0.00390885923384906 0.0187041012238631
v 0.045224695589521 0.000304540271321268 0.0178892909808187
v 0.0469693802897277 0.00531990857268566 0.0201138330891279
v 0.048338084934412 0.00186497709985637 0.0207788853679718
v 0.0470941365437769 0.00142262832080195 0.0194485146306432
v 0.0434154719148999 -0.00334834907390637 0.0170242236494002
v 0.0417574547111348 -0.00665885403231235 0.0166555355529591
v 0.0425232777092505 -0.00917803388414264 0.0169668418573444
v 0.0417201655854993 -0.013895083331964 0.0173909460817064
v 0.0445849066559211 -0.00930188491208607 0.0179553138290835
v 0.0453206477241177 -0.00482938291054254 0.0179707328818362
v 0.0469010374729067 -0.0022991245339033 0.0188828279299626
v 0.0467727115525995 -0.00592977513640058 0.0189931830647625
v 0.0483513734345729 -0.00301906525117783 0.0204209505085434
v 0.0471497125397263 -0.0104716525750789 0.0201892810673546
v 0.0488042172208027 -0.00680564440199976 0.0213434934605018
v 0.0476369467926392 -0.0134134853997504 0.0216804500474509
v 0.0499657480931766 -0.0115800501736934 0.0243550933374987
v 0.0461040641097066 0.00875690454513763 0.0203343143432683
v 0.0485378948346113 0.00694318925317371 0.022546270332181
v 0.0509736895866753 0.0059329962834742 0.0262691282715964
v 0.0501893316086654 0.00278531435494014 0.0237247125630272
v 0.0499267413221245 -0.000338662984277042 0.0226449905881376
v 0.050776805981479 0.0126870348311408 0.0312699393484537
v 0.0505664344446109 0.0097453285943232 0.0277312970840433
v 0.0527180482845468 0.00688247940590879 0.0313359320684739
v 0.0525496397931818 0.0026920647288667 0.0283964244304495
v 0.0505940262135824 -0.00498903666770866 0.0237884364127428
v 0.0520158783593356 -0.0023134687970296 0.0262466293022336
v 0.0525050671195893 -0.00561778692575555 0.0273444851361798
v 0.0538209521198483 -0.000544111991336929 0.0307431484511678
v 0.0548600173189576 -0.00316245938207841 0.0332777238270079
v 0.0514562929950213 -0.0139724187125951 0.0286217801286732
v 0.0545327098677493 -0.00613263981111378 0.0331105124284094
v 0.0417221221901347 -0.0170555254272881 0.0180647417002318
v 0.044838779950195 -0.0133005897275189 0.0188656539913751
v 0.0434467503632344 -0.0179514645018591 0.0194643225428651
v 0.0387675533606159 -0.01919730571404 0.0173600264267221
v 0.0403011530259505 -0.021273690247053 0.0187845452727793
v 0.0402666669465424 -0.0251828409861126 0.0216213444496168
v 0.0377683185121002 -0.025539146011811 0.0198187392490693
v 0.0430005091291104 -0.0217158353133271 0.021373828854847
v 0.0383653103035734 -0.0283105991333089 0.0229475867949743
v 0.0363585503258217 -0.0308635498993854 0.0245413484356673
v 0.0309516647657849 -0.0342093634004218 0.025030565079021
v 0.0411448458629777 -0.0277930242957763 0.0255262876722046
v 0.0437457465144651 -0.0243918718178593 0.0248157689075344
v 0.039730368508487 -0.0316379911638363 0.03001860501167
v 0.0461152735975387 -0.017873558655739 0.0223292488174692
v 0.0471993147119218 -0.0200987981325507 0.0255254674497045
v 0.0439679021398107 -0.0269555865474336 0.0286879224017652
v 0.0464069488181219 -0.0241866119729374 0.0290141481531516
v 0.0491137856927347 -0.0148860016666054 0.0250249139973513
v 0.0508729671426997 -0.016158377336596 0.0293564442822562
v 0.0495070382410689 -0.0197502005416442 0.0300947509477416
v 0.0524472588667456 -0.0133164662615147 0.0311156985686336
v 0.0518417334947383 -0.0183502917806712 0.033702914892214
v 0.0483341992681308 -0.0244346474897958 0.0337711703765195
v 0.0440338766014514 -0.0293439174905025 0.0331730248000983
v 0.0409557197820608 -0.0325918172723162 0.0341393061988032
v 0.0506491422937272 -0.0222999041193829 0.0361099889650041
v 0.0494037848001346 -0.0266291217863653 0.0402085234828261
v 0.0468995354792791 -0.0274439857624904 0.0356391094015159
v 0.045331762912051 -0.0301355706638372 0.0376031516628852
v 0.0445118374698669 -0.0320991443686004 0.0401411346903876
v 0.0534555248723475 0.0122257464482848 0.0380670178959533
v 0.0541440747432015 0.00447665670912147 0.0335819687711581
v 0.0538978409057863 0.00802082639358404 0.0353272218290813
v 0.0544262535043201 0.013418070933792 0.0423456092081735
v 0.0556813988203617 0.00736396542573473 0.0404114507268492
v 0.0563442294412723 0.0023389656633072 0.0388300257547768
v 0.0564610822892753 -0.00256177556872731 0.0385540828603744
v 0.0576745438623281 -0.0013203516192863 0.0424484322361853
v 0.0542132004859979 -0.0107423770171972 0.0339551758233549
v 0.0564208356125134 -0.00576068764440027 0.038640659220806
v 0.0567858468569884 -0.00753711621048243 0.0403846573009516
v 0.0562228693310013 -0.0115084638285829 0.0409370765328155
v 0.057576723282474 -0.00392077300519325 0.0432349376273536
v 0.0585983346130183 -0.00505744269306839 0.0467180460951497
v 0.0578481020245041 -0.0108187956787861 0.0465321134711147
v 0.0562003580793782 0.00945584890169887 0.0439254297858456
v 0.0559182211316814 0.0130986791207691 0.0479172044555593
v 0.0578900701558256 0.00563888692926346 0.0467165814408141
v 0.0574321184768584 0.00279036645661653 0.0435744823504731
v 0.0565057768137749 0.0143512961788528 0.0535233546494438
v 0.058164432396144 0.00776014523964695 0.0501173078943034
v 0.0581655336480993 0.0101614352110749 0.0538168198473125
v 0.0584282163798279 -0.0010830819839086 0.0466418494314757
v 0.0593369641443752 0.00424431376786714 0.0537886832482216
v 0.0593236648067659 -0.00326354508174956 0.0508259611830738
v 0.0595082301316989 0.000790579405458305 0.0521522912784611
v 0.0598094025098354 -0.00523424890592609 0.0541524947642028
v 0.0545629393045958 -0.0143968159136144 0.0375628548275465
v 0.0527696376682764 -0.0188046126830509 0.0373949267390969
v 0.0529128080903306 -0.0201646659858199 0.0387629670449761
v 0.0556258133644556 -0.0150542829150301 0.0415790651171674
v 0.0546424696123948 -0.0177006682776682 0.0421844904835474
v 0.0540842421697638 -0.0191227833879002 0.0412150410930126
v 0.056761992564539 -0.0143951926421863 0.0455894769274328
v 0.0543272456027321 -0.0209884384577085 0.0462419789250587
v 0.0509741175667663 -0.0251704728846176 0.0421128713478151
v 0.0489579692949039 -0.0289452018143314 0.0444048199668757
v 0.0547737850084708 -0.0219855678598431 0.049274555998977
v 0.0517716904931802 -0.0260073956174734 0.0476252256376413
v 0.0542058491164756 -0.0241436970323744 0.0521090622646449
v 0.0566184644524023 -0.0180234659279311 0.0504078188830074
v 0.0588426022942356 -0.0114455917135576 0.0525848477149113
v 0.0579459332188175 -0.0155206199785943 0.0533364802380423
v 0.0590832831471162 -0.00704680919550698 0.0501481249254334
v 0.0600827950836776 -0.00902305792992092 0.0578485039374865
v 0.0557894925577258 -0.0198342390982104 0.0508269065802661
v 0.0560070469615893 -0.0209089962235057 0.0532099547109295
v 0.0522065889425071 -0.0269290783489036 0.052574361310395
v 0.0518643831161019 -0.0283577700155695 0.0543684298161118
v 0.0527041065823633 -0.0278371750912932 0.0580249640421921
v 0.0561281607679176 -0.0220516135887745 0.0577574207978908
v 0.0603554989027527 -0.00230011392113098 0.0564101639534874
v 0.0588341867234441 -0.0137904118761699 0.058401351556422
v 0.0580014149382108 -0.0164520587490895 0.0569914837272996
v 0.0574516086787968 -0.0195208638454643 0.057480747162939
v 0.0553656080585772 -0.0237789926605646 0.0616236144082134
v -0.00592787325503702 -0.0279300485493429 0.0079487343321099
v -0.000284312828378572 -0.0272126177153403 0.00287503862200358
v 0.000664402339356281 -0.0297489022849295 0.00469361789357413
v 0.00402334637224622 -0.0289014605063663 0.00245141590751778
v 0.00463816844926236 -0.0276896487025612 0.00204887779817617
v 0.00560842956507045 -0.0308094593911663 0.00357376292961338
v -0.0176946769844269 -0.0177845437181876 0.0137484883923733
v -0.0174331775676031 -0.0213189247931798 0.0167021781330318
v -0.0138492530547787 -0.0239291832479846 0.0133403402045417
v -0.0144483018419831 -0.0275999901257274 0.0194300830992082
v -0.0115222349694326 -0.0281049958511563 0.015294790965519
v -0.0170857982626777 -0.0247850682303777 0.0203601805582019
v -0.0187464218654812 -0.0238123351785969 0.0212908620778505
v -0.0172984340298658 -0.0267681632301032 0.0240270516019816
v -0.0129830528851226 -0.028707627573062 0.0186536060097571
v -0.0141898306133403 -0.0298695171637163 0.0209646135980147
v -0.0107761168715092 -0.0314794892043399 0.0198161624002037
v -0.0105775336776693 -0.0260777848723513 0.0110794864968107
v -0.00675888913721867 -0.0299081950499115 0.0115735478195381
v -0.00233813845269456 -0.031015510489084 0.00851244587992862
v -0.00370241438532928 -0.0334416260245412 0.0134902317458766
v -0.00834856803839223 -0.0319937372839758 0.0170261953141523
v -0.00847623549393844 -0.0339299630358131 0.0197779578707775
v -0.00851743849619796 -0.0347250520052891 0.0209038082980865
v -0.0109013841985267 -0.0328678764843837 0.0228912722339022
v -0.0060725599312613 -0.0344394837514791 0.018406623127363
v -0.0044233806295427 -0.037172946268862 0.0221806614481556
v -0.0180620948523067 -0.0283867203149161 0.0271281228833231
v -0.0167885806294866 -0.0309194502626556 0.0304374909217521
v -0.0147782866280771 -0.0306787955388905 0.0257302583891587
v -0.013040241808295 -0.0327850318083234 0.0258783452968265
v -0.0129475562242518 -0.0340191577934024 0.0270860091268929
v -0.00941951377995277 -0.0356132662725016 0.0262927315335928
v -0.0139368833563012 -0.0334486344911658 0.0296256609649704
v -0.0188425241972723 -0.0292402562214008 0.0325003449848898
v -0.0169645416869517 -0.0326590708978441 0.0329726345797813
v -0.016198789205567 -0.0336743771390252 0.0360334050422812
v -0.0135369877601829 -0.0347945751396435 0.0325369897637024
v -0.0076444013747694 -0.0359653312381829 0.0240927658043196
v -0.0017066772500283 -0.039665485535531 0.0249833170236169
v -0.00587306451567362 -0.0389334993134836 0.0269482914658338
v -0.00427484339267078 -0.0408982151704729 0.03090154307144
v -0.0028704655349569 -0.0405726336482723 0.0286929347203278
v -0.0110318789048403 -0.0357826516036747 0.0297892043384415
v -0.0085359146709361 -0.0379453407809598 0.0305638481441992
v -0.0111022276188025 -0.037562826305015 0.0328760027468435
v -0.00581968927073702 -0.0406962678452541 0.0340218136127152
v -0.00861287212895155 -0.039666021014243 0.0363635971033937
v -0.0023197725217786 -0.042893855787618 0.0353361135773914
v 0.00207910178108891 -0.0319733066610411 0.00661912164437707
v 0.000444081339639461 -0.0337771336958925 0.0103404024657847
v 0.00724712749200962 -0.0329701217263391 0.00557463996653938
v 0.0114272193444494 -0.0310694096176255 0.00224824180179785
v 0.00411215042668306 -0.0345626198804968 0.00924908114996304
v 0.00600888219943058 -0.0369532646794136 0.0123082523413389
v 0.010528204829163 -0.035814350057625 0.00855947047652773
v 0.00973161174732957 -0.0381155264493726 0.0128847807922327
v -0.00136363638276142 -0.0364384807083549 0.0168397156619675
v 0.00315169461736691 -0.0367908072717379 0.0137428038122504
v -0.00102478171686274 -0.039018471454709 0.0209538925351637
v 0.00197281827818031 -0.0393740958730792 0.0202138509914207
v 0.00641402548602393 -0.0400127977540699 0.0183836359146086
v 0.0117308026345211 -0.0332387535940763 0.00452913182791606
v 0.0150426222827659 -0.0339298906879047 0.00508832062068663
v 0.0141304132252262 -0.0379528772918735 0.0116294178233518
v 0.0199264718870444 -0.0363481446955271 0.00909447977955898
v 0.0232900877307465 -0.0351695656959922 0.00806821485710667
v 0.0171944199779576 -0.0389514149074327 0.0136417678353304
v 0.0025961031799667 -0.0409747416269818 0.0238349022186542
v 0.00109248207461914 -0.0421455981139742 0.0265340842082637
v 0.00545364447508227 -0.0412994722540888 0.0207102240929305
v 0.00582829361517119 -0.0422274427784376 0.0247154412703072
v 0.00845276549473067 -0.0416688344694112 0.0215088631948397
v 0.000623692074782583 -0.0428508695821481 0.0309738459940029
v 0.00437110907314205 -0.0432456162553608 0.0286222339917423
v 0.00868707251219947 -0.0440340307810922 0.0262334556483791
v 0.00807867164869329 -0.0443291304669435 0.0293764073050235
v 0.0114140457847514 -0.0410858151084552 0.0188131642583387
v 0.012687933839728 -0.0425323778370223 0.0207987216032291
v 0.0112489051232602 -0.0429489178383538 0.0238590835731606
v 0.0158083325186191 -0.0416269231468588 0.0195664052327581
v 0.0120945544574766 -0.044808188703828 0.0290421736086708
v 0.0142744661250753 -0.0436209218693298 0.0250216706123599
v 0.0163830659723993 -0.0447975998556904 0.0263702832677942
v 0.017198974960296 -0.0427069032235259 0.0224983384847351
v 0.0200579612988277 -0.0418048619024437 0.0199560544912351
v 0.0207683487426781 -0.0434752686637955 0.0253872199457861
v 0.00435733928191666 -0.0448748920342206 0.0320376240994632
v 0.00859059578936206 -0.045743890619323 0.0340931090139803
v 0.0232528116889647 -0.0380669416118514 0.0133893623840535
v 0.0276465752772715 -0.0360816315000862 0.0118237329028214
v 0.0269659508457003 -0.0398303435374189 0.0188278280364645
v 0.0275212919795043 -0.0410680349597428 0.0211744228631863
v 0.0247592709776978 -0.041665554198708 0.0221461528830234
v 0.0327528753964335 -0.0376245513414567 0.0186727293308506
v 0.030518855933874 -0.0394162343969925 0.0206431025630597
v 0.0278706246984601 -0.0421725685712859 0.0257482058170893
v 0.0242541758877969 -0.0436167159933164 0.0258625619603237
v -0.0180843464850649 -0.033139466883287 0.0400287651971993
v -0.0152454707633736 -0.0366693208965775 0.0429262084803511
v -0.014575325364591 -0.0364676545406408 0.0384815520767834
v -0.0119601439531031 -0.0377058764843335 0.0374047888681656
v -0.0190171802299395 -0.0350734745132907 0.0498728308419239
v -0.0157950250711262 -0.0375481935252248 0.0477726424528226
v -0.0128351925847971 -0.0394960360759086 0.0446584285224282
v -0.0128148413940194 -0.0403192077619672 0.049785152019466
v -0.00899534096255404 -0.0423686529569311 0.0473915440784866
v -0.00487668189578041 -0.04239749049485 0.0381203121636202
v -0.00873268599143576 -0.0410354147521689 0.0390363510320072
v -0.00992785825521636 -0.0404538534068254 0.041699350536567
v -0.00621174060583494 -0.0427306120099017 0.0419453972828119
v -0.00144495140028934 -0.0448168511214743 0.0415100761095081
v -0.00576032359075174 -0.0442475096801498 0.0449900139116555
v -0.00173652097003368 -0.0457253879566697 0.0463261426470751
v -0.0168301229497422 -0.0382751299911371 0.0515287386014915
v -0.0126634961767989 -0.0414372438867811 0.054995182312572
v -0.0105186660337854 -0.0430338728861138 0.0520515493090414
v -0.0146723331862521 -0.0411132278298187 0.0581491720399966
v -0.0136488202760381 -0.0417893799023902 0.0626716549151215
v -0.0102516109197781 -0.0434841603398189 0.0583052941040255
v -0.00614747615284324 -0.0445386428705032 0.0505858513240054
v -0.00775111778268349 -0.0445186035362668 0.0550440924654708
v -0.00369055201961903 -0.0464097524224776 0.0547318995029659
v -0.00133291250215849 -0.0473788613175659 0.0512390250927272
v -0.000264510687192245 -0.0477674081072932 0.0546686768338303
v -0.00672135294979788 -0.0461766883237126 0.058016029047248
v -0.00247865394004109 -0.0475712562063401 0.0596787437838831
v 0.0122007961494789 -0.0462898464447463 0.0321105343202722
v 0.0145536083187878 -0.0454976111901038 0.0304707651013867
v 0.0177705941379922 -0.0455873920817275 0.0311114051003929
v 0.022172506254437 -0.044552919248636 0.0288181401409917
v 0.0185721130983975 -0.0466475292278496 0.0353297791652903
v 0.0202439422596082 -0.0463788865897598 0.0322485102051052
v 0.0208719092248115 -0.0469301214302048 0.0372153214784916
v -0.000410907084293502 -0.0449266185877482 0.0381943477459532
v 0.00390154622584111 -0.045024035697019 0.0351641221897107
v 0.0120277944003546 -0.0473048578922207 0.0383521508542086
v 0.00429628467949661 -0.0463017740014936 0.0398513900220842
v 0.00341347103780494 -0.0476608402029297 0.044572423952426
v 0.00257537105084445 -0.0476605746108382 0.0487167148107606
v 0.00782107340976801 -0.0473371457650946 0.0385683119836838
v 0.00723326387846315 -0.0484159733254529 0.0472737321449349
v 0.00729927632341819 -0.0475270921440011 0.0424319850803575
v 0.0135141265990342 -0.0466500142901086 0.035342975533697
v 0.0161113751791361 -0.0476756583405416 0.037554988390105
v 0.0141914790765528 -0.048381508362487 0.0427813285447914
v 0.0179481219708538 -0.0478494385140854 0.0399697374522999
v 0.0238516248202666 -0.0473338199563419 0.0382486117362629
v 0.0116207382591886 -0.0487147600284785 0.0438000280950107
v 0.0121686171978753 -0.0491091873099536 0.047315198649274
v 0.00728928029766409 -0.0497484724712919 0.0506948540057482
v 0.0110928974459956 -0.0495291344008759 0.0507072235778535
v 0.0040251045625929 -0.0487267538795297 0.0532188799228478
v 0.00245805557280442 -0.0495323798512363 0.0574854664410284
v 0.00626644362052261 -0.0500197752353603 0.0594484574045918
v 0.00848671561709081 -0.0498368963770511 0.0546357290040665
v 0.0104306183298347 -0.0500353934144117 0.054308068354713
v 0.011285209978579 -0.0510952251942611 0.0574199360894929
v 0.0136727413427293 -0.0503748313756016 0.0549680543105421
v 0.0168016963510066 -0.0490981122921532 0.0467932246951821
v 0.0197337618347885 -0.0490081795129478 0.0444023550755841
v 0.0228320557021204 -0.0476254360957616 0.0414729945122741
v 0.0155761415687111 -0.0504865887939762 0.051062750139288
v 0.0206972376748613 -0.0495147625806482 0.0505259773594699
v 0.0227128777925413 -0.0486838802640472 0.04622837075578
v -0.0136546728364213 -0.0423596545715915 0.0680558886265857
v -0.0115739471790407 -0.044074511480473 0.0647464795060927
v -0.00977048369123694 -0.0448706398452058 0.0679909375269405
v -0.0153656725401288 -0.0420458375929189 0.0714287040664572
v -0.0131889356445638 -0.0430861298039623 0.0730325118581659
v -0.0076621423053253 -0.0470037691853649 0.070908004074072
v -0.00897082780068285 -0.0457926235202372 0.0736803989440221
v -0.00702675641162246 -0.045728707220451 0.0617105623399747
v -0.00256449542172801 -0.0486846798715556 0.0644193507967775
v -0.00545466054707091 -0.0469706980745472 0.0664597183538734
v 0.00150781639430932 -0.0494607372790085 0.0650711803219484
v 0.00328879785967 -0.0496174672099616 0.0616357085894956
v -0.0013932665964327 -0.0488309320035915 0.0691748132903388
v -0.00456833692251475 -0.0478944147658644 0.07367120518366
v 0.00214425174597868 -0.0506703787334602 0.0705904690605509
v -0.000353368629204234 -0.0495727614566704 0.0742325279249165
v 0.00521413375188382 -0.0506479337469153 0.0680924962031834
v -0.0122613458454057 -0.0447463184011506 0.0775733570648575
v -0.0076277266863925 -0.0466994172832237 0.0792757999604079
v -0.00276627417353698 -0.0493858697494893 0.0771419454416911
v 0.00140654836123857 -0.0503165299688132 0.0780985604669064
v 0.0042473355170397 -0.0507447448226049 0.0735849705350679
v 0.00611147653329464 -0.051743857384768 0.0769071331414724
v 0.00591828860920263 -0.0513978817869078 0.0808557518457919
v 0.00673790807383646 -0.0512591709541129 0.0642687136613906
v 0.00993438596942533 -0.0508931739451901 0.0623294569831126
v 0.0122322308916491 -0.0511883479196359 0.0639665343203044
v 0.00780587523460284 -0.051047587061915 0.068712835706836
v 0.011876391574885 -0.0515185342615965 0.0677922827392639
v 0.0156170076339456 -0.0520265192139234 0.0640747626914892
v 0.0163477340811667 -0.0516274998735776 0.0675718501861976
v 0.018056954826368 -0.0503642595871289 0.0544943027643601
v 0.0148302643372257 -0.0509335078228759 0.0594842633834922
v 0.0199121549148047 -0.0512330749430489 0.0573458787529012
v 0.0250112219955866 -0.0494764714031213 0.0508281784424402
v 0.0222995071549312 -0.0499726357780741 0.0541290542607916
v 0.0265184770277674 -0.0494009501450473 0.0548364559965758
v 0.0238043207030109 -0.0499794072817528 0.0567682151913795
v 0.0227233264743158 -0.0504603683811747 0.0590491353169113
v 0.0270517789431314 -0.0497284407276388 0.058760789034063
v 0.0198365133209154 -0.0512529050710115 0.0646347018327076
v 0.0191530981284836 -0.051020919998813 0.0610354288790136
v 0.0240933905537255 -0.0513209463512897 0.0642753740149399
v 0.0246983643771392 -0.0504569402314104 0.0617091701132526
v 0.00799790691377471 -0.0513837736228012 0.0732078765081168
v 0.011075782832861 -0.052113420773831 0.0708860366045989
v 0.0142955033079209 -0.0518818076538061 0.0719072092422749
v 0.0106566142151685 -0.0517665879838861 0.0748182139426558
v 0.010727669592755 -0.0519557630478084 0.0789574785658925
v 0.0137433049873528 -0.0522511137757405 0.0805137977399723
v 0.015170303858094 -0.0527508102279573 0.0766576935424552
v 0.0176398573591285 -0.051883401323545 0.073211556147642
v 0.0177166060770764 -0.0521455377473322 0.078680006567292
v 0.0221959754146215 -0.0512444946782275 0.0681001927095933
v 0.027357511687569 -0.0504518173144731 0.0675702217348804
v 0.0305988530091672 -0.0500945438958755 0.0714776412932489
v 0.0200281316759851 -0.0520575527252193 0.0707749628766896
v 0.0224581981056156 -0.0516135726998595 0.0741171497422577
v 0.0210222894488712 -0.0518832514054955 0.0784263005232545
v 0.0262549733000422 -0.0509428774239297 0.0741504308405589
v 0.0277275802014747 -0.0508801281995222 0.0709700285972019
v 0.0240642197953084 -0.0520279702841652 0.0769860063101497
v 0.0307099617781712 -0.049926597077505 0.0739787123441261
v -0.00442098403757101 -0.0482970865155301 0.0815320634025496
v -0.0112709096910184 -0.0448203972635619 0.0834258966971191
v -0.00898518800710602 -0.0461979238421164 0.0868578512717974
v -0.00848699196597352 -0.0470882543912009 0.0840032098152052
v -0.00106524831355972 -0.0496560700303867 0.080105272228149
v -0.00467559317162918 -0.0482905234102314 0.0864052536902469
v 0.00205315774773402 -0.0506286976928345 0.087351885017309
v 0.00152116871939081 -0.0509741637807888 0.0830528042902655
v 0.00616576829591234 -0.0514737385293563 0.0860079684252627
v 0.034202675151132 -0.0383343792378535 0.020611382583251
v 0.0317375883406833 -0.0401127390454498 0.0236773734926134
v 0.0311149892863803 -0.0418582864445014 0.0261010132380573
v 0.0359162498421594 -0.0383101251256727 0.0239916668114408
v 0.0336999106537274 -0.0405463453573815 0.0268661250569281
v 0.0348034755120375 -0.0407975805362249 0.0291654460807304
v 0.0299229451661544 -0.0427876191992841 0.0291698405772657
v 0.0253167528454106 -0.0444958666819597 0.0308053954243231
v 0.0283465396761672 -0.0447649347620517 0.03211523581519
v 0.0256802442908683 -0.0458962958641561 0.0357636604571117
v 0.0229861533575751 -0.0461527846239536 0.0351632286987942
v 0.0314989386834148 -0.0428451091567729 0.0312886439078412
v 0.0361576747743195 -0.0415649390628904 0.031654089758646
v 0.0363935547167033 -0.0360982916635222 0.0196077109360769
v 0.0378018171503729 -0.0365698634436119 0.0225031842954686
v 0.0385920354293377 -0.0383052085855223 0.026084088656777
v 0.0418880873044512 -0.0358749544054778 0.0270503706260964
v 0.0427446581514261 -0.0364295186525748 0.030287490933535
v 0.0384098492997904 -0.040808294710578 0.0349551580495704
v 0.0288837905880079 -0.0450683373369932 0.0359841140400046
v 0.0268966363261384 -0.0466818672464306 0.0406934875398549
v 0.0259990671311978 -0.0473832969162339 0.0430720211797925
v 0.0298840433972621 -0.046126528207924 0.0414511901057286
v 0.0333059196773941 -0.043255227830612 0.0349150816112601
v 0.0360735796015272 -0.0430232647705989 0.0383941088469166
v 0.0343817292629921 -0.0444491994254882 0.0408810940863273
v 0.0324320629354223 -0.0451090942864213 0.0383057516404618
v 0.0290811029031936 -0.0475679392675403 0.0443577549455846
v 0.0403856266945211 -0.0413634017854307 0.038216401423284
v 0.0390629619735666 -0.0421459184405252 0.0409289119862246
v 0.036361131956708 -0.0443465359064014 0.0430890016908922
v 0.0396917316068418 -0.042499181413247 0.0440984075349929
v 0.0321530928460029 -0.0457373666032149 0.0433071323259942
v 0.0345141519084105 -0.045675101021094 0.0468251433417901
v 0.0426754070139885 -0.0377680252085152 0.031998821517056
v 0.0473969451921301 -0.0341287321159315 0.0344291025404113
v 0.0457079396089593 -0.0356026402133543 0.0345182841137085
v 0.0389954412980718 -0.0389799410525658 0.0303657255767857
v 0.0469355777014468 -0.0365768761959848 0.0378915430761118
v 0.0429944724421022 -0.0384865506996058 0.0366610203640739
v 0.0422675366937863 -0.0404921974731981 0.0418655723501589
v 0.0308502595353174 -0.0471301340662731 0.0478413065149118
v 0.0388596566152646 -0.0437699762466244 0.0474105978541145
v 0.0368568327539475 -0.045277805225241 0.0510737939878949
v 0.0352500944729929 -0.046506229461352 0.0533770858633279
v 0.0387900925716544 -0.0448091454200749 0.0536074604569507
v 0.0372997382718785 -0.0458062372216062 0.0547075816412284
v 0.0410518123970447 -0.0438427432832759 0.0510805889131164
v 0.0375550991127979 -0.0466187177038128 0.0573453621006421
v 0.042334372967432 -0.0430494510685601 0.0544468403690612
v 0.0491828839892992 -0.0363244274534082 0.0474952377005605
v 0.0445769067433622 -0.0383664056743633 0.0406371255006423
v 0.0466823951132924 -0.038411276044104 0.0469724505122289
v 0.0441594990776844 -0.0405437316792025 0.0445225094161562
v 0.0506852491085372 -0.0326951996685307 0.0399859853740896
v 0.0481930515878364 -0.0357621938565316 0.0412689509320447
v 0.0452126386599001 -0.0401829663277029 0.0499151420328648
v 0.0481209478929479 -0.0387777363194319 0.0508592591632105
v 0.0520712227379935 -0.0335182703641338 0.0479147036029892
v 0.0510022686829021 -0.0344747307016209 0.0444624809062598
v 0.0425715332377003 -0.041828094715121 0.0487563736030782
v 0.0466657804295445 -0.0399341701451476 0.0542585633287429
v 0.0394968118337658 -0.0450382359629777 0.056985127061544
v 0.0424640539782708 -0.0438726148736872 0.0613272938106418
v 0.0444331562488562 -0.0429733643576217 0.066079469709781
v 0.0506609274962607 -0.0365724736144728 0.0540287577023785
v 0.0488324521457691 -0.0387311105070521 0.0566286010497466
v 0.0545303184075661 -0.032411262627258 0.0511879806757729
v 0.0520206684854918 -0.0347472362635011 0.0525722442535148
v 0.0520523654867731 -0.0364677164747487 0.0570877704295372
v 0.0526132222997572 -0.0356216784371655 0.0615251507031041
v 0.0545766037842124 -0.0333642744520323 0.0607432555243967
v 0.0553859583265746 -0.0315869700209764 0.0559149707456202
v 0.0533554082124113 -0.033879591990087 0.0556635550641942
v 0.0564618745339897 -0.0309126744840266 0.0600746738931928
v 0.0575489887026967 -0.0298001302216868 0.0573406179144437
v 0.0451280672538431 -0.0422824660546558 0.0567447023421162
v 0.046765931025877 -0.0408213212610496 0.0601083429165371
v 0.05033894392799 -0.0378359522000616 0.0607423500109514
v 0.0492308837306477 -0.0399647593398861 0.0643701683911834
v 0.0474999623282945 -0.0409699998916842 0.067995596903144
v 0.0281891677465731 -0.0479470634931438 0.048772881151288
v 0.0333662090011861 -0.0474328720516175 0.0510866388147131
v 0.0307098777371707 -0.0481938383606301 0.0543318573480178
v 0.0332604838860202 -0.0480156906138195 0.0599510173551989
v 0.031082221786939 -0.0489410091257399 0.0612949583221105
v 0.0288044135485322 -0.0497297053377297 0.0571866552883462
v 0.0373381484987127 -0.0464516988357673 0.0608471021740226
v 0.0331387987396828 -0.049142451584622 0.0643577793642226
v 0.0357230997403922 -0.0476640194453055 0.0665862494975475
v 0.029021755241433 -0.0497593268954273 0.064497678892348
v 0.0349989588657998 -0.0471081229213218 0.0570613701808555
v 0.0316450568390189 -0.0492360175911059 0.06809573339436
v 0.0349952536561347 -0.0483943143539222 0.0727104405509759
v 0.0372989298370519 -0.047786848815771 0.0702806054488744
v 0.0407234949095876 -0.0455632500829929 0.0653184327904092
v 0.0407517192365112 -0.045325828100779 0.0683859473603632
v -0.0150102244427767 -0.0152003310561115 0.0217064020655479
v -0.0125107130171311 -0.0176193173766983 0.0203230971916554
v -0.0144845849045751 -0.0204374947387537 0.0249080476889125
v -0.00998410850892773 -0.0223514568570966 0.0209106595278659
v -0.00752640078206251 -0.0255441736586003 0.0212284646443424
v -0.00392883540323848 -0.0220512998171603 0.0174322179592331
v -0.00662316834813681 -0.0225263453124716 0.0185881223562493
v -0.00592493654980791 -0.0254831878134752 0.0199002367131024
v -0.0105164814848308 -0.0253527636995101 0.0243614139256353
v -0.00302674728302378 -0.0279000415726362 0.0199965167914427
v -0.00549564301587293 -0.0284646749715968 0.0225112340735832
v -0.00209895692110363 -0.0259861902918905 0.0183366848227402
v 0.0034030977923583 -0.0256146473542443 0.016991237572077
v -0.013636990106689 -0.0249104465103003 0.0287068404068953
v -0.0168021517849569 -0.02273893165508 0.032625725304207
v -0.011203824865492 -0.027044648001381 0.0278700542582158
v -0.014560036563894 -0.0261511730484054 0.0327932250951545
v -0.0123205705590635 -0.0296095048138257 0.0345179406805837
v -0.0103240886568652 -0.0296198725665181 0.030926662252468
v -0.0154784209258942 -0.0281339223018921 0.0391979593293525
v -0.0100033195112082 -0.0339818504419556 0.040139230977376
v -0.00751583364456501 -0.0331805657509458 0.0335589454536585
v -0.007058883737441 -0.0296160444476189 0.0256323494782495
v -0.00195315138836053 -0.0318705794033052 0.0239529471249052
v -0.000173936696288037 -0.0305561246018754 0.0208192126877311
v -0.00502020633541293 -0.0314850982112435 0.0264369973624301
v -0.00280433357182896 -0.0331851375636482 0.0273033934231407
v -0.00449575439355408 -0.0343778913449507 0.0316156582312222
v -0.000824887280126332 -0.0365259428547422 0.032135498447435
v 0.00425448789007675 -0.0281431840801643 0.0176139646870947
v 0.00486376437655571 -0.0302755789569228 0.0186495451782993
v 0.000906439202182906 -0.0292152850745849 0.0191808885072019
v 0.00259527728333102 -0.033369849157265 0.0227892084197528
v 0.00321079801054212 -0.0317247035279729 0.0205452858361113
v 0.0116107414708649 -0.0290384460143146 0.0171485685365025
v 0.00865082505158605 -0.0313962124350737 0.0185135729696336
v 0.00577464114101115 -0.0332422398761636 0.0209474219128693
v 0.0119530216781261 -0.0340057213141215 0.0201984292142441
v 0.00737290412546118 -0.0354617843559127 0.0235768113199502
v 0.0112427509169392 -0.0356725501527751 0.0226259506603628
v 0.00175673811814341 -0.0348863289420467 0.0258252497022394
v 0.00749746146656357 -0.0373726863641868 0.027059938943743
v 0.00314097015853921 -0.0373705421374641 0.0301040080671305
v 0.00995470451637234 -0.037886913191796 0.0271211300380129
v 0.00558086322514394 -0.0393869705392819 0.0334185822300612
v 0.0103121002921806 -0.0393903483203512 0.030665584925579
v 0.0134202150447107 -0.0320787669158217 0.0185540660566408
v 0.0176090617095397 -0.0339611721635607 0.0199933520293321
v 0.0148358915563724 -0.0356769799484047 0.0222804175969468
v 0.0143392893526366 -0.0371026949329866 0.0245252966167242
v 0.0224228957061366 -0.0324895587928987 0.019181132030067
v 0.0174145211190433 -0.0377880860029061 0.0258474752002628
v 0.0201456814449064 -0.035505690254335 0.0223348819987272
v 0.0225740908973041 -0.0340244327724085 0.0207818008430005
v 0.0262047205407358 -0.0309526404874564 0.0187521634650779
v 0.0233783333806842 -0.0354673570391792 0.0230641397732174
v 0.0230366483832897 -0.0376010368583429 0.0265809308847219
v 0.0147653336241172 -0.0384510523704868 0.0273233470565281
v 0.0121341252394276 -0.0407447498813327 0.0335439731006697
v 0.0276880205001693 -0.0329118389536187 0.0210594639150191
v -0.0144848525616538 -0.0299440874930629 0.0412720148781656
v -0.0139333332156412 -0.0321740505426018 0.0447445873819172
v -0.0129462201242225 -0.031675720243018 0.0407223838854782
v -0.00694422351301782 -0.0357345488420859 0.0393162120555887
v -0.0114631040767833 -0.0341494473567702 0.0446614585243187
v -0.00686498937617515 -0.0373559363025592 0.0442074417280484
v -0.00257328106886739 -0.0384148819800124 0.0394143137260911
v -0.0164597398117769 -0.0316552354129059 0.0528247497584389
v -0.0140584100622469 -0.0337892985825643 0.051564031599145
v -0.00933264981348537 -0.0369963343573897 0.0485034858697261
v -0.00524607343289356 -0.0397033141817512 0.0477721517796388
v -0.00206831258272705 -0.0402771118653406 0.0455060746736259
v 0.00135696204332006 -0.0411255787388815 0.0425447233485586
v -0.0137861556887522 -0.0353970397452366 0.0575653789339052
v -0.00654910725419653 -0.0398296383667602 0.0531496881104025
v -0.010253478934769 -0.0375480471178922 0.0550743423457456
v -0.0110568156639198 -0.0379147619106886 0.0614368863067412
v -0.0130438746109965 -0.0366366662653818 0.0644427816747607
v -0.00825864974456335 -0.0396214944931247 0.0590216272861383
v -0.00177593976063962 -0.0418558635700784 0.0509762780895747
v -0.00401916229997621 -0.0413246795044095 0.0546397202742385
v -0.00519878433976415 -0.0412131610242332 0.0563490094245476
v -0.00273992336751 -0.0422624505634876 0.061036059885143
v -0.0050900756052449 -0.0417187593879972 0.0609301506621201
v 0.00191347335610791 -0.0394555524166964 0.0368758814299139
v 0.00592788564959644 -0.0404381571846906 0.0362250082723567
v 0.00755312601781928 -0.0418055729545779 0.0388961721578383
v 0.0136671332005354 -0.0417581592565793 0.0362531370183136
v 0.0129368502847275 -0.0433334147171529 0.0415208651589288
v 0.0110944053356473 -0.0426456304167018 0.0409313275911274
v 0.01851505136795 -0.0399845043490501 0.0312322533950125
v 0.0200135234972144 -0.0414324231947129 0.0358480297176069
v 0.0251303047235727 -0.0382799505779068 0.0290608476833927
v 0.0169448408121487 -0.0425732535164975 0.0388734874399854
v 0.0240825837888241 -0.0402388350742551 0.0340134271082158
v 0.0218027105782509 -0.0429060097283101 0.041543244405908
v 0.0261133134750154 -0.0423699957709854 0.0419613329278866
v 0.021438055719297 -0.0442529570972171 0.0460783965318924
v 0.0163799099186688 -0.0444172630503584 0.0463418079743572
v 0.0304475955884369 -0.0431183684574683 0.0512143868778255
v 0.0222555079793204 -0.0447546719355095 0.050072066482795
v 0.00313493033719244 -0.0421146019611109 0.0444277731390056
v 0.00732919259924449 -0.0430634534689936 0.0439978787870512
v 0.00693970449265556 -0.0442343813889663 0.0493718210713408
v 0.00264259608792013 -0.0431262784285541 0.0501882776023639
v 0.0129217600163375 -0.0448157370685273 0.0482098371258654
v 0.00955046283806589 -0.0450737770542473 0.0519160499913806
v 0.00569304726504206 -0.0447403314504421 0.0549003825570421
v 0.0141936418567143 -0.046022468362551 0.0545317807458273
v 0.0101318762701329 -0.0458495862415313 0.0568792327647185
v 0.0178948871898639 -0.0455796659153075 0.0523787272839325
v 0.0235060536493984 -0.045272431917545 0.054543166504464
v 0.0186574326252806 -0.0465410881688593 0.0599396905492241
v -0.00669569807682466 -0.0413894929105463 0.0715866514716723
v -0.00906478729440125 -0.0398984487002929 0.0745402185717698
v -0.00770051987498995 -0.0406875697639243 0.0671687698909156
v -0.00184717579115937 -0.043687307636043 0.0666543953210858
v -0.00435558916873648 -0.0421295461214935 0.0650835157991063
v 0.000373659613624221 -0.0442294445372856 0.0626310645959882
v 0.00304851454463894 -0.0451065826140169 0.0643379914892801
v 0.00440621254114431 -0.0450266627468788 0.060351344450413
v -0.0032358177253082 -0.0429867182151743 0.0706481072378361
v -0.00344606705053376 -0.0426103113856213 0.0732626546693524
v -0.000784722352875666 -0.0439894631676516 0.0720980787823696
v -0.00798802532934565 -0.04028740274694 0.0829793662274792
v -0.00545344420757837 -0.0417131646037045 0.0777961282621353
v -0.00753378284808516 -0.0405815925867493 0.0859960352131215
v -0.00346851481949463 -0.0425499174572972 0.0830170158225534
v 0.000859868135327072 -0.0444564866553212 0.0809815405101644
v -0.00351165951345095 -0.0426723338170065 0.0859892983027689
v -0.000384363388829513 -0.0440363959856708 0.0852042825894511
v 0.00476440146292954 -0.0452153717234082 0.0751779490142608
v 0.0028633434947674 -0.0447214953027415 0.0695858200857276
v 0.00397607026689423 -0.0455074094686653 0.0829067369222112
v 0.00674648100339165 -0.0458385469958415 0.0802587261834247
v 0.00979207920703641 -0.0464070651217114 0.073409558172768
v 0.00707249501465519 -0.0462961968930188 0.0813442569299449
v 0.0123307738193838 -0.0465266810122706 0.0619356860906004
v 0.0148556638534299 -0.0466787240207388 0.0604109453108934
v 0.0302108044314607 -0.0437338024108543 0.0556770102338943
v 0.0234660203205449 -0.0460931668271598 0.0614457698399084
v 0.0195470397774216 -0.0466685992512825 0.0645682024459622
v 0.0247586355484166 -0.0455495931954948 0.0651871287440765
v 0.0262424620111464 -0.0451447173526939 0.0591519280023211
v 0.0123896434829918 -0.046685913892266 0.0709835055422523
v 0.014776752856039 -0.0469115799120177 0.0742824703185709
v 0.0138572057893833 -0.047005191374322 0.0688937414744309
v 0.0158244309427101 -0.0469999466432465 0.0707194206796067
v 0.0157621953775696 -0.0471032556974452 0.0666607760900593
v 0.0111959638680191 -0.0468650611449822 0.080934477616325
v 0.0136372611993058 -0.0470492387951321 0.0813603116691081
v 0.0216679891390586 -0.0463353316201992 0.07190524697848
v 0.0269421087201207 -0.0446019955739897 0.0650065941377229
v 0.0315237950417003 -0.0428634101880331 0.0624786846555714
v 0.0276228290483499 -0.0442190553121778 0.0607303650293095
v 0.0204318847466945 -0.0467094985457545 0.0825017900962431
v 0.0245159096908501 -0.0458805443814945 0.0808656200697355
v 0.0270942063871266 -0.044932093716144 0.078359370909234
v 0.0261874395270971 -0.036428915641308 0.0259197268862529
v 0.0299773864953555 -0.0372176822693305 0.0303549728156336
v 0.0273897394341952 -0.039969703323931 0.0357623190025619
v 0.0302511795457092 -0.0393146958259534 0.0363685252792927
v 0.0341709489655801 -0.034014669469464 0.0278105290906865
v 0.034839977661122 -0.0362036555956641 0.0333925642478995
v 0.0357245156944022 -0.037675628720555 0.038669302370752
v 0.0393961027625877 -0.0357943514487917 0.0392688139361699
v 0.041634577002192 -0.0350528139006343 0.0423903947998731
v 0.0406711482872406 -0.0365133225706075 0.0449002061857924
v 0.0362385936996613 -0.0395248933345547 0.0451897227231849
v 0.0295013925727738 -0.0412641317179555 0.0410105109417733
v 0.0322622245208632 -0.0400377005674905 0.0413655394023159
v 0.0310803081751351 -0.0414965430115032 0.0441668543425784
v 0.0439907551459828 -0.034772341060343 0.0470458032358465
v 0.043740810464578 -0.0359057059124873 0.051432113438086
v 0.0418506345597243 -0.0379302241285123 0.0531115736557693
v 0.0321342126791447 -0.0421252955599174 0.0510457031479432
v 0.0328721399534922 -0.0421759340510563 0.0551730745897409
v 0.0387291138453058 -0.0390114661919985 0.0487203555633943
v 0.0360150995633814 -0.0412253447631068 0.0556099980284058
v 0.039480409059527 -0.0391039876774318 0.0522373462435439
v 0.0471136934064199 -0.0312406240967362 0.0455276542215793
v 0.0468124243940257 -0.0324910271093742 0.0489634604406245
v 0.0488571670135525 -0.030974225679205 0.049999290087079
v 0.0497690023322106 -0.0309976411204521 0.0548555824665939
v 0.0462886045996324 -0.0347359894326905 0.0554448220417486
v 0.0370474289537321 -0.0409442821143532 0.0625156371149945
v 0.0330392830327346 -0.0430728327012763 0.0775645940779796
v 0.0400026491519767 -0.0400183462743122 0.0612943483277607
v 0.0391339014288077 -0.04025525608891 0.065219330094482
v 0.0445272186523565 -0.0365938907015312 0.0681311690018587
v 0.045301393214601 -0.0361970105262124 0.0651212219199741
v 0.0427567549258491 -0.0382939062219507 0.0647629186619574
v 0.0478113746485329 -0.0328937010772478 0.0554910910589111
v -0.000759567296868091 -0.0432356087475298 0.0565773536075939
v 0.00193632394274377 -0.0444195299754438 0.0586659028598824
v -0.012321712400987 -0.0375386167513295 0.0689245063710384
v 0.000735508170976494 -0.044451044501286 0.066511127097219
v 0.00635571235747069 -0.0457867489815038 0.0672055638879967
v 0.00596867002642979 -0.0454133307125402 0.0689883496767906
v 0.00841009872775329 -0.0462600493079081 0.0618970234385033
v 0.0111492860534721 -0.0469389645908638 0.0679612904915867
v 0.0084252563558744 -0.0462645730853487 0.0689246744315453
v 0.0333971068052514 -0.0404055842660743 0.0444058092883136
v 0.0357367387727139 -0.0405074600858536 0.0494321946644159
v 0.0392619061513184 -0.039946183718681 0.0571281399048343
v 0.0440930754996781 -0.03661873854758 0.0580573731610541
v 0.041821562565552 -0.038757240303442 0.0590024076111128
v 0.0469919565367709 -0.0349409581602902 0.0626555725116704
v 0.0489286784592015 -0.0327674607589689 0.062133684937644
v 0.047122004340409 -0.0350025400467156 0.0678839942721909
v 0.0413116992413829 -0.0391278232250917 0.0716685030281125
v 0.0501468650438403 -0.0314863504900432 0.0604031412774962
v 0.0526596118268052 -0.0283240814029353 0.0621889320978124
v 0.0560894362855531 -0.0234134045987718 0.0678910945589475
v -0.0278598557180055 0.023752030314694 0.108279983576954
v -0.0278848284433686 0.0234348246950027 0.118562027741526
v -0.0246895470267904 0.0283243343905492 0.115232461934582
v -0.0246868919573396 0.0280558592563822 0.121960825201058
v -0.0213479132244406 0.0320587790612923 0.122621276303959
v -0.0188887814968269 0.0342463223362783 0.124362955783461
v -0.0188702434169236 0.034680675261256 0.121355879690881
v -0.0233776643110089 0.0294574696920438 0.123714549739568
v -0.0247047371073006 0.0273019727192577 0.124632944837603
v -0.0212985378665318 0.0312952027984876 0.124766855295175
v -0.0232187304830757 0.027444059183074 0.125197759721628
v 0.00627628413447471 0.0469510178064174 0.0680678864274734
v 0.00814732815988476 0.047592215977091 0.064346632658992
v 0.0107012901284114 0.0473868955107742 0.0652541200407752
v 0.00935035254972126 0.0475370514710292 0.0698231562788049
v 0.0119803972832048 0.048473982012321 0.0707808110718558
v 0.0133387999357544 0.0471722793247674 0.06094109578082
v 0.0188974693195333 0.0472277735645856 0.0588197432619543
v 0.0178317505197184 0.0478156043695288 0.0633246776393069
v 0.0140300313353015 0.047723768542672 0.0662941445797053
v 0.017919350740138 0.0479069412543559 0.0684311042519394
v 0.022189314261464 0.0473713166755368 0.0668947896679151
v 0.0220620664071925 0.0469545924008637 0.0617098269515633
v 0.00641724174782838 0.0473454796902922 0.0738851174466685
v 0.0116330952616743 0.0480926712220388 0.0747483312930647
v 0.0101123600431622 0.0482079808329416 0.0796650406625147
v 0.0143918957551021 0.0485736654168123 0.0803245172157389
v 0.0152501448236489 0.048259995992319 0.0730320022622854
v 0.0196920820820625 0.0481195394713017 0.0735320061890795
v 0.0197709166080855 0.0482341077811703 0.0763989465823401
v 0.0209742482489874 0.0485045622960032 0.0711066857739156
v 0.0166671971186411 0.0489918481458152 0.0774350826486732
v 0.018789395476733 0.0485306962288026 0.0803249422459052
v 0.023570400984793 0.0480401342535974 0.0803992564618603
v 0.0251269118955914 0.0479385574990475 0.0771375947814025
v 0.0188490499529632 0.0486680384020335 0.0863062266001839
v 0.0216636170863753 0.0489260810032592 0.0832960070833034
v 0.0284916363234462 0.0470351063128074 0.0806916537481956
v 0.0253859651530303 0.0477872695965684 0.0845433646870291
v 0.0219218923999573 0.0484358547021764 0.09090145677448
v 0.0305819548261473 0.0466149710579477 0.0883841029917376
v 0.027424694071391 0.0477579936674354 0.0897334374758815
v 0.0253138381266642 0.0479923433999437 0.0931116421631103
v 0.029947248368951 0.0468458770241557 0.0938445290861905
v 0.0308037718436413 0.0472464249384528 0.0966513506662964
v -0.0188163982844911 0.0343738214824708 0.0743809046699458
v -0.0210981401051053 0.0322284958399285 0.0760250335716582
v -0.0184982406408163 0.035644099366074 0.0779199399320126
v -0.0154779297429191 0.0377247357529747 0.0804862651916086
v -0.0189343208692753 0.0347858164449509 0.0809465469979728
v -0.00316484313723907 0.0444255477609171 0.0729791268581615
v -0.00781542097282807 0.0421832309772804 0.0706519401446906
v -0.00545029769908833 0.0430188030690149 0.0670213463039095
v -0.00579269040867398 0.0437595998969945 0.0705815072949837
v -0.00718707567597897 0.0427234478413252 0.0747913630817969
v -0.0100505398444306 0.0419449752836194 0.0776876031248185
v -0.00222890482550613 0.045341195539236 0.0777660022010079
v 0.000486950966428933 0.0457580088514282 0.0736873539763038
v -0.0109681213071427 0.0406481171676895 0.0754353706662193
v -0.0148134302942429 0.037879091573577 0.073193490031275
v -0.0131324392503401 0.0392600617910952 0.0719882840433217
v -0.014029809182315 0.0386075127539928 0.0779507337284935
v -0.0112686007091927 0.0407642129807292 0.0813564089868723
v -0.0146595490835815 0.0386103347342103 0.0892792025257366
v -0.0130528677807147 0.0398242103742926 0.0938904600824498
v -0.00575968008494539 0.04441888275601 0.0831881922953352
v 0.000690782949678435 0.0462473750564712 0.0805607975815393
v 0.00393146074916075 0.0470054954739055 0.0781361775540344
v -0.00581237759736682 0.043663866306714 0.0803651054592309
v -0.00275313567096217 0.0450630406605205 0.0835604586370341
v 0.00238121599391926 0.0468765692688541 0.085921836314292
v -0.00103751850375258 0.0461937637775016 0.089228735461799
v 0.00339224992959924 0.0472429447449757 0.0903571878741463
v -0.014342550000194 0.0393937027559039 0.0835794074969345
v -0.00811280259255744 0.0425398801713165 0.0806078580883069
v -0.0114442824843195 0.0408066485585949 0.0865890522413158
v -0.00693458058016539 0.0433340803759072 0.0862051923789754
v -0.0100969028273953 0.0423224042048072 0.0906216748657495
v -0.0246593585096747 0.0292092843732868 0.0786056893178298
v -0.021924007674777 0.031609924040728 0.0801906608505867
v -0.0250648839211393 0.0278859531821184 0.0809074568550185
v -0.026976989933922 0.0261350347385585 0.0833006587010853
v -0.0243941297233603 0.0288624814401184 0.0833804942820155
v -0.0238738276470142 0.0297823100346741 0.0876410843939137
v -0.0248577621421956 0.029226385813092 0.0904440547360292
v -0.0214850585419654 0.0331717898867491 0.083607124718056
v -0.0178355045790953 0.0359039818379918 0.0856471249926909
v -0.022051111847684 0.0318160590513331 0.087752692385518
v -0.0257626188756275 0.0270929861642892 0.0872380549567869
v -0.0281608853247842 0.0232838455422923 0.0853767748970991
v -0.0298825047581265 0.0201759014403305 0.0861684349620141
v -0.0316331147009328 0.0167285836792955 0.084275968785539
v -0.0294904912303788 0.0222207546385063 0.0905303085171907
v -0.0275722985371452 0.0243868694052418 0.090573676316976
v -0.031177107203212 0.0173559695923386 0.0890211334088299
v -0.0294916761098143 0.0210433419649601 0.0939790494928215
v -0.0305660568625127 0.0188177151399136 0.093466328152284
v -0.0244280265830873 0.0299257933841473 0.0904998167460199
v -0.0253983122766705 0.0278124139504326 0.092315672368751
v -0.0226687010778133 0.0311330538891984 0.0949001403424123
v -0.0221209962091109 0.0318257614095407 0.0930574418188614
v -0.0194702799864248 0.0345363599334163 0.0894128749211138
v -0.0182379415523331 0.0364378719365978 0.0906252319931462
v -0.0212611999671939 0.0336232973846723 0.096476976324174
v -0.0227506349312687 0.0310850012441736 0.0995717259875404
v -0.0205088590782646 0.0334627425791812 0.0993835414516324
v -0.0187016069048508 0.0353559303966006 0.0950953208507587
v -0.0164060376793788 0.0372924668249949 0.0946454461878864
v -0.0155758144583976 0.0379755060589915 0.0989848571536303
v -0.0256139371031774 0.0274579642810205 0.0940327449264564
v -0.0313196541411789 0.0182533421277278 0.0969227840751885
v -0.0270928749807598 0.0257749012131933 0.0972506998647178
v -0.0286537432282649 0.0224237563501673 0.0964939172986571
v -0.025244827090626 0.0278913634229288 0.0979310010495183
v -0.0276576689923961 0.0241098459561411 0.100762913708642
v -0.0260731863762311 0.0266368735508225 0.102661228634151
v -0.0301039789694844 0.019635353795698 0.100504577520862
v -0.0292873269887283 0.0225222843850546 0.10358031867104
v 0.00120074587788726 0.0455689774843389 0.0675584203710922
v 0.00305600231121235 0.046953081013978 0.0707874336027067
v 0.00622997736160511 0.0476445103682827 0.0802438413965907
v 0.00811456661839876 0.0483697173014331 0.0772879266692144
v 0.0032575842013083 0.0476140754542029 0.0832352385760165
v 0.00625175976869915 0.0478182209173928 0.0863421197697892
v 0.00937208211317488 0.0482716409509452 0.0830987983761646
v 0.0100226502415427 0.0484654004891244 0.0869769948200845
v 0.0120288922117114 0.0491165674702751 0.0834909544861564
v -0.014042050649137 0.0398808923164118 0.0970256248602449
v -0.00842381428376519 0.0426620467869312 0.0947225811913791
v -0.00938572023792563 0.0421415015654926 0.0985668724458294
v -0.0123120589545959 0.0402753197219969 0.100950626703201
v -0.00985805205270687 0.0425207848087523 0.1035358352757
v -0.0114303247347349 0.0409210481790043 0.105187360478136
v -0.00458981148569061 0.0445367351753491 0.0922419754876928
v 0.0006335989069231 0.0465099836360197 0.0948335802211789
v 0.00372287866429057 0.0480158537581408 0.0967983819501694
v 0.00224920299101377 0.0470676162643355 0.100546396129616
v 0.00601241962012568 0.047951834610858 0.0972771547393625
v -0.0057260649262846 0.0446316747484755 0.097393222039287
v -0.00207891906440855 0.0456220561400337 0.0991987223822102
v -0.00702095209893182 0.0434001497354911 0.100467107617954
v -0.00486775334586988 0.0444118196604864 0.104068381464992
v -0.00935411534781414 0.0422188042696597 0.10656533039972
v -0.0101028832669782 0.0416330400306129 0.114766206565474
v -0.00581169264417109 0.0439961700197358 0.112684439276587
v -0.00639421647339102 0.0435198471027024 0.122249252520529
v 0.0060167205182397 0.0479104359371602 0.102051976345952
v 0.00657084110087637 0.0481417619743485 0.105318091299785
v 0.00730739720441253 0.0482396005718479 0.107722783783593
v 0.00824365277720771 0.0489480897266455 0.104092806856974
v 0.0103984057229936 0.0487024642456098 0.105744033958446
v -0.000668864088259064 0.0467401593537107 0.103436405238538
v -0.000634872735228953 0.0462015096576309 0.106277235694448
v 0.00163891956109169 0.0469191711263073 0.105347855215715
v 0.000422178137988757 0.039793516064938 0.113007917983459
v -0.00152486406356205 0.0383163010048153 0.107068148016817
v 0.00122267312432916 0.0467146090296084 0.115522495724177
v -0.00210938558172727 0.0455253741905487 0.117294212031169
v 0.00525010141957679 0.0477873631442826 0.117222912684816
v 0.00276784061555324 0.0400446753684832 0.108546093319407
v -0.00409360155423584 0.0373949254052377 0.109896984946811
v 0.00353286123245352 0.0411409518110972 0.11470151226368
v 0.00602413415795951 0.0409689024877133 0.108996936417292
v -0.0180023895284418 0.0367851480384818 0.10355863675201
v -0.0175338797823034 0.0363589235901975 0.101051936647278
v -0.019597366870383 0.0343520245306451 0.103576538953965
v -0.0180152043144759 0.0358878486365232 0.106303911922557
v -0.0217153381416315 0.0321444810082936 0.107244888628546
v -0.0149779492833124 0.0383981308714883 0.102893067478304
v -0.0156406829375124 0.0378504419234042 0.105272626374075
v -0.0136709683578489 0.0392433280611564 0.113962852892409
v -0.017604433393506 0.0360825014626548 0.114250782200904
v -0.0128568419941824 0.0311265040455142 0.10358526924435
v -0.013606917611592 0.0306980722734274 0.109303979357712
v -0.0101584809295922 0.033284405498883 0.106972987189043
v -0.0239953464490323 0.0304969496473604 0.103426092393512
v -0.0232368333542945 0.0303849476407145 0.106257793496461
v -0.0248330324004213 0.0283612746705743 0.105384925237067
v -0.0298223196256987 0.0202262003001805 0.106126653039241
v -0.0171574954327309 0.0266734694218627 0.105120501385422
v -0.019222081172097 0.0241602983958098 0.106847618635506
v -0.0220417767604335 0.0198366496797425 0.10577197844285
v -0.0192270179184579 0.0248072935843959 0.11079784647213
v -0.0227214434905619 0.0191785399259408 0.109587062482452
v -0.0228878959317373 0.0205814638558087 0.115140193882066
v -0.0163854925971743 0.028348968269295 0.111797238426056
v -0.00641019131309521 0.0357196943303585 0.10467439591513
v -0.00795214986501447 0.03489571058778 0.107552782260856
v -0.0100941007661445 0.0340058541892364 0.111920728834739
v -0.0146023191691345 0.0307706731170237 0.11452681621472
v -0.011167988042931 0.0342607964693522 0.117135233092969
v -0.00628265088238859 0.0366235730422518 0.112823962242497
v -0.0152564267225539 0.0376818055899088 0.123669542921964
v -0.0147194170795001 0.0324854693249119 0.121096243523042
v -0.0059365253343305 0.038399750110597 0.119993384872099
v -0.0177714139218737 0.027687461954876 0.115231468640323
v -0.0209936190656061 0.0245129299269119 0.117815364014551
v -0.0189871730010064 0.0280859580385408 0.121058988004379
v -0.0220830017732231 0.025325317044189 0.123200954236928
v -0.017551697717627 0.0307031529380488 0.123244491772121
v -0.00264937351489777 0.0390212323560568 0.115396186023396
v 0.00792427238745613 0.0487548586465919 0.0903745755659763
v 0.00707282223006935 0.0480832353126125 0.0931748625413811
v 0.0147836804603217 0.0487025634925325 0.0853621964689123
v 0.0125223907620462 0.0486801976216955 0.0897076653188291
v 0.0106872343796846 0.0485475143558442 0.0942981227847391
v 0.0139231754284398 0.0488501759466081 0.0935072555569068
v 0.0167706419199424 0.0493863549267857 0.0903998454249243
v 0.0173881146877496 0.0488486953490763 0.0972333565509904
v 0.018190530472464 0.0487667865015111 0.0938848587813016
v 0.0127411399771451 0.0492758120967937 0.0968626744280122
v 0.013337424973787 0.0488087048366303 0.100291494050661
v 0.0094449924489211 0.0485076273031175 0.099623096941023
v 0.0145937482315025 0.0489157898155474 0.104055121060714
v 0.0130120399941798 0.0488712147991462 0.114106387160189
v 0.0170201207973958 0.0495046480942818 0.103408002962742
v 0.020103826055293 0.0487047922072685 0.100603419448198
v 0.0172576684605152 0.0489165173221355 0.106581607548894
v 0.0196650136030454 0.0487893623777665 0.104811782641746
v 0.0234651238264637 0.0483619817387434 0.104878982309939
v 0.00577079646088759 0.0406764059906206 0.103524067998726
v 0.0100679746027761 0.0414972227908575 0.104748287179717
v 0.00185231239669184 0.039587697645899 0.102910376954357
v 0.0109519625043569 0.0418019416570041 0.109372965657399
v 0.00847875891378919 0.0420956138109699 0.113790953046326
v 0.0156094333076155 0.0419034509078089 0.101915827941909
v 0.0168769103430679 0.0418624299721695 0.105475735564735
v 0.0160158036795418 0.0424531048551348 0.111946932223417
v 0.0218882118826656 0.0490608711208609 0.0965969371013939
v 0.0259600380339904 0.0478478769281037 0.0984838035138161
v 0.0276907944672357 0.0475098300147084 0.100095471233751
v 0.0263803575571191 0.0484880561869707 0.10365167676969
v 0.0210182035648781 0.0415691163070339 0.103263165618391
v 0.0195396926727104 0.0419314951864169 0.108816638277313
v -0.00387531522152672 0.0446480401093942 0.122529826574624
v 0.00052195032288023 0.0463819172323245 0.122654898542731
v -0.000764514699033448 0.0455363356886225 0.124617549553103
v -0.00424488012399613 0.0426803056678599 0.125425534958467
v 0.00296034053208199 0.0445984187432089 0.125158597620077
v 0.0100766271132195 0.0485653849492013 0.116144484036323
v 0.000319438260251745 0.0413365357823956 0.12055944898908
v 0.00513536245846854 0.0476137126793427 0.123075593675973
v 0.000901970694993049 0.0423347991170903 0.123306407798778
v 0.0025936235495521 0.0458844123986251 0.125306161736843
v 0.0059646341161862 0.0460789291775118 0.125418082431736
v -0.00258233284046913 0.0421895693036414 0.124829161408807
v 0.00579034192837756 0.0474003787598755 0.124692591589034
v 0.00382511771001328 0.0439615589484199 0.124429677911076
v 0.00616988160316822 0.0434271266522566 0.121905702790034
v 0.0122968404837093 0.0487290818246174 0.123179931180051
v 0.00889248971449991 0.0483164328204046 0.123214226692895
v 0.00778983936575025 0.0444554823383548 0.123848247227679
v 0.0110502386782203 0.044070337432979 0.121532666152209
v 0.0128501294958741 0.0483452824909819 0.124480368101996
v 0.0100410109661691 0.0476973324303222 0.125122994127229
v 0.0152454152957373 0.0455671961221261 0.124397601665575
v 0.0115533223335465 0.0458912321790704 0.124948854722751
v 0.016772374248698 0.0481358435250782 0.124957420278429
v 0.0150217546127255 0.0469964866772917 0.125333534736415
v -0.0104612117176129 0.0411188320811545 0.123486675609917
v -0.00785846183327932 0.0419846018076764 0.124965155383948
v -0.0113480653413762 0.0365071685390146 0.124042988618395
v -0.012762217522762 0.0349435284301419 0.123218254020818
v -0.0132870260617164 0.0384897385371854 0.124861133302573
v -0.0102932796459859 0.0394744868054859 0.125344456791067
v -0.0148762869249584 0.0347613841070464 0.124858137002157
v -0.00581010640056012 0.043469582949987 0.124390890619773
v -0.0025629398333032 0.0403689155202359 0.121389758180146
v -0.00497637302757918 0.0398927724819304 0.12324167099456
v -0.0101285852533967 0.0361535980615007 0.121509949732966
v -0.00800996425029276 0.0392064976097794 0.124552029141234
v -0.0169400557680729 0.0346435212319341 0.125145237438174
v -0.0191790070527778 0.0312037550034498 0.125048968256038
v -0.0163504023414136 0.0326904607416315 0.124267956549324
v 0.0184758667034445 0.048923226496128 0.11541025956074
v 0.0232579524753135 0.0484559773055201 0.112331314127711
v 0.017139561657684 0.0489618034057883 0.121035345812529
v 0.0128557443853397 0.0428779743888347 0.114937315200175
v 0.0186268553329925 0.0433986131944524 0.117108499639736
v 0.0150625181086776 0.0444854114651221 0.122097070522411
v 0.0229086352200685 0.0429883991416608 0.11740177039897
v 0.0248572606178221 0.0481119712793434 0.106513272467169
v 0.0273693986796411 0.0476355246316081 0.106536997661357
v 0.0286830137149052 0.0473787598945055 0.115145325981796
v 0.0221880398704011 0.0419167704385919 0.111047198852298
v 0.024886549603997 0.0409714532968734 0.105333190575122
v 0.0263799038790178 0.0417573827688705 0.114604126216223
v 0.028058084066244 0.0407746175450956 0.111295408797508
v 0.0297885145327022 0.0469672743901888 0.103523699949541
v 0.0315853721032787 0.0464652554183149 0.11064428018989
v 0.0336112598360941 0.0457390929864723 0.107280143751567
v 0.029586688114639 0.0398740567200005 0.107104692160179
v 0.0288216572719329 0.0400329405709758 0.103079620854903
v 0.0329458164445673 0.0393097341731404 0.112816345994007
v 0.0264388738760653 0.0478314979943739 0.122747602408259
v 0.0366178866278199 0.0446180847394547 0.112692571150642
v 0.0335706294883498 0.0458318312757732 0.121871355985777
v 0.0322774172935531 0.0411339451159099 0.120013862334039
v 0.0180644140803531 0.0487499977464958 0.123467110966568
v 0.022420927032136 0.0485522073341436 0.121872911646443
v 0.0236188183004512 0.047813672877678 0.124694869940793
v 0.020242969348954 0.0469239672009692 0.125341494567619
v 0.0192528245166622 0.0447844464839691 0.123020330222723
v 0.031120896453489 0.0466275530871438 0.122802951011096
v 0.0373918509196008 0.0442583577516868 0.119158603418149
v 0.0282642366278365 0.0471294523206282 0.12423056604616
v 0.030111673548735 0.0460733360652485 0.125035757532951
v 0.0321543980174795 0.0432839554519283 0.124949703692662
v 0.0277784456279887 0.0453815479664393 0.125294443008361
v 0.0382265987702849 0.0438029413130456 0.123150000182246
v 0.0348419690365845 0.0450193533860883 0.124406106633673
v 0.0329596254146505 0.0447484133930224 0.125282024977144
v 0.0370574617893371 0.0437778136396238 0.124830627909649
v 0.0371214989381835 0.0422491898203092 0.12534707446644
v 0.0244712045784315 0.0437354646245141 0.122075914873279
v 0.0282070917282028 0.042493557470996 0.12024510839683
v 0.0275757073223683 0.0433831466238496 0.123018336820279
v 0.023995615733089 0.0448108893067746 0.124265518376164
v 0.0334590213935329 0.0415588961222382 0.123157705829455
v 0.0387550117215433 0.0401430091181796 0.124780005172623
v 0.0183803057948836 0.042529745511457 0.0620068623621385
v 0.0168166756788438 0.0431908870596307 0.0714458963448543
v 0.0189561180018607 0.0429330480235542 0.0702800756416005
v 0.019734076838675 0.0428571237981897 0.0738290304984211
v 0.0231023333172761 0.0420645327636929 0.0753984045164287
v 0.021926170557349 0.0429082442242316 0.0708186401685921
v -0.00699155767971161 0.0364183252916727 0.0719895925143323
v -0.00798134982725963 0.0358977425081977 0.0756459424213495
v -0.00685729599668782 0.0367108968806146 0.0773602392351492
v -0.00516199471076507 0.0375748642529137 0.0842990884044214
v -0.00775230336802406 0.0357087976727702 0.0807829483001452
v -0.0145180988924808 0.0314364930431493 0.076445181170204
v -0.0123073136607104 0.0324592346297489 0.0782633122587449
v -0.00976270650576575 0.0349026857815792 0.0845064870091969
v -0.0144925227044449 0.0312139763991216 0.0818060134193711
v -0.00161384632256128 0.03932852439038 0.0799035476178885
v 0.000835950775844559 0.0400658644300455 0.0824063122267051
v -0.00242108441262546 0.0388590413333879 0.0874174409251824
v -0.00573364274412815 0.0369560694258771 0.091076901318232
v -0.0093535005997967 0.0342298700410329 0.095946357726693
v -0.00581573217781057 0.0363310433824673 0.0973542538372836
v -0.00159031863569552 0.0386793794501919 0.0952147168323241
v 0.00199228085310646 0.0407074432129812 0.0866948521798779
v -0.0244499227375594 0.0174973423395314 0.0869772497666368
v -0.0255684774384976 0.0152344942516984 0.0854019684577855
v -0.022873241391753 0.0203413459335979 0.0872473054163838
v -0.0237353383219938 0.0191357259000451 0.0831084360087862
v -0.0159473311278585 0.0296972493933458 0.0851360875637781
v -0.0183024050636719 0.027002952902823 0.0861742764657103
v -0.0174030530964958 0.0281812195642469 0.0830314308933644
v -0.0189792017196416 0.0247962107201455 0.0976249936332617
v -0.0165479000745479 0.0276164596187943 0.0993700721228017
v -0.0217109013913344 0.0208155591833912 0.0974493981608425
v -0.0248787492970187 0.0144440149550917 0.0979816881315976
v -0.0230826861979734 0.0180576116800689 0.0997834364473571
v -0.0209279177072897 0.0217471781508544 0.101455397126872
v -0.0126887767352522 0.0323623210498548 0.0883853196355853
v -0.0127119931365353 0.0316092972503539 0.0964344327202078
v -0.000807999222948026 0.0398534563411885 0.0760088745074601
v 0.0118808777571301 0.0428917920533367 0.0702507953419956
v 0.00529945594785211 0.041812578299242 0.0845355107387435
v 0.0123088757836822 0.0428735779476351 0.0785427497289596
v 0.00649639726557578 0.041961696335325 0.0796463385540487
v 0.0114506101511442 0.0428168840543227 0.0836113930849365
v 0.0093968792042102 0.0421130580415066 0.0915728444638077
v 0.0167356420297425 0.0431372434116343 0.0753326740771124
v 0.0176203884881045 0.04278681667509 0.0782925925642273
v 0.0169111221249554 0.0429862626210959 0.0837163388046549
v 0.0164113568932918 0.0427482318415159 0.0810638415813602
v 0.0258831454751081 0.0417543797041209 0.0767139782431248
v 0.0218508397775287 0.0425575263469037 0.0840466729144651
v 0.00323933130552301 0.0401958241505654 0.098828880104072
v -0.00257820097170406 0.0378232882375755 0.102628306756119
v -0.0104392004619194 0.0331393412849723 0.100811964318444
v 0.0132086436864628 0.042724443313804 0.0880735071335857
v 0.0130063270683654 0.0419250090931292 0.0987743687684881
v 0.00920411757146641 0.0415019549329148 0.0992370276707457
v 0.00554808025662975 0.0409344095815327 0.0972256573734109
v 0.0172858559336126 0.0423570032028752 0.0939361783984028
v 0.0208972137992611 0.0420918507344687 0.0936476707532234
v 0.0261363026428593 0.0416893042409893 0.0846001994068547
v 0.0247681275044438 0.0416285747212263 0.0916241556773947
v 0.0284890787509473 0.0408741684714857 0.0895492260692508
v 0.0227238882912955 0.041516714691872 0.0993010146409406
v 0.0283208248761106 0.0402858504828149 0.098708184371569
v 0.0154891069044066 0.0429355075839256 0.06526593985729
v -0.00204846724281877 0.0393061167583315 0.0673187049400419
v 0.001707984479014 0.0408163777909256 0.0711764931299439
v 0.00523158211315225 0.0418588073474212 0.0719269495367312
v 0.00251563370892357 0.0410628614165706 0.0777811533030816
v 0.00896888927774327 0.0425643177441498 0.0736662510183266
v -0.0515167776836789 0.00834028802084905 0.0942429918544035
v -0.0552320719483905 0.00302006742480608 0.0965129718395507
v -0.0531374131742266 0.00645620381902868 0.0962581787061906
v -0.051368438036252 0.00547276606609944 0.0977646607262058
v -0.0499846166807252 0.00824809425902261 0.0939533298063772
v -0.0488765715704536 0.00782721296463606 0.0972508748752154
v -0.0465160597238465 0.00884478016579144 0.0959224310476773
v -0.048010600635018 0.00491356168853994 0.0993270263850043
v -0.0461753741755263 0.00859728641694882 0.097295347213773
v -0.0503310501344641 0.00145284708060287 0.099207125709024
v -0.0440331424485815 0.00361885553389567 0.100700999099375
v -0.0428679160250607 0.00820894054368937 0.0988294810672403
v -0.0422902284216673 0.00656346785917459 0.10001308209843
v -0.0390733191230203 0.00868978989454967 0.0984449960331326
v -0.0374903747531114 0.00695271899502777 0.100277960160991
v -0.0462291143584887 -0.000379815224379621 0.100629374037971
v -0.0411057072215602 0.00051055770321389 0.101475195298059
v -0.0538555674229828 -0.000453448286880643 0.097668905898127
v -0.0514510013150591 -0.00309390301766102 0.0986495663900455
v -0.0520991392259678 -0.00746092384687182 0.0968109041105056
v -0.0484445248738277 -0.00803337771644588 0.098176620377889
v -0.048118246882228 -0.00964937956153982 0.0968594835697335
v -0.0487332889947099 -0.00563408779381315 0.0991024207093207
v -0.0448278808331456 -0.00429064259456843 0.100609946616717
v -0.043149282879153 -0.00687592868093442 0.100199047432778
v -0.0294997392331946 0.0205496058169387 0.115572807765315
v -0.0314965737091083 0.0160143566526852 0.117604538309272
v -0.0321783163705387 0.0145600065946169 0.107963903721474
v -0.0331673022472789 0.0108752058806233 0.119101746280219
v -0.0335767335614647 0.00959165302259699 0.110505195468154
v -0.0341164958027788 0.00652117520462417 0.119803535177325
v -0.0315761832619566 0.0150378435580132 0.123293496896445
v -0.0332836526849568 0.00950446379908299 0.122991544346884
v -0.0341896025296104 0.0045226723446132 0.123465332046083
v -0.034686796362965 0.00235370979233456 0.116994735122337
v -0.0267768906038811 0.0245561856794505 0.123974766976145
v -0.0294738086683569 0.0201020899691499 0.122954712263039
v -0.0293224034084719 0.0195880419731916 0.124617209086033
v -0.0275128663869073 0.0178450754327003 0.124542204123229
v -0.0239879360860656 0.0238342979073244 0.124287972821016
v -0.0268847048663689 0.0223183808882898 0.125101284502264
v -0.0303887701609966 0.0160956828664034 0.125044481814106
v -0.0308869539754423 0.00722973621174746 0.12415100200966
v -0.0300058891368745 0.0131321565689641 0.124866680839975
v -0.0270846486665354 0.0161814308273583 0.122896342559903
v -0.0289203342540469 0.011873777211124 0.123238651241222
v -0.0319769551325809 0.00930131559591437 0.125163934557218
v -0.0322553530295846 0.0121929606285374 0.124544204815158
v -0.0333644941465772 0.00677386784005556 0.124705488274763
v -0.0330724788332997 0.0117199168202809 0.0856338550994109
v -0.0332474692092126 0.0132233989168192 0.0902232651265942
v -0.033530431847355 0.00967176764269061 0.0922957922442689
v -0.0319632211454937 0.0154044674211011 0.0925426899769563
v -0.0335225148791366 0.0107902331027057 0.0961316553136558
v -0.0393781341771497 0.00907309158333772 0.0969109547664023
v -0.0357525608294131 0.00870460797086248 0.0949717402841803
v -0.0348436352521699 0.00866855113466939 0.098235835766162
v -0.0321880927485707 0.0146190949030608 0.0996816196027455
v -0.033550027197762 0.00993616198523624 0.100644525357337
v -0.0308473991511617 0.018020155589511 0.103871175737914
v -0.0331082317683377 0.0136722306439223 0.103567241454278
v -0.0331236129653056 0.0116191269289799 0.105436601049648
v -0.0351708993618597 0.0051747031774111 0.101520726454923
v -0.0343964499201896 0.0055586632907798 0.108823510456329
v -0.0378318770573182 0.00389072649845475 0.101365642505465
v -0.034836580584286 0.00129937120097117 0.105018712855979
v -0.0350454939065091 -0.00376651883732735 0.104490778773256
v -0.0349527305506932 -0.00291506215271962 0.111379413738604
v -0.0278981568660256 0.00156857653215095 0.106242066941792
v -0.0275985180236861 0.00375519013420963 0.102478508575803
v -0.0281876072563893 0.0042501289440085 0.111868789523208
v -0.0270637122994856 0.00721452192127087 0.107254652722976
v -0.0280836083997594 -0.00510129475087048 0.105736401111747
v -0.0284082439157167 -0.00408005865722315 0.10956308894927
v -0.0284334398459074 -0.000114805420809643 0.110417960703028
v -0.0280421930017293 -0.00478228371622632 0.101110559119779
v -0.0413073716377195 -0.0110294080080676 0.0959483385487225
v -0.0411407066266361 -0.0102634866742952 0.0939630852646139
v -0.0380174126393659 -0.0112840739789565 0.0948967768481947
v -0.0357631042752225 -0.0113130202194592 0.0966099934951402
v -0.0387838830359714 -0.00423391856837853 0.101401140352564
v -0.0425731992768595 -0.00905209114528892 0.0991482308608066
v -0.035901217393581 -0.00313496137968723 0.101726354824322
v -0.0378342540681249 -0.00829159956833861 0.100229915795255
v -0.0350533261070943 -0.00852423501693247 0.100080765516158
v -0.0341075027036619 -0.0124327293939645 0.0976581875296982
v -0.0342454896238685 -0.0106094630605051 0.102287933976855
v -0.0420416019834936 -0.0105092571154128 0.0977757403820851
v -0.0360086051605893 -0.0103647403316747 0.0985450953936246
v -0.0349882919697963 -0.0111187796733344 0.0938366316294457
v -0.0341749344017165 -0.0120295994332759 0.09272873742388
v -0.0326917926786685 -0.0174997944108335 0.0941463628934564
v -0.0332181479217959 -0.0155921225188757 0.0980189335217508
v -0.0307038961619841 -0.022722565339316 0.0954116651968247
v -0.0324968001622932 -0.0178080233020573 0.10219467615094
v -0.0338858905096645 -0.0146131238580653 0.103201989135271
v -0.0325525458652207 -0.0190734221631393 0.0971269639804905
v -0.03137873008296 -0.0210763164605814 0.100443102185516
v -0.0295341231916991 -0.0252220157142482 0.0994649636331918
v -0.0307353559846685 -0.0235671404270558 0.102949431578627
v -0.0315076683703801 -0.0205333950272735 0.105862309401712
v -0.0279252274854431 -0.028593647945889 0.0959931535745652
v -0.0267646207817487 -0.0299173161967108 0.0996920873414966
v -0.028090395766582 -0.027677923903485 0.103711751152267
v -0.0352087436314674 -0.00528794457755821 0.10307474692787
v -0.0345204498419827 -0.00855245235769928 0.106281522422484
v -0.0336849462283113 -0.013316567387746 0.106678949123404
v -0.0346084255563654 -0.00735676804537068 0.114874140623087
v -0.0339555685226592 -0.0116148244577142 0.115827691213958
v -0.0330809290057104 -0.0155269441892454 0.114813174253127
v -0.0331286678829357 -0.0157547138738233 0.106292552453303
v -0.0277324934862724 -0.00940314843894216 0.107990384908543
v -0.0270049258049021 -0.0139646168391721 0.110107387691318
v -0.0283888347353412 -0.00954126809223308 0.113113378108114
v -0.0315740684521405 -0.0201945896447852 0.114126435218148
v -0.0299924919286834 -0.024220856430474 0.106002174210879
v -0.0294107395445793 -0.0249610354386083 0.115034208747736
v -0.0272929161323092 -0.0287813078724919 0.113062466903677
v -0.0246653936033926 -0.0200194556876873 0.108199123030884
v -0.0260236576667199 -0.016182034020098 0.107186620603733
v -0.0258358915341149 -0.018628948971657 0.112577355965758
v -0.0273405508419069 -0.0147861273977615 0.11372772688452
v -0.0249465030816342 -0.032588345447572 0.0948916830669607
v -0.023433430689339 -0.0345512405436116 0.0931690309093716
v -0.0228860013807647 -0.0358618035616978 0.0976223926101021
v -0.0259377155189571 -0.0318461612038491 0.102809013929577
v -0.023984831896032 -0.0336850975230514 0.100206121351422
v -0.0259171461161286 -0.0311088031539405 0.105701207424892
v -0.022776932226859 -0.0234693938944444 0.106672192636995
v -0.0221969781134895 -0.0254898491422794 0.111947954253633
v -0.020198528440624 -0.0277045055035229 0.107295267750644
v -0.019632458413882 -0.0293259750061517 0.112627012944898
v -0.017559527043063 -0.0310847190109235 0.108728217501048
v -0.0152856318754133 -0.0332614032855345 0.105695166970799
v -0.0143083640559578 -0.0347225663446406 0.110897220333293
v -0.0249388076226245 0.0140040214580512 0.106891857015396
v -0.0238472503107958 0.0162678675643886 0.103431507904613
v -0.0248331085209127 0.0160342015293407 0.113020669328923
v -0.0262819182824981 0.0106935795423832 0.108841388344582
v -0.0263589117562964 0.0133685843287424 0.114922669852799
v -0.0274108999585078 0.00840325951999078 0.112278060696817
v -0.0282031020952249 0.00869345072049751 0.116785380148871
v -0.0292286001179209 -0.000358263318387312 0.114858412715561
v -0.0279370088106905 0.0120106960597749 0.120294182137661
v -0.0297554588224828 0.00533868693700525 0.120710321749843
v -0.0305879645274388 0.000557564961718329 0.121647282897988
v -0.0316431806770731 0.00137858407015613 0.123913503249974
v -0.0241878742085574 0.0210838918036006 0.121773002503468
v -0.0257813666157688 0.0175558900873887 0.120605010341175
v -0.0348611585204016 -0.000972719057683603 0.118970290905014
v -0.0343588182492298 -0.00838090949121796 0.121848496619101
v -0.0292570410671089 -0.00409103322525242 0.114984911799468
v -0.0292297382907667 -0.0119236183392876 0.119525155993568
v -0.0346004426316294 -0.00106337777940416 0.123765817458321
v -0.0342022719780914 0.000667706821704018 0.124725181643734
v -0.0346679936268916 -0.00485483389511778 0.121200128153811
v -0.0331449999776177 0.000209737855110198 0.125062333272227
v -0.0307317851642308 -0.00753193231664605 0.122522836629812
v -0.0318032885464853 -0.00411481611037867 0.124029728334541
v -0.0341884684278669 -0.00626040732697402 0.124505146716738
v -0.0300348858624697 -0.0064241639289974 0.119560296688648
v -0.0303500188549935 -0.0122687892010742 0.123436940786595
v -0.0331451483323419 -0.0140430426197192 0.122852841367088
v -0.0337771915078662 -0.0105901971058832 0.124237966328086
v -0.0296380666618759 -0.0132288126043205 0.12221385608432
v -0.0316998306220414 -0.0192404492714736 0.121988836218205
v -0.0332660642300051 -0.00840542114252196 0.124931863861712
v -0.031075299330607 -0.0130728739956679 0.124543418625927
v -0.0324011200102601 -0.0154134350122623 0.124570253315512
v -0.0310923011768733 -0.0199530582762576 0.124314057807646
v -0.0291231993950425 -0.0186818840035285 0.124176836964086
v -0.0291605413441276 -0.0230669990030368 0.124926800893835
v -0.0275612740234347 -0.0162659169467688 0.116974595550638
v -0.026887415806356 -0.0190071692171741 0.118557293511137
v -0.03000795738842 -0.023260684815713 0.122848728158885
v -0.0245154598140579 -0.0227322878824986 0.115375162228851
v -0.0270458074920017 -0.0205962563295115 0.121930486079693
v -0.0257387982105423 -0.023258943568166 0.121931229827636
v -0.0232426024402209 -0.0264014347553845 0.119325484969742
v -0.0287898126172996 -0.0166227507066969 0.122576369128
v -0.0263668146770286 -0.023644682760773 0.123619627491164
v -0.0307671713627997 -0.0172424694164726 0.124915597367241
v -0.0272460411539164 -0.0238498662045106 0.124567329234265
v -0.0216338918529875 -0.0293559627209485 0.121027061273618
v -0.0227854634730184 -0.0350138642924067 0.102324217607869
v -0.0208028984728207 -0.0373290576172177 0.0993445135556174
v -0.0199159429318289 -0.0381551009389886 0.0967330554947355
v -0.0171343259422239 -0.0407739718982875 0.0940996979144127
v -0.0153868757547714 -0.0421001633824847 0.0908881425843601
v -0.0168251841801143 -0.0408527053410401 0.100893616755078
v -0.0196531911296122 -0.0389600925660002 0.103325416378148
v -0.0161305479102284 -0.0421115123605026 0.0971271115032754
v -0.0125445150561206 -0.0440121959947963 0.0955916461858495
v -0.00967738795053504 -0.0457117682593607 0.100408161422965
v -0.0130886869868325 -0.0436784927772018 0.0998354793245753
v -0.024617809745965 -0.032799855089687 0.105907236199006
v -0.0245597469616339 -0.0325650124347981 0.117308546013427
v -0.0222791835583137 -0.0354237721487668 0.112312570770943
v -0.0201182662040888 -0.0379059652513978 0.106047122231004
v -0.0189510469960504 -0.03880083960516 0.111428454387464
v -0.0174884500658174 -0.0324191785793556 0.114866431087472
v -0.0172442259987463 -0.0404046327936156 0.105332958801734
v -0.0161136467748179 -0.0411867969047664 0.114254477798865
v -0.0141328501677573 -0.0427890696587754 0.106361089495499
v -0.0124442500640398 -0.044647925460988 0.10296419980281
v -0.0109544533560074 -0.0449202833012009 0.106324954522021
v -0.0119472326977981 -0.0371742896269355 0.113711425629852
v -0.0106030367974145 -0.0373717816719687 0.108720368795307
v -0.0089949061595321 -0.0390001799245403 0.112171967426326
v -0.00606752156948589 -0.0402105765264832 0.107313502219409
v -0.00942162725642771 -0.0456853481807043 0.117008011727457
v -0.0275062694357269 -0.0279948702058894 0.121655765181655
v -0.0257211576385311 -0.0305628735006958 0.122902669077705
v -0.0245471625032946 -0.0260142429385641 0.122759080339561
v -0.02800680307003 -0.0265352704290423 0.124195733174068
v -0.0223704841357155 -0.02953281299566 0.123151679503182
v -0.0261353023733053 -0.0291689231354629 0.12450686525876
v -0.02437622469979 -0.0283403858640539 0.124465208331814
v -0.0238531619908938 -0.0328529830820831 0.123842032548067
v -0.0194347689040462 -0.0319514689875829 0.120726404680583
v -0.0206549817518121 -0.0369710496424967 0.118830856306909
v -0.0221013599430314 -0.0351093467052756 0.123101554177618
v -0.0155732958095557 -0.0353516450998836 0.118568839392761
v -0.0169867007565466 -0.0402720383239122 0.121755921832281
v -0.0187990961759393 -0.0332983722358111 0.122352928325692
v -0.0244936161560946 -0.0299165831786007 0.124899030903164
v -0.0171207789511397 -0.0357759851759847 0.123574598177299
v -0.019909522554634 -0.0339939896956183 0.124393825313302
v -0.0160591765750015 -0.0357646736657098 0.12176268104146
v -0.0214338343007695 -0.0351887588210292 0.124472186064854
v -0.0128765237195107 -0.0383739323399659 0.121601173580948
v -0.0178828568223653 -0.0391510308351953 0.123497330897363
v -0.0173189871175847 -0.0373293687760881 0.124655112670611
v -0.0182789766092091 -0.037686815925773 0.124826346989597
v -0.0128130058451559 -0.0392550131294799 0.123370581455965
v -0.01138151013742 -0.0412179058708839 0.124376185923148
v -0.0126857028020546 -0.0435834683334593 0.119788496402255
v -0.00777160960916129 -0.0405014509012826 0.115958942117165
v -0.00517293721518117 -0.0408828832305366 0.109679222311266
v -0.00771823306444628 -0.0466146477781895 0.111746199487423
v -0.00478412064774401 -0.0427358318725268 0.118634907219539
v -0.00840213148111016 -0.0414603532863252 0.121591172314548
v -0.00893675157545264 -0.0417942672141941 0.123191694252462
v -0.00439981696010272 -0.043768361927296 0.122226434513052
v -0.00511200765090815 -0.0441180704257349 0.123559899194347
v -0.0138611788749706 -0.0424134043390607 0.123476438760794
v -0.0120641401179021 -0.0422924015586995 0.124887229068057
v -0.00945071324799744 -0.0454429064740662 0.122579756116046
v -0.00581637267357218 -0.0473637162687096 0.122260447344022
v -0.00951880287041523 -0.0449313292471675 0.124302761310001
v -0.00724992362130105 -0.0448757997532289 0.124803519617009
v -0.0429729783536526 0.00638805415792557 0.093044432228667
v -0.0443381161289719 0.00322918506614081 0.0919461330443205
v -0.0455866854944503 0.0078955282979181 0.094084908627445
v -0.0449334945543307 -0.00177510649441201 0.0916363784441322
v -0.0396825277650425 0.00828103563656396 0.094355874489161
v -0.0338058330770612 0.00861281958035232 0.0867106755349834
v -0.0343295170495981 0.00563040162701618 0.0901979868237383
v -0.0346007361199893 0.00702421363698794 0.0924986499105973
v -0.0272677948502927 0.00843500066633688 0.0927096457704439
v -0.0263326811983101 0.0106074711779536 0.0971755317555242
v -0.0279713143613382 0.00326872553523343 0.0957846137697432
v -0.0393772358100916 0.00591496356368663 0.0923425470219818
v -0.0408366895828329 0.00270578531263504 0.0916406642109555
v -0.0364397229735315 0.00403623814026117 0.0911684868707085
v -0.0363438644648643 -0.00129775612928119 0.0902772451799293
v -0.041649618459078 -0.00135539438487021 0.0915987262869771
v -0.0383609993388692 -0.00476402973309283 0.0908233382218379
v -0.0349424092494075 0.000514262989127412 0.0893414905909369
v -0.0351699040491844 -0.00383388308470088 0.0893979253153787
v -0.0353468648032175 -0.00795527555696735 0.0906854971558669
v -0.0282852485278497 7.99569203644781e-05 0.0953951795059334
v -0.0284765191570993 -0.00419870779893248 0.0941911143089164
v -0.0282005874750232 -0.00817516399522488 0.0938812505351291
v -0.028046482019392 -0.000208353135567621 0.101167829573865
v -0.0274529624630013 -0.00995969094295651 0.102794059450921
v -0.0251167197872225 0.0133592739444869 0.102379283241217
v -0.026823524418663 0.00813406358546334 0.101404000816224
v -0.041902633901487 -0.0078710979577412 0.0924739070849286
v -0.0450001122818069 -0.00998741526728994 0.0942282309125165
v -0.0369803508092616 -0.00948859008418454 0.0921988703756143
v -0.0273964229549087 -0.011728066350845 0.0970244931460606
v -0.0263753608107398 -0.0147997589441403 0.101943219924714
v -0.0250374541936051 -0.0188027970312855 0.100949387058398
v -0.0238285208242583 -0.0227023983899643 0.0921289579077992
v -0.0235372498190435 -0.022011447463795 0.101732379920016
v -0.0210055506747973 -0.0263929285565472 0.100896765185376
v -0.0176436042923176 -0.0310988384174004 0.0972787496318658
v -0.0178180466017153 -0.0305632694553435 0.102762584008443
v -0.0149167814821981 -0.0337702833281684 0.0984509336533053
v -0.0123045950772646 -0.0362091121293122 0.0970978213251083
v -0.00931902189199598 -0.0387504389251548 0.0935556993469824
v -0.0115303912510925 -0.03642222903906 0.104758902102839
v -0.0082914806742456 -0.0387775600701772 0.103358453030497
v 0.0219091616185572 0.0468472108826824 0.0575419023641232
v 0.0261794839437477 0.045751639215174 0.057209136606008
v 0.0287650501943066 0.0450710804315813 0.0555668602112722
v 0.0316246335333196 0.0440974892606265 0.0556678474497836
v 0.0293871083424278 0.0456581066770606 0.0578688335806368
v 0.0337034269959414 0.0437126926251105 0.058304346579971
v 0.0283011273448269 0.045753873390556 0.0616469618848423
v 0.0249548301485543 0.0474341385830751 0.0645210476401721
v 0.0339608318876568 0.0447135153518238 0.0643135218290318
v 0.0345470913196814 0.0427435475853698 0.0538667912531404
v 0.0387496699383473 0.0407975616822304 0.0544360164894039
v 0.0414328097587171 0.0394393929534206 0.0554134068862883
v 0.0383335816749808 0.0423967355696342 0.0581842537445827
v 0.036066685289888 0.0430269955765697 0.0610326684931794
v 0.0397645156467762 0.0411602221695806 0.0600814198625528
v 0.0405389216382207 0.0409281547901299 0.0625188132469396
v 0.0442900583819507 0.0384200871590095 0.0613867443736171
v 0.0247149263409815 0.0473521313349997 0.0720895084554119
v 0.0296430882520378 0.0467357087956241 0.0713435698603865
v 0.0290899392916696 0.0460312274825703 0.0671542939089491
v 0.0339445950980118 0.044590901705019 0.0685896897628721
v 0.028675376473198 0.0467114688496019 0.0752820776870841
v 0.0317891982391545 0.0456507583311205 0.073316752604237
v 0.0333642050406645 0.0455558031559204 0.079792108048912
v 0.0369105528411168 0.0437151173078887 0.0733060715446565
v 0.0332196641438581 0.0453161158322899 0.0757997957814747
v 0.0367218495638882 0.0433013419367983 0.0667112332277244
v 0.0412556929066872 0.0409394916958277 0.0673412923869141
v 0.0433041502223528 0.040125311633277 0.0646696814253771
v 0.0382035515112653 0.0435367220800866 0.0711037611524392
v 0.0411453001631385 0.0413675870477221 0.0724305861078267
v 0.0453337394509624 0.0386179881288092 0.0699186274922556
v 0.0448483561556885 0.0391703505662279 0.0741569525260021
v 0.0469581798092417 0.03824402895088 0.0714599574131346
v 0.0422980993703488 0.0387252543302425 0.0511114541231445
v 0.0443416904060132 0.0370481061189434 0.053106444957394
v 0.0499201229559644 0.0312759554046804 0.0483275625880409
v 0.0516930432167071 0.0301397846388862 0.0510225344298331
v 0.0491687945498465 0.0335743050725777 0.0511709284056893
v 0.0513093441002797 0.0312571324096181 0.0541949601788428
v 0.0438480557487435 0.0383605900445155 0.0578088889746975
v 0.0471715148289336 0.0353565346121229 0.0546209279326802
v 0.0470998897143957 0.0364704377840866 0.0586294949755326
v 0.0502838494567049 0.0330451384771673 0.0583558231616189
v 0.0530447965606094 0.0311263483623567 0.0579777140402449
v 0.0549326539111852 0.0272616316123247 0.0504768715180313
v 0.0546583232252843 0.0273427026878754 0.0529004283025427
v 0.0551911817894795 0.0257814744683272 0.0491266679151107
v 0.0572640386186169 0.0218730040181943 0.0489734038058003
v 0.059158156217798 0.019957259764509 0.0502085182083312
v 0.0561367172780734 0.0250075478920502 0.0530049870212212
v 0.0586288450422852 0.0211883230982313 0.0534750952147224
v 0.0542655465018054 0.028309777795734 0.0558588875884269
v 0.0568515096262056 0.0257688019505988 0.0606629180595396
v 0.0567837900272683 0.0248178233977289 0.0557175682046428
v 0.0583413193409371 0.0225341841481029 0.0555088194550908
v 0.0585793922652799 0.0234981266215403 0.0573457590778305
v 0.0589822917906223 0.0223667383476158 0.0594121369315416
v 0.0457739297502088 0.0378975806103966 0.0666421287549994
v 0.0493905987902106 0.0351535615826204 0.068329526120306
v 0.0507201711349381 0.0344982698169976 0.0647013444625816
v 0.0517312525601095 0.0324754512941527 0.0628277859030567
v 0.0488087938317997 0.035356482585291 0.0631997887547304
v 0.0543589521491339 0.0293275908718401 0.0614050123771588
v 0.0470831732650125 0.0375197837343302 0.0740934943470738
v 0.0502201553541874 0.0346197233686105 0.0717267823788613
v 0.0526142014509087 0.0318757647504644 0.0673178566061386
v 0.0552507772346639 0.0288434124800875 0.0674824955947937
v 0.053897001405063 0.0317914609783223 0.071448008205546
v 0.0567319187497308 0.0276072897849477 0.0651904335802298
v 0.0581540797106891 0.0248322394143644 0.0680155165820373
v 0.0301807700077764 0.0472635834628907 0.0838095408619977
v 0.0371314373317864 0.043773524031027 0.0758249825217765
v 0.0355018914122674 0.045241348358211 0.0777902960972996
v 0.0402392581627743 0.0423204431815016 0.079027060702484
v 0.0340324659147198 0.0454525321398303 0.0866249118609544
v 0.0368612821641656 0.0441198901696253 0.0814043625199488
v 0.0389879772558268 0.0432229738209494 0.0861197173223015
v 0.0398065664135197 0.0434763978582622 0.0832484395300052
v 0.0470628227617003 0.0378442102231453 0.0795657133083909
v 0.0438869094625436 0.0408175571692352 0.0781247288841652
v 0.0451294992928287 0.0393675638743837 0.0814741274443878
v 0.04959686783587 0.0357363179657378 0.0769251295377775
v 0.0417813028738645 0.0415281648740471 0.0812736878426315
v 0.0422088699461857 0.0414079689281988 0.0847908921579268
v 0.0478891980253697 0.0381001233812211 0.0836533352435707
v 0.0463652006948453 0.0387135326189481 0.0869166847478358
v 0.0353295753544954 0.0455413700425119 0.0897357272995229
v 0.0362567425648228 0.0446023515929377 0.0938376391101528
v 0.0374606005655273 0.0440655758234922 0.0907400807491846
v 0.0419324190965626 0.0417447387275837 0.0924583998542928
v 0.0436836543275461 0.040934344036231 0.0890252260208652
v 0.0455151482872058 0.0394355749870474 0.0917515691206715
v 0.0439228415895173 0.0404672477916563 0.0959475733965187
v 0.051605098702677 0.034615861121682 0.0780028078425906
v 0.0517804281732197 0.0332995885796344 0.0739179947224679
v 0.0543178617884143 0.0306440427175256 0.0764731535078068
v 0.050004822428005 0.0356383747276649 0.0803201195511939
v 0.052414456854009 0.0330991836668397 0.0815887467395348
v 0.0606836197876483 0.0179262988840157 0.056869825586532
v 0.0593992655987967 0.0209011380336455 0.0567588870320405
v 0.060975489054405 0.0186179137403305 0.0612438623472699
v 0.0591856748407178 0.0226049489609215 0.0645213716210751
v 0.0615906957771526 0.019476907582374 0.0647945253848077
v 0.0566996534795602 0.0273839031556018 0.0718519571449015
v 0.0604617322422182 0.020878066706924 0.0677670237971261
v 0.0621646741414418 0.0169621388040878 0.0673994459209834
v 0.0595551773418148 0.0239011544035905 0.0713968971572324
v 0.0608730227278497 0.0208309503976458 0.074194562186618
v 0.0333571753168362 0.0458075860589546 0.0967344083955936
v 0.0384638193636251 0.0436003981448774 0.0986143552711279
v 0.0329489024481861 0.045945387585639 0.100049874596896
v 0.0407931901247386 0.0430306200234123 0.09681465330386
v 0.049350283434905 0.0362384699866521 0.0873263148176944
v 0.0483989864788762 0.037157581571768 0.0928787345482559
v 0.0504493153972927 0.0354529902160943 0.0932208675958285
v 0.0485473912744788 0.0378204515588653 0.0968713412797564
v 0.0458032759515964 0.0391856147173542 0.100055910428871
v 0.051774598210344 0.0340268873889963 0.0950825169088285
v 0.0554824028304268 0.0292244009953488 0.0748715366498059
v 0.0547323706247064 0.0316354024519623 0.0835829951540461
v 0.0562564052988973 0.0285884625207064 0.0809118750992534
v 0.0559498100805332 0.0292696548669471 0.0866630528718161
v 0.0574556104729405 0.0277324749625097 0.0778345608970151
v 0.0586484246646191 0.0251877683711854 0.0805158858481427
v 0.0590273511965542 0.0240923815568736 0.074830421958306
v 0.062366712295959 0.019334646176904 0.0779041006179106
v 0.0624908671302152 0.0173071181566466 0.0749964487019846
v 0.0628795959635252 0.0169609324027627 0.0806470299638775
v 0.0584138153369307 0.0258983569942201 0.0858360463175612
v 0.0602259858350365 0.0237753693893703 0.0837437299182194
v 0.0608176483180823 0.0214337604139074 0.080405376620576
v 0.061412520664284 0.0206035537624233 0.0862707877904932
v 0.0639652928189295 0.0155594157707074 0.0839191326009798
v 0.0515262485172978 0.0351300133584695 0.0905446816702566
v 0.053287276759149 0.0325557397828593 0.0909147749781602
v 0.0534443285240513 0.0322632723123703 0.087071946068673
v 0.0578192605761395 0.0277808193695176 0.0901048972621103
v 0.0550200276900316 0.0314162334148139 0.096596264341209
v 0.0587903114568294 0.0253791305380862 0.093571346896361
v 0.0555463904806996 0.0298441938010978 0.0930276446118025
v 0.0604394745661843 0.0236422320818077 0.0966496055560742
v 0.0600268255790244 0.0232041998372537 0.0885584988062465
v 0.0627027970411151 0.0180353703409498 0.0872360076501303
v 0.0611495066838477 0.0213862012787166 0.0935109413928018
v 0.0638379648760615 0.0149274081268807 0.0895774502488802
v 0.0626465883362182 0.019206232715547 0.0901822744514137
v 0.0647686617746735 0.0123764594186862 0.092857533879865
v 0.0657951299308041 0.0105176131198586 0.0903077249411374
v 0.0620932678086455 0.0192463005056582 0.0966407816831039
v 0.0632734711058331 0.0167030798916555 0.0934096289726228
v 0.0642506840329043 0.0151074542765687 0.097015004440612
v 0.0607482649857503 0.0158067872674142 0.051532890672609
v 0.0618641175515319 0.0141165295245268 0.0544857140717988
v 0.0628895175061632 0.0110919326461747 0.0512758725794764
v 0.0627039199244332 0.00781083755135766 0.0485387335519249
v 0.0632574740103142 0.00857376247994529 0.0526248803131408
v 0.062370489942038 0.0157412475448142 0.0580115733762886
v 0.0630683493620951 0.0114058953765727 0.0566748667495682
v 0.0629753620717601 0.0131414430042015 0.0596014649679232
v 0.0640713400305817 0.00509987403676606 0.0539947561958855
v 0.0646163906518231 0.000629130386680062 0.0546625193318201
v 0.065044760433119 0.00612040856276977 0.0578360647664176
v 0.0651331124489511 0.00199457046887766 0.0596301067389393
v 0.0646557056401466 -0.00504852646273604 0.0539690897009067
v 0.0658486969297717 -0.00276074282496211 0.0582183371507714
v 0.065178105901617 -0.00633764999814563 0.0587896043544118
v 0.0656262759751831 -0.000854643457922363 0.0617721200139675
v 0.0627351796931791 0.0145006910975718 0.0628220499048964
v 0.0647860553794701 0.0107832752419746 0.0647844230483313
v 0.064411791442922 0.00812242516694709 0.0605759510395288
v 0.0636722908456921 0.0131986052675688 0.0680935561885757
v 0.0636339665254418 0.0154304541493304 0.0712590726844376
v 0.0651118207941851 0.00596940573916609 0.0643005939014556
v 0.0662605367290493 0.00193686709178854 0.0645863554344695
v 0.0650638473922804 0.00751400210734519 0.0664503907278931
v 0.0648424660983374 0.00887241443868037 0.0683804400858447
v 0.065850551069502 0.00279917829930621 0.068774635089428
v 0.066014437847362 0.00644363296082807 0.0704809417949074
v 0.0652982408554443 0.00804937166703451 0.0732443594717994
v 0.0660378030778693 0.00330618868858125 0.0740391990714392
v 0.0660315451715671 -0.000429990748432287 0.0683705182584604
v 0.0662950905986437 -0.000765871002238663 0.0737422519593579
v 0.0657261225299111 -0.00339082543477669 0.064271184876355
v 0.0649400897969722 -0.0118088428380844 0.0573927604886078
v 0.0634535534468956 -0.0131551367151484 0.0529640881756048
v 0.0636340015166892 -0.0154658478610304 0.0590406354718086
v 0.0650955254002737 -0.00954787354158911 0.0614123174529233
v 0.0645813026383357 -0.013250849074711 0.0634393104121149
v 0.0623251532599959 -0.0209076624701057 0.0575281063540946
v 0.060854770876467 -0.0233817962411769 0.0592930835470938
v 0.0630087868162072 -0.0182834495429078 0.0610266096951666
v 0.0623978471415976 -0.0198302005699133 0.0597294657526333
v 0.0592642334771642 -0.0267557146675294 0.0617350588588181
v 0.0608914629969732 -0.024736489316019 0.0706354449626883
v 0.0596434875688487 -0.0267026824846917 0.0661781074062555
v 0.0624835717305464 -0.0205806129067288 0.0651621562989831
v 0.0642975932125476 -0.016762342030854 0.0642904551559889
v 0.0609655501933234 -0.0253915358376571 0.0644988349342003
v 0.0617493720165836 -0.0229133740242343 0.0675730533496938
v 0.0668687942154265 -0.00288725413708302 0.0713651552517833
v 0.0661316632677692 -0.00782010751150496 0.0649788469393563
v 0.0660121177651132 -0.00465428692032349 0.0684178188022825
v 0.0654621972493569 -0.010247518413782 0.0680275716388731
v 0.0657748742217162 -0.00859699688598568 0.0715773623246803
v 0.0644073929819446 -0.0149896013596345 0.0670506667894722
v 0.065665135262179 -0.0125317916830625 0.0711367117119833
v 0.066355209920239 -0.00520060178172283 0.0721986507344519
v 0.0658267990854661 -0.0100334508101942 0.0744412211521098
v 0.0662502832158036 -0.00474253738260169 0.0745720726865946
v 0.0652476092539173 -0.0137100249220815 0.0789527594307177
v 0.0636595522454457 -0.0179137101187444 0.0699934802663933
v 0.0635302846531641 -0.0191703917414761 0.0734345122356869
v 0.0629734001604065 -0.0218246228658069 0.0709801007508217
v 0.0618401962185331 -0.0234763800289328 0.0738757896551668
v 0.0647720736511609 -0.0150943927206829 0.0742105225656738
v 0.064810659175856 -0.0171208130453736 0.0772277637392057
v 0.0627163339140856 -0.021358543781687 0.0771308579346934
v 0.0638464219289343 -0.0187471500424814 0.0813021289430024
v 0.0639816611471812 0.012947444453002 0.0738737507426778
v 0.0653650878974013 0.00992682686204387 0.0770634769025582
v 0.0653626948845721 0.00915450837880655 0.0808068853010444
v 0.0659244965107257 0.00550184314447393 0.0788378591311135
v 0.0669625470329732 0.00137631585267071 0.0771972075124455
v 0.064511905474043 0.0124497206678599 0.0808005221216796
v 0.064987935808456 0.0111169908476232 0.086470265151612
v 0.0663283835625901 0.0035411040847437 0.080297979548113
v 0.0665432285860548 0.00612722054529756 0.0839998966092685
v 0.0659902601436212 0.00665702797199865 0.0885981404125194
v 0.0657659509232682 0.00808128908512439 0.0948330750874445
v 0.0664214091532442 -0.00306283642172087 0.0777578897829695
v 0.0665785621455091 -0.000835721488331786 0.0804706333952498
v 0.0665594972917325 -0.00496437645275239 0.0804836353600099
v 0.0661218446778841 -0.00917886671358196 0.0813279111594768
v 0.0665509719313064 0.00146114980713098 0.0851385234638896
v 0.0672665067659196 -0.00354862768681526 0.0835579418010804
v 0.066564955017764 -0.00688832333894698 0.0863210466458444
v 0.0660473165818019 -0.0104474329228877 0.0860125486145389
v 0.0667701358231191 -0.00742461958559296 0.0770732036271631
v 0.0659243917832355 -0.0135731382357713 0.083725584002833
v 0.0652605267152923 -0.0145845675506576 0.0869561556277207
v 0.0648637663686303 -0.0175002665021393 0.0899946877626655
v 0.0665410628367627 0.003325851150863 0.0925330019369371
v 0.0672634367904634 0.00103498613923682 0.0902447001089885
v 0.0667825798925576 -0.00146517185979231 0.0870996797674899
v 0.0667152582335548 -0.00368307765116126 0.0903596458914856
v 0.0669278561013054 -0.0081793670082547 0.089597320997026
v 0.0666043156595038 -0.0069533490998333 0.0933589285267712
v 0.066670496793195 0.00115151979397413 0.0988785391651101
v 0.0665905080925509 0.00467364647899268 0.096651111350898
v 0.0667990257680684 -0.00135446466667431 0.0943410879697281
v 0.0673934749652497 -0.0037698930218233 0.0972221807345204
v 0.0667111971424161 -0.00335762343588351 0.10099672908575
v 0.0660695544765564 -0.0107791801922677 0.0930539346249413
v 0.0654142022482972 -0.0138412847742936 0.0928947221358939
v 0.0660893993163636 -0.0133008267588654 0.0971732382145249
v 0.0665318020486624 -0.0072724097646807 0.0996232236458111
v 0.0659235005015415 -0.0113970554327778 0.0999821630807774
v 0.035134702312691 0.045747972299333 0.102725109353688
v 0.0372789128802434 0.0442080978469159 0.101571886956255
v 0.0337392773263549 0.0383787656956493 0.108161305024613
v 0.0419054045645293 0.0417103697692756 0.100286807292852
v 0.0372585709657598 0.0441878935437256 0.106733352117254
v 0.0422154386538221 0.0416013704642633 0.104756071428711
v 0.0403097371516339 0.0349961693841658 0.109779931312507
v 0.0370741999655777 0.0368465309568188 0.109202788058031
v 0.0415912853534442 0.0336598353654488 0.103452152762746
v 0.0412151090296537 0.0422415674224374 0.112976948994291
v 0.0366416974862579 0.0380246811088985 0.114826544588937
v 0.0444361746248045 0.0401210006332123 0.10657155355351
v 0.0410641038660348 0.0352968096824704 0.114115933337868
v 0.0447325276316103 0.0405892629576324 0.103178657971233
v 0.0470695797622613 0.0382223188741939 0.102891230398254
v 0.0464320476063167 0.0387152125445868 0.105433832692658
v 0.0442618966380076 0.0318355769678857 0.108006767726562
v 0.0495496087297572 0.0362354346137636 0.0995946277236642
v 0.0528954423651184 0.0329297652688304 0.0999643004665006
v 0.0500808014842736 0.03579566283756 0.101736096376033
v 0.0484615282549724 0.0371552176825768 0.112603604057962
v 0.0446552777654827 0.040115932557196 0.122545073457989
v 0.0504911399794049 0.0352941353261017 0.106287595961037
v 0.0514385101235254 0.0350909661870517 0.10364305769208
v 0.0527357788999303 0.0331003699069073 0.107726863697696
v 0.0444118063696477 0.0325044745000835 0.113055524459221
v 0.0482714727842668 0.0281510708769201 0.109100899577433
v 0.0509891400873478 0.0256750197522206 0.113054809234761
v 0.0523947645462121 0.0232916026155736 0.111240765517573
v 0.048676428217194 0.028987108566799 0.115330468711203
v 0.0414595517692392 0.0420659111777476 0.122918592026547
v 0.0415889393703514 0.040891526838809 0.125246065113539
v 0.0413992082082353 0.0418635264015525 0.124432433811521
v 0.0368059433581345 0.0395797975839809 0.121784213336357
v 0.0399002976725836 0.0373050965368647 0.119412532508926
v 0.0439428075216125 0.0347425782970713 0.119979741492959
v 0.0399088809229926 0.0385615618718384 0.123363344833205
v 0.0425553999278362 0.0372489801074005 0.124080939104742
v 0.0481700409346845 0.0374169881462135 0.122638559250463
v 0.0544870939415547 0.0311982852307356 0.114347451713819
v 0.0511581198217474 0.0348319015217224 0.120075824146245
v 0.0481295820514814 0.0313923647030209 0.121345819436417
v 0.0514878063256295 0.0278614765856001 0.121878618976762
v 0.0460453991985266 0.0341514959224357 0.123457167527967
v 0.0477227361619983 0.033293264839711 0.124313351712791
v 0.0535760752623927 0.0325181626553728 0.121069155966581
v 0.052591418200005 0.0275824266189569 0.123859550350265
v 0.0542280303021386 0.0246770409727784 0.122846342193867
v 0.0559460063260075 0.0293720933765301 0.101006052882849
v 0.0577199096787246 0.0269362303248611 0.0981683507264764
v 0.0576980263287342 0.0277513004574333 0.103855092159878
v 0.0598615972479004 0.0235812993650372 0.101407092474123
v 0.0559010038947291 0.0294240698565716 0.106784928150362
v 0.0583098937947247 0.0261475626337493 0.106547683622391
v 0.0535683678215149 0.0208462396864346 0.106903614716926
v 0.0550245261968417 0.0180739670961346 0.105377005478839
v 0.0504871425933835 0.025199119064339 0.106012170107111
v 0.0572882046025543 0.0274245991675101 0.112857379441749
v 0.0596434814289102 0.0238522164486209 0.112446977139674
v 0.0613321736532715 0.0207531908913282 0.106793692483018
v 0.0566263908109603 0.0151211369347824 0.110321198360241
v 0.0614270312285719 0.0207763049895014 0.101843405942998
v 0.0633885947710978 0.0164750236464197 0.0999092456344976
v 0.0626626770372694 0.0193272525476924 0.103018891118205
v 0.0646945020857278 0.0125079548286125 0.100670623879291
v 0.0658445189659949 0.0104061052631189 0.102988390294894
v 0.0625966226574467 0.0181463370842588 0.106457793448425
v 0.0631270834730715 0.0166729875740255 0.113384680619488
v 0.0640140403344374 0.0143819786408494 0.105355442231469
v 0.0654182820896234 0.00956588933868251 0.106538072351838
v 0.0538440513445767 0.023225309358496 0.117765716844047
v 0.0559988643907629 0.0184996355572842 0.115556107825962
v 0.0625464453351917 0.0184187325903107 0.120368041062301
v 0.0576353843536939 0.0273412272176174 0.121079926433775
v 0.0555703094187184 0.030112751086714 0.121965861863623
v 0.060908447017066 0.0218600551179185 0.121621812362424
v 0.0566149855481438 0.0202028911177885 0.122017137666562
v 0.0574351846677253 0.0206073798039321 0.124283954630409
v 0.0649126085175883 0.0115451617056219 0.115188597008899
v 0.0581858111533438 0.0111514934882558 0.111486967506443
v 0.0655729406876336 0.00904862827596546 0.100752990084336
v 0.0575673422415241 0.0118562360475826 0.107409124680208
v 0.0589681022932656 0.00710436947415755 0.108969515834604
v 0.0592375530680061 0.00895579985393898 0.114226863334485
v 0.0604335386674014 0.004038927989297 0.115658413796549
v 0.0601183243433871 0.00248825922499788 0.112695841377953
v 0.0662447926642252 0.00495519715521103 0.113823708012753
v 0.0594108398220981 0.00319702663703723 0.106341360579148
v 0.0595278491859661 -0.00542916179028079 0.106738675913549
v 0.0599633999391112 -0.0026018723550318 0.109856084130172
v 0.0605328806488521 -0.00531229888334093 0.114637047706579
v 0.0590675357524389 -0.0111986932882975 0.110372589958198
v 0.0603161364584831 -0.000906049910988321 0.112895607038787
v 0.0602262058576373 -0.00960629547641236 0.115730986332807
v 0.057945691285741 0.0142350840358113 0.115906326464981
v 0.0599782029187682 0.0118889456569748 0.121337135537076
v 0.0588877909449242 0.016332442309303 0.123112989299203
v 0.0611302226121083 0.00758429140590103 0.12179212795332
v 0.066605625841585 0.00297037866095999 0.120477022943208
v 0.0666373270187066 0.000220041933174206 0.113983841141343
v 0.0643680438148218 0.0137301627655758 0.121602870502183
v 0.065656191770213 0.00895792300562632 0.120556734040112
v 0.0652399400137122 0.0103239869449457 0.122556644780203
v 0.0616737021919154 0.00946480505387735 0.124418185186977
v 0.0618470102454922 0.00342036605194266 0.122190559934695
v 0.0661423591980364 0.00502886063766239 0.122937382614994
v 0.0620636561220798 -0.00216219289342741 0.121838733496292
v 0.0620435649358114 -0.00578365496393326 0.122456212669301
v 0.0667914410602198 -0.00279797491815806 0.120366512075847
v 0.0664449380071764 3.87897949341875e-05 0.123609121894722
v 0.0625563404519737 -0.00203480385118442 0.123536150727666
v 0.0627669879139937 0.00186395499142578 0.124209267768638
v 0.0664240876561071 -0.00469733366075953 0.123921026180198
v 0.0614585847411802 -0.010750573269617 0.122674386431394
v 0.0626261807762801 -0.00671405013373418 0.124172245211384
v 0.0635841320917337 -0.00286129545043838 0.125194200353872
v 0.0646264345153033 -0.00246657948427453 0.125829352445252
v 0.0659554237039066 -0.00384518230516717 0.125098976197019
v 0.0654686477226038 0.00322240699442159 0.125442276314635
v 0.0637634864754832 -0.00660656018485939 0.125369876476069
v 0.0652947210907347 -0.0066955282679903 0.125593863156905
v 0.0443629383397719 0.038257400507028 0.125440883850957
v 0.0460862250928498 0.0386559552566589 0.124511335065911
v 0.0472047793716021 0.0373801700569306 0.125103172347801
v 0.0455113400624834 0.0366431114009611 0.125266172747577
v 0.0499944684740516 0.0355365238269013 0.124428739894425
v 0.0515719582655395 0.0331948180449959 0.125202253178311
v 0.0503752187908086 0.0321290988315335 0.125181768592125
v 0.0533279168091104 0.0324180406796054 0.123931742503302
v 0.0551935264227407 0.0292753973432543 0.125219906983384
v 0.0543157881818934 0.0264152028688856 0.124745848749751
v 0.0562139900763719 0.0287767321829462 0.124298230989872
v 0.0588334197339692 0.0249935124117702 0.124160358060103
v 0.0568752264369486 0.0237203174030372 0.125296729923354
v 0.055921991917946 0.0268131910991868 0.125578068651952
v 0.0583033514377545 0.0250532356885095 0.125047773108981
v 0.0590101554625919 0.021276228777437 0.125585796082794
v 0.0608415998634966 0.021341931121907 0.124212436961801
v 0.0618099295523025 0.0185403990932754 0.124943666063229
v 0.0607697049472188 0.0195719439361602 0.125487262972908
v 0.0627379401424566 0.0175892515535687 0.123525259601625
v 0.0629466132914291 0.0121283147590629 0.125591980419501
v 0.059709281407715 0.0175287630166573 0.125135783667531
v 0.0631646766938463 0.0138821178832183 0.125417397737441
v 0.0644540064740062 0.0121566816185866 0.124371279961892
v 0.0626863349849725 0.0101717035770058 0.125492930424343
v 0.0647983877432924 0.00844569617141971 0.125225577901602
v 0.0641806052762118 0.00317808530019284 0.12553696342235
v 0.0657608125458993 0.00574222832012084 0.124376599777746
v 0.0671971151611855 0.000779520736828609 0.10289679507836
v 0.0660526990077095 0.00639549444954378 0.104455614056467
v 0.0664544944699658 0.00349874562386145 0.105912702145324
v 0.0666890989850651 0.000628311739224454 0.106423945500352
v 0.0666360205417993 -0.00403928780449284 0.113610116458772
v 0.0666879358010978 -0.00392002344719416 0.10506075430636
v 0.0592025869900849 -0.00786496860124326 0.105179580482589
v 0.0668872299674733 -0.00847125844498769 0.103120798801289
v 0.0663362889215113 -0.00869412625242791 0.10637934245083
v 0.0653132924890771 -0.0139384172480316 0.104010468236677
v 0.0661932982614974 -0.00897226645300337 0.113111883580992
v 0.0652791409276827 -0.0138735244261507 0.111499365921377
v 0.065931893945331 -0.0111109194806806 0.118757300994684
v 0.0665286925859635 -0.00697065289911391 0.120692467567612
v 0.0657839210997199 -0.00826351820359938 0.124779247539265
v 0.0262073821707932 0.0417551099813937 0.0629125587021324
v 0.0221628393994619 0.0424442114548907 0.0648675960402997
v 0.0286892362531706 0.0410229744924626 0.0640717559837731
v 0.0307405661246612 0.0402900612767668 0.066321664281157
v 0.03280826257018 0.0389746038272278 0.0571237096093177
v 0.0365418888081782 0.0377275281425256 0.0613455508595182
v 0.0339902103971384 0.0392024601365092 0.0649363016416391
v 0.0338198586263899 0.0395048633250619 0.0695490854971006
v 0.0389520790669568 0.0361649042497746 0.0594169801095423
v 0.041305407804752 0.0343417043478708 0.0575900996733578
v 0.0259449005461336 0.0418831532878068 0.0726649918331585
v 0.0281760435491405 0.0412391607463322 0.0761712919512302
v 0.0286192381188817 0.041341394876297 0.0734749876827308
v 0.0307197482032302 0.0400367195010988 0.0797110369392351
v 0.0348314898005086 0.0390313226182338 0.0754869968639938
v 0.0327135050942223 0.0396686289787861 0.0771520839501903
v 0.0375800788253556 0.0379196553275042 0.0697994817304832
v 0.0370387750450643 0.0377428046176154 0.0651284744819072
v 0.0407720024089672 0.0355854354113862 0.0633333719345189
v 0.0416509312598334 0.0351051234618498 0.0693699165974321
v 0.045076205607848 0.031535238196253 0.0576996680170166
v 0.0479830181748687 0.0286858985591108 0.0573147967014556
v 0.0437017393100559 0.0333770528536286 0.0632137758608644
v 0.0513609254976732 0.0247087355415084 0.0583124216647627
v 0.0528276218528883 0.0224082094918954 0.0549719008028642
v 0.0409177687776892 0.0356639260893009 0.0783166591624943
v 0.0426553899388443 0.0340905026633178 0.0784417380012217
v 0.0431751127848533 0.0337358807480548 0.0722919913488268
v 0.0518765755256792 0.0245013749047543 0.0651187520882924
v 0.0534209067799194 0.0224535964453991 0.0603899368545092
v 0.0536980529331391 0.0220149409100285 0.0664956862077208
v 0.0556775097787743 0.016668135208353 0.0617273547763198
v 0.0546229594379278 0.0194663226740429 0.0583743573371193
v 0.0484156358347484 0.0290313809325424 0.0693375648959493
v 0.0458293059955982 0.0317101879052997 0.068309100246393
v 0.0467710254613317 0.0300759317980068 0.0754702724637133
v 0.0510284482697662 0.0259111667804866 0.0711675890062124
v 0.0504478202720315 0.0266743854037232 0.0756079311470585
v 0.0552305019323297 0.0188020652683841 0.073637286079578
v 0.0580311720682298 0.0137261206005478 0.0655970336301698
v 0.054047658372212 0.0216072579212213 0.0756326299998561
v 0.0526096226056206 0.0238896911578625 0.0766116402117872
v 0.0573729673155967 0.0154136220874159 0.0739657959382381
v 0.0587754426787246 0.0122429054991024 0.0726608579316334
v 0.0342819078967289 0.039120254560627 0.0815127991282789
v 0.0363965143129706 0.0381508514639495 0.0825327920666547
v 0.0285434627533544 0.0410165595866172 0.0852004451582584
v 0.0334816903909629 0.0393251890118217 0.0862774811124905
v 0.0365387638403336 0.0378178625486582 0.0881455909605375
v 0.0453470859206986 0.0316628894444797 0.0810281612749088
v 0.0460266727777512 0.0316695021533246 0.0824255850468018
v 0.0399075464335365 0.0360606437335519 0.0811372179752521
v 0.0396868354313897 0.0361578805402338 0.0866109189303224
v 0.042764074189093 0.0341475806684109 0.0829533596376978
v 0.0430621955842688 0.0336091818360264 0.0897526177280146
v 0.0468665733115162 0.0305210536675385 0.088156165480726
v 0.0321092058031225 0.0390560222918465 0.0979286136053184
v 0.0353102393304317 0.0376336972707877 0.0980360594152778
v 0.0330293847219982 0.0384889135456818 0.103164748592949
v 0.0396466961866104 0.0353749807593749 0.095892352568516
v 0.0378214504998006 0.0360791898945447 0.102975568813387
v 0.0446763875070814 0.0318270538490233 0.0945717913452265
v 0.048118320399426 0.0286756772007239 0.0950219073901791
v 0.0457655650066697 0.0304044480198209 0.10045181534549
v 0.0479871792208769 0.0281680535707468 0.101809765930046
v 0.0469870716759981 0.0302968836778621 0.0809796450950186
v 0.049973603664762 0.027311296903202 0.0805465705622362
v 0.0527543244013049 0.0239739335196143 0.0838265482364485
v 0.0498951050451421 0.0277557898278734 0.0829287874066831
v 0.0511326921649271 0.0259371901397874 0.0873235088051906
v 0.0532817876449358 0.0227931290064264 0.0884744882880135
v 0.0552176456879482 0.0199888522812835 0.0847394976297671
v 0.0594243369290803 0.00968718847194914 0.075629728873518
v 0.0593189575580961 0.00942520399144353 0.0863909745253918
v 0.0600803451410676 0.00634880937497762 0.0841137025733988
v 0.0576978192304234 0.0145174816752337 0.0863278582049012
v 0.0600306850186934 0.00400669887553824 0.0912650827197998
v 0.0509706860698867 0.0246746686321779 0.1000339716773
v 0.0541617347574872 0.0207792854459478 0.0928258137785159
v 0.0530027123815715 0.0217463871011648 0.1006075817291
v 0.0553458296417659 0.0175242803583851 0.100895173700814
v 0.0558486228357263 0.017209391646866 0.0945526102682776
v 0.0574390730152287 0.0137358297682846 0.0927844994838322
v 0.0583752450916561 0.00976045739332029 0.0975780729605085
v 0.0566351965204444 0.0143415582042283 0.10187583387583
v 0.0597534491173271 0.000906260342638421 0.0996575818876926
v 0.0603178258844271 -0.000762909428130056 0.0932681231975922
v 0.0591247415384218 0.0057599481689271 0.100650343316579
v 0.0582330957055938 0.00943733723107677 0.103821368498989
v 0.0596320568006104 0.00108413110601523 0.103465969625346
v 0.0598735118651893 -0.0042075661991042 0.0981453135099527
v 0.0573327964859654 0.010664371173801 0.0517114329776809
v 0.0576187410995978 0.0118227739691448 0.0550638658253936
v 0.0583521392639602 0.0123370014272276 0.0608637673351496
v 0.0589937806771125 0.00990554769246768 0.0599040854972064
v 0.0596887920736655 0.00669332332149016 0.0599850844724372
v 0.0603479452363973 0.00225024031126656 0.0589201182471028
v 0.060005892714659 -0.0108799291417128 0.0672483977855693
v 0.0607347923274994 -0.0078586326291985 0.0642278860705456
v 0.0584488886399057 -0.0153686180724417 0.0623743020935141
v 0.0577770502731404 -0.0173494698527267 0.067734484576896
v 0.0576220550190543 -0.0195430104849072 0.0633603436991692
v 0.0609554921544681 -0.00535844097616909 0.0714927400494965
v 0.0604059203161646 -0.00911648913716722 0.0735842029332687
v 0.0607782854402729 -0.00317998276128195 0.0749628905974028
v 0.0607655125550659 -0.00603451923643233 0.077823480151825
v 0.0592437545331007 -0.0125316002200407 0.0751605306154537
v 0.0604135804314757 -0.00902359362900163 0.081777634504573
v 0.0591158873253284 -0.0126025098676916 0.0686874139261562
v 0.0571827295710455 -0.0198501367929719 0.0711213792173476
v 0.0586382900737813 -0.0156517375972094 0.0787470550146253
v 0.0587592634517338 -0.0157253063833487 0.0835583823332557
v 0.0552419547573277 -0.023720379006731 0.0741963411386868
v 0.0608037740378115 0.00206571118630687 0.0806194869502839
v 0.0612621467960834 -0.00081283059408602 0.0734701845878755
v 0.0608860692521923 -0.0018591945227179 0.0784761949973962
v 0.0609679858090885 -0.000224249764187569 0.0822177147149984
v 0.0608664635285293 -0.00571190673532224 0.0818175002564583
v 0.0607519731543524 -0.00265382906275992 0.0870579271630645
v 0.060499579802302 -0.00768127933356615 0.0858201730579497
v 0.0597745186524215 -0.012118587069438 0.0826273258163904
v 0.0593373267765207 -0.0131764074982839 0.0871801587361588
v 0.0597024258482584 -0.00705069999841064 0.0969322821640911
v 0.0593601926392085 -0.0111241728314174 0.0929768511261778
v 0.0581679779388999 -0.0150864797185936 0.0948015525109269
v 0.0576555634289608 -0.0187551334757069 0.085450626919257
v 0.0589041165526603 -0.0104517159575332 0.10115215953451
v 0.0577046585553418 -0.0149900989782506 0.102304679762086
v 0.0580809769309722 -0.0136380148207063 0.106436175562549
v 0.0270530628010739 0.0416763258437673 0.0687422667090453
v 0.0470541596895926 0.0303693943457319 0.0620148808142609
v 0.0492313009145759 0.0280369725260253 0.0634014727555865
v 0.0502532170730169 0.0267028726836056 0.0606979240100297
v 0.045538729399207 0.0320717970306518 0.0717380052732708
v 0.0568635856927711 0.0149657586265026 0.0589516562245814
v 0.0501396200744579 0.0274603219616335 0.0670573959660916
v 0.0588559786048138 0.0118938953770377 0.0670206151104338
v 0.0602976874941952 0.000110643115469931 0.0577510426714719
v 0.0605050522350377 -0.00476535810430119 0.0602875438135725
v 0.0610235951290348 -0.00172693923741377 0.0639804222104863
v 0.0607617646232445 0.00122928789864045 0.0648998798615616
v 0.060640450620599 0.00421655580219819 0.067106739472219
v 0.0600006994711633 0.00787106433413742 0.0682362472450286
v 0.0605259400596044 0.00499091864431854 0.0731290139828985
v 0.0608570544480267 0.00156071254296761 0.0704041727499725
v 0.0609164179425859 -0.00352896890068912 0.0687423278078004
v 0.060433641584196 -0.00971265276525186 0.0630625086000807
v 0.0597585924429428 -0.0120338772815539 0.0633816545663531
v 0.0557719675971664 -0.0237216015211096 0.0709795997738266
v 0.0105148892569331 -0.0526143133770975 0.0829940723483173
v 0.0198095024230774 -0.0526702819791208 0.0834778528941151
v 0.0138868313395132 -0.0523580770532932 0.0860531116030266
v 0.0176943910044387 -0.0523069011724419 0.0861261928752285
v 0.0150660694201286 -0.0529440931871918 0.089508254915936
v 0.0188832187969778 -0.0522800512342156 0.091737286932474
v 0.0259054614445718 -0.0512952758316304 0.080120181182497
v 0.0233544171528936 -0.0516997595418935 0.0825632771294781
v 0.0282053575525923 -0.0506392547778473 0.0771713430488565
v 0.0306691978786435 -0.0501430604839338 0.0798851828485636
v 0.0327816057682636 -0.0498496756832633 0.0770158212649758
v 0.026029648703414 -0.05137958227008 0.0839429836321963
v 0.025782251919555 -0.0514451883617784 0.0872002953806913
v 0.0223443901456775 -0.0519931439831759 0.086412479791748
v 0.0241789249249453 -0.0522778444623609 0.0898461035715735
v 0.0276608872742888 -0.0510071065997247 0.086339325774444
v 0.0286761408818815 -0.0512720216574146 0.0832633545152415
v 0.0332227940754969 -0.0493229833115207 0.0831203488603729
v 0.0301115393003106 -0.0505885760962757 0.0847469765194205
v 0.0310605066380833 -0.0501873212974106 0.0865050305249731
v 0.0244458856837289 -0.0516274244012823 0.0960605131968914
v 0.021851488980406 -0.0520856778333222 0.094351648647229
v 0.0273786928724434 -0.0511497041952306 0.090278169761737
v 0.026062541964331 -0.0514753897406332 0.0932634038169719
v 0.030473530516323 -0.0503816689255357 0.0941619473071609
v 0.0310115955505692 -0.0502611298326119 0.0906797873787116
v 0.0326369097542658 -0.0500931562300466 0.0897026392219076
v 0.0371832113106547 -0.0479277295201803 0.0898876349057113
v 0.028060705185594 -0.0515720843819012 0.0965763501033569
v 0.0265892509724166 -0.0513801233811332 0.0988007928537248
v 0.0255755980428966 -0.0515215057619115 0.10008946018134
v 0.0271389342852866 -0.0511340877574456 0.100275810762636
v 0.03036636606663 -0.0504750575468313 0.0982894026435225
v 0.0359976045755396 -0.0484626238748536 0.0934863028907438
v 0.033435535165564 -0.0493759521905139 0.0978137929987158
v 0.0487859819521548 -0.0310235815239807 0.108408027260713
v 0.0465890893364307 -0.0338267179049808 0.111884603175466
v 0.0504955035382744 -0.0292242870998839 0.110209310117893
v 0.0193441557759291 -0.0454587725166955 0.10481087746608
v 0.0151172380384183 -0.0457077609422484 0.106793825258626
v 0.0232751076080991 -0.0457641412148869 0.1131055246187
v 0.0241388496392432 -0.0448850534619335 0.106789525245198
v 0.0191069399352911 -0.0459864935166152 0.111183019215077
v 0.0272963039159639 -0.0443851961836625 0.109991127858046
v 0.0312189190346138 -0.0434367568575803 0.11189262888979
v 0.0307311085165692 -0.0430401376456535 0.10684613233248
v 0.0308100803557524 -0.0503148347765993 0.100302391956772
v 0.0295847094602352 -0.0505935097171213 0.104008817698698
v 0.0259616580113425 -0.0514102035256105 0.107315062614097
v 0.0324482109729013 -0.049795990899484 0.10583071177135
v 0.0374334613837568 -0.0483741366106255 0.0968769707493012
v 0.0350725883735453 -0.0488286739442938 0.100361003231987
v 0.0386021051353355 -0.0473327296708527 0.0999183656957926
v 0.0370819290934939 -0.0479619677096037 0.104551803459122
v 0.0327952661023493 -0.05014680207196 0.102724250938754
v 0.0308105239511079 -0.0501819442082897 0.111622325700156
v 0.0362841936995955 -0.0482593795818743 0.113781363221488
v 0.0410563595860806 -0.0466549330578839 0.102500282590266
v 0.0278321486632203 -0.0454542689257764 0.116871239650214
v 0.033282225149184 -0.0436229446124248 0.116955017909346
v 0.0294286542164903 -0.0457173097642504 0.120461126428044
v 0.033366272152596 -0.0446303236491551 0.122075426953016
v 0.0361504150949815 -0.0408432222178905 0.108563694169985
v 0.0364007652988856 -0.0415232846131906 0.113456820638944
v 0.0405611783378981 -0.0384621459382523 0.110396919154698
v 0.0423418449481161 -0.0367692331428573 0.105048179825714
v 0.0383758723511085 -0.0422598819057157 0.121937848230197
v 0.0449683523719147 -0.0348067861522921 0.108205664024049
v 0.0434512816690572 -0.0370338698572043 0.113942744108974
v 0.0415262685078399 -0.0391091510752591 0.116616839370277
v 0.0412931985659591 -0.0457716068624135 0.11364493434681
v 0.041336317933625 -0.0458714069168365 0.106127355084053
v 0.0443686116871141 -0.0439403889060112 0.11286547927221
v 0.0426447691414838 -0.0448434920787206 0.121558662720371
v 0.0450358773612739 -0.0433468070671109 0.121178216611228
v 0.0377304388938948 -0.0473736377418579 0.121501357797889
v -0.0118559470147706 -0.0448913477371632 0.0914366022382605
v -0.00817978465496637 -0.0465957842952407 0.0920882223154154
v -0.0056104463008885 -0.0478464000054592 0.093485457733605
v -0.00314934678955342 -0.0495098029783977 0.0899895913356263
v -0.00876397046068544 -0.0468342744472054 0.0972124404034727
v -0.00605798580930073 -0.0476325944876386 0.0983152197079736
v -0.00108483125675778 -0.0496024904808541 0.0998593241680343
v -0.000881611371865135 -0.049786623088479 0.086428645731462
v -0.00106228159338329 -0.0496874333712423 0.0937770458084452
v 0.0059966672748682 -0.0520930351585357 0.0895451946568777
v 0.0101871073736844 -0.0520548433353808 0.0890178604645058
v 0.00354587455025905 -0.0510003418523465 0.0926467675413704
v 0.00114540072431601 -0.0506692397893433 0.0972593797853781
v 0.00648168017315204 -0.0515669875591068 0.0961724883564608
v -0.0059759687796219 -0.0476128266625601 0.101346747833702
v -0.00359675886762193 -0.049103524655149 0.102331767355639
v -0.00322281751813057 -0.0487606351491913 0.10531160231829
v -0.000407180159936084 -0.04976325913904 0.103963611213602
v -0.00167654227705598 -0.0424075982303101 0.108060765369554
v -0.00436363641315051 -0.048189853721764 0.114194008142962
v -0.0012361350385098 -0.049400304054291 0.1153968575254
v 0.00370237241738331 -0.0510016528825219 0.098689507051196
v 0.00312184256941072 -0.0508477668874493 0.104068897720898
v 0.00516035861825034 -0.0517438189316735 0.102348550648693
v 0.00715726587009423 -0.0516937442930013 0.099936672374614
v 0.00807833137768638 -0.0518505964327551 0.0988260573254454
v 0.0098196815285973 -0.0527025815106621 0.0963934720919726
v 0.0105533560876509 -0.052212646218722 0.0986451832444207
v 0.0119877210893987 -0.0522240701964478 0.100089387351989
v 0.0037187246049981 -0.0508828696448566 0.107635710080164
v 0.0108629540145634 -0.0521555626052788 0.104529571964492
v 0.00600513548524542 -0.0514153490944659 0.106155863620381
v 0.0107880354272341 -0.0521167544423586 0.113145805638298
v 0.00900114604874968 -0.0519723554695966 0.093159273013246
v 0.0132301312848862 -0.0523211640593125 0.0920358227154713
v 0.0128218366639509 -0.0522994304030153 0.0964654218131769
v 0.0182703069381725 -0.0525963379332973 0.0961906899279722
v 0.0145319165178204 -0.0528897313133859 0.102512932572206
v 0.0166328164827825 -0.0524054518043872 0.0995666896743844
v 0.0187746122102487 -0.0522750115589723 0.102657765740161
v 0.0152492559351477 -0.0523460152605786 0.106005222029044
v 0.0214506857444981 -0.0521165505584817 0.0994931801673131
v 0.0235739720862658 -0.0523243732452962 0.102584311382415
v -0.00225213792909213 -0.0428800675147818 0.113538370607125
v 0.00263410447908317 -0.0440459695466032 0.109219634268462
v 0.00297803233284435 -0.0449584979489191 0.114958800461755
v -0.000398230969123484 -0.0451065150995036 0.12106263902934
v 0.00440685258746669 -0.0462914226399353 0.119652309328121
v -0.0017968932112271 -0.0490557299733207 0.122215966459565
v 0.00196410346355099 -0.0503880226955296 0.117928795240165
v 0.00367092858850219 -0.0506042362087266 0.123193922945199
v 0.00737471137030384 -0.045003215499828 0.10735104126284
v 0.0105880251564263 -0.045581892459745 0.108945194365723
v 0.0091371951796228 -0.0460467574077282 0.113391222070328
v 0.00632749143071175 -0.0514128697799483 0.117363840623777
v 0.0115394768249582 -0.0455000405787906 0.103678461549342
v 0.0135462137894957 -0.0461553385999959 0.111812104553825
v 0.0149986470937599 -0.0522589751525934 0.119378307557568
v 0.00867160383842444 -0.0469427518584062 0.118516659115629
v 0.0100539110129251 -0.0518974006488602 0.121688421530455
v 0.018637374499308 -0.0468055868842907 0.116225321053676
v -0.000277696137837038 -0.0457314040461362 0.122960637682165
v -0.000791081132452782 -0.0466146276726315 0.124376039797149
v 0.0045044190636632 -0.0469938138454279 0.122546023725764
v 0.00660006977809057 -0.0482020803541705 0.123923754005034
v -0.00204731338685175 -0.0486316587233519 0.124078487663222
v -0.003468340569784 -0.0472031280311163 0.124819694885206
v 0.00261830678558065 -0.0497766339103764 0.12458523220258
v 0.0042791961618849 -0.0493028215251102 0.125017428870385
v 0.00903347472618771 -0.0477144973518072 0.122170356430193
v 0.0137250341800411 -0.0476313782403092 0.119644250870255
v 0.0110215314251296 -0.0491182470183158 0.124246830918099
v 0.0151256217138746 -0.052104708518517 0.122987954388111
v 0.0107076750046621 -0.051646204411833 0.123899496804623
v 0.0148002935586631 -0.0517286144184449 0.124445164066513
v 0.0180652041944166 -0.0501753977522402 0.124955771818444
v 0.0108560879811891 -0.0506709403957231 0.124949907414982
v 0.0199022888178972 -0.0509459832347978 0.12486858014572
v 0.019627953896766 -0.0481320062690124 0.122381715210727
v 0.0165827217556599 -0.0488800326280406 0.123734038623577
v 0.00769923768604713 -0.0508609820880414 0.124681497121827
v 0.018533554481967 -0.0522448722381719 0.112504874886708
v 0.0225357377300573 -0.0519773929030381 0.105986176636376
v 0.0241770105991725 -0.0515539401781931 0.121352430835793
v 0.0282502257552159 -0.0507963295098047 0.117792446431184
v 0.0237659830078904 -0.0471747771891082 0.120945314305407
v 0.0197748447411752 -0.0520624041608958 0.121493238942469
v 0.0237149611717205 -0.0482337606876349 0.123908984922763
v 0.0198881582450614 -0.0516366110774726 0.124041563712123
v 0.0282622902905537 -0.0472562937236306 0.12397997063088
v 0.0287773075537358 -0.0504392144755736 0.122917250015614
v 0.0257335559637868 -0.0489144861885181 0.124820563872602
v 0.0325946642685299 -0.0494699625700683 0.121721523802754
v 0.0252160528889652 -0.0509532516125166 0.124112053613155
v 0.0280286048917378 -0.0498894950963426 0.124652162412447
v 0.0333713609370738 -0.0487277514231293 0.124225107477121
v 0.0455396448050663 -0.0430323420464521 0.0707386908193124
v 0.0424736144506495 -0.0446417200245731 0.0720577133295077
v 0.0441308388559286 -0.0436662443670308 0.0750892918805579
v 0.0497783501069124 -0.0393407024725361 0.0728886591263246
v 0.0472165350099646 -0.0415671849663144 0.0739758732357891
v 0.0490992426696091 -0.0408693478546752 0.0769057365954156
v 0.0469475143169567 -0.0420696534427305 0.0806058397079912
v 0.0552884462220057 -0.0337841759264104 0.0644216602159332
v 0.0567851106276089 -0.0313733994374763 0.0678714920084252
v 0.0572468771550473 -0.0302072436810802 0.0641467089072904
v 0.0537230580766268 -0.0350639628166315 0.0673476791534865
v 0.0589773341097123 -0.0281793537324847 0.069798862839847
v 0.0581226190505367 -0.0307315889545117 0.0711075632046754
v 0.0547582503801115 -0.0340232996672562 0.0707157981666746
v 0.0562351947393151 -0.0324131346057335 0.0715544132063492
v 0.0570758733684324 -0.031435505583393 0.0732133135950487
v 0.0514944101656369 -0.0372911755583462 0.0662283375808212
v 0.0529633835961786 -0.0370595427908079 0.0703090782914912
v 0.0530817056624217 -0.0361929597074887 0.0737802772962569
v 0.0493650550484033 -0.0401117667231686 0.081547222989635
v 0.0516086727418488 -0.0386264356940298 0.083127649924501
v 0.0499705967443168 -0.0396872695983714 0.0864140269201081
v 0.0592827274410853 -0.0279595844565765 0.0742765678022878
v 0.0581686865365011 -0.0300041867479482 0.0785076751144399
v 0.0566277963215874 -0.0320344949391114 0.0749367053373002
v 0.0558381841975732 -0.0341281947443856 0.0773862252419495
v 0.0610519130457799 -0.0261042068903005 0.0772423507935612
v 0.0602273470366234 -0.0268415874186357 0.0820489666086966
v 0.0623478395593599 -0.022614381019119 0.0809287350120153
v 0.0556907982164944 -0.0335851055993549 0.0810831148441336
v 0.058360385464757 -0.0309361058992332 0.0833985128711685
v 0.0533746662057251 -0.0362139920897586 0.0795704867976338
v 0.0569859709703791 -0.0321246180349849 0.0873469876189525
v 0.0545423916870555 -0.0351129595870377 0.0863497815740392
v 0.0368985200540559 -0.0477930488014915 0.0779716315066993
v 0.0349106462761075 -0.0487670225282736 0.0804949864169208
v 0.0386047116585887 -0.0468118752819442 0.0740434570728362
v 0.0377205462326213 -0.0481687741921952 0.0825734452797322
v 0.0400779637357924 -0.0464166874104811 0.0811407988336898
v 0.0411495259241045 -0.0461766150369975 0.0768184913921476
v 0.043403156385806 -0.0444289275800406 0.0794452240838923
v 0.0375683908827326 -0.047699721629426 0.085903020779506
v 0.0456714738514409 -0.0436139009708286 0.0836761637160294
v 0.0429164980234957 -0.0448742474507749 0.0852778000907285
v 0.0467065913249885 -0.0424600377978968 0.0858821573867792
v 0.041650487818735 -0.0461653283010489 0.0895707244074869
v 0.0439496463122227 -0.0443047181846016 0.089349887855424
v 0.043296104279292 -0.044803615951014 0.0931468373967441
v 0.0464918718898945 -0.0425774825301662 0.0933863381641753
v 0.0491037959764492 -0.0405752237107926 0.0870309023206566
v 0.0466233095929189 -0.0424527376162869 0.087595995306195
v 0.0491525932203184 -0.0411065798312343 0.0895146723338038
v 0.0526223828533672 -0.0370730465284727 0.0876050048541814
v 0.0559122158068451 -0.0342998723668752 0.0898113638688726
v 0.0525574134587082 -0.0372623718585387 0.0914909052333866
v 0.0572071685122375 -0.0318989869659742 0.0936855265725957
v 0.0597496949115796 -0.0278308116858214 0.0927556710181243
v 0.0581027185049802 -0.0312521819886333 0.0976716597494498
v 0.0541448465089347 -0.0355701254344761 0.0948065600282352
v 0.0518885441064021 -0.0385960913129394 0.0972415150800717
v 0.0622636468630475 -0.0235230425832289 0.0849221539264083
v 0.0613447148458564 -0.0249902226550941 0.0870854627596008
v 0.0634363651671302 -0.0203243019702827 0.0866687074757169
v 0.0612262722472607 -0.0263394081680113 0.0898008684324194
v 0.0592487253350219 -0.0287516152288146 0.0879352979545444
v 0.0625215954398094 -0.0222751572786313 0.0894107146349808
v 0.0603920970165399 -0.0267375308193508 0.0957979313228535
v 0.0642116593324442 -0.0179214950933773 0.0943786244783831
v 0.0645835760432196 -0.0168632948894996 0.0991463710737548
v 0.0623174507820879 -0.0230216004453564 0.0936270346931006
v 0.0630279533519291 -0.0212751815415699 0.100128030177642
v 0.0612943452666917 -0.0250512154487923 0.100315739308847
v 0.0628386059934357 -0.0228070971501219 0.0970798039839925
v 0.056626192457191 -0.0182440902981644 0.108373498753205
v 0.0645641180375105 -0.0185902245869536 0.102729252727397
v 0.0618216924842566 -0.0237693131949856 0.104408193690462
v 0.0610018280712622 -0.0267504823602801 0.102654967069833
v 0.0631866673850238 -0.0207956186178007 0.106115267622311
v 0.0557251553756992 -0.0336314045293158 0.0987085793459983
v 0.0573245273346509 -0.0315972282212389 0.100566860472457
v 0.0535418958069437 -0.0363370791727205 0.0999816342325621
v 0.05170353079776 -0.0380631104793825 0.10152340474965
v 0.0550816760068855 -0.0352219413748221 0.10292617603193
v 0.056417467749413 -0.0328110122129425 0.104708777638507
v 0.0594126708849027 -0.0284942740350456 0.102348743909812
v 0.0581248473659173 -0.0302119431007128 0.108597137641893
v 0.0600921336572672 -0.0271116096732878 0.106449610770578
v 0.0548422092786782 -0.034645316600485 0.10662913447881
v 0.0555685578418992 -0.0336856007044275 0.113590152427009
v 0.0408498802417052 -0.0461412274056965 0.0979527402630481
v 0.0450767454151686 -0.0442168574764587 0.0967063929607117
v 0.0471071993261051 -0.0420805497706295 0.099186480251845
v 0.0493267445452997 -0.0403097786406007 0.0936037948522774
v 0.0430262354200262 -0.0449427731056312 0.0996255868630649
v 0.0455815810827858 -0.0432095366559464 0.0998497215988864
v 0.0471085702348204 -0.04244055735625 0.10256758064395
v 0.0487847058398127 -0.0415024745245171 0.10253468136855
v 0.0435224444073111 -0.0445573537743477 0.104479288841703
v 0.0461222379742678 -0.0427841013401357 0.105190781234807
v 0.0500096601319067 -0.039782199789041 0.0995043518246214
v 0.0394342708724347 -0.0469545615065811 0.0947671879498918
v 0.0517734086156202 -0.0379031081255312 0.10575644529241
v 0.0481878946567498 -0.0411923835101152 0.106049076486461
v 0.0476986394351295 -0.0414088349779908 0.120380493103476
v 0.0510495612083035 -0.0386446632139246 0.112895725067232
v 0.0591313654032306 -0.0138000248889249 0.115127355081036
v 0.0604635139782268 -0.014546488219193 0.122534433948549
v 0.0624719124248446 -0.0110413850663537 0.124790844551609
v 0.0613776702803496 -0.0155175094816948 0.124786467601483
v 0.0334403304288963 -0.045418456933141 0.123882216428733
v 0.0487324680828698 -0.0329362920395148 0.116678295468984
v 0.0521504586498135 -0.0290232072809102 0.117219771717639
v 0.0466619488706493 -0.0360445272825763 0.12051757514822
v 0.0438632903256553 -0.0387193826077154 0.121686061904843
v 0.0530234013989035 -0.0295855863870946 0.1224690790802
v 0.0542538999346631 -0.0288410690874651 0.123985589547154
v 0.0510285208421842 -0.0337787152571871 0.124568883179971
v 0.0470617134419402 -0.0369049125165996 0.122893060651584
v 0.0445950061467044 -0.0400146324240425 0.124593163112471
v 0.0474708686836945 -0.0386630687364529 0.124928684082635
v 0.0492101703999778 -0.0341796103160137 0.122134160708166
v 0.0409741701818294 -0.041508262483707 0.123862546211126
v 0.0384756742528561 -0.0467303814018195 0.123736224179519
v 0.0373186393341064 -0.0445055693957203 0.12476350734474
v 0.0313919908603823 -0.0475382790904406 0.125011326294994
v 0.0345889309821112 -0.0474299316848203 0.125027670733997
v 0.0407064159648132 -0.0435797441491049 0.12520502337185
v 0.0398439303223881 -0.0454029825947724 0.124818643771499
v 0.0424586513709168 -0.0444584439916034 0.124172832179012
v 0.0458953012252322 -0.0415053001064226 0.125083161701177
v 0.0475948024526022 -0.04105652607913 0.12354431519564
v 0.0521672152086919 -0.0340781385425276 0.125402573647268
v 0.0576916801350123 -0.0164335334461903 0.11134282523121
v 0.0553909666983868 -0.021481922476299 0.110539018628768
v 0.0570262978791283 -0.0216291947018503 0.119041670160726
v 0.0642783421980462 -0.0175519679441388 0.106438220860513
v 0.0622529253434809 -0.0227223299035018 0.114366703810882
v 0.0642540888071919 -0.0174956233029703 0.11484056950957
v 0.0591194566302275 -0.0170685216209504 0.119975977219062
v 0.0539933412782677 -0.0254041447252967 0.114680496440367
v 0.0601380920509766 -0.0268618193309471 0.11375996888323
v 0.057924295793554 -0.030386324634649 0.120912542255398
v 0.0557884741776945 -0.0256566439130589 0.122984857665782
v 0.0617793417617334 -0.0236064529207617 0.12227658777482
v 0.0599353559791475 -0.0271606918031146 0.11969436993477
v 0.0650141875798867 -0.0149923571695219 0.121621118989618
v 0.0659607292255572 -0.0100872352804067 0.122788359554771
v 0.0635828709969362 -0.0193239734991038 0.12261325466927
v 0.0593017168704792 -0.019184249358372 0.123668996007517
v 0.0642737386201464 -0.0161110359829772 0.124183766703432
v 0.0655388819407385 -0.0105048229829015 0.124341165626394
v 0.063194369195377 -0.0137287493345003 0.125683098406083
v 0.0642352923675686 -0.0139655178124645 0.125320778366562
v 0.0625416040814644 -0.0211647457512977 0.12426833803524
v 0.0587619701071922 -0.0227722512385182 0.124987252188289
v 0.0606756395959326 -0.0248737869656732 0.124496170163558
v 0.0568651907153446 -0.0264790729229701 0.125133250562101
v 0.0560875038180096 -0.0324580108828977 0.123459111921114
v 0.0591978195592936 -0.0277734063694276 0.123894102922686
v 0.0592882959252165 -0.0250803428129037 0.125578759796032
v 0.0583371598802485 -0.0278848817290843 0.125389838906434
v 0.0559810741570366 -0.0298334042048853 0.125549022785926
v 0.0612418240901645 -0.0222378733056959 0.12547794463068
v 0.0537947010614683 -0.0357028727028825 0.120143995646793
v 0.0502392151911826 -0.0392325027131493 0.12035090344853
v 0.0519200082352175 -0.0373300100640368 0.123386773225512
v 0.0493033528730849 -0.0390461610168489 0.124709572440173
v 0.0556934468491671 -0.0323354247676785 0.12483545941427
v 0.0528789423879141 -0.0350195993437079 0.125265529897028
v -0.00368448865822755 -0.0416291006762567 0.0972316930994377
v -0.0067362827308829 -0.0400999111599727 0.0963757522295875
v 0.000650349309926753 -0.0434431551651322 0.0974953118008944
v 0.00336902341155516 -0.0450155334184236 0.0883342148543038
v 0.00788763913271452 -0.045699233844714 0.0924783060671641
v 0.0106180906628803 -0.0464977319604044 0.0874340227300578
v 0.00464732095048921 -0.0445688965706984 0.0979707389566885
v 0.00744547042610912 -0.0449526634800415 0.10155713800222
v 0.0106412970902201 -0.0456967805162113 0.0974687180916829
v 0.0138496380921357 -0.0465141548253081 0.0908258504909914
v 0.0154447505077737 -0.0461429333936162 0.0949964935441384
v 0.0163860745254149 -0.0468143458158038 0.0865859025894776
v 0.0170244009461032 -0.0470085280066551 0.0801262650809884
v 0.019326856674476 -0.0463836300764396 0.0897348039779792
v 0.0229409306902692 -0.0463038434553369 0.083827294254574
v 0.0265369845327168 -0.0454792534987811 0.0851120418709032
v 0.0321701971798202 -0.0437220553477813 0.0852795293541812
v 0.0352911356788154 -0.0425254103070218 0.0839681094795563
v 0.0367962062214562 -0.0416879389608626 0.0795812836748669
v 0.0190020439151676 -0.0458027057249882 0.0969982624703843
v 0.0241581114703334 -0.0450173767006313 0.0980918688619978
v 0.0164296635402798 -0.0457409585709278 0.101293248154454
v 0.0227167828000832 -0.0450756818000319 0.102020304241002
v 0.0288410558719489 -0.0438684753024568 0.0983060342782244
v 0.0341677045152558 -0.0422562468363707 0.0938713081066149
v 0.0323011558341293 -0.0426074006454979 0.0992193643145297
v 0.0364953195155968 -0.0416932966859129 0.087914509817862
v 0.0381861295055572 -0.0401522599071073 0.0943468105719742
v 0.0404325281433185 -0.0392400868794202 0.0897255225334442
v 0.0486818607436184 -0.030925033701037 0.103505060689604
v 0.045778963490664 -0.0339414491004664 0.102447411833021
v 0.0271296629020312 -0.0441823898177518 0.102960531383188
v 0.0405844424523655 -0.0382717955595554 0.0992814882632768
v 0.0449744935973204 -0.0354112179017611 0.0945567058232312
v 0.0439244446644527 -0.0357663756563425 0.09904964581888
v 0.0343890267686198 -0.0415692433675798 0.102515186212019
v 0.0385533090263986 -0.0393145756416056 0.104017443925164
v -0.00530531131313817 -0.0405311150734168 0.10416936933458
v -0.00115804032873885 -0.0424906094654246 0.102192358103844
v 0.00277560427639033 -0.0438712652526543 0.103008124890908
v 0.0486828947472779 -0.0328476537499222 0.0720544292337697
v 0.0465607179089733 -0.0353207735478023 0.0714558029525042
v 0.0400337896592943 -0.0401022016752999 0.0820560579286513
v 0.0462348926320135 -0.0354053770362784 0.0786078165026524
v 0.0422505789972308 -0.0386529520831629 0.0817041559427045
v 0.0499319686740299 -0.0314074156376205 0.0773667409018978
v 0.0538130953159131 -0.02688483897694 0.0745884002785361
v 0.0548738345501901 -0.0243705119710767 0.0787260391397642
v 0.0535501019931537 -0.0267854154523686 0.0785360057223172
v 0.0520947434266966 -0.0282227482364082 0.0788375287183373
v 0.0512558554962434 -0.0302110659418126 0.0743854770966745
v 0.0531140615663572 -0.0274767337294927 0.0829129360923033
v 0.0551135100980166 -0.0241166721452952 0.0853152443816936
v 0.0513140751827619 -0.0300619094148808 0.0815255843323182
v 0.052972409664921 -0.0272772880871109 0.0873301620063222
v 0.0452923498288584 -0.0362947405286744 0.0813106051621782
v 0.0481927911535236 -0.0336580468066958 0.0812847500445515
v 0.0469681053482971 -0.0345558282262984 0.0854215999024679
v 0.0437086668495774 -0.0372424433711132 0.0866618872994231
v 0.0499481873903602 -0.0312695840139496 0.0868004745406129
v 0.0473203278169853 -0.0329528520503031 0.0960501846701105
v 0.0561491267705599 -0.0199508146787515 0.0968527618143957
v 0.0545583436727733 -0.0237570025345862 0.0931455741090102
v 0.0522710508244414 -0.0268008831429377 0.0966098034992792
v 0.0541343834660453 -0.0235308106047197 0.0993592298402662
v 0.0497180464274703 -0.0301182011718334 0.0974594441438246
v 0.0514530907871974 -0.0274231672375865 0.103919189708588
v 0.0560996368131752 -0.0191697862407797 0.103433502235084
v 0.0545422214052782 -0.0224282051004956 0.104600195587146
v 0.0531990239096103 -0.0249412787653475 0.107423186227144
v 0.0507743605707584 -0.0308903848986197 0.0687409565589604
v 0.053500086234153 -0.02757248791925 0.0710693046497709
f 3 1 2
f 4 2 5
f 2 4 3
f 6 7 1132
f 8 9 10
f 11 12 13
f 14 13 12
f 11 13 15
f 13 547 15
f 16 11 15
f 17 12 11
f 16 18 17
f 12 19 584
f 22 584 19
f 11 16 17
f 17 19 12
f 20 18 16
f 19 18 21
f 83 18 20
f 23 595 22
f 17 18 19
f 22 19 21
f 24 15 547
f 15 24 27
f 28 15 27
f 27 24 26
f 27 26 25
f 29 27 25
f 28 16 15
f 33 28 27
f 30 33 29
f 27 29 33
f 32 30 29
f 31 29 25
f 29 31 32
f 32 34 30
f 30 34 121
f 16 28 20
f 35 20 28
f 35 28 33
f 30 35 33
f 36 20 35
f 37 35 30
f 37 30 121
f 37 121 38
f 121 34 39
f 41 42 43
f 41 45 46
f 47 43 42
f 42 41 46
f 48 49 50
f 53 52 51
f 54 41 55
f 55 43 51
f 51 43 53
f 43 55 41
f 51 52 49
f 6 49 52
f 7 52 56
f 7 6 52
f 51 49 55
f 49 48 55
f 54 55 48
f 54 45 41
f 54 57 45
f 54 48 57
f 58 57 48
f 48 50 58
f 50 59 58
f 60 61 62
f 64 65 60
f 62 63 60
f 66 61 45
f 67 66 58
f 59 67 58
f 67 59 69
f 74 67 69
f 68 66 67
f 70 73 223
f 71 225 73
f 66 68 72
f 62 61 72
f 66 72 61
f 62 72 70
f 63 62 70
f 73 70 72
f 68 74 73
f 73 72 68
f 68 67 74
f 75 46 65
f 46 45 76
f 76 45 61
f 65 46 76
f 75 1 44
f 46 44 42
f 46 75 44
f 65 2 75
f 75 2 1
f 5 2 65
f 65 64 5
f 61 60 76
f 65 76 60
f 66 57 58
f 45 57 66
f 327 77 78
f 327 334 77
f 79 111 80
f 21 81 23
f 81 82 23
f 81 21 83
f 84 85 595
f 84 595 23
f 84 88 86
f 23 22 21
f 82 84 23
f 88 84 82
f 80 87 79
f 88 102 86
f 617 86 102
f 90 89 50
f 89 90 91
f 91 90 92
f 6 90 49
f 9 90 6
f 9 6 1132
f 50 49 90
f 92 9 8
f 9 92 90
f 59 50 89
f 93 89 91
f 91 92 93
f 93 92 94
f 93 111 89
f 111 93 80
f 8 95 92
f 95 8 96
f 94 92 95
f 96 97 95
f 96 98 97
f 95 97 94
f 97 99 94
f 99 87 80
f 87 99 102
f 99 97 100
f 87 102 88
f 102 99 101
f 101 103 102
f 100 101 99
f 100 104 101
f 104 103 101
f 98 100 97
f 98 105 100
f 36 106 83
f 69 59 109
f 59 89 109
f 69 109 110
f 114 69 110
f 112 109 111
f 79 112 111
f 112 79 106
f 89 111 109
f 110 109 112
f 108 110 112
f 73 74 71
f 71 74 114
f 71 114 115
f 115 114 116
f 113 114 110
f 110 108 113
f 116 119 243
f 114 113 116
f 116 113 119
f 69 114 74
f 20 36 83
f 107 36 35
f 107 35 37
f 37 38 107
f 87 106 79
f 117 107 38
f 4 5 122
f 4 122 123
f 128 123 122
f 125 126 124
f 4 124 3
f 124 127 3
f 126 127 124
f 123 124 4
f 125 124 123
f 128 137 123
f 123 130 132
f 129 132 130
f 137 130 123
f 125 123 132
f 131 126 125
f 132 131 125
f 133 138 235
f 135 138 133
f 134 135 133
f 135 239 136
f 239 135 134
f 137 235 138
f 137 138 130
f 138 129 130
f 135 139 138
f 135 145 139
f 139 129 138
f 129 140 141
f 129 141 132
f 142 132 141
f 139 140 129
f 1367 141 140
f 1367 142 141
f 136 145 135
f 143 139 145
f 144 145 136
f 144 143 145
f 139 143 140
f 143 1367 140
f 146 1367 143
f 146 143 154
f 136 239 147
f 148 147 239
f 150 147 149
f 149 147 148
f 149 151 150
f 151 149 152
f 151 152 162
f 160 151 162
f 144 147 153
f 158 153 147
f 147 144 136
f 158 147 150
f 153 154 144
f 154 143 144
f 154 153 155
f 154 155 1368
f 158 155 153
f 156 157 155
f 158 160 159
f 158 150 160
f 160 150 151
f 156 155 158
f 157 156 1416
f 159 156 158
f 159 1416 156
f 161 162 152
f 163 162 161
f 161 312 163
f 163 164 162
f 164 163 166
f 165 163 312
f 165 166 163
f 169 160 168
f 160 162 168
f 164 168 162
f 164 169 168
f 169 159 160
f 169 1416 159
f 172 1416 169
f 170 172 169
f 170 169 171
f 173 172 170
f 169 167 171
f 174 171 167
f 175 171 174
f 167 169 164
f 167 164 166
f 171 173 170
f 173 171 175
f 175 176 173
f 172 173 1431
f 1431 173 176
f 177 178 180
f 238 187 244
f 179 180 181
f 181 180 178
f 188 183 185
f 186 187 179
f 188 187 186
f 188 186 181
f 183 188 181
f 186 179 181
f 189 188 185
f 194 178 192
f 194 192 193
f 194 193 197
f 195 178 194
f 191 197 193
f 197 191 196
f 196 191 190
f 197 199 198
f 194 197 195
f 199 197 196
f 178 195 182
f 182 181 178
f 203 182 200
f 183 182 203
f 200 182 195
f 198 200 195
f 195 197 198
f 201 200 198
f 201 198 202
f 183 203 184
f 184 185 183
f 184 203 204
f 203 200 204
f 204 200 201
f 201 205 206
f 207 204 206
f 206 204 201
f 182 183 181
f 205 202 208
f 202 198 199
f 199 208 202
f 201 202 205
f 205 209 206
f 209 205 210
f 206 209 207
f 215 63 70
f 64 60 215
f 214 64 215
f 215 60 63
f 215 216 218
f 219 218 216
f 216 215 70
f 216 70 217
f 218 214 215
f 221 220 219
f 128 222 137
f 213 212 214
f 222 213 214
f 214 218 222
f 235 218 220
f 222 235 137
f 235 222 218
f 217 219 216
f 220 218 219
f 217 223 224
f 225 223 73
f 224 223 225
f 177 224 226
f 224 225 226
f 225 227 226
f 217 70 223
f 177 228 224
f 228 177 229
f 228 217 224
f 228 219 217
f 179 229 180
f 219 228 229
f 230 219 229
f 192 177 226
f 177 192 178
f 229 177 180
f 212 64 214
f 64 212 5
f 122 5 212
f 128 122 212
f 212 213 128
f 222 128 213
f 233 220 221
f 221 219 230
f 221 230 231
f 232 221 231
f 233 221 234
f 235 220 233
f 233 236 235
f 133 235 236
f 134 133 236
f 237 236 233
f 237 233 234
f 237 234 303
f 187 232 179
f 234 221 232
f 232 238 234
f 303 234 238
f 238 232 187
f 236 237 134
f 239 134 303
f 303 134 237
f 230 229 231
f 179 231 229
f 232 231 179
f 227 115 240
f 227 240 241
f 242 240 115
f 116 242 115
f 227 225 71
f 227 71 115
f 241 240 193
f 226 227 241
f 241 192 226
f 192 241 193
f 242 193 240
f 242 191 193
f 116 243 242
f 243 191 242
f 191 243 190
f 243 119 118
f 245 238 244
f 245 244 253
f 247 245 253
f 247 246 245
f 307 246 247
f 248 247 253
f 189 185 250
f 252 244 188
f 244 187 188
f 249 253 252
f 249 252 188
f 253 244 252
f 249 188 189
f 249 189 254
f 251 254 189
f 249 254 255
f 251 256 254
f 254 262 255
f 262 254 256
f 249 255 253
f 255 248 253
f 258 308 247
f 257 247 248
f 258 247 257
f 260 257 259
f 260 258 257
f 2545 258 260
f 2545 260 259
f 311 258 2545
f 261 255 262
f 263 261 262
f 263 267 261
f 264 262 256
f 263 262 264
f 265 267 263
f 264 265 263
f 264 266 265
f 248 255 261
f 257 248 261
f 259 261 268
f 268 2553 259
f 268 261 267
f 268 267 269
f 269 267 265
f 269 265 270
f 266 270 265
f 2538 269 270
f 259 257 261
f 290 282 272
f 272 273 290
f 272 284 274
f 273 272 274
f 274 275 273
f 274 276 277
f 278 274 277
f 277 988 278
f 274 278 275
f 279 275 278
f 185 184 250
f 184 204 281
f 250 184 281
f 250 280 251
f 280 250 281
f 282 251 280
f 251 189 250
f 211 207 209
f 207 211 281
f 207 281 204
f 211 271 281
f 281 271 280
f 256 251 282
f 280 271 282
f 283 256 282
f 272 271 284
f 282 271 272
f 209 276 211
f 276 284 211
f 209 210 276
f 211 284 271
f 274 284 276
f 276 210 285
f 282 286 283
f 286 287 266
f 287 286 288
f 290 286 282
f 288 286 290
f 289 288 290
f 287 270 266
f 287 2539 270
f 2539 287 292
f 2538 270 2539
f 288 292 287
f 292 288 289
f 290 291 289
f 293 292 289
f 290 273 291
f 291 273 294
f 294 273 275
f 291 294 297
f 291 297 295
f 275 279 294
f 297 294 279
f 291 299 289
f 299 291 295
f 299 295 298
f 293 289 299
f 295 297 296
f 296 301 298
f 295 296 298
f 299 298 300
f 300 298 301
f 264 256 283
f 266 264 283
f 266 283 286
f 304 302 303
f 306 148 302
f 306 302 304
f 238 245 303
f 304 303 245
f 148 239 302
f 302 239 303
f 307 304 246
f 305 304 307
f 149 148 306
f 305 306 304
f 308 307 247
f 308 305 307
f 152 306 305
f 245 246 304
f 306 152 149
f 152 305 161
f 309 305 308
f 161 305 309
f 310 308 258
f 310 309 308
f 161 309 312
f 311 312 310
f 311 310 258
f 310 312 309
f 313 312 311
f 312 313 165
f 83 21 18
f 39 120 121
f 40 120 39
f 314 315 316
f 317 316 348
f 318 322 319
f 320 318 319
f 321 322 325
f 324 322 321
f 323 319 324
f 324 321 77
f 324 77 331
f 318 325 322
f 322 324 319
f 78 326 327
f 328 326 78
f 366 327 326
f 326 329 330
f 77 321 78
f 332 331 334
f 331 77 334
f 333 327 366
f 334 327 333
f 335 334 333
f 336 334 335
f 325 337 321
f 337 328 78
f 314 328 337
f 338 314 337
f 325 435 337
f 314 329 328
f 329 314 316
f 316 317 329
f 329 326 328
f 337 78 321
f 106 87 81
f 81 87 82
f 82 87 88
f 341 343 339
f 340 339 343
f 93 94 99
f 93 99 80
f 103 617 102
f 342 343 341
f 342 1667 343
f 1667 342 344
f 107 112 36
f 36 112 106
f 108 112 107
f 108 119 113
f 119 108 117
f 346 347 317
f 317 348 346
f 349 350 347
f 351 350 349
f 346 349 347
f 81 83 106
f 121 120 38
f 117 108 107
f 352 117 38
f 117 353 119
f 353 117 352
f 352 38 120
f 118 119 353
f 354 120 40
f 352 120 354
f 354 355 352
f 355 354 359
f 353 352 355
f 355 356 353
f 367 351 357
f 349 357 351
f 354 358 359
f 359 865 355
f 357 360 367
f 361 362 330
f 326 362 366
f 330 362 326
f 339 362 363
f 341 363 364
f 350 361 347
f 350 365 361
f 363 361 365
f 362 361 363
f 365 364 363
f 339 333 366
f 340 333 339
f 335 333 340
f 339 366 362
f 339 363 341
f 317 330 329
f 330 317 347
f 361 330 347
f 365 350 351
f 351 367 365
f 364 365 368
f 368 365 367
f 367 369 368
f 368 369 345
f 364 342 341
f 364 368 342
f 368 345 342
f 370 345 369
f 345 344 342
f 871 344 345
f 370 871 345
f 360 369 367
f 375 371 372
f 373 371 375
f 374 373 375
f 374 375 376
f 378 377 382
f 377 374 376
f 376 382 377
f 379 382 376
f 380 382 379
f 378 382 381
f 379 383 380
f 381 382 380
f 383 384 380
f 384 388 380
f 388 381 380
f 381 386 387
f 388 386 381
f 390 388 384
f 391 386 390
f 390 386 388
f 386 389 387
f 392 387 389
f 393 392 389
f 389 386 394
f 386 391 394
f 394 393 389
f 2813 394 391
f 395 396 397
f 401 398 399
f 196 398 400
f 190 398 196
f 400 199 196
f 401 400 398
f 199 400 402
f 402 400 401
f 401 399 403
f 404 401 403
f 405 404 922
f 407 406 402
f 401 404 402
f 402 404 407
f 404 405 407
f 396 408 409
f 410 411 409
f 411 412 409
f 413 411 410
f 414 415 926
f 402 208 199
f 416 464 417
f 413 416 412
f 402 406 208
f 407 414 406
f 407 415 414
f 208 406 420
f 420 406 414
f 464 416 418
f 418 416 419
f 210 205 208
f 210 208 420
f 421 420 414
f 421 414 926
f 421 210 420
f 412 411 413
f 423 424 425
f 426 423 425
f 427 426 425
f 428 338 435
f 429 338 428
f 314 338 315
f 315 338 429
f 430 316 315
f 430 315 429
f 431 430 429
f 431 429 432
f 433 431 432
f 428 434 429
f 428 424 423
f 434 428 423
f 426 434 423
f 434 432 429
f 435 325 436
f 436 424 435
f 436 325 318
f 436 318 438
f 437 438 318
f 320 437 318
f 371 438 437
f 424 438 440
f 439 424 440
f 428 435 424
f 424 436 438
f 439 425 424
f 371 373 438
f 440 438 373
f 435 338 337
f 439 427 425
f 378 441 442
f 427 442 443
f 443 442 441
f 432 434 444
f 433 432 444
f 445 431 433
f 433 397 445
f 444 434 426
f 444 426 427
f 444 427 446
f 397 433 447
f 447 433 444
f 397 447 448
f 447 444 446
f 396 445 397
f 395 397 448
f 440 449 439
f 449 440 373
f 377 449 373
f 442 427 439
f 442 439 449
f 377 373 374
f 450 348 430
f 450 451 348
f 451 450 452
f 452 346 451
f 452 456 346
f 430 348 316
f 456 349 346
f 348 451 346
f 450 430 431
f 450 431 453
f 454 452 450
f 454 450 453
f 454 417 452
f 243 455 190
f 118 455 243
f 455 118 353
f 455 353 356
f 455 398 190
f 399 455 459
f 398 455 399
f 417 456 452
f 457 460 456
f 455 356 459
f 356 458 459
f 356 355 865
f 399 459 403
f 459 458 403
f 404 403 922
f 403 458 922
f 349 456 357
f 357 456 460
f 360 357 460
f 462 360 460
f 460 461 462
f 417 457 456
f 416 417 454
f 464 457 417
f 461 460 457
f 463 462 461
f 461 457 464
f 453 431 445
f 409 412 453
f 453 445 396
f 409 453 396
f 412 454 453
f 412 416 454
f 461 464 463
f 465 395 448
f 466 465 448
f 467 468 502
f 468 469 470
f 472 278 988
f 278 472 279
f 465 396 395
f 473 396 465
f 474 473 475
f 475 473 465
f 476 409 408
f 476 410 409
f 477 410 476
f 421 285 210
f 277 276 285
f 277 285 988
f 478 422 413
f 479 480 481
f 479 482 480
f 483 446 484
f 485 483 484
f 486 441 487
f 488 486 487
f 486 443 441
f 486 484 443
f 485 484 486
f 485 486 488
f 489 483 485
f 490 488 385
f 491 485 488
f 448 447 446
f 492 493 448
f 492 448 446
f 494 493 492
f 487 441 378
f 378 381 487
f 385 487 381
f 385 488 487
f 490 491 488
f 385 495 490
f 490 495 496
f 497 490 496
f 491 490 497
f 498 2879 496
f 392 498 499
f 497 496 2879
f 392 499 387
f 381 387 385
f 416 413 422
f 416 422 419
f 443 446 427
f 377 442 449
f 378 442 377
f 466 448 493
f 465 466 500
f 468 501 502
f 470 494 501
f 501 468 470
f 503 466 493
f 504 500 466
f 503 493 494
f 470 503 494
f 505 503 470
f 466 503 504
f 506 504 503
f 503 505 506
f 471 505 470
f 471 470 469
f 408 396 473
f 474 476 473
f 473 476 408
f 509 476 474
f 509 477 476
f 507 474 475
f 474 507 509
f 508 509 507
f 500 475 465
f 507 475 500
f 510 511 478
f 477 413 410
f 413 477 478
f 422 511 419
f 478 477 512
f 511 422 478
f 512 477 509
f 480 512 509
f 512 513 478
f 512 480 513
f 513 510 478
f 514 507 500
f 519 507 514
f 519 508 507
f 520 508 519
f 500 504 514
f 515 506 505
f 514 504 516
f 517 516 504
f 518 519 516
f 516 519 514
f 481 509 508
f 481 480 509
f 481 508 520
f 521 481 520
f 481 521 479
f 484 446 443
f 489 501 483
f 502 501 489
f 491 489 485
f 494 492 483
f 501 494 483
f 492 446 483
f 497 489 491
f 522 497 2879
f 523 467 522
f 523 522 524
f 524 522 2879
f 495 498 496
f 495 499 498
f 525 498 392
f 502 522 467
f 499 495 385
f 499 385 387
f 489 497 502
f 502 497 522
f 526 527 578
f 526 528 529
f 526 578 528
f 528 531 530
f 532 545 533
f 534 532 535
f 536 532 533
f 537 538 533
f 538 537 539
f 539 537 540
f 543 544 534
f 544 541 545
f 542 541 544
f 529 541 542
f 546 547 548
f 548 547 549
f 527 550 549
f 550 548 549
f 526 550 527
f 548 550 544
f 548 544 543
f 548 543 546
f 543 556 546
f 24 547 546
f 26 24 546
f 552 26 546
f 551 26 552
f 553 551 552
f 554 551 553
f 542 550 526
f 526 529 542
f 542 544 550
f 558 555 556
f 532 534 545
f 545 541 559
f 556 543 534
f 534 544 545
f 556 534 557
f 558 556 557
f 552 546 556
f 556 555 552
f 555 553 552
f 555 853 553
f 529 560 541
f 541 560 559
f 561 560 562
f 561 562 567
f 562 529 530
f 529 562 560
f 562 530 563
f 530 529 528
f 530 590 563
f 565 563 590
f 567 562 563
f 565 567 563
f 567 565 568
f 566 565 564
f 566 568 565
f 566 564 592
f 545 559 533
f 559 560 561
f 537 559 561
f 537 533 559
f 537 561 540
f 567 540 561
f 540 567 569
f 568 569 567
f 566 592 570
f 570 592 573
f 570 573 574
f 574 573 572
f 575 574 572
f 576 572 571
f 681 568 566
f 549 577 527
f 527 577 578
f 579 14 577
f 549 547 13
f 13 579 549
f 577 549 579
f 578 577 580
f 580 577 14
f 580 582 581
f 581 528 578
f 581 531 528
f 581 578 580
f 583 580 14
f 584 14 12
f 583 14 584
f 584 585 583
f 586 582 583
f 582 580 583
f 579 13 14
f 589 582 587
f 589 581 582
f 530 531 590
f 589 531 581
f 531 589 590
f 591 590 589
f 592 590 591
f 591 609 592
f 587 591 589
f 588 591 587
f 593 591 588
f 611 609 593
f 591 593 609
f 585 586 583
f 594 586 585
f 22 585 584
f 595 585 22
f 582 586 587
f 587 596 588
f 586 594 597
f 586 597 587
f 597 596 587
f 600 588 596
f 611 598 599
f 603 599 598
f 585 595 594
f 615 597 594
f 85 594 595
f 601 596 597
f 600 596 601
f 600 601 602
f 600 602 598
f 604 598 602
f 603 598 604
f 605 603 604
f 605 861 603
f 593 588 600
f 598 593 600
f 611 593 598
f 551 25 26
f 551 31 25
f 551 554 31
f 554 32 31
f 613 34 32
f 606 613 554
f 554 613 32
f 608 607 606
f 611 610 609
f 610 611 612
f 571 610 612
f 564 565 590
f 592 564 590
f 573 592 609
f 573 609 610
f 611 599 860
f 860 599 608
f 572 610 571
f 572 573 610
f 613 861 614
f 613 614 39
f 861 613 607
f 861 599 603
f 861 607 599
f 607 613 606
f 615 594 85
f 616 601 615
f 86 85 84
f 86 615 85
f 616 615 86
f 602 618 604
f 618 626 604
f 616 602 601
f 626 605 604
f 616 86 617
f 616 619 602
f 618 602 619
f 619 616 617
f 103 619 617
f 619 103 631
f 104 631 103
f 104 100 620
f 105 98 621
f 105 621 622
f 622 623 105
f 620 100 105
f 620 105 623
f 623 624 620
f 625 623 622
f 619 630 618
f 626 618 630
f 626 630 627
f 631 104 633
f 632 630 631
f 633 632 631
f 620 633 104
f 633 620 624
f 634 624 635
f 625 624 623
f 637 624 625
f 624 637 636
f 636 635 624
f 866 634 635
f 866 635 638
f 640 638 635
f 866 628 629
f 628 866 638
f 637 639 636
f 635 636 640
f 636 639 640
f 641 628 638
f 641 638 640
f 628 641 642
f 645 642 641
f 643 641 640
f 643 640 639
f 643 639 1979
f 644 643 1979
f 645 641 643
f 644 645 643
f 759 645 644
f 646 644 1979
f 647 759 644
f 644 646 647
f 648 558 557
f 649 535 532
f 535 557 534
f 535 650 557
f 649 650 535
f 557 650 648
f 648 650 653
f 649 532 536
f 538 536 533
f 654 536 538
f 655 539 540
f 655 540 569
f 654 538 539
f 539 655 656
f 539 656 654
f 656 655 659
f 666 657 656
f 666 656 667
f 649 536 658
f 658 536 657
f 658 650 649
f 653 650 658
f 657 536 654
f 654 656 657
f 667 656 659
f 558 660 555
f 558 648 660
f 651 660 648
f 576 575 572
f 661 575 576
f 688 661 662
f 662 663 688
f 664 653 658
f 673 653 664
f 664 658 657
f 665 664 657
f 665 657 666
f 671 653 673
f 668 666 667
f 669 666 668
f 689 668 667
f 671 648 653
f 670 648 671
f 670 671 672
f 673 664 665
f 701 671 673
f 665 666 669
f 674 665 669
f 665 674 673
f 655 569 676
f 675 655 676
f 677 659 675
f 659 655 675
f 676 678 675
f 678 676 679
f 678 677 675
f 678 679 680
f 691 677 678
f 676 569 681
f 681 569 568
f 681 566 570
f 570 682 681
f 682 570 574
f 574 683 682
f 679 676 681
f 682 679 681
f 684 683 575
f 661 684 575
f 683 574 575
f 685 679 682
f 688 684 661
f 687 684 688
f 683 684 687
f 685 680 679
f 682 683 686
f 685 682 686
f 687 686 683
f 689 667 659
f 659 677 689
f 691 678 680
f 690 689 677
f 690 677 691
f 668 689 692
f 692 689 690
f 692 690 693
f 693 690 723
f 691 723 690
f 695 694 680
f 723 691 680
f 696 723 680
f 697 695 698
f 697 694 695
f 696 680 694
f 695 680 685
f 695 685 686
f 687 699 686
f 698 695 686
f 698 686 699
f 699 700 698
f 674 701 673
f 702 703 701
f 706 671 701
f 706 672 671
f 672 706 899
f 701 703 706
f 702 701 674
f 702 674 669
f 692 669 668
f 704 669 692
f 669 704 702
f 705 704 692
f 706 711 899
f 702 704 707
f 708 704 705
f 703 702 707
f 709 703 707
f 709 706 703
f 707 704 708
f 708 705 710
f 706 712 711
f 712 706 709
f 713 709 707
f 714 707 708
f 713 707 714
f 714 708 727
f 712 709 713
f 715 714 727
f 713 714 719
f 714 715 719
f 716 711 712
f 716 712 717
f 2884 718 716
f 717 2884 716
f 719 712 713
f 719 717 712
f 720 717 719
f 715 720 719
f 715 737 720
f 705 692 721
f 721 692 693
f 693 722 721
f 724 694 697
f 725 693 723
f 725 723 696
f 722 693 725
f 725 696 726
f 726 696 694
f 721 710 705
f 710 721 722
f 710 722 727
f 725 728 722
f 728 725 726
f 726 694 724
f 729 727 722
f 729 722 728
f 730 728 726
f 730 726 724
f 697 698 731
f 733 724 697
f 733 697 731
f 733 731 732
f 741 733 732
f 733 741 742
f 733 742 724
f 710 727 708
f 734 715 727
f 728 735 729
f 730 735 728
f 724 742 730
f 734 727 729
f 736 735 730
f 737 715 734
f 737 734 738
f 734 729 739
f 739 729 735
f 734 739 738
f 740 738 739
f 736 739 735
f 730 742 736
f 744 742 741
f 743 739 736
f 740 739 743
f 736 742 745
f 743 736 745
f 745 742 744
f 740 743 2903
f 743 745 2903
f 744 917 747
f 746 744 747
f 628 948 629
f 628 748 948
f 749 748 750
f 749 750 755
f 749 753 748
f 749 755 757
f 751 749 757
f 753 749 751
f 751 752 753
f 752 751 754
f 628 642 750
f 748 628 750
f 750 642 755
f 756 642 645
f 755 642 756
f 757 755 756
f 757 756 758
f 756 645 759
f 758 756 760
f 770 757 758
f 770 751 757
f 752 761 762
f 763 752 764
f 763 761 752
f 752 754 764
f 765 940 761
f 765 761 763
f 767 940 765
f 759 647 768
f 760 756 759
f 759 768 760
f 769 760 768
f 754 751 770
f 770 772 779
f 758 760 770
f 760 769 770
f 769 768 771
f 2047 769 771
f 770 769 772
f 772 769 773
f 769 2047 773
f 774 754 770
f 764 754 774
f 775 763 764
f 778 764 774
f 764 778 776
f 763 766 765
f 775 766 763
f 766 809 765
f 809 766 775
f 777 809 775
f 776 775 764
f 776 777 775
f 812 776 813
f 780 779 772
f 774 770 779
f 778 774 779
f 781 778 779
f 780 781 779
f 780 772 773
f 773 2047 782
f 780 773 782
f 781 780 783
f 782 783 780
f 788 783 782
f 788 782 784
f 776 778 781
f 781 785 776
f 776 785 813
f 786 785 781
f 785 786 821
f 781 783 786
f 783 788 786
f 786 788 787
f 472 790 789
f 279 472 789
f 279 789 1009
f 296 297 791
f 297 279 791
f 793 296 791
f 301 296 793
f 791 792 793
f 301 793 2933
f 793 794 2933
f 795 1004 1006
f 941 767 796
f 1001 941 796
f 798 1001 797
f 797 799 798
f 798 800 1005
f 800 798 799
f 1035 800 804
f 804 800 801
f 800 799 801
f 805 804 801
f 801 799 803
f 802 805 801
f 802 801 803
f 806 805 802
f 802 803 806
f 807 805 806
f 806 803 836
f 806 836 808
f 807 806 808
f 796 767 765
f 796 765 809
f 809 777 810
f 1001 796 797
f 797 796 809
f 811 797 809
f 811 809 810
f 777 776 812
f 777 812 810
f 811 810 812
f 814 811 812
f 814 812 813
f 814 813 815
f 799 797 811
f 799 811 816
f 816 811 817
f 811 814 818
f 817 811 818
f 818 814 815
f 818 815 819
f 820 815 813
f 820 813 785
f 820 785 821
f 820 821 822
f 815 820 822
f 821 786 787
f 823 821 787
f 824 823 787
f 822 821 823
f 829 823 824
f 822 825 815
f 825 822 827
f 815 825 819
f 825 833 819
f 827 826 825
f 833 825 826
f 826 827 828
f 822 823 829
f 827 822 829
f 827 829 830
f 828 827 830
f 803 799 816
f 831 803 816
f 831 816 817
f 831 817 818
f 834 831 818
f 832 803 831
f 818 819 834
f 834 819 833
f 832 831 834
f 836 803 832
f 837 836 832
f 838 808 836
f 836 837 838
f 838 837 839
f 832 834 837
f 837 834 835
f 835 839 837
f 839 835 840
f 840 3007 839
f 833 826 841
f 841 842 833
f 842 834 833
f 843 841 826
f 826 828 843
f 830 844 828
f 828 844 843
f 845 844 830
f 851 844 845
f 835 834 842
f 835 842 846
f 842 841 846
f 840 835 846
f 848 840 846
f 849 840 848
f 850 848 846
f 841 843 846
f 843 847 846
f 851 847 843
f 843 844 851
f 850 846 847
f 3072 850 847
f 851 852 847
f 555 880 853
f 553 854 859
f 553 853 854
f 855 854 853
f 855 858 854
f 856 857 858
f 884 858 855
f 858 884 856
f 571 857 856
f 615 601 597
f 859 857 608
f 554 859 606
f 606 859 608
f 553 859 554
f 854 857 859
f 857 854 858
f 612 860 608
f 612 611 860
f 612 857 571
f 608 857 612
f 34 613 39
f 608 599 607
f 862 861 863
f 614 40 39
f 40 614 862
f 861 862 614
f 605 626 863
f 605 863 861
f 862 354 40
f 862 358 354
f 862 863 358
f 358 863 627
f 627 863 626
f 359 358 627
f 359 627 632
f 632 627 630
f 359 632 864
f 865 359 864
f 866 867 864
f 864 867 865
f 867 943 865
f 867 629 943
f 629 868 943
f 629 867 866
f 631 630 619
f 634 633 624
f 633 864 632
f 864 633 634
f 370 369 869
f 634 866 864
f 873 870 872
f 370 870 871
f 370 872 870
f 870 873 874
f 874 873 875
f 369 360 869
f 869 872 370
f 876 869 360
f 872 869 876
f 878 873 872
f 872 877 878
f 670 651 648
f 670 652 651
f 888 882 652
f 888 652 670
f 880 555 660
f 660 652 880
f 880 881 853
f 881 855 853
f 883 855 881
f 652 660 651
f 652 882 880
f 880 882 881
f 883 885 884
f 576 856 884
f 884 855 883
f 885 576 884
f 576 571 856
f 662 576 885
f 662 661 576
f 882 886 881
f 886 883 881
f 885 883 887
f 890 882 888
f 882 890 886
f 886 887 883
f 887 886 890
f 887 662 885
f 663 662 887
f 889 888 670
f 889 890 888
f 672 889 670
f 891 890 889
f 892 889 672
f 890 891 895
f 889 892 891
f 902 891 892
f 893 891 902
f 890 895 887
f 688 663 894
f 895 894 663
f 896 894 895
f 896 895 893
f 893 895 891
f 903 897 893
f 699 687 688
f 699 688 894
f 898 699 894
f 700 699 898
f 896 898 894
f 672 899 892
f 899 901 892
f 901 902 892
f 900 901 899
f 903 893 902
f 904 903 902
f 711 900 899
f 902 901 904
f 905 916 904
f 905 901 900
f 905 904 901
f 904 916 915
f 907 900 711
f 907 711 716
f 907 906 900
f 906 905 900
f 908 906 907
f 907 716 718
f 907 718 908
f 909 905 906
f 909 916 905
f 910 908 718
f 908 909 906
f 910 909 908
f 909 910 911
f 920 909 911
f 920 919 909
f 896 897 898
f 731 698 700
f 897 912 898
f 898 912 700
f 912 731 700
f 903 913 897
f 912 897 913
f 731 912 732
f 732 912 913
f 915 903 904
f 915 913 903
f 914 732 913
f 741 732 914
f 914 913 915
f 917 914 915
f 918 915 916
f 918 916 909
f 915 918 917
f 914 744 741
f 914 917 744
f 918 909 919
f 747 918 919
f 1034 919 920
f 921 747 919
f 919 1034 921
f 918 747 917
f 923 405 922
f 923 922 944
f 925 405 923
f 925 923 924
f 405 415 407
f 415 405 925
f 925 926 415
f 927 926 925
f 925 924 928
f 929 928 924
f 935 928 929
f 927 925 928
f 927 928 935
f 930 926 931
f 421 926 930
f 931 937 930
f 933 418 419
f 926 927 931
f 931 927 936
f 936 927 935
f 937 931 936
f 939 935 938
f 939 936 935
f 940 1000 939
f 1000 937 936
f 936 939 1000
f 941 1000 940
f 356 865 458
f 458 865 943
f 943 942 458
f 943 868 942
f 458 942 944
f 922 458 944
f 945 942 868
f 945 868 949
f 944 942 945
f 462 876 360
f 946 462 952
f 946 876 462
f 946 947 876
f 868 629 948
f 949 868 948
f 947 950 876
f 952 462 463
f 951 952 463
f 944 924 923
f 953 946 952
f 955 944 945
f 955 924 944
f 954 955 945
f 949 954 945
f 956 955 954
f 929 924 955
f 929 955 956
f 953 947 946
f 948 748 949
f 753 954 949
f 956 954 753
f 753 762 956
f 762 753 752
f 753 949 748
f 971 957 950
f 957 958 950
f 950 958 959
f 960 959 958
f 950 961 876
f 877 872 961
f 962 878 877
f 959 961 950
f 961 959 963
f 963 877 961
f 964 879 962
f 965 964 962
f 968 966 964
f 963 959 965
f 959 960 965
f 967 968 965
f 967 981 968
f 953 952 951
f 418 463 464
f 463 418 934
f 953 971 947
f 970 953 951
f 970 971 953
f 947 971 950
f 932 972 951
f 970 951 972
f 929 956 973
f 973 938 929
f 938 935 929
f 973 762 974
f 956 762 973
f 938 973 974
f 975 938 974
f 938 975 939
f 939 975 940
f 974 762 761
f 975 761 940
f 975 974 761
f 976 977 978
f 977 979 958
f 979 984 958
f 977 976 979
f 958 980 960
f 986 980 958
f 984 986 958
f 969 968 981
f 982 2346 981
f 983 2346 982
f 984 979 985
f 985 986 984
f 987 986 985
f 986 987 1063
f 1010 789 790
f 989 285 930
f 285 421 930
f 988 285 989
f 989 930 990
f 937 990 930
f 988 989 790
f 790 989 990
f 933 419 511
f 934 933 1067
f 511 991 933
f 790 472 988
f 510 513 1021
f 990 993 790
f 993 990 994
f 1010 790 992
f 992 790 993
f 992 993 1003
f 995 996 997
f 990 937 998
f 994 990 998
f 998 999 994
f 998 937 1000
f 998 1000 999
f 1001 1000 941
f 767 941 940
f 999 1000 1001
f 1002 999 1001
f 999 1004 994
f 1004 993 994
f 993 1004 1003
f 999 1002 1004
f 1005 1004 1002
f 1004 1005 1006
f 1007 995 1008
f 1007 1062 995
f 1008 995 997
f 1005 1002 1001
f 1001 798 1005
f 1009 789 1010
f 791 279 1009
f 791 1009 792
f 1009 1010 1011
f 1011 1010 1012
f 992 1012 1010
f 1012 992 1015
f 1011 792 1009
f 1011 1012 1013
f 1013 1012 1015
f 792 1011 1013
f 792 794 793
f 1014 794 792
f 1014 792 1013
f 1015 992 1017
f 1013 1015 1016
f 1016 1015 1017
f 1017 1018 1016
f 1014 1013 1016
f 1014 1016 1019
f 1019 1016 1018
f 1018 1020 3153
f 513 480 482
f 482 1021 513
f 1021 482 997
f 482 1022 997
f 479 1023 482
f 479 521 1024
f 1023 479 1024
f 1017 992 1003
f 1003 1004 795
f 1017 1003 795
f 1017 795 1025
f 1025 795 1006
f 1026 997 1027
f 997 1026 1008
f 1007 1026 1028
f 1029 1028 1026
f 1022 1027 997
f 1022 1030 1027
f 1017 1025 1018
f 1025 1006 1031
f 1025 1020 1018
f 1026 1027 1032
f 1032 1033 1026
f 3163 747 921
f 1006 1005 1035
f 1006 1035 1031
f 1031 1035 804
f 1005 800 1035
f 1036 1031 804
f 1020 1025 1031
f 2974 1020 1036
f 1020 1031 1036
f 1036 804 805
f 805 1037 1036
f 1033 1038 1029
f 1038 1039 1029
f 978 1062 1007
f 976 978 1007
f 1007 1028 976
f 987 985 1040
f 1041 1040 985
f 1042 1040 1043
f 1043 1040 1041
f 1044 1043 1041
f 976 1028 1039
f 1029 1039 1028
f 1039 1045 976
f 1046 1045 1039
f 1041 1045 1046
f 1046 1047 1041
f 1048 1041 1047
f 3168 1046 1039
f 3168 1047 1046
f 3168 1049 1047
f 1050 1048 1047
f 1051 1044 1041
f 1048 1051 1041
f 1052 1051 1048
f 1052 1053 1051
f 1057 1053 1052
f 1054 1057 1055
f 1056 1057 1052
f 1048 1058 1052
f 1058 1048 1050
f 1056 1052 1058
f 1055 1057 1059
f 1060 1059 1057
f 1056 1060 1057
f 887 895 663
f 896 893 897
f 934 932 951
f 961 872 876
f 962 877 963
f 965 962 963
f 879 878 962
f 967 965 960
f 968 964 965
f 463 934 951
f 1061 972 932
f 972 1061 1062
f 977 957 971
f 958 957 977
f 972 978 970
f 978 971 970
f 977 971 978
f 980 967 960
f 986 967 980
f 969 981 2346
f 967 986 981
f 1063 982 981
f 986 1063 981
f 1064 982 1063
f 1064 1063 987
f 1064 983 982
f 1065 983 1064
f 1066 1065 1064
f 418 933 934
f 933 991 1068
f 932 934 1067
f 1061 932 1067
f 1067 1062 1061
f 1068 1067 933
f 511 510 991
f 991 510 1068
f 1068 510 1021
f 1068 996 1067
f 996 995 1067
f 1068 1021 996
f 1021 997 996
f 995 1062 1067
f 1007 1008 1026
f 1029 1026 1033
f 1062 978 972
f 1045 979 976
f 1045 985 979
f 1066 1064 987
f 1066 987 1040
f 1040 1042 1066
f 1069 1066 1042
f 1065 1066 1069
f 1043 1069 1042
f 1044 1069 1043
f 1070 1065 1069
f 1065 1070 1054
f 1070 1069 1044
f 1041 985 1045
f 1044 1051 1053
f 1044 1053 1070
f 1053 1057 1070
f 1070 1057 1054
f 1074 1075 1173
f 1173 1075 1081
f 1072 1076 1071
f 1072 1 1077
f 1076 1072 1077
f 1076 1077 1078
f 1078 1084 1076
f 1084 1079 1076
f 1079 1073 1071
f 1076 1079 1071
f 1079 1080 1073
f 1080 1074 1073
f 1082 1078 127
f 3 1077 1
f 127 1077 3
f 127 1078 1077
f 1083 1084 1078
f 1085 1078 1082
f 1078 1085 1083
f 1086 1087 1080
f 1080 1079 1086
f 1086 1079 1084
f 1089 1095 1086
f 1086 1095 1087
f 1086 1084 1099
f 1099 1089 1086
f 1087 1074 1080
f 1074 1088 1075
f 1090 1081 1075
f 1090 1091 1081
f 1087 1088 1074
f 1090 1075 1088
f 1088 1087 1092
f 1092 1090 1088
f 1090 1092 1093
f 1093 1091 1090
f 1094 1091 1093
f 1099 1100 1089
f 1095 1096 1087
f 1096 1092 1087
f 1097 1092 1096
f 1093 1092 1097
f 1094 1093 1098
f 1083 1099 1084
f 1351 1099 1083
f 1100 1099 1351
f 1101 1095 1089
f 1101 1089 1100
f 1353 1100 1351
f 1353 1354 1100
f 1203 1094 1098
f 1098 1093 1097
f 1096 1095 1102
f 1106 1097 1096
f 1112 1096 1102
f 1106 1096 1112
f 1101 1102 1095
f 1354 1101 1100
f 1107 1101 1354
f 1102 1101 1103
f 1104 1102 1105
f 1105 1102 1103
f 1107 1103 1101
f 1112 1102 1104
f 1109 1203 1098
f 1097 1108 1098
f 1110 1098 1108
f 1098 1110 1109
f 1097 1106 1108
f 1105 1103 1111
f 1113 1105 1111
f 1106 1112 1115
f 1112 1104 1114
f 1107 1111 1103
f 1108 1106 1115
f 1115 1110 1108
f 1116 1117 1110
f 1114 1115 1112
f 1105 1119 1104
f 1105 1113 1119
f 1120 1121 1119
f 1113 1111 1122
f 1113 1120 1119
f 1122 1120 1113
f 1388 1120 1122
f 1115 1114 1123
f 1119 1124 1104
f 1104 1124 1114
f 1123 1114 1125
f 1123 1125 1126
f 1118 1110 1115
f 1115 1123 1118
f 1126 1118 1123
f 1119 1121 1124
f 1125 1114 1124
f 1128 1127 1124
f 1125 1124 1127
f 1128 1124 1121
f 1127 1128 1275
f 1129 1121 1120
f 1388 1129 1120
f 1129 1128 1121
f 1130 1128 1129
f 1131 1130 1129
f 1131 1129 1388
f 7 1177 1133
f 1133 1132 7
f 1134 1177 1138
f 1133 1177 1134
f 9 1132 10
f 1136 1132 1133
f 1133 1134 1135
f 1136 10 1132
f 1136 1133 1137
f 1135 1137 1133
f 1147 1135 1134
f 1139 96 8
f 8 10 1139
f 1140 1139 10
f 1140 10 1136
f 1143 1139 1140
f 1143 1141 1139
f 1143 1142 1141
f 1140 1144 1143
f 1140 1137 1144
f 1137 1140 1136
f 1147 1145 1135
f 1145 1137 1135
f 1146 1145 1147
f 1149 1142 1143
f 1149 1148 1142
f 1149 1143 1144
f 1145 1151 1137
f 1146 1151 1145
f 1152 1151 1146
f 1146 1219 1152
f 1153 1149 1144
f 1144 1137 1155
f 1144 1155 1153
f 1137 1151 1155
f 1153 1155 1156
f 1153 1156 1154
f 1150 1149 1154
f 1149 1153 1154
f 1157 1151 1160
f 1160 1151 1152
f 1158 1160 1152
f 1154 1156 1159
f 1151 1157 1155
f 1161 1155 1157
f 1157 1949 1161
f 1162 1949 1157
f 1157 1160 1162
f 1162 1160 1163
f 1162 1164 1949
f 1163 1164 1162
f 43 47 1165
f 1170 53 1165
f 53 1170 1166
f 53 43 1165
f 1170 1165 1168
f 47 1168 1165
f 1169 1168 47
f 1168 1169 1073
f 1173 1170 1168
f 44 1169 47
f 1072 1169 44
f 44 47 42
f 1169 1071 1073
f 1169 1072 1071
f 1171 1166 1170
f 1166 1171 1167
f 1171 1172 1167
f 1167 1172 1180
f 1174 1171 1173
f 1171 1170 1173
f 1073 1074 1168
f 1173 1168 1074
f 1081 1174 1173
f 1193 1174 1081
f 1172 1171 1174
f 1175 1172 1174
f 1175 1180 1172
f 56 52 53
f 56 1176 1177
f 1167 1176 1166
f 56 53 1166
f 56 1166 1176
f 1178 1176 1167
f 1177 7 56
f 1177 1176 1138
f 1179 1138 1176
f 1176 1178 1179
f 1179 1181 1210
f 1181 1182 1210
f 1178 1167 1180
f 1181 1179 1178
f 1180 1181 1178
f 1183 1180 1175
f 1180 1183 1181
f 1202 1184 1183
f 1185 1184 1202
f 1186 1184 1185
f 1187 1183 1184
f 1186 1187 1184
f 1188 1182 1181
f 1188 1181 1183
f 1187 1188 1183
f 1189 1188 1187
f 1186 1185 1190
f 1187 1186 1191
f 1187 1191 1189
f 1191 1192 1189
f 44 1 1072
f 1174 1193 1175
f 1197 1175 1193
f 1091 1193 1081
f 1197 1193 1091
f 1091 1094 1197
f 1199 1197 1094
f 1200 1185 1202
f 1185 1200 1190
f 1201 1200 1202
f 1199 1200 1201
f 1200 1199 1198
f 1198 1190 1200
f 1203 1198 1199
f 1203 1199 1094
f 1203 1204 1198
f 1205 1198 1204
f 1190 1205 1191
f 1198 1205 1190
f 1205 1204 1206
f 1205 1206 1191
f 1207 1208 1196
f 1805 1196 1655
f 1208 1655 1196
f 1191 1186 1190
f 1192 1191 1209
f 1210 1138 1179
f 1210 1211 1138
f 1182 1212 1210
f 1182 1214 1212
f 1212 1211 1210
f 1211 1134 1138
f 1213 1134 1211
f 1212 1213 1211
f 1134 1213 1147
f 1216 1213 1212
f 1212 1214 1216
f 1214 1182 1188
f 1215 1214 1188
f 1141 96 1139
f 1141 98 96
f 621 98 1141
f 1141 1142 621
f 1217 1146 1147
f 1147 1213 1217
f 1213 1216 1217
f 1215 1216 1214
f 1189 1215 1188
f 1189 1192 1215
f 1215 1192 1218
f 1219 1146 1217
f 1219 1217 1216
f 1215 1220 1216
f 1220 1219 1216
f 1215 1221 1220
f 1221 1222 1220
f 1152 1219 1158
f 1158 1163 1160
f 1163 1158 1223
f 1220 1158 1219
f 1220 1223 1158
f 1221 1215 1218
f 1203 1109 1204
f 1204 1117 1206
f 1110 1117 1109
f 1109 1117 1204
f 1226 1206 1117
f 1226 1117 1116
f 1206 1209 1191
f 1206 1226 1209
f 1209 1218 1192
f 1218 1209 1227
f 1226 1228 1209
f 1228 1227 1209
f 1229 1226 1116
f 1118 1116 1110
f 1229 1116 1118
f 1230 1118 1126
f 1230 1229 1118
f 1229 1231 1226
f 1233 1127 1232
f 1126 1233 1230
f 1125 1233 1126
f 1230 1233 1234
f 1229 1234 1235
f 1229 1230 1234
f 1234 1233 1232
f 1236 1228 1231
f 1237 1238 1236
f 1228 1236 1238
f 1236 1231 1239
f 1236 1239 1240
f 1236 1240 1237
f 1226 1231 1228
f 1229 1235 1231
f 1239 1231 1235
f 1227 1242 1218
f 1223 1243 1163
f 1220 1222 1223
f 1244 1223 1222
f 1244 1243 1223
f 1163 1243 1164
f 1164 1243 1245
f 1245 1249 1164
f 1244 1245 1243
f 1246 1221 1218
f 1221 1246 1222
f 1246 1244 1222
f 1246 1247 1248
f 1246 1218 1247
f 1247 1218 1242
f 1244 1246 1248
f 1245 1244 1248
f 1249 1250 1164
f 1249 1251 1250
f 1251 1258 1250
f 1245 1252 1253
f 1253 1251 1249
f 1245 1253 1249
f 1257 1253 1252
f 1258 1254 1250
f 1251 1253 1256
f 1253 1257 1256
f 1258 1251 1256
f 1256 1259 1258
f 1256 1257 1260
f 1256 1260 1315
f 1315 1259 1256
f 1254 1261 1255
f 1259 1254 1258
f 1245 1248 1252
f 1248 1262 1252
f 1247 1262 1248
f 1263 1257 1252
f 1263 1252 1262
f 1260 1257 1263
f 1263 1262 1264
f 1247 1264 1262
f 1247 1265 1264
f 1264 1266 1263
f 1228 1238 1227
f 1227 1238 1242
f 1238 1268 1242
f 1242 1268 1265
f 1247 1242 1265
f 1237 1269 1268
f 1268 1238 1237
f 1270 1265 1268
f 1268 1269 1270
f 1270 1271 1265
f 1271 1264 1265
f 1130 1277 1128
f 1278 1130 1131
f 1278 1276 1130
f 1277 1275 1128
f 1275 1232 1127
f 1276 1277 1130
f 1235 1234 1280
f 1234 1232 1279
f 1299 1234 1279
f 1281 1279 1275
f 1232 1275 1279
f 1282 1277 1276
f 1276 1278 1283
f 1283 1282 1276
f 1275 1277 1281
f 1281 1277 1284
f 1277 1282 1284
f 1281 1285 1279
f 1289 1284 1282
f 1284 1286 1281
f 1289 1287 1284
f 1288 1287 1289
f 1282 1283 1289
f 1290 1323 1291
f 1290 1291 1292
f 1292 1291 1293
f 1294 1285 1295
f 1285 1281 1295
f 1295 1281 1286
f 1298 1297 1295
f 1294 1297 1293
f 1297 1292 1293
f 1295 1297 1294
f 1286 1298 1295
f 1299 1280 1234
f 1235 1280 1239
f 1279 1285 1299
f 1280 1299 1293
f 1299 1294 1293
f 1291 1240 1239
f 1239 1280 1291
f 1291 1280 1293
f 1299 1285 1294
f 1287 1286 1284
f 1286 1287 1296
f 1300 1296 1287
f 1288 1300 1287
f 1333 1298 1301
f 1286 1296 1301
f 1296 1302 1301
f 1286 1301 1298
f 1304 1300 1288
f 1302 1296 1300
f 1303 1301 1302
f 1302 1305 1303
f 1306 1302 1300
f 1305 1302 1306
f 1326 1307 1308
f 1310 1307 1311
f 1307 1312 1308
f 1312 1307 1310
f 1312 1310 1315
f 1310 1313 1315
f 1309 1313 1310
f 1254 1259 1261
f 1261 1259 1318
f 1316 1317 1261
f 1266 1260 1263
f 1312 1260 1266
f 1312 1315 1260
f 1308 1312 1266
f 1266 1326 1308
f 1261 1318 1316
f 1316 1318 1319
f 1313 1259 1315
f 1313 1320 1259
f 1259 1320 1318
f 1321 1318 1320
f 1314 1320 1313
f 1322 1320 1314
f 1322 1321 1320
f 1322 1314 1327
f 1318 1321 1319
f 1324 1311 1307
f 1240 1269 1237
f 1323 1269 1240
f 1290 1292 1324
f 1323 1240 1291
f 1325 1323 1290
f 1325 1290 1324
f 1270 1269 1271
f 1323 1325 1271
f 1264 1326 1266
f 1271 1326 1264
f 1271 1325 1326
f 1324 1307 1326
f 1326 1325 1324
f 1292 1297 1311
f 1310 1311 1309
f 1292 1311 1324
f 1309 1297 1298
f 1297 1309 1311
f 1298 1333 1309
f 1313 1309 1333
f 1314 1313 1333
f 1333 1335 1314
f 1335 1327 1314
f 1322 1327 1336
f 1322 1336 1331
f 1328 1321 1329
f 1319 1321 1328
f 1328 1330 1319
f 1329 1330 1328
f 1332 1329 1331
f 1333 1334 1335
f 1303 1333 1301
f 1334 1333 1303
f 1334 1340 1335
f 1335 1336 1327
f 1340 1336 1335
f 1303 1338 1334
f 1338 1303 1337
f 1337 1303 1305
f 1339 1338 1337
f 1338 1340 1334
f 1538 1340 1338
f 1336 1340 1341
f 1331 1336 1341
f 1545 1332 1331
f 1342 1369 1349
f 126 1082 127
f 131 1082 126
f 1082 131 1343
f 1346 1083 1085
f 1351 1083 1346
f 1343 1085 1082
f 1343 1346 1085
f 1194 1347 1345
f 131 132 142
f 1348 131 142
f 1348 1343 131
f 1343 1348 1349
f 1343 1349 1346
f 1350 1346 1349
f 1366 1349 1348
f 1352 1353 1351
f 1350 1352 1351
f 1355 1354 1353
f 1355 1353 1352
f 1369 1350 1349
f 1369 1352 1350
f 1355 1352 1357
f 1357 1352 1369
f 1355 1357 1358
f 1350 1351 1346
f 1366 1342 1349
f 1360 1342 1366
f 1342 1360 1356
f 1361 1360 1359
f 1364 1361 1359
f 1362 1371 1360
f 1362 1360 1361
f 1362 1361 1363
f 1364 1363 1361
f 1365 1363 1364
f 142 1366 1348
f 1367 1366 142
f 1359 1360 1366
f 1366 1367 1359
f 1367 1364 1359
f 1364 1367 146
f 1368 1364 146
f 1342 1356 1369
f 1369 1370 1357
f 1370 1369 1356
f 1360 1371 1356
f 1371 1370 1356
f 1370 1371 1373
f 1372 1357 1370
f 1372 1358 1357
f 1373 1372 1370
f 1371 1362 1374
f 1374 1373 1371
f 1373 1374 1375
f 1374 1362 1363
f 1376 1372 1373
f 1372 1376 1396
f 1373 1375 1376
f 1375 1377 1376
f 1377 1396 1376
f 1354 1355 1378
f 1107 1354 1378
f 1379 1107 1378
f 1378 1355 1380
f 1380 1355 1358
f 1380 1358 1393
f 1380 1381 1378
f 1381 1379 1378
f 1381 1382 1379
f 1383 1382 1384
f 1385 1733 1806
f 1379 1111 1107
f 1379 1122 1111
f 1379 1382 1387
f 1387 1388 1122
f 1387 1122 1379
f 1389 1131 1388
f 1486 1131 1389
f 1382 1383 1387
f 1383 1390 1387
f 1390 1388 1387
f 1389 1388 1390
f 1391 1486 1389
f 1392 1389 1390
f 1392 1391 1389
f 1381 1380 1393
f 1394 1381 1393
f 1395 1358 1372
f 1395 1393 1358
f 1396 1395 1372
f 1395 1394 1393
f 1394 1395 1396
f 1382 1381 1397
f 1397 1381 1394
f 1397 1384 1382
f 1398 1384 1397
f 1399 1394 1396
f 1401 1399 1396
f 1397 1394 1398
f 1399 1398 1394
f 1400 1384 1398
f 1399 1401 1402
f 1398 1399 1400
f 1402 1400 1399
f 1403 1400 1402
f 1405 1390 1383
f 1404 1383 1384
f 1405 1383 1404
f 1405 1392 1390
f 1410 1391 1392
f 1406 1405 1407
f 1405 1406 1392
f 1392 1406 1410
f 1400 1404 1384
f 1404 1407 1405
f 1403 1408 1404
f 1407 1404 1408
f 1400 1403 1404
f 1408 1403 1409
f 1407 1408 1406
f 1406 1408 1409
f 1493 1410 1406
f 1493 1406 1409
f 1364 1412 1365
f 1411 1363 1365
f 1411 1365 1412
f 1411 1374 1363
f 1413 1411 1412
f 1411 1413 1414
f 1417 1413 1412
f 1426 1413 1417
f 1413 1426 1414
f 1414 1426 1415
f 146 154 1368
f 1368 1412 1364
f 1368 155 157
f 157 1412 1368
f 1416 1412 157
f 1417 1412 1416
f 1429 1417 1416
f 1411 1419 1374
f 1375 1374 1419
f 1420 1419 1411
f 1419 1421 1375
f 1421 1419 1420
f 1375 1421 1377
f 1421 1422 1377
f 1422 1444 1377
f 1424 1422 1421
f 1414 1420 1411
f 1421 1420 1424
f 1415 1420 1414
f 1423 1420 1415
f 1422 1424 1446
f 1425 1446 1424
f 1424 1420 1423
f 1423 1425 1424
f 1417 1418 1426
f 1418 1427 1426
f 1428 1427 1418
f 1427 1415 1426
f 1439 1427 1428
f 1429 1416 172
f 1431 1429 172
f 1418 1417 1429
f 1429 1431 1418
f 1430 1418 1431
f 1428 1418 1430
f 1430 1431 1433
f 1433 1431 176
f 176 3178 1433
f 1430 1433 1432
f 1433 3179 1432
f 1428 1430 1432
f 1428 1432 1434
f 1439 1428 1434
f 1435 1423 1415
f 1427 1435 1415
f 1439 1435 1427
f 1425 1423 1435
f 1437 1425 1435
f 1436 1437 1435
f 1438 1437 1436
f 1439 1434 1440
f 1441 1439 1440
f 1441 1442 1439
f 1436 1435 1439
f 1442 1436 1439
f 1442 1438 1436
f 1444 1396 1377
f 1444 1401 1396
f 1444 1443 1401
f 1422 1446 1444
f 1443 1402 1401
f 1445 1402 1443
f 1402 1445 1452
f 1443 1449 1445
f 1447 1444 1446
f 1447 1443 1444
f 1462 1447 1446
f 1446 1448 1462
f 1447 1449 1443
f 1450 1447 1462
f 1445 1449 1450
f 1462 1451 1450
f 1450 1449 1447
f 1452 1403 1402
f 1452 1409 1403
f 1453 1409 1452
f 1445 1454 1452
f 1454 1453 1452
f 1454 1455 1453
f 1493 1409 1456
f 1453 1456 1409
f 1457 1493 1456
f 1457 1495 1493
f 1455 1456 1453
f 1457 1456 1455
f 1454 1445 1450
f 1458 1454 1451
f 1458 1455 1454
f 1451 1454 1450
f 1459 1458 1451
f 1458 1459 1460
f 1459 1471 1460
f 1460 1455 1458
f 1460 1457 1455
f 1500 1457 1460
f 1471 1500 1460
f 1448 1446 1425
f 1437 1448 1425
f 1437 1461 1448
f 1438 1461 1437
f 1462 1448 1461
f 1462 1463 1451
f 1468 1462 1461
f 1468 1463 1462
f 1468 1464 1463
f 1461 1438 1465
f 1461 1465 1466
f 3212 1465 1438
f 1467 1466 1465
f 1468 1461 1466
f 1467 1468 1466
f 1467 3214 1468
f 1463 1459 1451
f 1464 1459 1463
f 1469 1459 1464
f 1471 1469 1470
f 1471 1459 1469
f 1475 1470 1469
f 1472 1471 1470
f 1475 1472 1470
f 1475 1476 1472
f 1464 1468 1473
f 1464 1473 1469
f 1473 1475 1469
f 3214 1473 1468
f 1474 1473 3214
f 1474 1475 1473
f 1476 1475 1477
f 1475 1474 3225
f 3225 1477 1475
f 1644 1194 1345
f 1479 1478 1480
f 1481 1482 1483
f 1486 1278 1131
f 1487 1278 1486
f 1487 1488 1278
f 1486 1391 1487
f 1489 1488 1487
f 1391 1490 1487
f 1489 1487 1490
f 1391 1410 1490
f 1491 1489 1490
f 1492 1490 1410
f 1494 1491 1490
f 1494 1490 1492
f 1493 1492 1410
f 1492 1493 1495
f 1492 1498 1494
f 1498 1492 1495
f 1498 1496 1494
f 1497 1498 1495
f 1457 1497 1495
f 1457 1499 1497
f 1499 1498 1497
f 1501 1457 1500
f 1501 1499 1457
f 1503 1502 1501
f 1502 1499 1501
f 1471 1501 1500
f 1472 1501 1471
f 1504 1501 1472
f 1503 1501 1504
f 1472 1476 1504
f 1477 1505 1476
f 3226 1505 1477
f 1506 1505 3226
f 1507 1289 1283
f 1283 1278 1508
f 1488 1508 1278
f 1508 1507 1283
f 1288 1289 1507
f 1508 1511 1507
f 1489 1508 1488
f 1489 1509 1508
f 1509 1511 1508
f 1288 1510 1304
f 1510 1288 1507
f 1511 1510 1507
f 1513 1511 1512
f 1512 1511 1509
f 1306 1300 1304
f 1510 1514 1304
f 1304 1514 1306
f 1515 1305 1306
f 1516 1339 1305
f 1514 1515 1306
f 1516 1305 1515
f 1513 1510 1511
f 1513 1514 1510
f 1514 1513 1517
f 1518 1517 1513
f 1517 1515 1514
f 1512 1509 1519
f 1489 1491 1519
f 1519 1509 1489
f 1522 1520 1519
f 1496 1491 1494
f 1519 1491 1522
f 1491 1496 1521
f 1521 1522 1491
f 1574 1525 1521
f 1519 1520 1512
f 1512 1523 1513
f 1520 1523 1512
f 1525 1524 1520
f 1524 1523 1520
f 1525 1520 1522
f 1521 1525 1522
f 1530 1524 1525
f 1525 1574 1526
f 1523 1518 1513
f 1528 1518 1523
f 1529 1517 1518
f 1528 1529 1518
f 1523 1524 1528
f 1528 1524 1530
f 1531 1517 1529
f 1531 1515 1517
f 1533 1529 1528
f 1532 1529 1533
f 1531 1529 1532
f 1528 1530 1533
f 1530 1534 1533
f 1530 1525 1526
f 1530 1526 1527
f 1530 1527 1534
f 1535 1533 1534
f 1535 1532 1533
f 1559 1532 1535
f 1535 1560 1559
f 1561 1559 1560
f 1815 1272 1536
f 1339 1337 1305
f 1338 1339 1538
f 1538 1339 1539
f 1540 1339 1516
f 1543 1539 1339
f 1515 1540 1516
f 1540 1554 1543
f 1543 1339 1540
f 1541 1538 1539
f 1542 1553 1539
f 1553 1541 1539
f 1542 1539 1543
f 1556 1542 1543
f 1542 1556 1551
f 1340 1538 1541
f 1340 1541 1341
f 1545 1331 1341
f 1547 1545 1341
f 1548 1341 1541
f 1341 1548 1547
f 1541 1544 1548
f 1545 1547 1546
f 1549 1547 1548
f 1547 1550 1546
f 1549 1548 1544
f 1550 1547 1549
f 1549 1552 1550
f 1549 1565 1552
f 1552 2198 1550
f 1541 1553 1544
f 1553 1542 1551
f 1551 1544 1553
f 1549 1544 1551
f 1549 1551 1565
f 1531 1554 1540
f 1531 1540 1515
f 1531 1555 1554
f 1555 1543 1554
f 1555 1531 1532
f 1543 1555 1556
f 1556 1555 1558
f 1558 1564 1556
f 1532 1559 1555
f 1555 1559 1557
f 1559 1561 1557
f 1557 1558 1555
f 1557 1562 1558
f 1562 1564 1558
f 1612 1557 1561
f 1557 1612 1562
f 1563 1552 1565
f 1564 1551 1556
f 1551 1564 1565
f 1567 1565 1564
f 1565 1566 1563
f 1562 1567 1564
f 1567 1562 1568
f 1568 1569 1567
f 1562 1615 1568
f 1568 1615 1569
f 1565 1567 1569
f 1565 1569 1566
f 1570 1566 1569
f 1570 1569 1621
f 1496 1498 1571
f 1571 1498 1572
f 1571 1521 1496
f 1521 1571 1577
f 1521 1577 1574
f 1499 1572 1498
f 1499 1502 1572
f 1573 1571 1572
f 1577 1571 1573
f 1577 1573 1575
f 1573 1572 1502
f 1575 1573 1576
f 1503 1573 1502
f 1576 1573 1503
f 1579 1575 1576
f 1579 1576 1593
f 1577 1526 1574
f 1578 1527 1526
f 1578 1526 1577
f 1578 1577 1575
f 1579 1578 1575
f 1579 1593 1580
f 1580 1581 1579
f 1582 1527 1578
f 1583 1527 1582
f 1583 1534 1527
f 1583 1535 1534
f 1584 1560 1535
f 1584 1535 1583
f 1581 1582 1578
f 1585 1582 1581
f 1585 1583 1582
f 1585 1587 1583
f 1579 1581 1578
f 1599 1585 1581
f 1581 1580 1599
f 1586 1587 1585
f 1585 1599 1586
f 1600 1586 1599
f 1587 1584 1583
f 1589 1584 1587
f 1586 1589 1587
f 1504 1590 1503
f 1590 1504 1476
f 1505 1590 1476
f 1590 1591 1503
f 1591 1576 1503
f 1591 1593 1576
f 1590 1592 1591
f 1592 1593 1591
f 1594 1593 1592
f 1595 1590 1505
f 1505 1506 1595
f 1506 1597 1595
f 1592 1590 1596
f 1590 1595 1596
f 1597 1596 1595
f 1598 1592 1596
f 1598 1594 1592
f 3333 1598 1596
f 1594 1580 1593
f 1605 1580 1594
f 1580 1605 1599
f 1605 1600 1599
f 1606 1600 1605
f 1601 1600 1606
f 1601 1608 1628
f 1602 1586 1600
f 1601 1602 1600
f 1602 1589 1586
f 1589 1602 1603
f 1602 1601 1603
f 1628 1603 1601
f 1604 1605 1594
f 1604 1594 1598
f 1609 1606 1605
f 1598 3333 1604
f 1609 1605 1604
f 1607 1609 1604
f 1608 1601 1606
f 1609 1608 1606
f 1609 1611 1608
f 1561 1560 1613
f 1561 1613 1612
f 1588 1560 1584
f 1589 1588 1584
f 1560 1588 1613
f 1562 1612 1614
f 1615 1562 1614
f 1614 1613 1619
f 1612 1613 1614
f 1619 1616 1614
f 1589 1617 1588
f 1613 1588 1617
f 1613 1617 1619
f 1617 1589 1603
f 1625 1617 1603
f 1616 1619 1618
f 1625 1619 1617
f 1616 1615 1614
f 1621 1615 1616
f 1616 1620 1621
f 1621 1569 1615
f 1622 2236 1570
f 1622 1570 1621
f 1620 1624 1621
f 1624 1622 1621
f 2236 1622 1624
f 1623 1620 1618
f 1616 1618 1620
f 1635 1623 1618
f 1638 1624 1620
f 1638 1639 1624
f 1623 1638 1620
f 1625 1603 1628
f 1628 1631 1625
f 1626 1619 1625
f 1619 1626 1627
f 1631 1626 1625
f 1631 1632 1626
f 1632 1627 1626
f 1629 1628 1608
f 1629 1631 1628
f 1611 1629 1608
f 1629 1611 1630
f 1629 1630 3363
f 1629 3363 1631
f 1632 1631 1633
f 1640 1632 1633
f 3363 1633 1631
f 3363 1634 1633
f 1640 1633 1634
f 1619 1627 1618
f 1635 1618 1627
f 1637 1636 1635
f 1627 1632 1635
f 1636 1623 1635
f 1636 1638 1623
f 1639 1638 1636
f 1640 1635 1632
f 1635 1640 1637
f 1641 1636 1637
f 1641 1639 1636
f 1641 1642 1639
f 1641 1643 1642
f 1640 1641 1637
f 3368 1643 1641
f 1640 3368 1641
f 2257 1642 1643
f 1183 1175 1197
f 1197 1201 1183
f 1202 1183 1201
f 1644 320 319
f 323 1644 319
f 1644 1345 320
f 323 1645 1644
f 323 331 1646
f 331 323 324
f 1645 323 1646
f 332 1646 331
f 1645 1194 1644
f 1645 1195 1194
f 1195 1645 1196
f 1647 1196 1645
f 1207 1196 1647
f 1647 1645 1646
f 1648 1649 1646
f 1649 1647 1646
f 1207 1647 1649
f 1207 1649 1657
f 1648 1646 332
f 334 1650 332
f 1648 332 1650
f 336 1650 334
f 1651 336 335
f 1651 1652 336
f 336 1652 1650
f 1676 1648 1650
f 1653 1654 1648
f 1676 1653 1648
f 1676 1650 1652
f 1653 1676 1656
f 1648 1654 1649
f 1649 1654 1653
f 1653 1657 1649
f 1197 1199 1201
f 1805 1655 1478
f 1478 1655 1480
f 1208 1659 1655
f 1678 1480 1655
f 1658 1653 1656
f 1657 1658 1207
f 1657 1653 1658
f 1658 1208 1207
f 1208 1658 1659
f 1678 1655 1659
f 1656 1660 1658
f 1659 1658 1660
f 1680 1659 1660
f 1661 1660 1656
f 335 340 1651
f 1651 340 1662
f 340 1666 1662
f 343 1666 340
f 1652 1651 1662
f 1662 1666 1663
f 1664 1662 1663
f 1665 1664 1663
f 1652 1662 1664
f 1666 343 1667
f 1666 1667 1668
f 1669 1666 1668
f 1669 1663 1666
f 1668 344 2279
f 344 1668 1667
f 871 2279 344
f 1672 1665 1663
f 1672 1663 1669
f 1672 1670 1665
f 1671 1669 1668
f 1672 1669 1671
f 1674 1672 1671
f 1671 1668 2280
f 1670 1673 1665
f 1672 1675 1670
f 1674 1675 1672
f 1225 1224 1670
f 1675 1225 1670
f 1664 1673 1652
f 1673 1664 1665
f 1676 1652 1673
f 1676 1661 1656
f 1661 1676 1673
f 1684 1661 1673
f 1673 1670 1684
f 1684 1670 1224
f 1224 1686 1684
f 1680 1678 1659
f 1678 1679 1677
f 1677 1480 1678
f 1679 1678 1680
f 1677 1679 1484
f 1660 1681 1680
f 1680 1681 1679
f 1682 1484 1679
f 1484 1682 1485
f 1679 1681 1241
f 1241 1682 1679
f 1127 1233 1125
f 1682 1241 1685
f 1686 1224 1225
f 1683 1660 1661
f 1683 1661 1684
f 1683 1684 1273
f 1683 1681 1660
f 1681 1267 1241
f 1241 1267 1685
f 1267 1681 1683
f 1273 1267 1683
f 1686 1273 1684
f 1273 1686 1687
f 1686 1225 1687
f 1272 1685 1690
f 1685 1267 1690
f 1267 1273 1690
f 1273 1688 1690
f 1689 1272 1690
f 1689 1536 1272
f 1688 1689 1690
f 1691 1689 1688
f 1698 1691 1688
f 1687 1692 1274
f 1687 1274 1273
f 1694 1274 1692
f 1693 1274 1694
f 1696 1693 1694
f 1274 1688 1273
f 1693 1688 1274
f 1693 1698 1688
f 1697 1693 1696
f 1269 1323 1271
f 1698 1689 1691
f 1699 1689 1698
f 1322 1329 1321
f 1322 1331 1329
f 1700 1698 1693
f 1693 1697 1700
f 1697 1701 1702
f 1699 1698 1700
f 1702 1700 1697
f 2333 1701 1697
f 1697 1696 2333
f 1701 2333 1703
f 1704 1702 1701
f 1703 1704 1701
f 1344 320 1345
f 371 437 372
f 1705 372 1344
f 372 437 1344
f 1347 1194 1706
f 1347 1707 1344
f 1344 1345 1347
f 1347 1706 1708
f 1194 1715 1706
f 1705 375 372
f 1705 1344 1707
f 1705 1709 376
f 1710 1712 1711
f 1712 1707 1347
f 1705 1707 1712
f 1708 1712 1347
f 1708 1711 1712
f 1709 1705 1712
f 1710 1709 1712
f 1195 1715 1194
f 1713 1715 1195
f 1195 1805 1713
f 1706 1715 1716
f 1478 1713 1805
f 1806 1713 1478
f 1715 1713 1717
f 1715 1717 1716
f 1717 1713 1806
f 1711 1708 1714
f 1714 1718 1711
f 1719 1710 1711
f 1708 1706 1716
f 1716 1714 1708
f 1714 1716 1720
f 1721 1718 1714
f 1386 1721 1720
f 1721 1714 1720
f 376 375 1705
f 376 1709 1722
f 379 376 1722
f 1709 1710 1722
f 1710 1723 1722
f 379 1722 1755
f 1724 1722 1723
f 1755 1722 1724
f 1723 1725 1724
f 1710 1719 1723
f 1718 1719 1711
f 1719 1718 1727
f 1727 1726 1719
f 1726 1723 1719
f 1721 1727 1718
f 1721 1728 1727
f 1729 1726 1727
f 1728 1729 1727
f 1723 1726 1725
f 1726 1730 1725
f 1726 1729 1730
f 1743 1731 1729
f 1733 1717 1806
f 1733 1385 1732
f 1716 1717 1720
f 1720 1734 1386
f 1728 1721 1386
f 1734 1736 1386
f 1717 1734 1720
f 1733 1734 1717
f 1734 1733 1732
f 1734 1732 1735
f 1735 1732 1737
f 1736 1734 1735
f 1735 1737 1738
f 1740 1735 1812
f 1738 1812 1735
f 1739 1735 1740
f 1728 1386 1741
f 1741 1386 1736
f 1742 1741 1736
f 1739 1736 1735
f 1742 1736 1739
f 1728 1743 1729
f 1743 1728 1741
f 1744 1731 1743
f 1743 1745 1744
f 1743 1741 1745
f 1745 1741 1742
f 1742 1747 1745
f 1745 1746 1744
f 1746 1745 1747
f 1742 1739 1748
f 1748 1739 1740
f 1750 1740 1751
f 1752 1748 1740
f 1752 1740 1750
f 1752 1749 1748
f 1747 1742 1748
f 1749 1747 1748
f 1787 1747 1749
f 1749 1753 1788
f 1753 1749 1752
f 1752 1754 1753
f 1753 1754 1789
f 383 1755 1724
f 383 1724 1756
f 383 379 1755
f 1757 1724 1725
f 1724 1757 1758
f 1758 1756 1724
f 384 383 1756
f 1759 384 1756
f 1760 1759 1756
f 1761 1758 1757
f 1761 1757 1762
f 1760 1756 1758
f 1760 1758 1761
f 1757 1725 1730
f 1762 1757 1730
f 1764 1762 1730
f 1763 1762 1764
f 1730 1729 1764
f 1731 1764 1729
f 1765 1762 1763
f 1765 1761 1762
f 1766 1761 1765
f 1767 1766 1765
f 1763 1764 1731
f 1763 1731 1782
f 1767 1763 1774
f 1767 1765 1763
f 1774 1763 1782
f 390 1759 391
f 384 1759 390
f 1768 1761 1766
f 1768 1759 1760
f 1760 1761 1768
f 1769 1759 1768
f 1770 391 1759
f 1770 1759 1769
f 391 1770 2813
f 1769 1768 1771
f 1771 1768 1773
f 1773 1768 1766
f 1767 1775 1766
f 1775 1767 1774
f 1776 1766 1775
f 3604 1773 1766
f 3604 1766 1776
f 1777 1776 1775
f 1782 1731 1744
f 1782 1744 1779
f 1779 1744 1746
f 1747 1780 1746
f 1781 1779 1780
f 1780 1779 1746
f 1782 1779 1781
f 1783 1774 1782
f 1783 1782 1781
f 1784 1781 1780
f 1784 1785 1781
f 1786 1785 1784
f 1780 1747 1787
f 1787 1749 1788
f 1784 1780 1787
f 1753 1789 1788
f 1789 1754 1790
f 1791 1784 1787
f 1787 1788 1791
f 1786 1784 1791
f 1791 1788 1792
f 1792 1788 1789
f 1792 1789 1790
f 1800 1791 1792
f 1783 1793 1774
f 1775 1774 1793
f 1781 1785 1783
f 1785 1794 1783
f 1785 1797 1794
f 1786 1797 1785
f 1777 1775 1793
f 1795 1777 1793
f 1783 1794 1793
f 1796 1793 1794
f 1778 1777 1795
f 1793 1796 1795
f 1794 1798 1796
f 1798 1794 1797
f 1799 1786 1791
f 1799 1791 1800
f 1797 1786 1799
f 1801 1797 1799
f 1798 1797 1801
f 1802 1798 1801
f 1801 1799 1803
f 1803 1799 1800
f 1803 1800 1804
f 437 320 1344
f 1195 1196 1805
f 1479 1806 1478
f 1807 1479 1480
f 1677 1807 1480
f 1479 1385 1806
f 1807 1385 1479
f 1807 1808 1385
f 1677 1484 1807
f 1809 1732 1385
f 1385 1808 1809
f 1808 1481 1809
f 1809 1481 1810
f 1807 1484 1808
f 1481 1808 1485
f 1485 1808 1484
f 1482 1481 1485
f 1483 1482 1823
f 1809 1737 1732
f 1737 1809 1810
f 1738 1737 1810
f 1483 1810 1481
f 1738 1810 1811
f 1483 1811 1810
f 1822 1811 1483
f 1812 1738 1811
f 1816 1812 1811
f 1751 1812 1816
f 1816 1811 1822
f 1815 1485 1682
f 1685 1815 1682
f 1482 1485 1814
f 1815 1814 1485
f 1815 1813 1814
f 1685 1272 1815
f 1751 1740 1812
f 1751 1817 1750
f 1750 1818 1752
f 1754 1752 1818
f 1790 1754 1847
f 1819 1792 1790
f 1800 1792 1820
f 1804 1800 1820
f 1821 1803 1804
f 1822 1483 1823
f 1822 1823 1825
f 1825 1824 1822
f 1816 1822 1824
f 1826 1816 1824
f 1826 1824 1827
f 1824 1825 1828
f 1827 1824 1828
f 1814 1823 1482
f 1823 1814 1813
f 1823 1813 1829
f 1829 1813 1830
f 1536 1813 1815
f 1537 1830 1536
f 1536 1830 1813
f 1833 1829 1830
f 1831 1833 1830
f 1831 1830 1537
f 1832 1831 1537
f 1832 1833 1831
f 1859 1833 1832
f 1825 1823 1829
f 1834 1825 1829
f 1828 1825 1835
f 1835 1825 1834
f 1834 1829 1833
f 1833 1836 1834
f 1837 1835 1834
f 1828 1835 1827
f 1827 1835 1837
f 1837 1834 1836
f 1837 1836 1839
f 1833 1838 1836
f 1838 1833 1859
f 1839 1836 1838
f 1841 1839 1838
f 1842 1751 1816
f 1751 1842 1817
f 1817 1842 1843
f 1843 1842 1826
f 1817 1818 1750
f 1818 1817 1843
f 1842 1816 1826
f 1843 1826 1827
f 1844 1843 1845
f 1845 1843 1827
f 1845 1827 1846
f 1754 1818 1847
f 1847 1818 1848
f 1848 1818 1843
f 1848 1843 1844
f 1849 1848 1844
f 1850 1844 1845
f 1849 1844 1850
f 1846 1827 1837
f 1851 1837 1839
f 1846 1837 1851
f 1845 1846 1852
f 1851 1852 1846
f 1850 1845 1852
f 1853 1852 1851
f 1854 1850 1852
f 1853 1855 1852
f 1851 1839 1841
f 1851 1841 1853
f 1856 1853 1841
f 1857 1855 1853
f 1853 1879 1897
f 1857 1853 1897
f 1537 1536 1689
f 1537 1689 1699
f 1858 1859 1832
f 1859 1858 1860
f 1832 1537 1861
f 1537 1699 1861
f 1861 1699 1700
f 1700 1702 1861
f 1862 1861 1702
f 1858 1832 1861
f 1858 1861 1862
f 1860 1858 1862
f 1865 1860 1862
f 1862 1863 1865
f 1838 1859 1840
f 1840 1859 1860
f 1864 1702 1704
f 1864 1862 1702
f 1863 1862 1864
f 1863 1864 1866
f 1867 1704 1703
f 1867 1703 1868
f 1866 1704 1867
f 1864 1704 1866
f 1869 1863 1866
f 1863 1870 1865
f 1869 1866 1867
f 1869 1867 1871
f 2441 1871 1867
f 1840 1860 1872
f 1841 1838 1840
f 1872 1860 1865
f 1873 1872 1865
f 1873 1865 1870
f 1870 1863 1869
f 1870 1869 1874
f 1875 1870 1874
f 1874 1869 1871
f 1841 1840 1876
f 1856 1841 1876
f 1876 1840 1872
f 1872 1873 1876
f 1856 1876 1877
f 1877 1876 1873
f 1878 1877 1873
f 1878 1873 1875
f 1879 1853 1856
f 1856 1877 1879
f 1877 1880 1879
f 1880 1877 1878
f 1880 1878 1884
f 1884 1878 1881
f 1875 1873 1870
f 1881 1875 1874
f 1878 1875 1881
f 1882 1874 1871
f 1882 1871 1883
f 1881 1874 1882
f 1885 1884 1881
f 1886 1881 1882
f 1886 1882 1887
f 1888 1887 1882
f 1885 1881 1886
f 1885 1886 1887
f 1849 1847 1848
f 1819 1790 1847
f 1819 1847 1889
f 1891 1847 1849
f 1891 1889 1847
f 1891 1849 1890
f 1890 1849 1850
f 1890 1850 1854
f 1892 1819 1889
f 1892 1889 1893
f 1893 1889 1891
f 1891 1890 1894
f 1891 1894 1893
f 1855 1894 1854
f 1854 1852 1855
f 1894 1890 1854
f 1895 1894 1855
f 1895 1896 1894
f 1895 1855 1857
f 1898 1895 1857
f 1899 1857 1897
f 1900 1899 1897
f 1898 1857 1899
f 1895 1901 1896
f 1901 1895 1898
f 1898 1902 1901
f 1902 1898 1899
f 1902 1899 1903
f 1820 1792 1819
f 1820 1819 1892
f 1904 1892 1893
f 1892 1904 1905
f 1906 1904 1893
f 1906 1893 1907
f 1908 1804 1905
f 1804 1892 1905
f 1905 1904 1906
f 1909 1905 1906
f 3691 1908 1905
f 3691 1905 1909
f 1910 3691 1909
f 1907 1893 1894
f 1894 1896 1907
f 1907 1896 1911
f 1906 1907 1911
f 1911 1914 1906
f 1909 1906 1912
f 1912 1906 1914
f 1914 1911 1913
f 1911 1902 1913
f 1911 1896 1901
f 1902 1903 1932
f 1902 1911 1901
f 1913 1902 1932
f 1913 1932 1915
f 1897 1879 1916
f 1900 1897 1916
f 1916 1879 1880
f 1917 1916 1880
f 1917 1880 1884
f 1918 1917 1884
f 1919 1916 1917
f 1917 1920 1919
f 1921 1917 1918
f 1920 1917 1921
f 1903 1899 1900
f 1916 1919 1900
f 1900 1922 1903
f 1920 1921 1923
f 1884 1924 1918
f 1921 1918 1924
f 1924 1884 1885
f 1925 1885 1887
f 1925 1887 2459
f 1924 1885 1925
f 1921 1924 1923
f 1926 1923 1927
f 1927 1923 1924
f 1927 1924 1925
f 1926 1927 1928
f 1936 1927 1925
f 1919 1923 1929
f 1922 1919 1929
f 1930 1903 1922
f 1922 1929 1931
f 1929 1934 1931
f 1932 1903 1930
f 1933 1932 1930
f 1931 1930 1922
f 1920 1923 1919
f 1929 1923 1934
f 1934 1923 1926
f 1935 1934 1926
f 1935 1926 1928
f 1928 1927 1936
f 1938 1928 1936
f 1937 1938 1936
f 1938 1944 1939
f 1773 1772 1771
f 1777 1778 1776
f 1821 1804 1908
f 1892 1804 1820
f 1913 1940 1914
f 1915 1940 1913
f 1919 1922 1900
f 1941 1930 1942
f 1931 1942 1930
f 1942 1931 1934
f 1934 1935 1943
f 1939 1935 1928
f 1942 1934 1943
f 1935 1939 1943
f 1939 1928 1938
f 1150 1148 1149
f 1945 1154 1159
f 1161 1156 1155
f 1946 1159 1156
f 1161 1946 1156
f 1946 1947 1159
f 1948 1161 1949
f 1161 1948 1946
f 1946 1948 1947
f 1950 1947 1948
f 1949 1164 1250
f 1949 1250 1948
f 1148 1951 1142
f 1142 1951 621
f 1952 1951 1148
f 1952 1148 1953
f 1956 1952 1953
f 1953 1954 1956
f 1954 1953 1955
f 621 1951 622
f 622 1951 1952
f 625 622 1952
f 1957 1952 1956
f 625 1952 1957
f 625 1957 637
f 1957 1958 637
f 1955 1959 1954
f 1954 1958 1956
f 1958 1957 1956
f 1954 1959 1960
f 1960 1958 1954
f 1960 1974 1958
f 1960 1959 1961
f 1974 1960 1969
f 1154 1962 1150
f 1945 1962 1154
f 1945 1963 1962
f 1953 1150 1962
f 1955 1953 1962
f 1962 1963 1955
f 1963 1966 1955
f 1159 1964 1945
f 1964 1963 1945
f 1964 1965 1963
f 1959 1955 1961
f 1955 1966 1961
f 1960 1961 1969
f 1966 1967 1961
f 1968 1961 1967
f 1969 1961 1968
f 1966 1963 1965
f 1966 1965 1970
f 1965 2002 1970
f 1970 1967 1966
f 1970 1968 1967
f 1968 1970 1971
f 1970 2002 1971
f 1958 639 637
f 1958 1972 639
f 639 1972 1973
f 1972 1958 1974
f 1969 1975 1974
f 1977 1976 1975
f 1974 1973 1972
f 1978 1973 1974
f 1974 1975 1978
f 1978 1975 1976
f 1973 1979 639
f 1979 1973 1980
f 646 1979 1980
f 646 1980 1981
f 1982 1980 1973
f 1973 1978 1982
f 1981 1980 1982
f 1982 1978 1988
f 1982 1988 1990
f 1977 1975 1969
f 1968 1983 1969
f 1983 1977 1969
f 1977 1988 1976
f 1976 1988 1978
f 1988 1977 1989
f 1989 1977 1985
f 1968 1971 1983
f 1977 1983 1985
f 1985 1983 1971
f 1971 1984 1985
f 1987 1985 1984
f 1989 1985 1986
f 1987 1986 1985
f 2043 646 1981
f 1982 2046 1981
f 2046 2045 1981
f 1982 1990 2046
f 1990 1988 1989
f 2046 1990 1992
f 1992 1990 1991
f 1990 1989 1991
f 1989 1986 1991
f 1986 1987 2018
f 1993 1986 2018
f 1964 1159 1947
f 1947 1994 1964
f 1994 1995 1964
f 1965 1964 1995
f 1950 1994 1947
f 1996 1994 1950
f 1950 1948 1997
f 1998 1994 1996
f 1995 1994 1998
f 1998 2003 1995
f 1999 2003 1998
f 1996 2000 1998
f 1998 2000 1999
f 2001 1999 2000
f 1965 1995 2002
f 1995 2003 2002
f 2002 2004 1971
f 2004 2002 2005
f 2002 2003 2005
f 2003 2006 2005
f 2006 2003 1999
f 1999 2001 2006
f 1997 1948 1250
f 1996 1950 1997
f 2007 1996 1997
f 1250 1254 1997
f 1255 1997 1254
f 1255 2007 1997
f 2007 1255 2008
f 2008 2000 2007
f 2000 1996 2007
f 2008 1255 1317
f 1317 1255 1261
f 2009 2001 2000
f 2010 1317 2011
f 1317 2010 2008
f 2010 2009 2008
f 2008 2009 2000
f 2012 2009 2010
f 2004 1984 1971
f 1984 2004 2005
f 2014 1987 1984
f 2013 1984 2005
f 2014 1984 2013
f 2015 2005 2006
f 2005 2015 2013
f 2006 2017 2015
f 2017 2016 2015
f 2016 2013 2015
f 2014 2018 1987
f 2014 2013 2019
f 2018 2014 2019
f 2019 2013 2016
f 2016 2021 2019
f 2016 2017 2020
f 2021 2016 2020
f 2034 2030 2012
f 2022 2006 2001
f 2022 2017 2006
f 2001 2009 2022
f 2022 2009 2025
f 2017 2022 2023
f 2023 2022 2025
f 2024 2017 2023
f 2009 2012 2025
f 2023 2025 2029
f 2025 2012 2030
f 2020 2017 2024
f 2027 2024 2023
f 2026 2021 2020
f 2026 2020 2024
f 2073 2027 2028
f 2027 2026 2024
f 2073 2026 2027
f 2027 2023 2029
f 2029 2025 2030
f 2031 2029 2030
f 2029 2028 2027
f 2031 2028 2029
f 2032 2018 2019
f 2019 2033 2032
f 1316 2011 1317
f 2034 2010 2011
f 1319 2011 1316
f 2035 2011 1319
f 2035 2034 2011
f 2010 2034 2012
f 2030 2034 2036
f 2035 2036 2034
f 2035 1319 1330
f 2038 2030 2036
f 2038 2036 2037
f 2039 2035 1330
f 1332 1330 1329
f 1332 2039 1330
f 2195 2039 1332
f 2040 2036 2035
f 2039 2040 2035
f 2037 2036 2040
f 2041 2037 2040
f 2042 2031 2038
f 2031 2030 2038
f 2043 647 646
f 768 647 2043
f 2045 2043 1981
f 2044 2043 2045
f 2043 2044 768
f 2045 2046 2044
f 2054 2044 2046
f 771 768 2044
f 2044 2048 771
f 2047 771 2048
f 2048 2059 2047
f 2049 2048 2044
f 2050 2048 2049
f 2049 2044 2054
f 2050 2049 2051
f 2053 2046 1992
f 2046 2053 2054
f 1992 2052 2053
f 2055 2054 2053
f 1993 1992 1991
f 1993 2052 1992
f 1986 1993 1991
f 1993 2079 2052
f 2055 2053 2052
f 2052 2056 2055
f 2052 2079 2056
f 2051 2049 2054
f 2055 2051 2054
f 2051 2055 2057
f 2065 2051 2057
f 2057 2055 2056
f 2058 2065 2057
f 2057 2056 2058
f 782 2047 2059
f 2050 2059 2048
f 2059 784 782
f 2050 784 2059
f 784 2050 2060
f 2060 2050 2061
f 2060 2061 2066
f 788 784 2062
f 2062 784 2060
f 2062 2063 788
f 2062 2060 2064
f 2062 2064 2063
f 2064 2060 2066
f 2063 2117 2111
f 2117 2063 2064
f 2051 2061 2050
f 2061 2051 2065
f 2066 2061 2065
f 2065 2058 2068
f 2068 2058 2084
f 2065 2068 2067
f 2069 2068 2084
f 2064 2066 2070
f 2117 2064 2070
f 2066 2065 2067
f 2066 2067 2070
f 2070 2067 2071
f 2117 2070 2071
f 2069 2071 2067
f 2069 2067 2068
f 2069 2098 2071
f 2073 2072 2026
f 2074 2073 2028
f 2074 2028 2031
f 2031 2075 2074
f 2075 2077 2074
f 2076 2074 2077
f 2192 2077 2189
f 2076 2077 2192
f 2078 2076 2192
f 2080 1993 2018
f 2080 2079 1993
f 2032 2080 2018
f 2080 2082 2079
f 2080 2032 2033
f 2033 2019 2021
f 2080 2033 2082
f 2082 2033 2085
f 2085 2033 2081
f 2056 2079 2082
f 2058 2056 2083
f 2083 2056 2082
f 2083 2082 2087
f 2084 2058 2083
f 2081 2087 2085
f 2082 2085 2087
f 2093 2087 2081
f 2072 2021 2026
f 2033 2021 2072
f 2033 2072 2088
f 2072 2073 2088
f 2074 2088 2073
f 2076 2088 2074
f 2088 2081 2033
f 2089 2088 2076
f 2089 2081 2088
f 2093 2081 2090
f 2090 2081 2089
f 2089 2091 2090
f 2091 2089 2076
f 2078 2091 2076
f 2084 2083 2086
f 2086 2083 2087
f 2093 2086 2087
f 2094 2086 2093
f 2086 2095 2084
f 2096 2086 2094
f 2095 2086 2096
f 2095 2096 2101
f 2101 2096 2103
f 2069 2084 2097
f 2084 2095 2097
f 2097 2098 2069
f 2099 2098 2097
f 2100 2097 2095
f 2101 2100 2095
f 2101 2102 2100
f 2104 2090 2091
f 2093 2090 2104
f 2093 2104 2094
f 2106 2105 2091
f 2104 2091 2105
f 2106 2091 2078
f 2106 2078 2092
f 2105 2106 2109
f 2107 2096 2094
f 2107 2094 2104
f 2103 2096 2107
f 2108 2107 2104
f 2107 2141 2103
f 2141 2107 2108
f 2105 2109 2104
f 2104 2109 2108
f 2144 2108 2109
f 787 788 2063
f 824 787 2063
f 2110 824 2063
f 2063 2111 2110
f 829 824 2110
f 2113 829 2110
f 2117 2119 2111
f 2112 2110 2111
f 2112 2111 2119
f 829 2113 830
f 2113 2114 830
f 2113 2110 2114
f 2110 2112 2114
f 2112 2116 2114
f 2112 2115 2116
f 2115 2123 2116
f 2071 2118 2117
f 2117 2118 2119
f 2120 2071 2121
f 2118 2071 2120
f 2122 2119 2118
f 2122 2118 2120
f 2115 2112 2119
f 2115 2119 2122
f 2123 2115 2122
f 2125 2122 2124
f 2124 2122 2120
f 2124 2120 2126
f 2114 2127 830
f 830 2127 845
f 2127 2114 2116
f 845 2127 2128
f 2127 2116 2128
f 2128 2116 2123
f 2129 2128 2123
f 2123 2122 2125
f 2125 2129 2123
f 2129 2125 2130
f 2131 2125 2124
f 2126 2131 2124
f 2130 2125 2131
f 2132 2130 2131
f 2133 2130 2132
f 2098 2121 2071
f 2099 2121 2098
f 2097 2100 2099
f 2099 2134 2121
f 2134 2120 2121
f 2100 2102 2099
f 2099 2102 2135
f 2103 2102 2101
f 2135 2102 2142
f 2135 2142 2136
f 2099 2135 2134
f 2137 2134 2135
f 2120 2134 2126
f 2137 2126 2134
f 2131 2126 2137
f 2137 2135 2136
f 2138 2137 2136
f 2140 2136 2139
f 2138 2136 2140
f 2137 2138 2155
f 2141 2108 2145
f 2142 2103 2141
f 2145 2143 2141
f 2142 2141 2143
f 2151 2142 2143
f 2145 2108 2144
f 2146 2145 2144
f 2147 2143 2145
f 2151 2143 2148
f 2148 2143 2147
f 2147 2145 2146
f 2147 2146 2149
f 2147 2149 2148
f 2148 2153 2151
f 2150 2151 2153
f 2153 2148 2149
f 2152 2150 2153
f 2142 2102 2103
f 2139 2142 2151
f 2136 2142 2139
f 2150 2139 2151
f 2139 2150 2140
f 2131 2137 2154
f 2154 2137 2155
f 2131 2154 2132
f 2157 2132 2154
f 2157 2154 2155
f 2156 2138 2140
f 2155 2138 2156
f 2156 2157 2155
f 2132 2157 2158
f 2133 2132 2158
f 2158 2157 2160
f 2160 2157 2156
f 2156 2161 2160
f 2160 2159 2158
f 2161 2162 2160
f 2162 2159 2160
f 2152 2153 2272
f 2164 2152 2272
f 2163 2152 2164
f 2272 2274 2164
f 2165 2170 2164
f 2163 2140 2150
f 2156 2140 2161
f 2161 2140 2166
f 2166 2140 2163
f 2163 2150 2152
f 2167 2161 2166
f 2167 2166 2163
f 2162 2161 2167
f 2162 2167 2168
f 2164 2170 2163
f 2169 2163 2170
f 2167 2163 2169
f 2167 2169 2171
f 2172 2170 2165
f 2169 2170 2172
f 2169 2172 3757
f 852 851 845
f 852 845 2174
f 2174 845 2128
f 2176 2174 2128
f 2176 2175 2174
f 2174 2175 852
f 2176 2128 2173
f 2178 2175 2176
f 2178 2176 2173
f 2173 2128 2129
f 2173 2129 2177
f 2130 2177 2129
f 3832 2173 2177
f 2178 2173 3832
f 3832 2177 2180
f 2179 3832 2180
f 2130 2180 2177
f 2180 2130 2133
f 2181 2180 2133
f 2039 2195 2182
f 2185 2182 2196
f 2041 2040 2183
f 2182 2040 2039
f 2183 2040 2182
f 2184 2041 2183
f 2185 2183 2182
f 2186 2184 2183
f 2186 2183 2185
f 2187 2186 2185
f 2075 2031 2042
f 2041 2038 2037
f 2042 2038 2041
f 2075 2042 2189
f 2042 2041 2189
f 2077 2075 2189
f 2188 2041 2184
f 2186 2188 2184
f 2189 2041 2188
f 2190 2189 2188
f 2192 2189 2191
f 2190 2191 2189
f 2092 2192 2191
f 2092 2078 2192
f 2191 2190 2201
f 2187 2193 2188
f 2190 2188 2193
f 2187 2188 2186
f 2205 2190 2193
f 2201 2190 2205
f 2194 2193 2187
f 1545 2195 1332
f 2195 1545 1546
f 2196 2182 2195
f 2196 2195 1546
f 2196 1546 1550
f 1550 2198 2196
f 2196 2197 2185
f 2198 2197 2196
f 2185 2197 2187
f 2194 2187 2219
f 2197 2198 2219
f 2219 2187 2197
f 2202 2092 2191
f 2201 2202 2191
f 2202 2106 2092
f 2203 2106 2202
f 2202 2201 2204
f 2202 2204 2203
f 2205 2193 2194
f 2205 2194 2200
f 2206 2208 2205
f 2207 2208 2206
f 2206 2205 2200
f 2205 2208 2201
f 2208 2204 2201
f 2204 2209 2203
f 2209 2204 2214
f 2206 2200 2210
f 2211 2206 2210
f 2207 2206 2211
f 2207 2211 2212
f 2213 2212 2211
f 2208 2207 2204
f 2204 2207 2214
f 2214 2207 2212
f 2212 2215 2214
f 2223 2209 2214
f 2212 2224 2215
f 1563 2198 1552
f 1563 2199 2198
f 2217 2199 1563
f 2218 2199 2217
f 2218 2216 2199
f 2219 2198 2199
f 2199 2216 2219
f 2200 2219 2216
f 2194 2219 2200
f 2221 2200 2216
f 2217 1563 1566
f 2221 2216 2218
f 2218 2220 2221
f 2218 2217 2220
f 2221 2210 2200
f 2210 2221 2222
f 2233 2222 2221
f 2220 2233 2221
f 2233 2220 2237
f 1570 2217 1566
f 2236 2217 1570
f 2222 2211 2210
f 2213 2211 2222
f 2203 2109 2106
f 2263 2109 2203
f 2263 2203 2209
f 2144 2109 2263
f 2263 2209 2223
f 2224 2212 2213
f 2223 2214 2215
f 2225 2264 2215
f 2226 2264 2225
f 2225 2215 2224
f 2227 2226 2225
f 2273 2226 2228
f 2228 2226 2227
f 2229 2225 2224
f 2225 2229 2227
f 2229 2231 2227
f 2244 2228 2227
f 2244 2227 2231
f 2245 2244 2231
f 2230 2228 2244
f 2220 2236 2237
f 2233 2237 2234
f 2235 2222 2233
f 2232 2234 2237
f 2233 2234 2235
f 2236 2220 2217
f 2234 2232 2239
f 2241 2236 1624
f 2241 2237 2236
f 1624 2240 2241
f 2241 2232 2237
f 2240 2232 2241
f 1639 2240 1624
f 2213 2222 2235
f 2235 2242 2213
f 2224 2213 2242
f 2234 2238 2235
f 2238 2242 2235
f 2242 2229 2224
f 2231 2229 2242
f 2231 2242 2238
f 2239 2238 2234
f 2243 2238 2239
f 2244 2269 2230
f 2269 2244 2245
f 2245 2277 2269
f 2246 2277 2245
f 2232 2240 2250
f 2250 2247 2232
f 2239 2232 2247
f 2243 2239 2247
f 2250 2255 2247
f 2255 2251 2247
f 2248 2243 2247
f 2251 2248 2247
f 2249 2240 1639
f 2249 2250 2240
f 1642 2249 1639
f 2254 2249 1642
f 2254 2250 2249
f 2255 2250 2254
f 2251 2260 2248
f 2252 2251 2253
f 2260 2251 2252
f 2254 2256 2255
f 2257 2254 1642
f 2256 2254 2257
f 2253 2251 2255
f 2256 2253 2255
f 2231 2238 2243
f 2243 2258 2231
f 2258 2243 2248
f 2259 2258 2248
f 2258 2245 2231
f 2245 2258 2259
f 2259 2248 2260
f 2259 2261 2246
f 2261 2259 2260
f 2246 2245 2259
f 2262 2246 2261
f 2264 2263 2223
f 2263 2146 2144
f 2146 2263 2265
f 2265 2263 2264
f 2264 2223 2215
f 2266 2265 2273
f 2265 2266 2268
f 2267 2268 2266
f 2268 2146 2265
f 2149 2146 2268
f 2267 2149 2268
f 2149 2267 2153
f 2264 2226 2265
f 2273 2265 2226
f 2228 2230 2273
f 2269 2266 2273
f 2270 2267 2266
f 2271 2270 2266
f 2272 2153 2267
f 2270 2272 2267
f 2274 2272 2270
f 2270 2271 2274
f 2269 2273 2230
f 2269 2271 2266
f 2165 2164 2274
f 2274 2275 2165
f 2275 2271 2276
f 2271 2275 2274
f 2271 2269 2277
f 2278 2277 2246
f 2271 2277 2278
f 2278 2276 2271
f 1150 1953 1148
f 2279 2280 1668
f 2280 2279 2281
f 2282 2280 2281
f 2282 1671 2280
f 2285 1674 1671
f 2284 1675 1674
f 1671 2282 2285
f 2285 2282 2283
f 2285 2284 1674
f 2284 2285 2286
f 2283 2282 2287
f 2286 2285 2283
f 2288 2286 2283
f 2284 2286 2290
f 2291 1675 2284
f 2290 2291 2284
f 2290 2286 2288
f 2288 2283 2289
f 2310 2288 2303
f 2290 2288 2310
f 2288 2289 2303
f 874 871 870
f 871 874 2279
f 874 2281 2279
f 2281 874 875
f 2293 2292 875
f 2281 875 2292
f 2282 2281 2287
f 2281 2292 2287
f 2292 2294 2287
f 878 875 873
f 878 2293 875
f 2293 2295 2292
f 2295 2296 2292
f 2296 2294 2292
f 879 2293 878
f 2293 879 2295
f 879 2298 2295
f 2296 2295 2298
f 2294 2296 2297
f 2341 2296 2339
f 2341 2299 2296
f 2299 2300 2296
f 2283 2287 2289
f 2294 2301 2287
f 2287 2301 2289
f 2289 2302 2303
f 2304 2302 2301
f 2294 2297 2301
f 2300 2301 2297
f 2300 2304 2301
f 2300 2306 2304
f 2289 2301 2302
f 2305 2302 2304
f 2306 2305 2304
f 2296 2300 2297
f 2307 2305 2306
f 1675 2291 1225
f 2308 2291 2290
f 2308 2290 2310
f 2310 2309 2308
f 2309 2310 2312
f 2291 2308 2313
f 2312 2310 2303
f 2302 2312 2303
f 2312 2302 2311
f 2312 2311 2315
f 1687 1225 2291
f 1687 2291 2313
f 2313 2308 2314
f 1692 1687 2313
f 2315 2309 2312
f 2314 2308 2309
f 2314 2309 2315
f 2314 2315 2316
f 2325 2313 2314
f 2317 2318 2315
f 2316 2315 2318
f 2319 2311 2302
f 2315 2311 2317
f 2302 2305 2319
f 2311 2319 2320
f 2317 2311 2320
f 2320 2319 2321
f 2317 2322 2318
f 2322 2317 2320
f 2319 2305 2307
f 2319 2307 2321
f 2323 2320 2321
f 2322 2320 2324
f 2323 2324 2320
f 2325 1692 2313
f 2325 1695 1692
f 1695 2325 2326
f 2325 2314 2316
f 2316 2318 2327
f 2326 2325 2316
f 2326 2316 2327
f 1694 1692 1695
f 1695 1696 1694
f 1695 2329 1696
f 2326 2329 1695
f 2318 2328 2327
f 2330 2327 2328
f 2326 2331 2332
f 1696 2329 2333
f 2329 2326 2332
f 2327 2331 2326
f 2327 2330 2331
f 2332 2331 2334
f 2331 2335 2334
f 2330 2335 2331
f 2318 2322 2328
f 2336 2330 2328
f 2336 2328 2322
f 2324 2336 2322
f 2336 2324 2337
f 2333 2329 2332
f 2332 2338 2333
f 2333 2338 1703
f 2338 2332 2334
f 2334 2437 2338
f 2335 2437 2334
f 966 2298 879
f 964 966 879
f 2298 2339 2296
f 969 966 968
f 2339 2298 966
f 969 2339 966
f 2340 2339 969
f 2339 2340 2341
f 2299 2341 2343
f 2300 2299 2342
f 2342 2299 2344
f 2342 2306 2300
f 2345 2306 2342
f 2345 2307 2306
f 2363 2307 2345
f 2340 2343 2341
f 2299 2343 2344
f 969 2346 2340
f 2346 2347 2340
f 2347 2343 2340
f 2343 2348 2344
f 2348 2343 2347
f 2345 2342 2344
f 2349 2350 2344
f 2349 2344 2348
f 2344 2350 2345
f 2345 2350 2351
f 2352 2347 2346
f 2348 2347 2354
f 2353 2348 2354
f 2354 2347 2352
f 983 2352 2346
f 983 2355 2352
f 2356 2355 983
f 2357 2354 2355
f 2357 2353 2354
f 2353 2349 2348
f 2359 2358 2353
f 2360 2353 2357
f 2359 2353 2360
f 2361 2362 2396
f 2307 2363 2321
f 2321 2363 2323
f 2364 2323 2363
f 2337 2324 2323
f 2323 2364 2337
f 2337 2364 2365
f 2365 2368 2337
f 2366 2337 2368
f 2369 2336 2337
f 2366 2369 2337
f 2370 2369 2366
f 2369 2330 2336
f 2369 2335 2330
f 2369 2371 2335
f 2366 2368 2367
f 2370 2366 2372
f 2367 2372 2366
f 2370 2373 2369
f 2374 2373 2370
f 2375 2373 2374
f 2372 2374 2370
f 2376 2372 2377
f 2376 2374 2372
f 2375 2374 2376
f 2378 2375 2376
f 2378 2376 2379
f 2363 2345 2351
f 2364 2363 2351
f 2351 2380 2364
f 2380 2365 2364
f 2380 2381 2365
f 2381 2368 2365
f 2382 2380 2383
f 2382 2381 2380
f 2386 2382 2383
f 2384 2381 2382
f 2384 2368 2381
f 2384 2367 2368
f 2385 2384 2382
f 2386 2385 2382
f 2388 2385 2386
f 2385 2387 2384
f 2385 2388 2387
f 2377 2372 2367
f 2377 2367 2384
f 2389 2377 2384
f 2387 2389 2384
f 2389 2387 2391
f 2379 2376 2377
f 2379 2377 2389
f 2390 2379 2389
f 2396 2362 2394
f 2395 2361 2396
f 2395 2397 2361
f 2398 2399 2397
f 2400 2401 2402
f 2402 2395 2400
f 1055 2393 1054
f 2403 1055 1059
f 1055 2403 2393
f 2404 2392 2393
f 2403 2404 2393
f 2405 2403 1059
f 2406 2404 2403
f 2404 2406 2407
f 2405 2406 2403
f 2405 2408 2406
f 2406 2408 2409
f 2407 2401 2404
f 2402 2410 2411
f 2407 2410 2402
f 2406 2409 2407
f 2409 2412 2407
f 2413 2410 2407
f 2413 2414 2410
f 2413 2407 2412
f 2413 2412 2415
f 2379 2390 2378
f 2388 2386 2478
f 2478 2416 2388
f 2388 2417 2387
f 2391 2387 2417
f 2390 2389 2391
f 2418 2390 2422
f 2419 2390 2391
f 2419 2391 2420
f 2419 2420 2421
f 2422 2390 2419
f 2423 2479 2480
f 2414 2423 2480
f 2424 2423 2414
f 2479 2423 2425
f 2426 2425 2423
f 2424 2426 2423
f 2426 2427 2425
f 2413 2428 2414
f 2428 2424 2414
f 2415 2428 2413
f 2424 4102 2426
f 2429 4102 2424
f 2430 2420 2426
f 2430 2421 2420
f 2431 2422 2421
f 2432 2433 2431
f 2434 2421 2430
f 2435 2421 2434
f 2436 2431 2421
f 2431 2436 2432
f 1868 1703 2338
f 2338 2437 1868
f 2371 2437 2335
f 2438 2437 2371
f 2439 2438 2371
f 1868 2437 2438
f 2441 1867 1868
f 2438 2441 1868
f 2438 2439 2440
f 1871 2441 2442
f 2438 2442 2441
f 2440 2442 2438
f 2373 2439 2371
f 2375 2439 2373
f 1883 1871 2442
f 2444 1883 2442
f 2440 2443 2442
f 2443 2444 2442
f 2446 2444 2443
f 2446 2443 2447
f 2446 2445 2444
f 2446 2447 2456
f 2448 2440 2439
f 2439 2375 2448
f 2448 2449 2440
f 2448 2375 2450
f 2378 2450 2375
f 2481 2449 2450
f 2450 2378 2481
f 1888 1882 1883
f 1888 1883 2444
f 1888 2444 2445
f 2451 2446 2452
f 2452 2446 2456
f 2453 2452 2456
f 2418 2378 2390
f 2455 2378 2418
f 2433 2418 2422
f 2455 2418 2433
f 2456 2458 2453
f 2459 1887 1888
f 2451 1888 2445
f 2459 1888 2451
f 2460 2459 2451
f 2451 2445 2446
f 2461 1925 2459
f 2461 2459 2460
f 1936 1925 2461
f 2462 2461 2460
f 2460 2451 2463
f 2464 2483 2457
f 2465 2457 2432
f 2483 2464 2466
f 2467 2466 2464
f 2464 2457 2465
f 2467 2464 2465
f 2468 2469 2470
f 1937 1936 2462
f 1936 2461 2462
f 2471 2462 2460
f 2349 2358 2350
f 2380 2351 2350
f 2356 983 1065
f 2352 2355 2354
f 2394 2357 2355
f 2349 2353 2358
f 2358 2383 2350
f 2472 2358 2359
f 2472 2383 2358
f 2361 2359 2360
f 2360 2357 2362
f 2360 2362 2361
f 2361 2472 2359
f 2472 2361 2397
f 2473 2472 2397
f 2369 2373 2371
f 2380 2350 2383
f 2383 2472 2386
f 2473 2386 2472
f 2473 2399 2386
f 2356 1065 2474
f 2355 2356 2394
f 2474 2394 2356
f 2362 2357 2394
f 1054 2474 1065
f 1054 2393 2474
f 2474 2392 2394
f 2393 2392 2474
f 2404 2401 2392
f 2473 2397 2399
f 2475 2397 2395
f 2475 2398 2397
f 2394 2395 2396
f 2400 2395 2394
f 2400 2394 2392
f 2402 2475 2395
f 2402 2411 2475
f 2401 2400 2392
f 2476 2398 2475
f 2475 2411 2476
f 2411 2477 2476
f 2410 2414 2477
f 2411 2410 2477
f 2401 2407 2402
f 2386 2399 2478
f 2478 2399 2476
f 2416 2417 2388
f 2479 2416 2478
f 2417 2416 2425
f 2479 2425 2416
f 2417 2425 2427
f 2420 2417 2427
f 2426 2420 2427
f 2476 2399 2398
f 2478 2476 2480
f 2478 2480 2479
f 2476 2477 2480
f 2477 2414 2480
f 2420 2391 2417
f 2431 2433 2422
f 2422 2419 2421
f 2429 2424 2428
f 2426 4102 2434
f 2434 2430 2426
f 2465 2432 2436
f 2449 2443 2440
f 2448 2450 2449
f 2481 2443 2449
f 2447 2443 2481
f 2482 2447 2481
f 2481 2454 2482
f 2378 2454 2481
f 2454 2378 2455
f 2456 2447 2482
f 2482 2454 2457
f 2455 2457 2454
f 2455 2433 2432
f 2432 2457 2455
f 2456 2482 2458
f 2482 2483 2458
f 2482 2457 2483
f 2453 2458 2483
f 2484 2452 2453
f 2485 2453 2483
f 2451 2452 2463
f 2463 2452 2484
f 2486 2463 2484
f 2484 2453 2485
f 2485 2483 2466
f 2485 2470 2484
f 2485 2466 2470
f 2486 2484 2469
f 2469 2484 2470
f 2488 2486 2469
f 2470 2466 2467
f 2470 2467 2489
f 2490 2462 2471
f 2463 2471 2460
f 2463 2487 2471
f 2486 2487 2463
f 2462 2491 1937
f 1938 1937 2491
f 2490 2491 2462
f 1938 2492 1944
f 2492 1938 2491
f 2490 2471 2487
f 2493 2494 2495
f 2495 2496 2497
f 2494 2496 2495
f 2498 2499 2497
f 2498 2497 2502
f 2496 2500 2497
f 2500 2496 2501
f 2501 2496 2919
f 2502 2497 2500
f 2501 2502 2500
f 2502 2501 2503
f 2923 2765 2503
f 166 165 2505
f 2504 2505 165
f 2504 2506 2505
f 2504 2507 2506
f 2508 2512 2507
f 2517 2508 2507
f 174 2509 175
f 166 2509 167
f 174 167 2509
f 2505 2509 166
f 2506 2509 2505
f 2512 2509 2506
f 2509 2510 175
f 2510 176 175
f 2510 3178 176
f 2510 2511 2515
f 2510 2509 2511
f 2509 2512 2511
f 2515 3178 2510
f 2513 2511 2512
f 2512 2506 2507
f 2508 2520 2512
f 2513 2514 2511
f 2514 2515 2511
f 2517 2507 2516
f 2517 2520 2508
f 2518 2517 2614
f 2518 2519 2517
f 2519 2619 2696
f 2525 2519 2696
f 2513 2512 2520
f 2520 2521 2513
f 2522 2521 2520
f 2523 2514 2513
f 2514 2523 3195
f 2521 2523 2513
f 2523 2521 3195
f 2520 2517 2524
f 2517 2519 2524
f 2522 2520 2524
f 2525 2522 2524
f 2519 2525 2524
f 2522 2525 2526
f 2521 2522 3195
f 2527 3195 2522
f 2526 2527 2522
f 2528 2525 2696
f 2529 2526 2525
f 2528 2529 2525
f 2528 2531 2529
f 2530 2527 2526
f 2526 2531 2530
f 2531 2526 2529
f 2532 2531 2528
f 2531 2534 2533
f 2531 2532 2534
f 2535 2534 2532
f 2536 2534 2535
f 2538 2539 2540
f 2542 2541 2540
f 2542 2540 2539
f 2579 2566 2541
f 2579 2541 2542
f 2545 259 2544
f 2546 2545 2544
f 2546 2544 2547
f 2543 2545 2546
f 2546 2547 2543
f 2548 2567 2547
f 2549 2550 2543
f 2561 2547 2567
f 2549 2547 2561
f 2549 2543 2547
f 2552 268 269
f 2552 2553 268
f 2552 2551 2553
f 2554 2551 2552
f 2551 2544 2553
f 2547 2544 2551
f 2538 2552 269
f 2554 2552 2538
f 2554 2538 2540
f 2553 2544 259
f 2551 2548 2547
f 2554 2548 2551
f 2555 2554 2541
f 2567 2548 2555
f 2555 2548 2554
f 2541 2554 2540
f 2566 2555 2541
f 2556 2566 2579
f 2556 2579 2595
f 2549 2561 2562
f 2549 2562 2559
f 2562 2561 2558
f 2562 2558 2569
f 2562 2569 2626
f 2563 2562 2564
f 2559 2562 2563
f 2563 2615 2559
f 2564 2562 2626
f 2565 2563 2564
f 2568 2555 2566
f 2561 2567 2558
f 2569 2567 2555
f 2569 2558 2567
f 2555 2568 2569
f 2568 2566 2556
f 2570 2569 2568
f 2569 2570 2626
f 2621 2626 2570
f 2570 2568 2556
f 2556 2557 2570
f 2570 2557 2621
f 292 2571 2539
f 2571 2572 2539
f 2571 292 2573
f 293 2573 292
f 2571 2573 2572
f 2573 293 2574
f 2575 2573 2574
f 2576 2581 2577
f 2578 2572 2575
f 2575 2580 2578
f 2572 2542 2539
f 2542 2572 2578
f 2579 2578 2580
f 2579 2542 2578
f 2573 2575 2572
f 2575 2574 2581
f 2576 2575 2581
f 2576 2580 2575
f 300 293 299
f 2582 293 300
f 2582 2574 293
f 2583 300 2584
f 300 301 2584
f 300 2583 2582
f 2574 2582 2581
f 2586 2581 2582
f 2585 2582 2583
f 2586 2582 2585
f 2587 2583 2584
f 2587 2585 2583
f 2585 2588 2586
f 2589 2588 2585
f 2589 2585 2587
f 2589 2587 2936
f 2590 2580 2576
f 2590 2576 2577
f 2577 2581 2591
f 2577 2591 2590
f 2593 2590 2591
f 2592 2593 2591
f 2579 2580 2594
f 2579 2594 2595
f 2599 2595 2594
f 2593 2599 2594
f 2593 2580 2590
f 2594 2580 2593
f 2596 2593 2592
f 2592 2597 2596
f 2597 2592 2606
f 2598 2596 2597
f 2596 2598 2599
f 2595 2600 2556
f 2595 2599 2600
f 2599 2593 2596
f 2600 2557 2556
f 2601 2600 2599
f 2591 2581 2586
f 2602 2591 2586
f 2586 2605 2602
f 2588 2605 2586
f 2592 2591 2602
f 2606 2592 2602
f 2606 2602 2604
f 2604 2602 2605
f 2588 2603 2605
f 2606 2604 2607
f 2608 2606 2607
f 2608 2597 2606
f 2607 2604 2605
f 2607 2605 2609
f 2607 2610 2608
f 2610 2607 2609
f 2545 313 311
f 2545 2611 313
f 313 2611 165
f 2543 2611 2545
f 2550 2611 2543
f 2504 165 2611
f 2612 2611 2550
f 2611 2612 2504
f 2516 2612 2550
f 2504 2612 2516
f 2550 2560 2516
f 2507 2504 2516
f 2559 2550 2549
f 2560 2550 2559
f 2614 2560 2613
f 2613 2518 2614
f 2516 2614 2517
f 2614 2516 2560
f 2615 2560 2559
f 2613 2560 2615
f 2616 2615 2563
f 2616 2613 2615
f 2616 2617 2613
f 2617 2616 2618
f 2619 2518 2617
f 2518 2613 2617
f 2618 2619 2617
f 2519 2518 2619
f 2620 2557 2600
f 2622 2621 2557
f 2620 2622 2557
f 2623 2620 2601
f 2622 2620 2623
f 2623 2633 2622
f 2624 2633 2623
f 2634 2633 2624
f 2625 2624 2623
f 2634 2624 2635
f 2635 2624 2625
f 2564 2626 2627
f 2627 2565 2564
f 2695 2565 2627
f 2628 2695 2627
f 2628 2630 2695
f 2627 2629 2628
f 2630 2628 2629
f 2626 2621 2631
f 2632 2626 2631
f 2632 2627 2626
f 2621 2622 2631
f 2622 2633 2631
f 2632 2631 2633
f 2634 2632 2633
f 2632 2629 2627
f 2636 2637 2635
f 2637 2636 2638
f 2640 2639 2629
f 2630 2629 2639
f 2640 2642 2639
f 2643 2642 2640
f 2641 2643 2640
f 2644 2632 2634
f 2644 2634 2645
f 2646 2644 2645
f 2637 2634 2635
f 2629 2632 2644
f 2646 2629 2644
f 2646 2640 2629
f 2641 2640 2646
f 2637 2645 2634
f 2649 2645 2650
f 2649 2646 2645
f 2651 2646 2649
f 2650 2645 2637
f 2641 2646 2651
f 2652 2647 2648
f 2647 2653 2648
f 2647 2652 2654
f 2654 2652 2655
f 2717 2654 2655
f 2658 2656 2657
f 2598 2658 2657
f 2597 2658 2598
f 2660 2597 2668
f 2660 2658 2597
f 2659 2658 2660
f 2601 2620 2600
f 2598 2601 2599
f 2657 2601 2598
f 2601 2657 2661
f 2601 2661 2623
f 2656 2661 2657
f 2659 2662 2656
f 2663 2662 2659
f 2659 2656 2658
f 2663 2659 2664
f 2659 2660 2664
f 2625 2623 2661
f 2662 2661 2656
f 2663 2661 2662
f 2663 2625 2661
f 2635 2625 2663
f 2665 2666 2672
f 2667 2666 2665
f 2668 2597 2608
f 2668 2608 2670
f 2660 2668 2669
f 2668 2670 2669
f 2493 2670 2608
f 2610 2493 2608
f 2493 2610 2671
f 2674 2673 2675
f 2495 2669 2670
f 2493 2495 2670
f 2660 2669 2495
f 2675 2689 2677
f 2673 2672 2678
f 2678 2672 2666
f 2678 2675 2673
f 2675 2676 2674
f 2676 2675 2677
f 2667 2679 2680
f 2499 2664 2660
f 2635 2663 2636
f 2681 2666 2667
f 2681 2682 2666
f 2681 2683 2682
f 2683 2681 2684
f 2685 2664 2499
f 2663 2664 2685
f 2683 2762 2686
f 2683 2684 2687
f 2499 2660 2497
f 2495 2497 2660
f 2690 2689 2688
f 2682 2678 2666
f 2675 2678 2688
f 2678 2682 2688
f 2688 2689 2675
f 2690 2688 2682
f 2690 2682 2686
f 2692 2690 2686
f 2691 2689 2690
f 2692 2691 2690
f 2692 2765 2691
f 2923 2691 2765
f 2686 2682 2683
f 2681 2667 2680
f 2653 2684 2680
f 2680 2684 2681
f 2679 2648 2653
f 2680 2679 2653
f 2653 2693 2684
f 2693 2653 2647
f 2684 2693 2687
f 2616 2563 2565
f 2616 2565 2694
f 2565 2695 2694
f 2694 2618 2616
f 2697 2618 2694
f 2696 2619 2618
f 2697 2696 2618
f 2697 2694 2695
f 2698 2697 2695
f 2703 2698 2705
f 2698 2695 2630
f 2630 2705 2698
f 2699 2697 2698
f 2696 2697 2700
f 2699 2700 2697
f 2696 2700 2528
f 2699 2698 2703
f 2702 2700 2699
f 2532 2700 2702
f 2701 2702 2699
f 2700 2532 2528
f 2704 2703 2705
f 2705 2630 2639
f 2642 2705 2639
f 2704 2705 2642
f 2701 2699 2703
f 2701 2703 2704
f 2709 2701 2704
f 2643 2704 2642
f 2706 2704 2643
f 2707 2643 2641
f 2707 2706 2643
f 2708 2704 2706
f 2709 2704 2708
f 2710 2708 2706
f 2710 2711 2708
f 2711 2709 2708
f 2712 2709 2711
f 2655 2713 2714
f 2655 2715 2713
f 2715 2655 2652
f 2716 2655 2714
f 2717 2655 2716
f 2719 2714 2718
f 2716 2714 2719
f 2720 2716 2719
f 2721 2702 2701
f 2532 2702 2721
f 2721 2535 2532
f 2709 2721 2701
f 2709 2722 2721
f 2722 2535 2721
f 2722 2536 2535
f 2712 2722 2709
f 2724 2722 2712
f 2724 2723 2722
f 2725 2726 2719
f 2723 2537 2722
f 2722 2537 2536
f 3289 2537 2723
f 2723 2724 2781
f 2781 3289 2723
f 2498 2502 2764
f 2638 2650 2637
f 2650 2638 2727
f 2728 2650 2727
f 2729 2727 2759
f 2729 2728 2727
f 2730 2736 2729
f 2736 2730 2731
f 2732 2707 2641
f 2650 2728 2649
f 2654 2733 2647
f 2733 2654 2741
f 2732 2641 2651
f 2741 2654 2717
f 2651 2649 2728
f 2734 2651 2728
f 2735 2733 2741
f 2731 2738 2740
f 2740 2738 2735
f 2737 2736 2731
f 2729 2734 2728
f 2734 2729 2739
f 2729 2736 2739
f 2707 2732 2742
f 2742 2732 2743
f 2743 2732 2651
f 2743 2651 2734
f 2740 2735 2741
f 2740 2741 2744
f 2741 2717 2745
f 2741 2745 2744
f 2743 2734 2739
f 2746 2743 2739
f 2739 2747 2746
f 2739 2736 2747
f 2737 2747 2736
f 2742 2743 2746
f 2750 2746 2747
f 2751 2747 2737
f 2749 2751 2737
f 2744 2731 2740
f 2731 2744 2749
f 2731 2749 2737
f 2744 2748 2749
f 2636 2663 2752
f 2753 2752 2756
f 2498 2756 2685
f 2663 2685 2752
f 2752 2685 2756
f 2753 2756 2757
f 2757 2756 2764
f 2757 2764 2758
f 2757 2758 2763
f 2763 2758 2754
f 2636 2752 2638
f 2759 2638 2752
f 2761 2687 2760
f 2755 2686 2762
f 2683 2687 2762
f 2762 2754 2755
f 2762 2761 2754
f 2754 2761 2763
f 2761 2762 2687
f 2638 2759 2727
f 2752 2753 2759
f 2730 2753 2757
f 2757 2763 2730
f 2738 2730 2763
f 2729 2759 2753
f 2753 2730 2729
f 2738 2763 2761
f 2498 2685 2499
f 2756 2498 2764
f 2502 2503 2764
f 2765 2764 2503
f 2692 2766 2765
f 2765 2758 2764
f 2758 2765 2766
f 2766 2692 2755
f 2755 2692 2686
f 2755 2754 2758
f 2758 2766 2755
f 2760 2687 2693
f 2760 2693 2733
f 2733 2693 2647
f 2735 2761 2760
f 2735 2760 2733
f 2738 2761 2735
f 2738 2731 2730
f 2767 2706 2707
f 2768 2711 2710
f 2712 2711 2768
f 2710 2706 2767
f 2769 2767 2707
f 2710 2767 2768
f 2717 2716 2770
f 2719 2726 2720
f 2770 2716 2720
f 2771 2720 2777
f 2720 2726 2777
f 2745 2717 2770
f 2770 2771 2772
f 2772 2745 2770
f 2770 2720 2771
f 2773 2771 2777
f 2768 2774 2712
f 2724 2712 2774
f 2775 2724 2774
f 2776 2775 2774
f 2777 2726 2778
f 2779 2777 2780
f 2775 2781 2724
f 2781 2775 2782
f 2776 2782 2775
f 2781 2782 2783
f 2780 2777 2778
f 2784 2778 2785
f 2780 2778 2784
f 2780 2784 2786
f 2776 2774 2768
f 2768 2787 2776
f 2782 2788 2783
f 2789 2788 2782
f 2786 2790 2780
f 2779 2773 2777
f 2779 2780 2790
f 2769 2792 2767
f 2792 2768 2767
f 2787 2768 2792
f 2791 2792 2769
f 2793 2791 2750
f 2793 2792 2791
f 2794 2793 2750
f 2787 2792 2793
f 2798 2787 2793
f 2707 2742 2769
f 2791 2769 2742
f 2772 2744 2745
f 2772 2748 2744
f 2742 2746 2791
f 2746 2750 2791
f 2751 2794 2750
f 2751 2750 2747
f 2751 2749 2748
f 2751 2748 2794
f 2795 2748 2772
f 2795 2772 2771
f 2807 2771 2773
f 2795 2771 2807
f 2795 2810 2748
f 2794 2748 2810
f 2810 2795 2807
f 2810 2801 2794
f 2793 2794 2801
f 2796 2776 2787
f 2789 2782 2776
f 2797 2788 2789
f 2789 2776 2796
f 2798 2793 2799
f 2799 2793 2801
f 2787 2798 2796
f 2804 2799 2801
f 2796 2798 2799
f 2802 2797 2789
f 2803 2796 2799
f 2789 2796 2803
f 2799 2804 2803
f 2801 2800 2804
f 2802 2789 2803
f 2804 2805 2803
f 2806 2804 2800
f 2802 2803 2805
f 2804 2806 2805
f 2806 3467 2805
f 2807 2773 2779
f 2807 2779 2808
f 2809 2810 2807
f 2807 2808 2809
f 2808 2779 2790
f 2808 2790 2809
f 2810 2800 2801
f 2800 2809 2811
f 2809 2800 2810
f 2811 2809 2790
f 2800 2811 2812
f 2812 2806 2800
f 2878 393 394
f 2816 2814 2815
f 2817 2816 2818
f 2819 468 467
f 523 524 2819
f 2820 469 468
f 2821 2819 524
f 2822 2821 524
f 2820 468 2819
f 2820 2821 2823
f 2819 2821 2820
f 505 471 2824
f 2825 2824 471
f 469 2820 471
f 2823 471 2820
f 2825 471 2823
f 2826 2827 2825
f 2822 2823 2821
f 2823 2826 2825
f 2823 2822 2826
f 2828 2829 2830
f 2830 2822 2828
f 2822 2831 2826
f 2831 2832 2826
f 2832 2831 2833
f 2830 2831 2822
f 2834 2830 2835
f 2834 2833 2831
f 2830 2834 2831
f 2836 1024 2837
f 2838 2839 518
f 2840 2841 2842
f 518 2842 2841
f 2839 521 520
f 1024 521 2837
f 2839 2837 521
f 2843 2841 2844
f 2838 518 2845
f 2843 518 2841
f 2843 2845 518
f 2845 2836 2838
f 1024 2836 2846
f 2845 2847 2836
f 2846 2836 2847
f 2845 2843 2848
f 2672 2848 2843
f 2847 2845 2848
f 2849 2827 2826
f 2827 2849 2840
f 2850 2840 2849
f 2832 2849 2826
f 2850 2849 2832
f 2840 2844 2841
f 2840 2850 2844
f 2851 2822 524
f 2822 2851 2828
f 392 393 2852
f 2835 2829 2853
f 2856 2853 2855
f 2856 2855 2854
f 2853 2856 2857
f 2835 2830 2829
f 2858 2814 2816
f 2859 2858 2816
f 2856 2854 2861
f 2856 2861 2860
f 2862 2859 2817
f 2863 2861 2859
f 2861 2863 2860
f 2863 2859 2862
f 2834 2864 2715
f 2679 2865 2648
f 2865 2834 2715
f 2865 2833 2834
f 2648 2865 2715
f 2864 2713 2715
f 2652 2648 2715
f 2844 2672 2843
f 2672 2844 2665
f 2674 2847 2848
f 2673 2674 2848
f 2673 2848 2672
f 2850 2832 2866
f 2665 2850 2866
f 2833 2679 2832
f 2866 2832 2679
f 2850 2665 2844
f 2679 2667 2866
f 2866 2667 2665
f 2865 2679 2833
f 2856 2867 2857
f 2857 2867 2868
f 2869 2857 2868
f 2835 2870 2864
f 2835 2853 2870
f 2864 2834 2835
f 2853 2857 2870
f 2869 2870 2857
f 2713 2864 2870
f 2713 2870 2869
f 2856 2860 2867
f 2872 2871 2860
f 2871 2867 2860
f 2871 2868 2867
f 2873 2863 2862
f 2872 2860 2863
f 2863 2874 2872
f 2874 2863 2873
f 2718 2868 2871
f 2875 2874 2873
f 2868 2714 2869
f 2869 2714 2713
f 2714 2868 2718
f 2871 2872 2718
f 2876 2872 2874
f 2718 2872 2725
f 2719 2718 2725
f 2725 2872 2876
f 2877 2876 2874
f 2877 2785 2876
f 2725 2876 2778
f 2726 2725 2778
f 2778 2876 2785
f 393 2878 2852
f 2878 394 2813
f 2815 2878 2813
f 2852 2878 2814
f 2814 2878 2815
f 2816 2815 2818
f 515 505 2824
f 515 2824 2827
f 2824 2825 2827
f 2837 2839 2836
f 2839 2838 2836
f 517 504 506
f 515 2842 506
f 2840 2842 515
f 2842 517 506
f 2842 516 517
f 2842 518 516
f 2827 2840 515
f 2839 519 518
f 519 2839 520
f 524 2879 2851
f 2851 2879 2880
f 2880 498 525
f 2881 2880 525
f 2880 2879 498
f 2882 2851 2880
f 525 2852 2883
f 2883 2881 525
f 2883 2882 2881
f 2882 2880 2881
f 2882 2883 2855
f 2819 467 523
f 525 392 2852
f 2854 2883 2852
f 2828 2851 2882
f 2882 2829 2828
f 2853 2882 2855
f 2882 2853 2829
f 2854 2855 2883
f 2858 2852 2814
f 2854 2852 2858
f 2861 2854 2858
f 2861 2858 2859
f 2816 2817 2859
f 2885 720 737
f 720 2885 2886
f 2886 717 720
f 2887 2886 2885
f 2884 2888 718
f 2889 2884 717
f 2889 717 2886
f 2884 2890 2888
f 3137 2888 2890
f 2889 2886 2887
f 2893 2887 2885
f 2891 2887 2893
f 2892 2884 2889
f 2892 2890 2884
f 2895 2892 2889
f 2889 2896 2895
f 2887 2891 2889
f 2893 2894 2891
f 2896 2889 2891
f 2896 2891 2894
f 2890 3139 3137
f 2938 3139 2890
f 2938 2890 2892
f 2897 2938 2892
f 2897 2892 2895
f 2897 2895 2898
f 2894 2899 2900
f 2896 2898 2895
f 2898 2896 2948
f 2948 2896 2894
f 2900 2948 2894
f 2885 737 2901
f 2901 737 738
f 2901 738 2902
f 2901 2893 2885
f 2901 2902 2893
f 2902 738 740
f 740 2903 2902
f 2906 2902 2903
f 2903 745 2905
f 745 744 746
f 2905 745 746
f 2905 2904 2903
f 2906 2903 2904
f 2905 2965 2904
f 2893 2899 2894
f 2893 2902 2899
f 2899 2902 2907
f 2907 2902 2906
f 2907 2900 2899
f 2907 2964 2900
f 2906 2908 2907
f 2908 2906 2904
f 2908 2904 2965
f 2493 2671 2909
f 2671 2910 2909
f 2911 2910 2671
f 2494 2493 2909
f 2910 2911 2912
f 2912 2911 2913
f 2914 2912 2913
f 2910 2912 2915
f 2912 2916 2915
f 2912 2914 2916
f 2917 2914 2918
f 2496 2494 2919
f 2920 2919 2494
f 2920 2494 2909
f 2909 2910 2920
f 2910 2915 2920
f 2915 2921 2920
f 2921 2915 2925
f 2921 2919 2920
f 2919 2921 2924
f 2924 2922 2923
f 2503 2501 2924
f 2924 2501 2919
f 2503 2924 2923
f 2925 2924 2921
f 2922 2928 2923
f 2915 2916 2931
f 2925 2915 2931
f 2930 2927 2925
f 2927 2924 2925
f 2928 2922 2929
f 2927 2929 2922
f 2927 2922 2924
f 2929 2927 2926
f 2930 2925 2931
f 2917 2916 2914
f 2932 2916 2917
f 2931 2916 2932
f 2930 2932 3040
f 3040 2926 2930
f 2930 2931 2932
f 2930 2926 2927
f 2917 2918 3037
f 2917 3038 2932
f 2932 3038 3040
f 2587 2584 2933
f 2934 2587 2933
f 2934 2933 3140
f 2933 2584 301
f 2587 2934 2936
f 2936 2934 2935
f 2935 2937 2936
f 2935 2934 3140
f 2939 2938 2940
f 3142 2937 2935
f 3142 2939 2937
f 2940 2937 2939
f 2938 2939 3139
f 2940 2938 2897
f 2603 2588 2589
f 2603 2936 2941
f 2941 2936 2937
f 2936 2603 2589
f 2605 2603 2609
f 2609 2603 2941
f 2941 2937 2942
f 2940 2942 2937
f 2943 2609 2941
f 2943 2610 2609
f 2671 2610 2943
f 2671 2943 2911
f 2944 2943 2941
f 2911 2943 2944
f 2911 2944 2945
f 2945 2944 2942
f 2944 2941 2942
f 2945 2913 2911
f 2898 2940 2897
f 2898 2946 2940
f 2946 2898 2948
f 2942 2940 2946
f 2947 2942 2946
f 2946 2948 2966
f 2966 2900 2964
f 2948 2900 2966
f 2946 2966 2949
f 2949 2966 2950
f 2945 2942 2947
f 2945 2947 2913
f 2947 2946 2949
f 2949 2951 2918
f 2954 2952 2955
f 2956 2952 2957
f 2954 2958 2952
f 2958 2957 2952
f 2952 2956 2959
f 746 747 3163
f 2960 3163 2961
f 2905 2971 2965
f 2971 2905 746
f 746 3163 2960
f 2960 2971 746
f 2960 2961 2962
f 2971 2960 2962
f 2973 2963 2962
f 2964 2907 2908
f 2908 2967 2964
f 2965 2967 2908
f 2967 2966 2964
f 2967 2968 2966
f 2968 2972 2969
f 2969 2970 2968
f 2971 2962 2963
f 2971 2972 2965
f 2972 2971 2963
f 2972 2967 2965
f 2972 2968 2967
f 2969 2973 2974
f 805 807 1037
f 2974 1037 2975
f 2975 1037 807
f 2969 2974 2975
f 2980 2976 2975
f 2973 2969 2963
f 2972 2963 2969
f 2976 2969 2975
f 2978 2976 2980
f 2970 2969 2976
f 2979 2970 2976
f 2979 2976 2978
f 2977 807 808
f 2977 808 838
f 2975 807 2977
f 2980 2975 2977
f 2978 2980 2981
f 2981 2980 2977
f 2981 2977 2982
f 2983 2981 2982
f 2981 2983 2978
f 2984 2978 2983
f 2982 2977 2985
f 2982 2986 2987
f 2987 2983 2982
f 2950 2966 2988
f 2968 2988 2966
f 2970 2988 2968
f 2989 2988 2970
f 2950 2988 2989
f 2970 2979 2990
f 2989 2970 2990
f 2989 2951 2950
f 2991 2951 2989
f 2991 2989 2992
f 2992 2989 2990
f 2992 2990 2993
f 2993 2990 2994
f 2990 2979 2994
f 2995 2956 2957
f 3035 2995 2957
f 2995 2996 3159
f 2995 2997 2996
f 2979 2978 2994
f 2984 2994 2978
f 2998 2994 2984
f 2999 2984 2983
f 2983 2987 2999
f 2984 2999 2998
f 2998 2999 3000
f 3001 3000 2999
f 3001 2999 2987
f 2993 2994 2998
f 2996 3004 3003
f 3004 3002 3003
f 3004 2996 3005
f 3004 3059 3002
f 838 839 3006
f 2985 838 3006
f 2977 838 2985
f 3006 2986 2985
f 3006 839 3007
f 3008 3006 3007
f 2982 2985 2986
f 3009 2986 3010
f 2986 3006 3010
f 3007 840 849
f 3070 3007 849
f 3009 2987 2986
f 3011 2987 3009
f 3013 3012 3002
f 3012 3013 3014
f 3013 3002 3059
f 3015 3014 3013
f 3015 3016 3014
f 3017 3016 3018
f 2676 3019 3020
f 3019 2676 3021
f 3161 3019 3022
f 3021 3022 3019
f 2955 3161 3022
f 3023 3022 3021
f 2677 3021 2676
f 2947 2949 2918
f 2947 2914 2913
f 2914 2947 2918
f 2955 3022 3024
f 2955 3024 2954
f 3024 3022 3023
f 3024 3025 2954
f 3026 2958 2954
f 3024 3023 3025
f 3027 3025 3023
f 3027 3028 3025
f 3028 3026 2954
f 3025 3028 2954
f 3026 3028 3029
f 3030 3029 3028
f 3031 3021 2677
f 2689 3031 2677
f 3031 2689 2691
f 3032 3021 3031
f 3032 3023 3021
f 3023 3032 3027
f 2928 3027 3032
f 2928 3032 3031
f 2923 2928 3031
f 2923 3031 2691
f 3027 2928 2929
f 2929 2926 3028
f 3027 2929 3028
f 2926 3030 3028
f 2918 2951 3033
f 3039 3033 2951
f 2991 3039 2951
f 3034 3039 2991
f 3026 3035 2957
f 2958 3026 2957
f 3044 2997 3035
f 3034 2991 2992
f 3044 3036 2997
f 3038 2917 3037
f 2918 3033 3037
f 3033 3039 3037
f 3043 3037 3039
f 3037 3043 3038
f 3040 3043 3050
f 3042 3041 3029
f 3039 3034 3043
f 3035 3026 3029
f 3044 3035 3029
f 3036 3044 3041
f 3044 3029 3041
f 3045 3041 3042
f 3042 3050 3051
f 3034 2992 3046
f 3046 2992 2993
f 3043 3034 3047
f 3050 3043 3047
f 3034 3046 3047
f 3052 3047 3046
f 3041 3048 3036
f 2993 3049 3046
f 3051 3050 3065
f 3051 3045 3042
f 3050 3047 3052
f 3065 3050 3052
f 3041 3045 3048
f 3052 3046 3049
f 3049 3053 3052
f 3065 3054 3051
f 3052 3053 3055
f 3052 3055 3065
f 2995 3035 2997
f 2997 3005 2996
f 2997 3036 3005
f 3056 3004 3005
f 3036 3056 3005
f 3048 3057 3056
f 3049 2993 2998
f 3058 3049 2998
f 2998 3000 3058
f 3057 3059 3004
f 3057 3004 3056
f 3060 3059 3057
f 3061 3062 3059
f 3036 3048 3056
f 3048 3063 3057
f 3063 3048 3045
f 3054 3063 3045
f 3054 3045 3051
f 3053 3049 3058
f 3053 3058 3098
f 3055 3053 3098
f 3057 3063 3060
f 3054 3060 3063
f 3061 3060 3064
f 3065 3066 3054
f 3064 3054 3066
f 3054 3064 3060
f 3060 3061 3059
f 2926 3040 3030
f 3030 3042 3029
f 3038 3043 3040
f 3030 3040 3042
f 3050 3042 3040
f 3062 3013 3059
f 3062 3015 3013
f 3067 3015 3062
f 3008 3007 3070
f 3068 3009 3010
f 3010 3006 3008
f 3008 3070 3069
f 3008 3068 3010
f 3069 3068 3008
f 848 850 849
f 849 850 3071
f 3071 3070 849
f 3071 850 3072
f 852 3072 847
f 3071 3072 3076
f 3076 3072 3825
f 3070 3071 3075
f 3070 3075 3073
f 3069 3070 3073
f 3069 3073 3074
f 3076 3075 3071
f 3076 3078 3075
f 3073 3075 3078
f 3076 3077 3078
f 3079 3009 3068
f 3009 3079 3011
f 3011 3001 2987
f 3001 3011 3079
f 3001 3079 3080
f 3081 3079 3068
f 3081 3080 3079
f 3081 3068 3082
f 3074 3068 3069
f 3074 3082 3068
f 3081 3082 3083
f 3016 3015 3084
f 3084 3018 3016
f 3074 3073 3085
f 3082 3074 3085
f 3086 3085 3087
f 3085 3073 3087
f 3088 3087 3073
f 3088 3073 3078
f 3088 3078 3077
f 3089 3088 3077
f 3088 3089 3087
f 3091 3018 3090
f 3085 3083 3082
f 3083 3085 3086
f 3092 3093 3091
f 3094 3087 3089
f 3000 3001 3095
f 3095 3058 3000
f 3095 3001 3080
f 3096 3095 3080
f 3066 3065 3055
f 3109 3066 3055
f 3055 3098 3100
f 3100 3109 3055
f 3098 3058 3095
f 3064 3097 3061
f 3098 3095 3096
f 3097 3062 3061
f 3099 3067 3097
f 3067 3062 3097
f 3100 3098 3096
f 3064 3066 3101
f 3101 3066 3109
f 3064 3101 3097
f 3097 3101 3099
f 3100 3096 3102
f 3109 3100 3102
f 3103 3084 3067
f 3104 3080 3081
f 3080 3104 3105
f 3067 3084 3015
f 3084 3103 3106
f 3018 3084 3106
f 3104 3081 3083
f 3083 3086 3107
f 3104 3083 3107
f 3115 3104 3107
f 3103 3067 3099
f 3099 3108 3103
f 3109 3111 3101
f 3101 3111 3099
f 3099 3111 3108
f 3096 3080 3102
f 3105 3102 3080
f 3102 3105 3113
f 3113 3105 3115
f 3102 3113 3109
f 3108 3111 3110
f 3111 3109 3117
f 3117 3109 3113
f 3108 3106 3103
f 3106 3108 3112
f 3105 3104 3115
f 3112 3114 3106
f 3116 3110 3111
f 3116 3111 3117
f 3117 3113 3115
f 3108 3110 3112
f 3110 3114 3112
f 3118 3114 3110
f 3116 3119 3110
f 3130 3116 3117
f 3116 3130 3119
f 3115 3107 3129
f 3106 3090 3018
f 3106 3114 3090
f 3120 3086 3087
f 3120 3087 3094
f 3090 3114 3121
f 3107 3086 3120
f 3092 3091 3090
f 3092 3121 3122
f 3121 3092 3090
f 3094 3089 3123
f 3129 3107 3120
f 3125 3121 3114
f 3110 3119 3118
f 3114 3118 3125
f 3118 3126 3125
f 3119 3126 3118
f 3125 3124 3121
f 3125 3126 3127
f 3128 3126 3119
f 3124 3125 3127
f 3126 3128 3127
f 3117 3115 3129
f 3130 3117 3129
f 3130 3129 3133
f 3129 3120 3131
f 3094 3131 3120
f 3132 3131 3094
f 3133 3129 3131
f 3134 3119 3130
f 3130 3133 3134
f 3133 3131 3132
f 3134 3128 3119
f 3134 3887 3128
f 3891 3134 3133
f 3891 3133 3890
f 718 2888 910
f 910 2888 3137
f 3137 3135 910
f 910 3135 3136
f 3135 3146 3147
f 3147 3136 3135
f 911 910 3136
f 3136 3138 911
f 911 3138 920
f 3147 3150 3136
f 3137 3139 3135
f 2933 794 3140
f 3140 794 1014
f 3140 1014 3141
f 2935 3140 3141
f 3142 2935 3141
f 2939 3142 3139
f 3143 1023 1024
f 3144 3143 1024
f 3143 3145 1023
f 3144 3161 3143
f 3143 3161 3145
f 3146 3135 3139
f 3147 3146 3148
f 3142 3148 3146
f 3149 3147 3148
f 3136 3150 3138
f 3150 3147 3149
f 3150 3149 3151
f 1019 3141 1014
f 3141 1019 3152
f 3152 3148 3141
f 3148 3152 3149
f 3142 3141 3148
f 3153 3149 3152
f 3154 3162 3151
f 3152 1019 1018
f 3152 1018 3153
f 3151 3149 3153
f 3153 3154 3151
f 3142 3146 3139
f 482 1023 1022
f 3145 1022 1023
f 1030 1022 3155
f 1032 1027 1030
f 1032 1030 3156
f 3157 1032 3156
f 3157 1033 1032
f 3145 3155 1022
f 3156 1030 3155
f 3158 3156 3155
f 2959 3156 3158
f 2959 3157 3156
f 3159 3157 2959
f 2846 3144 1024
f 3144 2846 3160
f 3160 2846 3020
f 2846 2847 3020
f 3020 3019 3160
f 3160 3019 3161
f 3161 3144 3160
f 3145 2953 3158
f 2953 3145 3161
f 2952 3158 2953
f 2951 2949 2950
f 2955 2953 3161
f 2952 2953 2955
f 3158 3155 3145
f 2952 2959 3158
f 3138 1034 920
f 3138 3150 1034
f 3162 921 1034
f 3151 1034 3150
f 1034 3151 3162
f 3163 3162 2961
f 3162 3163 921
f 3154 3164 3162
f 3162 3164 2961
f 2962 2961 3164
f 2973 2962 3164
f 3154 3153 1020
f 3154 1020 2974
f 2974 1036 1037
f 3154 2973 3164
f 2974 2973 3154
f 1038 1033 3165
f 3157 3165 1033
f 3159 3165 3157
f 3166 1038 3165
f 3166 1039 1038
f 3166 3167 1039
f 3159 2959 2956
f 2995 3159 2956
f 3159 3166 3165
f 3159 3003 3166
f 3167 3166 3003
f 3003 3002 3167
f 3159 2996 3003
f 3167 3168 1039
f 3169 3168 3167
f 1049 1050 1047
f 1050 1049 1058
f 1049 3168 3169
f 1049 3169 3170
f 3170 1058 1049
f 3171 1058 3170
f 3172 3171 3170
f 3171 1056 1058
f 3173 1056 3171
f 1060 1056 3173
f 1060 3173 3174
f 3175 1060 3174
f 3167 3002 3169
f 3002 3012 3169
f 3169 3012 3170
f 3012 3014 3170
f 3014 3172 3170
f 3016 3172 3014
f 3172 3016 3017
f 3171 3172 3173
f 3172 3017 3173
f 3017 3176 3173
f 3176 3174 3173
f 3177 3174 3176
f 3177 3175 3174
f 2674 3020 2847
f 2676 3020 2674
f 3176 3091 3177
f 3176 3017 3018
f 3018 3091 3176
f 3093 3177 3091
f 1433 3178 3179
f 1434 1432 3179
f 3178 2515 3179
f 3180 1434 3179
f 3180 1440 1434
f 3181 1440 3180
f 3182 3180 3179
f 3184 3182 3179
f 3182 3181 3180
f 3183 3181 3182
f 3184 2515 3185
f 3184 3179 2515
f 3185 2515 2514
f 3197 3184 3185
f 3182 3184 3183
f 3184 3191 3183
f 3186 3191 3184
f 3187 1440 3181
f 1441 1440 3187
f 3187 1442 1441
f 3183 3187 3181
f 3183 3188 3187
f 3188 1438 1442
f 3188 1442 3187
f 1438 3188 3212
f 3189 3212 3188
f 3183 3190 3188
f 3183 3191 3190
f 3192 3190 3191
f 3193 3192 3191
f 3189 3188 3190
f 3192 3189 3190
f 3192 3218 3189
f 3193 3218 3192
f 3193 3194 3218
f 3197 3185 2514
f 3195 3197 2514
f 3196 3197 3195
f 3184 3197 3186
f 3197 3198 3186
f 3204 3186 3198
f 3198 3197 3196
f 3199 3196 3195
f 3196 3199 3200
f 3200 3199 3203
f 2527 3199 3195
f 2530 3199 2527
f 3199 3201 3203
f 3200 3198 3196
f 3198 3200 3202
f 3203 3202 3200
f 3250 3202 3203
f 3204 3191 3186
f 3204 3193 3191
f 3193 3204 3205
f 3193 3206 3194
f 3236 3194 3206
f 3193 3205 3206
f 3205 3236 3206
f 3207 3204 3198
f 3207 3198 3202
f 3207 3205 3204
f 3208 3205 3207
f 3208 3207 3202
f 3202 3250 3208
f 3209 3205 3208
f 3209 3236 3205
f 3210 3209 3208
f 3209 3210 3211
f 3242 3211 3210
f 3213 1465 3212
f 3189 3213 3212
f 3213 1467 1465
f 3218 3213 3189
f 1467 3213 3219
f 3219 3216 1467
f 3216 3214 1467
f 3214 3216 3215
f 3219 3217 3216
f 3215 3216 3217
f 3219 3213 3218
f 3218 3220 3219
f 3220 3218 3194
f 3221 3217 3219
f 3219 3220 3221
f 3222 3217 3221
f 3241 3222 3221
f 3215 1474 3214
f 1474 3223 3225
f 3223 1474 3215
f 3224 3223 3215
f 1477 3225 3226
f 3228 3225 3223
f 3228 3226 3225
f 3228 3223 3224
f 3229 3227 3226
f 3217 3230 3215
f 3230 3224 3215
f 3228 3224 3230
f 3222 3230 3217
f 3241 3230 3222
f 3230 3241 3231
f 3231 3232 3230
f 3232 3228 3230
f 3233 3229 3232
f 3234 3233 3232
f 3226 3228 3229
f 3232 3229 3228
f 3232 3231 3234
f 3235 3234 3231
f 3236 3240 3194
f 3240 3220 3194
f 3240 3221 3220
f 3240 3237 3238
f 3240 3239 3221
f 3238 3239 3240
f 3241 3221 3239
f 3239 3238 3244
f 3244 3241 3239
f 3211 3236 3209
f 3236 3237 3240
f 3211 3237 3236
f 3243 3237 3211
f 3242 3243 3211
f 3237 3244 3238
f 3244 3237 3243
f 3244 3243 3246
f 3244 3246 3245
f 3282 3245 3246
f 3244 3245 3241
f 3247 3241 3245
f 3247 3231 3241
f 3248 3280 3247
f 3247 3245 3248
f 3201 3199 2530
f 3249 2530 2531
f 2530 3249 3201
f 3251 3250 3203
f 3201 3251 3203
f 3254 3250 3251
f 3254 3251 3201
f 2533 3249 2531
f 2533 3253 3249
f 3253 3201 3249
f 3201 3253 3254
f 3252 3254 3256
f 3255 3254 3253
f 3254 3255 3256
f 3208 3250 3252
f 3252 3250 3254
f 3261 3258 3252
f 3258 3208 3252
f 3258 3210 3208
f 3242 3210 3257
f 3258 3257 3210
f 3259 3258 3261
f 3258 3259 3257
f 3257 3260 3242
f 3256 3261 3252
f 3262 3256 3255
f 3262 3261 3256
f 3259 3261 3262
f 3263 3257 3259
f 3264 3263 3259
f 2536 2533 2534
f 3253 2533 3265
f 3265 2533 3266
f 3266 2533 2536
f 2536 3287 3266
f 3265 3266 3267
f 3267 3253 3265
f 3267 3255 3253
f 3268 3255 3267
f 3267 3266 3268
f 2537 3287 2536
f 3269 3262 3255
f 3268 3269 3255
f 3270 3269 3268
f 3264 3259 3262
f 3264 3262 3269
f 3291 3263 3264
f 3269 3270 3264
f 3273 3243 3242
f 3260 3273 3242
f 3272 3273 3260
f 3275 3272 3260
f 3246 3243 3273
f 3273 3297 3246
f 3297 3273 3274
f 3297 3282 3246
f 3273 3272 3274
f 3260 3257 3275
f 3257 3263 3275
f 3275 3276 3272
f 3291 3275 3263
f 3291 3276 3275
f 3272 3276 3274
f 3229 3233 3277
f 3278 3277 3233
f 3278 3233 3234
f 3234 3235 3278
f 3235 3279 3278
f 3280 3235 3231
f 3279 3235 3280
f 3231 3247 3280
f 3248 3245 3282
f 3283 3281 3280
f 3284 3281 3283
f 3248 3282 3285
f 3248 3283 3280
f 3283 3248 3285
f 3286 3283 3285
f 3286 3284 3283
f 3289 3287 2537
f 3266 3287 3288
f 3287 3289 3437
f 3437 3288 3287
f 3436 3437 3289
f 3266 3290 3268
f 3266 3288 3290
f 3439 3290 3288
f 3291 3264 3270
f 3270 3292 3291
f 3290 3271 3268
f 3268 3271 3270
f 3270 3271 3292
f 3439 3271 3290
f 3295 3271 3439
f 3293 3292 3294
f 3294 3271 3295
f 3271 3294 3292
f 3296 3293 3294
f 3274 3299 3301
f 3299 3274 3276
f 3298 3299 3276
f 3300 3299 3298
f 3282 3303 3285
f 3301 3297 3274
f 3301 3303 3297
f 3303 3282 3297
f 3302 3309 3303
f 3303 3286 3285
f 3309 3286 3303
f 3286 3305 3284
f 3304 3286 3309
f 3304 3305 3286
f 3306 3305 3304
f 3299 3302 3301
f 3302 3303 3301
f 3308 3309 3302
f 3307 3308 3302
f 3310 3309 3308
f 3304 3309 3306
f 3306 3309 3310
f 3314 3276 3291
f 3291 3312 3314
f 3313 3314 3312
f 3300 3314 3313
f 3314 3298 3276
f 3314 3300 3298
f 3307 3299 3300
f 3315 3307 3300
f 3292 3312 3291
f 3293 3312 3292
f 3312 3293 3313
f 3293 3296 3313
f 3296 3318 3313
f 3296 3316 3318
f 3296 3454 3316
f 3318 3300 3313
f 3318 3315 3300
f 3318 3317 3315
f 3485 3318 3316
f 3485 3317 3318
f 3317 3485 3319
f 3302 3299 3307
f 3320 3308 3307
f 3320 3310 3308
f 3320 3307 3315
f 3320 3324 3310
f 3321 3306 3310
f 3317 3320 3315
f 3320 3322 3324
f 3322 3320 3317
f 3319 3322 3317
f 3321 3311 3306
f 3321 3403 3311
f 3321 3323 3403
f 3324 3321 3310
f 3324 3323 3321
f 3325 3326 3323
f 3328 3322 3327
f 3319 3327 3322
f 3324 3328 3323
f 3328 3324 3322
f 3328 3325 3323
f 3328 3327 3329
f 3329 3325 3328
f 3500 3325 3329
f 3325 3500 3407
f 3227 1506 3226
f 3330 1506 3227
f 1506 3330 1597
f 3229 3330 3227
f 1597 3330 3332
f 3333 1596 1597
f 3332 3333 1597
f 3332 3334 3333
f 1604 3333 3338
f 3338 3333 3334
f 3331 3332 3330
f 3334 3332 3331
f 3277 3330 3229
f 3330 3277 3331
f 3279 3277 3278
f 3335 3277 3279
f 3335 3331 3277
f 3336 3331 3335
f 3337 3336 3335
f 3331 3336 3334
f 3336 3338 3334
f 3336 3340 3338
f 3348 3340 3336
f 3338 3340 3341
f 3341 3340 3348
f 3338 1607 1604
f 1607 3338 3339
f 1607 1610 1609
f 3339 1610 1607
f 1610 3342 1609
f 3339 3342 1610
f 3342 1611 1609
f 3342 1630 1611
f 3343 3342 3339
f 3343 3344 3342
f 3338 3341 3339
f 3343 3339 3341
f 3343 3341 3345
f 3344 3343 3345
f 3361 3344 3345
f 3335 3279 3346
f 3281 3279 3280
f 3281 3346 3279
f 3284 3346 3281
f 3346 3337 3335
f 3349 3346 3284
f 3347 3346 3349
f 3337 3348 3336
f 3348 3337 3346
f 3347 3348 3346
f 3284 3305 3350
f 3284 3350 3349
f 3350 3397 3349
f 3351 3341 3348
f 3352 3341 3351
f 3351 3348 3347
f 3353 3351 3347
f 3352 3345 3341
f 3353 3355 3351
f 3355 3352 3351
f 3349 3354 3347
f 3397 3354 3349
f 3357 3354 3397
f 3354 3353 3347
f 3356 3353 3354
f 3356 3355 3353
f 3357 3356 3354
f 3356 3357 3358
f 3358 3355 3356
f 3360 3355 3358
f 3360 3359 3355
f 3345 3352 3361
f 3359 3361 3352
f 3359 3352 3355
f 3380 3361 3359
f 3344 1630 3342
f 3362 1630 3344
f 3362 3363 1630
f 3364 1634 3363
f 1634 3364 3370
f 3364 3363 3362
f 3365 3362 3344
f 3344 3361 3365
f 3365 3364 3362
f 3365 3366 3364
f 3367 1640 1634
f 3368 1640 3367
f 3370 3367 1634
f 3370 3364 3369
f 3367 3370 3368
f 3371 1643 3368
f 3372 3373 3377
f 3369 3364 3366
f 3369 3374 3370
f 3374 3368 3370
f 3375 3374 3369
f 3375 3369 3366
f 3366 3383 3375
f 3383 3374 3375
f 3374 3376 3368
f 3376 3371 3368
f 3371 3376 3373
f 3376 3374 3377
f 3373 3376 3377
f 3359 3360 3378
f 3380 3379 3361
f 3361 3379 3365
f 3365 3379 3366
f 3381 3379 3380
f 3366 3379 3381
f 3381 3383 3366
f 3382 3381 3380
f 3384 3383 3381
f 3384 3381 3382
f 3378 3380 3359
f 3380 3378 3385
f 3380 3385 3382
f 3378 3387 3385
f 3360 3387 3378
f 3385 3387 3382
f 3386 3384 3382
f 3386 3382 3387
f 3389 3374 3383
f 3389 3377 3374
f 3389 3383 3384
f 3377 3389 3391
f 3377 3391 3372
f 3392 3372 3391
f 3391 3389 3390
f 3392 3391 3390
f 3393 3389 3384
f 3390 3389 3393
f 3384 3386 3393
f 3386 3388 3393
f 3390 3393 3394
f 3393 3388 3394
f 3395 3392 3390
f 3394 3395 3390
f 3396 3395 3394
f 3397 3350 3305
f 3306 3397 3305
f 3398 3357 3397
f 3402 3398 3397
f 3399 3400 3398
f 3357 3400 3358
f 3398 3400 3357
f 3400 3401 3358
f 3404 3401 3400
f 3404 3409 3401
f 3306 3402 3397
f 3399 3398 3402
f 3311 3402 3306
f 3403 3405 3399
f 3400 3399 3405
f 3405 3404 3400
f 3412 3404 3405
f 3403 3402 3311
f 3402 3403 3399
f 3406 3405 3403
f 3406 3412 3405
f 3326 3406 3403
f 3403 3323 3326
f 3326 3325 3407
f 3326 3407 3406
f 3360 3358 3401
f 3408 3360 3401
f 3408 3387 3360
f 3401 3409 3408
f 3408 3409 3410
f 3412 3409 3404
f 3412 3413 3409
f 3422 3413 3412
f 3409 3413 3410
f 3411 3410 3413
f 3413 3414 3411
f 3415 3411 3414
f 3414 3413 3422
f 3422 3423 3414
f 3416 3387 3408
f 3416 3386 3387
f 3388 3386 3416
f 3388 3416 3411
f 3408 3410 3416
f 3410 3411 3416
f 3417 3411 3415
f 3396 3388 3417
f 3417 3388 3411
f 3388 3396 3394
f 3949 3395 3396
f 3418 3417 3415
f 3418 3396 3417
f 3396 3418 3983
f 3432 3418 3415
f 3983 3418 3419
f 3420 3421 3406
f 3406 3421 3412
f 3421 3422 3412
f 3422 3421 3423
f 3428 3421 3420
f 3428 3423 3421
f 3424 3414 3423
f 3428 3425 3423
f 3424 3423 3425
f 3420 3406 3407
f 3407 3427 3420
f 3426 3420 3427
f 3426 3428 3420
f 3428 3429 3425
f 3429 3428 3426
f 3430 3429 3426
f 3414 3424 3415
f 3415 3424 3431
f 3431 3424 3425
f 3415 3431 3432
f 3433 3432 3431
f 3433 3988 3432
f 3989 3988 3433
f 3425 3434 3431
f 3434 3435 3431
f 3425 3429 3434
f 3430 3434 3429
f 3433 3431 3435
f 3433 3435 3989
f 3435 3594 3989
f 3432 3419 3418
f 3419 3432 3988
f 3289 2781 3436
f 2783 3436 2781
f 3440 3436 2783
f 3440 3437 3436
f 2786 2784 3438
f 3437 3441 3288
f 3288 3441 3439
f 3440 3441 3437
f 3439 3441 3449
f 3442 3443 3444
f 3440 2783 2788
f 2788 3445 3440
f 3438 3443 2786
f 3443 3446 2786
f 3445 3441 3440
f 3447 3441 3445
f 3446 3443 3448
f 3442 3448 3443
f 3295 3439 3449
f 3449 3441 3447
f 3450 3295 3449
f 3453 3295 3450
f 3449 3451 3450
f 3295 3453 3294
f 3296 3294 3453
f 3453 3454 3296
f 3455 3453 3450
f 3458 3459 3455
f 3454 3453 3455
f 3459 3454 3455
f 3451 3449 3447
f 3456 3451 3447
f 3451 3455 3450
f 3458 3451 3456
f 3457 3447 3445
f 3457 3456 3447
f 3458 3455 3451
f 3460 3459 3458
f 3460 3458 3456
f 3452 3664 3462
f 3452 3442 3444
f 3448 3442 3452
f 3448 3452 3461
f 3452 3462 3461
f 3465 3461 3462
f 3463 3462 3464
f 3463 3465 3462
f 3445 2788 2797
f 3466 3445 2797
f 3466 3457 3445
f 3466 2797 2802
f 2805 3468 2802
f 2805 3467 3468
f 3468 3466 2802
f 3466 3468 3457
f 2786 3469 2790
f 3469 2786 3446
f 3469 3446 3470
f 3470 3446 3448
f 3470 3448 3471
f 2811 2790 3469
f 3469 3472 2811
f 3470 3472 3469
f 3472 2812 2811
f 3472 3470 3471
f 3471 3473 3472
f 3472 3473 2812
f 3473 3560 2812
f 3473 3471 3479
f 3480 3473 3479
f 3474 3456 3457
f 3476 3460 3456
f 3475 3460 3476
f 3474 3476 3456
f 3471 3448 3461
f 3461 3477 3471
f 3477 3461 3465
f 3478 3465 3463
f 3479 3471 3477
f 3479 3477 3480
f 3481 3475 3476
f 3478 3477 3465
f 3506 3478 3463
f 3480 3477 3478
f 3478 3482 3480
f 3482 3478 3483
f 3484 3316 3454
f 3484 3485 3316
f 3460 3484 3454
f 3485 3484 3486
f 3485 3486 3487
f 3454 3459 3460
f 3488 3484 3460
f 3484 3488 3486
f 3488 3460 3475
f 3488 3489 3486
f 3464 3462 3492
f 3492 3490 3464
f 3490 3507 3464
f 3487 3486 3489
f 3493 3489 3488
f 3493 3494 3489
f 3489 3494 3487
f 3494 3495 3487
f 3490 3491 3496
f 3487 3319 3485
f 3327 3319 3487
f 3487 3497 3327
f 3498 3327 3497
f 3499 3498 3497
f 3498 3499 3504
f 3498 3329 3327
f 3500 3329 3498
f 3498 3504 3500
f 3501 3516 3500
f 3497 3495 3499
f 3502 3499 3495
f 3495 3497 3487
f 3499 3502 3504
f 3503 3504 3502
f 3504 3501 3500
f 3505 3501 3504
f 3493 3488 3475
f 3463 3464 3506
f 3506 3464 3507
f 3496 3507 3490
f 3494 3508 3495
f 3509 3493 3475
f 3510 3475 3481
f 3509 3475 3510
f 3509 3494 3493
f 3509 3511 3494
f 3506 3507 3512
f 3483 3478 3506
f 3483 3506 3512
f 3483 3512 3513
f 3508 3494 3511
f 3502 3495 3503
f 3514 3504 3503
f 3508 3503 3495
f 3586 3516 3501
f 3496 3517 3515
f 3518 3515 3517
f 3519 3515 3518
f 3519 3518 3520
f 3520 3518 3521
f 3505 3586 3501
f 3522 3586 3505
f 3518 3523 3521
f 3526 3524 3527
f 3521 3523 3528
f 3528 3523 3525
f 3528 3525 3526
f 3525 3524 3526
f 3529 3526 3527
f 3507 3496 3530
f 3512 3507 3530
f 3512 3530 3532
f 3513 3512 3532
f 3530 3531 3532
f 3515 3530 3496
f 3530 3515 3519
f 3531 3530 3519
f 3533 3531 3519
f 3533 3519 3520
f 3504 3514 3505
f 3514 3522 3505
f 3534 3535 3522
f 3536 3514 3503
f 3537 3514 3536
f 3508 3536 3503
f 3538 3537 3536
f 3533 3539 3531
f 3539 3533 3540
f 3537 3522 3514
f 3534 3522 3537
f 3541 3537 3538
f 3541 3534 3537
f 3542 3521 3528
f 3540 3521 3542
f 3521 3540 3520
f 3542 3528 3526
f 3543 3526 3529
f 3543 3542 3526
f 3540 3533 3520
f 3539 3540 3547
f 3544 3534 3545
f 3547 3540 3546
f 3541 3545 3534
f 3546 3540 3542
f 3546 3542 3543
f 3543 3549 3550
f 3551 3547 3546
f 3583 3547 3551
f 3551 3552 3583
f 3553 3545 3554
f 3548 3545 3553
f 3546 3543 3550
f 3550 3551 3546
f 3551 3550 3555
f 3551 3555 3552
f 3556 3552 3555
f 3557 3467 2806
f 3457 3468 3558
f 3468 3467 3558
f 3559 3558 3467
f 3467 3557 3559
f 3558 3474 3457
f 3557 2806 2812
f 3557 2812 3560
f 3560 3473 3480
f 3561 3474 3558
f 3558 3559 3561
f 3562 3557 3560
f 3563 3560 3480
f 3476 3474 3561
f 3564 3476 3561
f 3559 3562 3561
f 3562 3559 3557
f 3564 3561 3562
f 3563 3562 3560
f 3564 3481 3476
f 3482 3563 3480
f 3564 3562 3565
f 3562 3563 3570
f 3563 3566 3570
f 3510 3481 3564
f 3567 3564 3565
f 3567 3510 3564
f 3570 3565 3562
f 3566 3563 3482
f 3567 3509 3510
f 3567 3568 3509
f 3566 3482 3483
f 3570 3566 3569
f 3567 3571 3568
f 3565 3571 3567
f 3511 3509 3568
f 3566 3483 3513
f 3566 3513 3569
f 3565 3570 3571
f 3572 3570 3569
f 3571 3570 3572
f 3573 3511 3568
f 3573 3568 3571
f 3574 3573 3575
f 3576 3511 3573
f 3511 3576 3508
f 3575 3571 3572
f 3573 3571 3575
f 3569 3513 3578
f 3578 3513 3532
f 3572 3569 3578
f 3573 3574 3576
f 3575 3572 3577
f 3539 3578 3532
f 3539 3532 3531
f 3572 3578 3577
f 3581 3578 3539
f 3577 3579 3575
f 3581 3577 3578
f 3574 3575 3579
f 3536 3508 3576
f 3580 3576 3574
f 3576 3580 3536
f 3580 3574 3579
f 3580 3538 3536
f 3584 3538 3580
f 3582 3579 3577
f 3580 3579 3582
f 3583 3581 3539
f 3582 3584 3580
f 3554 3577 3581
f 3577 3554 3582
f 3583 3554 3581
f 3584 3541 3538
f 3554 3584 3582
f 3539 3547 3583
f 3554 3583 3552
f 3541 3584 3545
f 3554 3545 3584
f 3552 3556 3554
f 3554 3556 3553
f 3500 3516 3407
f 3407 3516 3427
f 3516 3426 3427
f 3585 3426 3586
f 3516 3586 3426
f 3585 3430 3426
f 3587 3585 3586
f 3430 3585 3590
f 3585 3588 3590
f 3588 3585 3587
f 3587 3586 3522
f 3588 3587 3522
f 3522 3535 3588
f 3589 3588 3535
f 3524 3591 3527
f 3592 3435 3434
f 3592 3434 3430
f 3590 3592 3430
f 3593 3592 3590
f 3435 3592 3594
f 3594 3592 3593
f 3595 3594 3593
f 3589 3590 3588
f 3589 3595 3590
f 3595 3593 3590
f 3595 3596 3594
f 3544 3589 3535
f 3597 3596 3595
f 3598 3589 3544
f 3598 3595 3589
f 3598 3597 3595
f 3544 3535 3534
f 3545 3548 3544
f 3598 3544 3548
f 3553 3599 3548
f 3599 3553 3556
f 2813 1770 3601
f 3601 1770 1769
f 3600 3601 1769
f 3600 1771 3602
f 3602 1771 1772
f 2815 2813 3601
f 3601 2818 2815
f 3603 3602 1772
f 1772 1773 3604
f 3603 1772 3606
f 3607 3603 3606
f 3618 3608 3609
f 2817 2818 3610
f 3611 2862 3612
f 3611 3613 2873
f 3614 3615 3611
f 3613 3611 3615
f 3616 3617 3618
f 3619 3616 3618
f 1778 1795 3609
f 3620 1795 1796
f 3609 1795 3620
f 1796 1798 3620
f 3621 1798 1802
f 3620 1798 3621
f 3622 3609 3620
f 3622 3618 3609
f 3623 1802 1801
f 1803 3624 1801
f 2873 2862 3611
f 3625 3619 3626
f 3626 3619 3627
f 3628 3623 3629
f 3630 3629 3631
f 3631 3629 3632
f 3733 3634 3633
f 3733 3633 3635
f 3635 3633 3636
f 3637 3635 3636
f 3629 3630 3628
f 3636 3628 3630
f 3638 3630 3631
f 3638 3631 3639
f 3640 3641 3630
f 3640 3630 3638
f 3642 3638 3639
f 3644 3645 3646
f 3647 3646 3645
f 3646 2875 2873
f 3646 3647 2875
f 3645 3648 3647
f 3625 3626 3653
f 3635 3649 3626
f 3653 3649 3650
f 3651 3652 3648
f 3654 3653 3650
f 3652 3653 3654
f 3655 3654 3650
f 2877 2874 2875
f 3656 2875 3647
f 2877 2875 3656
f 3656 3647 3657
f 3657 3647 3648
f 3648 3659 3657
f 3656 2785 2877
f 3658 2785 3656
f 2785 3658 2784
f 3656 3657 3658
f 3660 3657 3659
f 3658 3657 3660
f 3659 3648 3652
f 3659 3652 3654
f 3659 3654 3661
f 3661 3654 3655
f 3655 3662 3661
f 3444 3659 3661
f 3660 3659 3444
f 3663 3661 3662
f 3663 3662 3664
f 3444 3661 3663
f 3665 3635 3637
f 3649 3635 3665
f 3650 3649 3665
f 3650 3665 3666
f 3641 3666 3637
f 3666 3641 3667
f 3667 3641 3640
f 3650 3666 3668
f 3668 3655 3650
f 3668 3666 3667
f 3669 3668 3667
f 3669 3667 3670
f 3671 3640 3638
f 3671 3638 3642
f 3667 3640 3671
f 3670 3667 3671
f 3642 3672 3671
f 3642 3643 3672
f 3673 3672 3674
f 3675 3671 3672
f 3676 3673 3674
f 3655 3668 3662
f 3662 3668 3669
f 3662 3669 3677
f 3664 3662 3677
f 3677 3669 3670
f 3670 3671 3678
f 3677 3670 3678
f 3679 3677 3678
f 3680 3679 3678
f 3681 3680 3678
f 3678 3671 3681
f 3675 3681 3671
f 3681 3675 3682
f 3682 3675 3673
f 3682 3673 3683
f 3681 3682 3684
f 3680 3681 3684
f 3682 3683 3684
f 3685 3676 3686
f 3683 3687 3688
f 3683 3673 3687
f 3676 3687 3673
f 3676 3685 3687
f 3687 3685 3689
f 3690 3591 3524
f 3691 3692 1908
f 1910 3692 3691
f 1912 1910 1909
f 3734 3692 3693
f 3694 3693 3692
f 3694 3692 1910
f 1910 1912 3694
f 3734 1908 3692
f 3695 3694 1912
f 1914 3695 1912
f 1914 3696 3695
f 3697 3703 3698
f 3701 3700 3699
f 3702 3698 3703
f 3745 3702 3704
f 3705 3704 3702
f 3705 3703 3707
f 3700 3706 3708
f 3706 3700 3709
f 3708 3706 3703
f 3710 3706 3709
f 3710 3709 3711
f 3711 3709 3712
f 3707 3703 3706
f 3710 3707 3706
f 3713 3674 3672
f 3713 3714 3715
f 3716 3713 3715
f 3717 3716 3715
f 3718 3716 3717
f 3717 3715 3704
f 3717 3704 3705
f 3717 3705 3707
f 3676 3713 3716
f 3674 3713 3676
f 3686 3676 3716
f 3718 3717 3719
f 3718 3686 3716
f 3690 3718 3719
f 3720 3707 3710
f 3720 3710 3711
f 3717 3707 3719
f 3720 3721 3707
f 3719 3707 3721
f 3721 3720 3711
f 3722 3690 3719
f 3722 3719 3723
f 3723 3719 3721
f 3723 3721 3724
f 3721 3711 3725
f 3725 3724 3721
f 3690 3686 3718
f 3685 3686 3690
f 3722 3723 3726
f 3722 3591 3690
f 3591 3722 3726
f 3726 3723 3727
f 3728 3726 3727
f 3591 3726 3728
f 3658 3438 2784
f 3660 3438 3658
f 3438 3660 3443
f 3444 3443 3660
f 3663 3452 3444
f 3452 3663 3664
f 3664 3492 3462
f 3492 3664 3677
f 3677 3679 3490
f 3491 3490 3679
f 3677 3490 3492
f 3491 3679 3680
f 3491 3680 3684
f 3496 3491 3517
f 3684 3683 3688
f 3517 3684 3688
f 3491 3684 3517
f 3518 3688 3523
f 3518 3517 3688
f 3523 3688 3687
f 3523 3687 3689
f 3689 3685 3690
f 3689 3690 3524
f 3525 3523 3689
f 3525 3689 3524
f 1771 3600 1769
f 3600 3729 3601
f 3602 3729 3600
f 3729 3602 3603
f 3606 1772 3604
f 3605 3604 1776
f 1776 3608 3605
f 3608 1776 1778
f 3609 3608 1778
f 3604 3605 3606
f 3606 3605 3617
f 3617 3607 3606
f 3617 3605 3608
f 3617 3608 3618
f 2818 3601 3729
f 3729 3610 2818
f 3612 3610 3729
f 2862 2817 3610
f 2862 3610 3612
f 3729 3603 3607
f 3612 3729 3607
f 3614 3612 3607
f 3614 3611 3612
f 3644 3613 3615
f 3615 3614 3644
f 3607 3617 3616
f 3619 3634 3627
f 3614 3607 3616
f 3616 3645 3614
f 3645 3616 3625
f 3616 3619 3625
f 3622 3620 3730
f 3730 3620 3621
f 3731 3730 3621
f 3731 3621 1802
f 1802 3732 3731
f 3623 1801 3624
f 3732 1802 3623
f 3618 3622 3619
f 3634 3619 3622
f 3634 3622 3730
f 3633 3730 3731
f 3730 3633 3634
f 3627 3634 3733
f 3644 3614 3645
f 3624 1803 1821
f 3632 3624 1821
f 3624 3629 3623
f 3732 3623 3628
f 3624 3632 3629
f 3631 3632 3734
f 1821 3734 3632
f 3631 3734 3639
f 3735 3633 3731
f 3735 3731 3628
f 3633 3735 3636
f 3636 3735 3628
f 3626 3627 3733
f 3635 3626 3733
f 3630 3641 3636
f 3641 3637 3636
f 3731 3732 3628
f 3642 3639 3736
f 3643 3642 3736
f 3646 2873 3644
f 2873 3613 3644
f 3625 3651 3645
f 3648 3645 3651
f 3653 3652 3651
f 3625 3653 3651
f 3653 3626 3649
f 3637 3666 3665
f 3672 3673 3675
f 3734 1821 1908
f 3639 3734 3693
f 3737 1914 1940
f 3696 1914 3737
f 1940 1915 3738
f 3737 1940 3739
f 3695 3741 3694
f 3742 3694 3741
f 3741 3695 3696
f 3739 1940 3738
f 3737 3740 3696
f 3696 3740 3741
f 3740 3737 3739
f 3736 3639 3693
f 3736 3693 3694
f 3736 3694 3742
f 3741 3743 3742
f 3744 3740 3739
f 3740 3744 3741
f 3744 3739 3714
f 3643 3736 3742
f 3672 3643 3742
f 3672 3742 3743
f 3743 3741 3744
f 3672 3743 3713
f 3713 3743 3744
f 3745 3738 3698
f 3738 3745 3739
f 1933 1915 1932
f 3738 1915 1933
f 3698 3738 1933
f 3698 1933 3746
f 1933 1930 1941
f 3747 1933 1941
f 3699 1941 1942
f 3746 1933 3747
f 3747 1941 3699
f 3747 3697 3746
f 3708 3747 3699
f 3746 3697 3698
f 3697 3747 3708
f 3701 1942 1943
f 3699 1942 3701
f 3701 1943 1939
f 1944 3701 1939
f 2492 3701 1944
f 3708 3699 3700
f 3709 3701 2492
f 3700 3701 3709
f 3748 3709 2492
f 3712 3709 3748
f 3702 3745 3698
f 3714 3739 3745
f 3703 3697 3708
f 3704 3714 3745
f 3713 3744 3714
f 3714 3704 3715
f 3705 3702 3703
f 2159 3749 2158
f 3749 2159 3751
f 2159 3752 3751
f 3752 2159 2162
f 3750 3752 2162
f 3753 3752 3754
f 2171 2168 2167
f 3755 2168 2171
f 3750 2162 2168
f 3756 3750 2168
f 3756 2168 3755
f 2169 3757 2171
f 3755 2171 3757
f 3755 3757 3758
f 3759 3757 2172
f 3759 3758 3757
f 3756 3762 3750
f 3752 3750 3762
f 3756 3755 3760
f 3762 3756 3761
f 3760 3761 3756
f 3754 3752 3762
f 3754 3762 3763
f 3764 3761 3760
f 3762 3761 3763
f 3760 3755 3765
f 3765 3755 3758
f 3765 3758 3766
f 3764 3760 3765
f 3764 3765 3767
f 3768 3764 3767
f 3767 3765 3766
f 3768 3767 3766
f 3770 3754 3763
f 3770 3763 3772
f 3771 3761 3764
f 3771 3763 3761
f 3763 3771 3772
f 3770 3772 3769
f 3772 3771 3773
f 3768 3774 3764
f 3775 3774 3768
f 3962 3768 3766
f 3775 3768 3962
f 3773 3764 3774
f 3962 3776 3775
f 3771 3764 3773
f 3777 3769 3772
f 3773 3777 3772
f 3778 3779 3769
f 3778 3769 3777
f 3780 3778 3777
f 3779 3778 3780
f 3780 3777 3781
f 3775 3776 3782
f 3782 3774 3775
f 3783 3773 3774
f 3783 3774 3782
f 3781 3777 3773
f 3781 3773 3783
f 3784 3785 3786
f 3791 3787 3788
f 3789 3790 3791
f 3790 3789 3792
f 3793 3794 3792
f 3795 3781 3783
f 3781 3795 3780
f 3780 3795 3796
f 3796 3795 3803
f 3797 3780 3796
f 3798 3796 3803
f 3783 3782 3799
f 3800 3783 3799
f 3800 3799 3801
f 3802 3800 3801
f 3800 3795 3783
f 3795 3800 3803
f 3802 3803 3800
f 3804 3796 3798
f 3798 3805 3804
f 3802 3801 3806
f 3798 3803 3802
f 3805 3798 3802
f 3807 3792 3789
f 3807 3793 3792
f 3808 3793 3807
f 3807 3809 3808
f 3810 3808 3809
f 3811 3812 3813
f 3816 3814 3813
f 3813 3814 4126
f 4126 3811 3813
f 3815 3813 3812
f 3785 3816 3817
f 3817 3816 3813
f 3818 3817 3813
f 3815 3818 3813
f 3793 3811 3794
f 3793 3812 3811
f 3808 3812 3793
f 3819 3802 3820
f 3819 3805 3802
f 3820 3821 3819
f 3815 3812 3808
f 3815 3808 3810
f 3822 3819 3821
f 3823 3822 3821
f 3819 3824 3805
f 3822 3824 3819
f 3825 852 2175
f 3825 3072 852
f 3826 3825 2175
f 3826 2175 2178
f 3826 2178 3828
f 3826 3828 3827
f 3833 3827 3828
f 3825 3826 3076
f 3826 3829 3076
f 3829 3826 3827
f 3829 3077 3076
f 3829 3839 3077
f 3830 3829 3827
f 3839 3829 3830
f 3833 3830 3827
f 3833 3831 3830
f 3828 2178 3832
f 3833 3828 3832
f 3833 3832 2179
f 3836 3833 2179
f 2179 2180 2181
f 2181 3834 2179
f 3834 2181 3835
f 3837 3833 3836
f 3846 3837 3836
f 3837 3831 3833
f 3836 2179 3834
f 3858 3836 3834
f 3858 3834 3835
f 3846 3836 3838
f 3838 3836 3858
f 3840 3839 3831
f 3839 3830 3831
f 3840 3841 3839
f 3842 3840 3831
f 3077 3839 3123
f 3089 3077 3123
f 3123 3839 3841
f 3123 3841 3844
f 3841 3840 3842
f 3844 3841 3842
f 3845 3844 3842
f 3846 3842 3831
f 3831 3837 3846
f 3847 3842 3846
f 3846 3848 3847
f 3849 3846 3838
f 3850 3849 3838
f 3858 3851 3838
f 3838 3851 3850
f 3852 3850 3851
f 3853 3850 3852
f 3848 3846 3849
f 3853 3849 3850
f 3854 3842 3847
f 3848 3856 3847
f 3856 3848 3855
f 3854 3845 3842
f 3854 3847 3856
f 3849 3855 3848
f 3849 3853 3855
f 3855 3857 3856
f 2158 3749 2133
f 2133 3749 2181
f 3835 2181 3749
f 3749 3751 3835
f 3753 3835 3751
f 3859 3858 3835
f 3859 3835 3753
f 3753 3754 3859
f 3753 3751 3752
f 3851 3858 3860
f 3859 3860 3858
f 3859 3861 3860
f 3861 3859 3754
f 3851 3860 3852
f 3853 3852 3860
f 3863 3853 3860
f 3770 3861 3754
f 3853 3862 3855
f 3863 3862 3853
f 3860 3861 3863
f 3863 3864 3862
f 3864 3865 3862
f 3855 3862 3865
f 3866 3863 3861
f 3864 3863 3866
f 3861 3770 3866
f 3866 3770 3769
f 3779 3866 3769
f 3867 3864 3866
f 3779 3867 3866
f 3868 3122 3121
f 3868 3843 3122
f 3121 3124 3868
f 3843 3868 3869
f 3870 3869 3868
f 3124 3871 3868
f 3871 3870 3868
f 3871 3124 3127
f 3128 3871 3127
f 3870 3871 3872
f 3094 3123 3844
f 3844 3132 3094
f 3132 3844 3873
f 3845 3873 3844
f 3133 3132 3890
f 3890 3132 3873
f 3873 3845 3874
f 3875 3873 3874
f 3870 3876 3869
f 3878 3876 3870
f 3876 3878 3877
f 3874 3845 3854
f 3879 3874 3854
f 3879 3854 3856
f 3857 3879 3856
f 3880 3876 3877
f 3788 3880 3877
f 3881 3788 3877
f 3878 3881 3877
f 3857 3865 3882
f 3878 3870 3883
f 3872 3883 3870
f 3883 3895 3878
f 3884 3879 3857
f 3895 3881 3878
f 3885 3881 3895
f 3881 3885 3791
f 3875 3874 3879
f 3887 3886 3128
f 3128 3886 3871
f 3872 3871 3888
f 3886 3888 3871
f 3887 3888 3886
f 3889 3888 3887
f 3891 3887 3134
f 3891 3890 3892
f 3891 3893 3887
f 3893 3891 3892
f 3890 3873 3875
f 3890 3875 3892
f 3905 3893 3892
f 3889 3887 3893
f 3872 3888 3883
f 3888 3894 3883
f 3894 3888 3889
f 3894 3895 3883
f 3896 3894 3889
f 3895 3894 3904
f 3894 3896 3904
f 3885 3895 3903
f 3884 3857 3882
f 3897 3884 3882
f 3898 3897 3899
f 3904 3903 3895
f 3896 3901 3900
f 3896 3900 3904
f 3901 3902 3900
f 3902 3901 3899
f 3913 3902 3899
f 3913 3899 3897
f 3884 3875 3879
f 3898 3875 3884
f 3892 3875 3905
f 3898 3905 3875
f 3896 3889 3893
f 3901 3893 3905
f 3896 3893 3901
f 3901 3905 3898
f 3897 3898 3884
f 3899 3901 3898
f 3865 3864 3906
f 3857 3855 3865
f 3882 3865 3906
f 3864 3907 3906
f 3864 3867 3907
f 3797 3907 3867
f 3788 3881 3791
f 3885 3789 3791
f 3906 3907 3908
f 3908 3907 3797
f 3779 3780 3867
f 3797 3867 3780
f 3796 3804 3797
f 3909 3797 3804
f 3910 3885 3903
f 3910 3789 3885
f 3906 3908 3911
f 3906 3911 3882
f 3882 3911 3897
f 3908 3797 3909
f 3807 3789 3910
f 3912 3910 3903
f 3913 3897 3911
f 3908 3913 3911
f 3904 3912 3903
f 3900 3912 3904
f 3912 3900 3916
f 3902 3913 3918
f 3902 3916 3900
f 3918 3913 3908
f 3919 3902 3918
f 3902 3919 3916
f 3910 3809 3807
f 3809 3910 3912
f 3914 3809 3912
f 3809 3914 3810
f 3909 3915 3908
f 3912 3916 3914
f 3909 3917 3915
f 3918 3915 3919
f 3920 3919 3915
f 3920 3915 3917
f 3918 3908 3915
f 3804 3917 3909
f 3804 3805 3917
f 3805 3824 3917
f 3921 2246 2262
f 3921 2278 2246
f 3922 3925 3923
f 2262 3925 3921
f 3921 3925 3922
f 3923 3925 3926
f 3926 3925 3924
f 3927 3923 3926
f 2253 3928 2252
f 3929 3928 3930
f 2252 3931 3937
f 3931 2252 3928
f 2256 2257 1643
f 3371 2256 1643
f 3930 2256 3371
f 3930 2253 2256
f 3373 3930 3371
f 3928 2253 3930
f 3932 3930 3373
f 3930 3932 3929
f 3372 3932 3373
f 3932 3933 3929
f 3931 3928 3929
f 3931 3929 3934
f 3929 3933 3935
f 3929 3935 3934
f 3936 3934 3935
f 2260 2252 3937
f 3937 2261 2260
f 2261 3937 2262
f 3924 2262 3937
f 3924 3937 3938
f 3939 3924 3938
f 3931 3938 3937
f 3934 3938 3931
f 3939 3938 3934
f 3924 3925 2262
f 3940 3927 3926
f 3942 3940 3941
f 3973 3941 3954
f 3973 3942 3941
f 3932 3943 3933
f 3943 3932 3372
f 3943 3372 3392
f 3933 3936 3935
f 3943 3936 3933
f 3945 3936 3943
f 3936 3945 3934
f 3934 3945 3939
f 3944 3945 3943
f 3944 3946 3945
f 3392 3395 3947
f 3947 3944 3943
f 3943 3392 3947
f 3944 3947 3948
f 3949 3947 3395
f 3949 3948 3947
f 3944 3950 3946
f 3948 3951 3944
f 3945 3946 3939
f 3939 3946 3952
f 3946 3950 3952
f 3952 3924 3939
f 3924 3952 3926
f 3940 3926 3952
f 3941 3940 3952
f 3950 3944 3951
f 3953 3950 3951
f 3950 3954 3952
f 3954 3950 3953
f 3954 3941 3952
f 3957 2276 3922
f 2172 2165 2275
f 3957 2275 2276
f 3759 2172 2275
f 3955 3759 2275
f 3956 3759 3955
f 3955 2275 3957
f 3922 2276 2278
f 3922 2278 3921
f 3923 3957 3922
f 3957 3960 3955
f 3959 3955 3960
f 3958 3956 3955
f 3766 3956 3958
f 3960 3957 3923
f 3960 3923 3961
f 3960 3961 3959
f 3927 3961 3923
f 3956 3758 3759
f 3766 3758 3956
f 3962 3766 3958
f 3958 3955 3959
f 3964 3959 3961
f 3962 3959 3964
f 3962 3958 3959
f 3966 3962 3964
f 3964 3961 3963
f 3963 3961 3927
f 3965 3964 3963
f 3967 3966 3964
f 3776 3962 3966
f 4021 3776 3966
f 3968 3966 3967
f 3967 3969 3968
f 4021 3966 3968
f 3965 3963 3927
f 3965 3970 3971
f 3967 3964 3965
f 3971 3967 3965
f 3965 3927 3940
f 3942 3965 3940
f 3970 3965 3942
f 3972 3971 3970
f 3969 3967 3971
f 3969 3971 3972
f 3942 3972 3970
f 3776 4021 3782
f 3974 3973 3954
f 3973 3974 3975
f 3975 3942 3973
f 3979 3975 3974
f 3979 3974 3976
f 3987 3976 3977
f 3978 3999 3976
f 3980 3975 3979
f 4001 3980 3979
f 3979 3976 3999
f 3999 4001 3979
f 3982 3948 3981
f 3981 3948 3949
f 3396 3983 3981
f 3396 3981 3949
f 3951 3948 3985
f 3985 3948 3982
f 3984 3985 3982
f 3986 3981 3983
f 3981 3986 3982
f 3984 3986 3990
f 3419 3986 3983
f 3988 3986 3419
f 3986 3984 3982
f 3977 3985 3984
f 3990 3977 3984
f 3977 3976 3985
f 3987 3977 3990
f 3985 3953 3951
f 3976 3953 3985
f 3974 3954 3953
f 3976 3974 3953
f 3993 3990 3988
f 3988 3989 3991
f 3991 3993 3988
f 3992 3987 3993
f 3993 3991 3992
f 3728 3727 3994
f 3989 3594 3995
f 3995 3991 3989
f 3992 3991 3996
f 3992 3996 3997
f 3996 3991 3995
f 3998 3996 3995
f 3978 3976 3987
f 4005 3978 3987
f 3978 4000 3999
f 4000 3978 4005
f 3987 3992 4005
f 3999 4003 4001
f 4004 4003 4000
f 4003 3999 4000
f 3997 4005 3992
f 4006 4000 4005
f 4007 4006 4005
f 4006 4004 4000
f 3996 4007 3997
f 4007 4005 3997
f 4008 4003 4004
f 4009 4004 4006
f 4008 4004 4009
f 3990 3986 3988
f 3993 3987 3990
f 4010 4021 3968
f 3969 4011 3968
f 4011 3969 4012
f 4011 4010 3968
f 4011 4014 4010
f 4013 3969 3972
f 3975 3972 3942
f 3972 3975 4013
f 3969 4013 4012
f 4015 4011 4012
f 4015 4014 4011
f 4015 4012 4016
f 4020 4017 4012
f 4016 4012 4017
f 4018 4014 4015
f 4019 4015 4016
f 4019 4018 4015
f 3975 3980 4013
f 4013 3980 4020
f 4013 4020 4012
f 4002 4020 3980
f 4002 3980 4001
f 3799 3782 4021
f 3799 4021 3801
f 3801 4021 4010
f 3806 4010 4014
f 3806 3801 4010
f 4018 3806 4014
f 3820 3802 3806
f 4018 3820 3806
f 4002 4022 4017
f 4017 4019 4016
f 4023 4019 4017
f 4022 4023 4017
f 3821 4018 4019
f 4024 4019 4023
f 4001 4003 4002
f 4002 4017 4020
f 4022 4002 4003
f 4003 4008 4022
f 4009 4025 4008
f 3821 4019 4024
f 4023 4022 4025
f 4023 4025 4024
f 4008 4025 4022
f 4018 3821 3820
f 4027 3529 4026
f 3543 3529 3549
f 3529 4027 3549
f 3550 3549 4028
f 3555 3550 4028
f 3555 4028 4072
f 4028 3549 4029
f 4031 4032 3786
f 4031 3786 3785
f 4031 3785 4033
f 4041 4032 4031
f 4041 4031 4033
f 4034 3817 3818
f 4033 3785 3817
f 4034 4033 3817
f 4032 4041 4035
f 4036 4035 4037
f 4037 4035 4041
f 4034 4038 4033
f 4039 4040 4038
f 4041 4033 4038
f 4040 4041 4038
f 4040 4037 4041
f 4037 4040 4052
f 4087 4052 4040
f 4087 4089 4052
f 3815 4034 3818
f 4034 3815 4042
f 3815 3810 4030
f 3920 3824 4043
f 4042 3815 4030
f 4044 4030 4045
f 4030 4044 4042
f 4044 4045 4047
f 4047 4045 4046
f 4044 4039 4042
f 3920 4048 4046
f 4048 3920 4043
f 4047 4046 4048
f 4024 4051 3823
f 4051 4049 3823
f 3822 4043 3824
f 4049 4043 3822
f 4048 4043 4049
f 3823 4049 3822
f 4047 4039 4044
f 4038 4034 4042
f 4039 4038 4042
f 4047 4048 4050
f 4050 4049 4051
f 4040 4039 4047
f 4047 4050 4040
f 4050 4051 4087
f 4087 4040 4050
f 4048 4049 4050
f 4036 4037 4052
f 3916 4045 3914
f 3919 4045 3916
f 4030 3810 3914
f 4045 4030 3914
f 3919 3920 4046
f 4045 3919 4046
f 3920 3917 3824
f 3527 3591 3728
f 3527 3728 4053
f 3728 3994 4053
f 4053 3994 4054
f 4054 4055 4053
f 3594 4056 3995
f 4056 3998 3995
f 4056 3594 3596
f 4057 3998 4058
f 3996 3998 4057
f 3529 3527 4026
f 4026 3527 4053
f 4055 4059 4053
f 4026 4053 4059
f 4058 4056 3596
f 3998 4056 4058
f 4060 4159 3786
f 4159 4060 4054
f 4060 4055 4054
f 4060 3786 4032
f 4061 4007 3996
f 4007 4061 4006
f 4057 4061 3996
f 4061 4062 4006
f 4062 4009 4006
f 4032 4035 4060
f 4063 4060 4035
f 4064 4061 4057
f 4065 4061 4064
f 4065 4062 4061
f 3597 4066 3596
f 4066 4058 3596
f 4067 4066 3597
f 4027 4026 4059
f 4057 4058 4068
f 4027 4059 4069
f 4029 4027 4069
f 4058 4066 4068
f 4067 3597 3598
f 4071 4066 4067
f 4070 4066 4071
f 4070 4071 4073
f 3548 4067 3598
f 4067 3548 3599
f 4071 4067 3599
f 4071 3599 3556
f 4071 3556 4073
f 4072 3556 3555
f 4073 3556 4072
f 4028 4029 4072
f 4027 4029 3549
f 4066 4070 4068
f 4074 4068 4070
f 4063 4069 4055
f 4068 4064 4057
f 4069 4059 4055
f 4075 4069 4063
f 4074 4064 4068
f 4076 4064 4074
f 4074 4083 4076
f 4055 4060 4063
f 4075 4063 4036
f 4036 4063 4035
f 4077 4075 4036
f 4079 4065 4064
f 4079 4062 4065
f 4078 4062 4079
f 4077 4080 4075
f 4081 4080 4082
f 4080 4077 4082
f 4076 4079 4064
f 4083 4080 4076
f 4079 4076 4081
f 4076 4080 4081
f 4081 4078 4079
f 4069 4075 4029
f 4072 4029 4075
f 4075 4080 4072
f 4083 4072 4080
f 4073 4072 4083
f 4083 4070 4073
f 4083 4074 4070
f 4084 4025 4009
f 4085 4024 4025
f 4009 4062 4084
f 4078 4084 4062
f 4084 4085 4025
f 4086 4085 4084
f 4051 4024 4085
f 4087 4051 4086
f 4085 4086 4051
f 4078 4086 4084
f 4089 4087 4086
f 4086 4078 4088
f 4089 4086 4088
f 3823 3821 4024
f 4036 4052 4077
f 4052 4082 4077
f 4089 4088 4082
f 4089 4082 4052
f 4088 4078 4081
f 4081 4082 4088
f 3175 2405 1059
f 3175 1059 1060
f 4090 2405 4091
f 2405 4090 2408
f 2409 2408 4090
f 4091 2405 3175
f 2409 4090 4092
f 4093 2412 2409
f 4093 2415 2412
f 4094 2415 4093
f 4095 2415 4094
f 4092 4093 2409
f 4092 4096 4093
f 4094 4093 4096
f 3177 4091 3175
f 4091 3177 4090
f 4094 4096 4097
f 4094 4097 4098
f 4094 4098 4095
f 4095 4098 4099
f 3880 4098 4097
f 3880 4100 4098
f 2428 4095 2429
f 4095 2428 2415
f 4099 4101 2429
f 4095 4099 2429
f 2429 4101 4102
f 2434 4102 4101
f 4100 4101 4099
f 4100 4103 4101
f 4103 2434 4101
f 4104 2434 4103
f 2436 2421 2435
f 2465 2435 4105
f 4106 4107 2465
f 2465 4105 4106
f 2465 4107 4108
f 2435 2434 4104
f 4105 2435 4104
f 4100 4099 4098
f 4109 4103 4100
f 4103 4109 4110
f 4110 4104 4103
f 4105 4104 4110
f 3880 4111 4100
f 4111 4109 4100
f 3788 4111 3880
f 3787 4109 4111
f 4112 4109 3787
f 4112 4110 4109
f 4113 4106 4105
f 4114 4113 4115
f 4106 4113 4114
f 4116 4117 4118
f 4107 4106 4116
f 4114 4116 4106
f 4116 4114 4117
f 4110 4113 4105
f 4119 4120 3816
f 3784 4119 3816
f 3787 4111 3788
f 3790 4112 3787
f 4110 4112 4121
f 4113 4110 4121
f 4121 4112 3790
f 3790 3787 3791
f 3792 4121 3790
f 3792 3794 4121
f 4122 4118 4117
f 4123 4118 4122
f 4124 4123 4122
f 4125 4114 4115
f 4126 4117 4125
f 4126 4122 4117
f 4114 4125 4117
f 3811 4126 4125
f 4120 4124 3814
f 4126 3814 4122
f 3814 4124 4122
f 4115 3794 4125
f 4115 4113 4121
f 3794 4115 4121
f 4125 3794 3811
f 3816 4120 3814
f 3784 3816 3785
f 4090 3177 4127
f 4128 4090 4127
f 4128 4092 4090
f 4128 4129 4092
f 3093 4127 3177
f 4128 4127 3093
f 3092 3122 3093
f 3093 3122 3843
f 3843 4128 3093
f 3843 4129 4128
f 4129 3843 3869
f 3876 4129 3869
f 4129 4096 4092
f 4097 4096 4129
f 3876 4097 4129
f 4097 3876 3880
f 4130 4140 4160
f 4108 2489 2467
f 2468 2470 2489
f 2468 2488 2469
f 4131 2488 2468
f 4130 2488 4131
f 4132 2468 2489
f 4131 2468 4132
f 2489 4108 4132
f 4133 4131 4134
f 4135 4130 4133
f 4130 4135 4140
f 3712 3748 4136
f 3711 3712 4137
f 4137 4136 4138
f 4139 4138 4140
f 4141 4138 4139
f 4142 4137 4138
f 3711 4137 3725
f 4138 4141 4142
f 4141 4139 4143
f 4144 4141 4143
f 4145 4133 4134
f 4146 4145 4147
f 4147 4145 4148
f 4145 4134 4148
f 4133 4146 4135
f 4143 4135 4146
f 4145 4146 4133
f 4149 4147 4150
f 4123 4147 4148
f 4150 4147 4123
f 4146 4149 4143
f 4149 4146 4147
f 4144 4143 4149
f 4108 2467 2465
f 4132 4108 4107
f 4116 4132 4107
f 4118 4134 4132
f 4118 4148 4134
f 4118 4132 4116
f 4123 4148 4118
f 4142 3725 4137
f 3725 4142 4151
f 4144 4142 4141
f 4142 4144 4152
f 4152 4144 4153
f 4154 4152 4153
f 4152 4151 4142
f 4150 4155 4149
f 4153 4144 4155
f 4150 4123 4124
f 4149 4155 4144
f 4155 4156 4153
f 4150 4124 4120
f 4119 4155 4150
f 4120 4119 4150
f 3723 3724 3727
f 3725 4151 3724
f 3724 4151 3727
f 4157 3727 4151
f 4154 4151 4152
f 4157 4151 4154
f 4157 4154 4158
f 4157 3994 3727
f 3994 4157 4158
f 4054 4158 4159
f 4154 4153 4156
f 4154 4159 4158
f 4154 4156 4159
f 4156 4155 4119
f 3784 4156 4119
f 4159 4156 3786
f 3784 3786 4156
f 4054 3994 4158
f 2465 2436 2435
f 2486 2488 2487
f 4160 2487 2488
f 2488 4130 4160
f 4160 4140 4161
f 4136 4161 4140
f 4134 4131 4132
f 4131 4133 4130
f 4161 2491 4160
f 2490 4160 2491
f 4160 2490 2487
f 4161 2492 2491
f 3748 2492 4161
f 3748 4161 4136
f 4136 4137 3712
f 4138 4136 4140
f 4143 4139 4135
f 4139 4140 4135
