# https://github.com/mikedh/trimesh
mtllib material.mtl
usemtl material_0
v -0.00716630 0.00001880 0.00249940
v -0.00716630 0.00001880 -0.00250060
v 0.00783370 0.00001880 -0.00250060
v 0.00783370 0.00001880 0.00249940
v -0.03265722 0.08149746 0.00372216
v -0.03361455 0.09016334 0.00373931
v -0.03361297 0.09016825 -0.00373747
v -0.03265722 0.08149650 -0.00371925
v -0.01202612 -0.10240034 0.00366074
v -0.01488592 -0.08759432 0.00366299
v -0.01488549 -0.08759602 -0.00366819
v -0.01202623 -0.10240029 -0.00366675
v -0.03288784 -0.09687765 0.00372078
v -0.03348489 -0.09017868 0.00369708
v -0.03348294 -0.09018794 -0.00370729
v -0.03288481 -0.09687955 -0.00372436
v -0.01487813 0.08695553 0.00376985
v -0.01487994 0.08757556 0.00377708
v -0.01488228 0.08756850 -0.00377785
v -0.01488043 0.08695366 -0.00376968
v -0.10288802 -0.00191307 0.00393444
v -0.10291497 -0.00007276 0.00393260
v -0.10291033 -0.00005241 -0.00393615
v -0.10288204 -0.00191996 -0.00392602
v -0.08777941 -0.00636369 0.00381012
v -0.08710230 -0.01226338 0.00378122
v -0.10029346 -0.01948338 0.00379355
v -0.09948781 -0.02325440 0.00379033
v -0.08412926 -0.02448360 0.00374943
v -0.08227499 -0.03017307 0.00373056
v -0.09393166 -0.04016837 0.00372832
v -0.09236084 -0.04370203 0.00372705
v -0.07734681 -0.04177428 0.00370878
v -0.07438068 -0.04698492 0.00369523
v -0.08401287 -0.05953338 0.00369500
v -0.08174627 -0.06267268 0.00369437
v -0.06792184 -0.05789066 0.00368226
v -0.06397439 -0.06225501 0.00367599
v -0.07016335 -0.07542207 0.00367961
v -0.06731170 -0.07797260 0.00367941
v -0.05384328 -0.06968729 0.00367166
v -0.04902248 -0.07313367 0.00367087
v -0.05248704 -0.08777207 0.00367867
v -0.04915186 -0.08969339 0.00367899
v -0.03797613 -0.07911501 0.00367156
v -0.03252945 -0.08153671 0.00367470
v -0.02925884 -0.09805890 0.00371788
v -0.02069505 -0.08569878 0.00367294
v -0.01488250 -0.08697533 0.00366313
v -0.00819944 -0.10281435 0.00365953
v -0.00255249 -0.08946135 0.00364037
v 0.00333958 -0.08946543 0.00363126
v 0.00901743 -0.10293422 0.00362980
v 0.01284243 -0.10252047 0.00362916
v 0.01570904 -0.08697061 0.00361675
v 0.02152884 -0.08569310 0.00360969
v 0.03014800 -0.09816077 0.00361249
v 0.03381703 -0.09696657 0.00361214
v 0.03344058 -0.08161698 0.00360331
v 0.03889073 -0.07919685 0.00359960
v 0.05009101 -0.08980402 0.00360326
v 0.05342998 -0.08788052 0.00360302
v 0.04995417 -0.07320805 0.00359460
v 0.05478041 -0.06976605 0.00359213
v 0.06829969 -0.07809102 0.00359650
v 0.07115148 -0.07554002 0.00359640
v 0.06491362 -0.06229803 0.00358971
v 0.06885272 -0.05792889 0.00358858
v 0.08282900 -0.06278854 0.00359466
v 0.08509607 -0.05965172 0.00359463
v 0.07548539 -0.04713380 0.00358826
v 0.07845310 -0.04191628 0.00358786
v 0.09353791 -0.04385824 0.00359403
v 0.09511167 -0.04031923 0.00359400
v 0.08342046 -0.03029803 0.00358824
v 0.08527665 -0.02460671 0.00358815
v 0.10074234 -0.02337616 0.00359446
v 0.10154998 -0.01959861 0.00359452
v 0.08830485 -0.01235401 0.00358894
v 0.08897880 -0.00646443 0.00359012
v 0.10427321 -0.00197808 0.00359668
v 0.10428638 0.00184633 0.00359681
v 0.09026746 0.00606853 0.00359204
v 0.08966726 0.01196342 0.00359442
v 0.10272577 0.01917278 0.00360217
v 0.10190174 0.02300510 0.00360235
v 0.08608569 0.02426565 0.00359799
v 0.08418376 0.03005111 0.00360240
v 0.09588173 0.04009973 0.00361138
v 0.09429299 0.04366908 0.00361164
v 0.07904027 0.04170773 0.00360858
v 0.07602899 0.04698607 0.00361318
v 0.08569210 0.05958709 0.00362210
v 0.08340433 0.06275302 0.00362239
v 0.06938256 0.05789568 0.00362047
v 0.06539686 0.06231351 0.00362565
v 0.07158966 0.07551032 0.00363585
v 0.06871672 0.07807890 0.00363627
v 0.05511951 0.06971183 0.00363426
v 0.05024562 0.07318154 0.00364364
v 0.05372170 0.08788564 0.00365698
v 0.05036272 0.08982028 0.00365765
v 0.03910865 0.07916775 0.00365935
v 0.03362529 0.08160193 0.00367007
v 0.03399696 0.09698014 0.00368831
v 0.03030760 0.09818071 0.00368947
v 0.02165585 0.08567460 0.00368983
v 0.01579616 0.08696016 0.00370766
v 0.01292460 0.10250654 0.00374087
v 0.00908257 0.10292137 0.00374342
v 0.00336887 0.08934919 0.00373333
v -0.00256420 0.08934667 0.00375905
v -0.00823359 0.10273538 0.00384891
v -0.01201186 0.10232727 0.00384940
v -0.02073213 0.08566984 0.00374905
v -0.02933541 0.09808568 0.00375085
v -0.03301607 0.09688785 0.00374996
v -0.03814073 0.07906113 0.00371292
v -0.04935837 0.08967499 0.00371613
v -0.05271272 0.08774274 0.00371574
v -0.04923960 0.07305532 0.00370581
v -0.05409619 0.06958742 0.00370375
v -0.06762627 0.07790715 0.00370924
v -0.07049369 0.07534240 0.00370931
v -0.06427501 0.06210870 0.00370426
v -0.06825501 0.05770418 0.00370877
v -0.08228008 0.06257297 0.00371907
v -0.08456077 0.05941708 0.00371952
v -0.07492255 0.04684921 0.00371890
v -0.07792685 0.04157892 0.00372708
v -0.09312417 0.04352829 0.00374580
v -0.09470992 0.03996499 0.00374695
v -0.08305421 0.02994935 0.00374564
v -0.08495928 0.02416128 0.00376336
v -0.10068664 0.02290146 0.00380134
v -0.10150947 0.01907480 0.00380425
v -0.08853522 0.01190290 0.00379511
v -0.08913817 0.00600189 0.00381528
v -0.10290580 0.00182457 0.00392509
v -0.10290199 0.00182687 -0.00393693
v -0.10029337 -0.01948328 -0.00380146
v -0.09948764 -0.02325450 -0.00379846
v -0.10150942 0.01907489 -0.00379794
v -0.10068662 0.02290141 -0.00379517
v -0.09470992 0.03996506 -0.00374128
v -0.09312416 0.04352830 -0.00374020
v -0.08456074 0.05941703 -0.00371553
v -0.08228004 0.06257294 -0.00371508
v -0.03301371 0.09688919 -0.00374707
v -0.02933505 0.09808568 -0.00374858
v -0.04935835 0.08967491 -0.00371034
v -0.05271272 0.08774267 -0.00371000
v -0.07049347 0.07534208 -0.00370574
v -0.06762601 0.07790693 -0.00370568
v -0.00819927 -0.10281420 -0.00366555
v 0.00901750 -0.10293475 -0.00363796
v 0.01284246 -0.10252085 -0.00363736
v -0.02925901 -0.09805917 -0.00372392
v -0.06731151 -0.07797244 -0.00368748
v -0.07016313 -0.07542171 -0.00368768
v -0.05248700 -0.08777211 -0.00368831
v -0.04915183 -0.08969342 -0.00368874
v -0.09236078 -0.04370205 -0.00373511
v -0.09393165 -0.04016828 -0.00373642
v -0.08401289 -0.05953337 -0.00370358
v -0.08174615 -0.06267266 -0.00370297
v 0.10154996 -0.01959864 -0.00359630
v 0.10074237 -0.02337609 -0.00359622
v 0.10427358 -0.00197800 -0.00360042
v 0.10428666 0.00184632 -0.00360058
v 0.09511160 -0.04031923 -0.00359618
v 0.09353783 -0.04385818 -0.00359620
v 0.07115160 -0.07554015 -0.00360372
v 0.06829983 -0.07809114 -0.00360382
v 0.08282916 -0.06278862 -0.00359905
v 0.08509622 -0.05965195 -0.00359894
v 0.03381705 -0.09696658 -0.00362139
v 0.03014799 -0.09816082 -0.00362176
v 0.05009107 -0.08980407 -0.00361094
v 0.05343003 -0.08788057 -0.00361073
v 0.06871674 0.07807891 -0.00363515
v 0.07158967 0.07551036 -0.00363474
v 0.05372163 0.08788555 -0.00365454
v 0.05036261 0.08982018 -0.00365522
v 0.08340458 0.06275322 -0.00362209
v 0.08569235 0.05958738 -0.00362177
v 0.03399697 0.09698010 -0.00368203
v 0.03030760 0.09818067 -0.00368318
v 0.01292464 0.10250660 -0.00373940
v 0.00908250 0.10292132 -0.00374211
v 0.09429305 0.04366910 -0.00361332
v 0.09588181 0.04009970 -0.00361309
v 0.10190204 0.02300514 -0.00360624
v 0.10272610 0.01917281 -0.00360609
v -0.08777984 -0.00636403 -0.00381865
v -0.08912810 0.00600525 -0.00381054
v -0.08853386 0.01190289 -0.00378886
v -0.08495982 0.02416123 -0.00375733
v -0.08305499 0.02994934 -0.00374131
v -0.07792726 0.04157842 -0.00372297
v -0.07492212 0.04684866 -0.00371414
v -0.06825443 0.05770401 -0.00370499
v -0.06428063 0.06211730 -0.00370175
v -0.05409494 0.06958647 -0.00369959
v -0.04924031 0.07305643 -0.00370196
v -0.03813843 0.07905972 -0.00371004
v -0.02073224 0.08567031 -0.00374975
v -0.01201616 0.10232400 -0.00383682
v -0.00822905 0.10273296 -0.00383592
v -0.00256241 0.08935250 -0.00375554
v 0.00337058 0.08935310 -0.00373549
v 0.01579673 0.08695782 -0.00370324
v 0.02165545 0.08567209 -0.00368313
v 0.03362574 0.08160091 -0.00366388
v 0.03910947 0.07916770 -0.00365537
v 0.05024650 0.07318349 -0.00364196
v 0.05511830 0.06971120 -0.00363298
v 0.06539690 0.06231377 -0.00362485
v 0.06937620 0.05789133 -0.00361921
v 0.07602971 0.04698606 -0.00361287
v 0.07904182 0.04170779 -0.00360921
v 0.08418576 0.03005186 -0.00360502
v 0.08608875 0.02426548 -0.00360199
v 0.08965996 0.01196229 -0.00359789
v 0.09026904 0.00606755 -0.00359583
v 0.08898001 -0.00646363 -0.00359225
v 0.08830354 -0.01235394 -0.00359103
v 0.08527489 -0.02460646 -0.00358999
v 0.08341776 -0.03029652 -0.00358959
v 0.07845299 -0.04191702 -0.00359127
v 0.07548294 -0.04713003 -0.00359217
v 0.06885430 -0.05793001 -0.00359434
v 0.06491393 -0.06229870 -0.00359649
v 0.05478220 -0.06976708 -0.00359903
v 0.04995457 -0.07320901 -0.00360266
v 0.03889011 -0.07919694 -0.00360826
v 0.03344060 -0.08161746 -0.00361204
v 0.02153016 -0.08569629 -0.00361943
v 0.01570840 -0.08697523 -0.00362564
v 0.00333820 -0.08945570 -0.00363626
v -0.00255201 -0.08946008 -0.00364650
v -0.01488191 -0.08697633 -0.00366909
v -0.02069542 -0.08569847 -0.00367897
v -0.03252928 -0.08153774 -0.00368360
v -0.03797774 -0.07911593 -0.00367934
v -0.04901991 -0.07312990 -0.00367733
v -0.05384303 -0.06968646 -0.00367854
v -0.06397911 -0.06226206 -0.00368525
v -0.06792222 -0.05789081 -0.00369113
v -0.07438137 -0.04698558 -0.00370336
v -0.07734732 -0.04177477 -0.00371597
v -0.08227508 -0.03017327 -0.00373653
v -0.08413127 -0.02448266 -0.00375892
v -0.08710397 -0.01226321 -0.00378732
v 0.00776960 -0.00096010 -0.00250060
v 0.00757820 -0.00192230 -0.00250060
v 0.00726280 -0.00285130 -0.00250060
v 0.00682890 -0.00373110 -0.00250060
v 0.00628390 -0.00454690 -0.00250060
v 0.00563700 -0.00528450 -0.00250060
v 0.00489950 -0.00593130 -0.00250060
v 0.00408370 -0.00647630 -0.00250060
v 0.00320390 -0.00691030 -0.00250060
v 0.00227490 -0.00722560 -0.00250060
v 0.00131270 -0.00741700 -0.00250060
v 0.00033370 -0.00748110 -0.00250060
v -0.00064520 -0.00741700 -0.00250060
v -0.00160740 -0.00722560 -0.00250060
v -0.00253640 -0.00691030 -0.00250060
v -0.00341630 -0.00647630 -0.00250060
v -0.00423200 -0.00593130 -0.00250060
v -0.00496960 -0.00528450 -0.00250060
v -0.00561640 -0.00454690 -0.00250060
v -0.00616140 -0.00373110 -0.00250060
v -0.00659540 -0.00285130 -0.00250060
v -0.00691070 -0.00192230 -0.00250060
v -0.00710210 -0.00096010 -0.00250060
v -0.00710210 -0.00096010 0.00249940
v -0.00691070 -0.00192230 0.00249940
v -0.00659540 -0.00285130 0.00249940
v -0.00616140 -0.00373110 0.00249940
v -0.00561640 -0.00454690 0.00249940
v -0.00496960 -0.00528450 0.00249940
v -0.00423200 -0.00593130 0.00249940
v -0.00341630 -0.00647630 0.00249940
v -0.00253640 -0.00691030 0.00249940
v -0.00160740 -0.00722560 0.00249940
v -0.00064520 -0.00741700 0.00249940
v 0.00033370 -0.00748110 0.00249940
v 0.00131270 -0.00741700 0.00249940
v 0.00227490 -0.00722560 0.00249940
v 0.00320390 -0.00691030 0.00249940
v 0.00408370 -0.00647630 0.00249940
v 0.00489950 -0.00593130 0.00249940
v 0.00563700 -0.00528450 0.00249940
v 0.00628390 -0.00454690 0.00249940
v 0.00682890 -0.00373110 0.00249940
v 0.00726280 -0.00285130 0.00249940
v 0.00757820 -0.00192230 0.00249940
v 0.00776960 -0.00096010 0.00249940
v -0.03337656 0.08581437 0.00373272
v -0.03337662 0.08581476 -0.00373040
v -0.01359125 -0.09766397 0.00365893
v -0.01455275 -0.09271633 0.00365960
v -0.01455297 -0.09271665 -0.00366538
v -0.01359170 -0.09766298 -0.00366490
v -0.03333181 -0.09354550 0.00370918
v -0.03332718 -0.09355923 -0.00371678
v 0.00776960 0.00099780 0.00249940
v 0.00757820 0.00196000 0.00249940
v 0.00726280 0.00288900 0.00249940
v 0.00682890 0.00376880 0.00249940
v 0.00628390 0.00458460 0.00249940
v 0.00563700 0.00532210 0.00249940
v 0.00489950 0.00596900 0.00249940
v 0.00408370 0.00651400 0.00249940
v 0.00320390 0.00694790 0.00249940
v 0.00227490 0.00726330 0.00249940
v 0.00131270 0.00745470 0.00249940
v 0.00033370 0.00751880 0.00249940
v -0.00064520 0.00745470 0.00249940
v -0.00160740 0.00726330 0.00249940
v -0.00253640 0.00694790 0.00249940
v -0.00341630 0.00651400 0.00249940
v -0.00423200 0.00596900 0.00249940
v -0.00496960 0.00532210 0.00249940
v -0.00561640 0.00458460 0.00249940
v -0.00616140 0.00376880 0.00249940
v -0.00659540 0.00288900 0.00249940
v -0.00691070 0.00196000 0.00249940
v -0.00710210 0.00099780 0.00249940
v -0.09316642 -0.00551374 0.00385811
v -0.09819688 -0.00401819 0.00389448
v -0.09620172 -0.01648738 0.00378686
v -0.09176113 -0.01406216 0.00378279
v -0.08933351 -0.02475053 0.00377008
v -0.09447446 -0.02433659 0.00378194
v -0.09051523 -0.03634833 0.00372613
v -0.08660915 -0.03299778 0.00372533
v -0.08222122 -0.04306908 0.00371912
v -0.08726765 -0.04372061 0.00372403
v -0.08142282 -0.05501847 0.00369364
v -0.07821770 -0.05082826 0.00369315
v -0.07211325 -0.06000065 0.00368901
v -0.07681258 -0.06164622 0.00369240
v -0.06863363 -0.07065435 0.00367809
v -0.06651682 -0.06618842 0.00367673
v -0.05807523 -0.07312135 0.00367532
v -0.06256715 -0.07587167 0.00367773
v -0.05197455 -0.08272604 0.00367618
v -0.05080464 -0.07780220 0.00367368
v -0.04125274 -0.08315239 0.00367356
v -0.04499694 -0.08669371 0.00367646
v -0.03324775 -0.08584369 0.00368550
v -0.02297263 -0.09014006 0.00368624
v -0.02585146 -0.09430196 0.00370087
v -0.00376567 -0.09391413 0.00365107
v -0.00567263 -0.09847775 0.00365654
v 0.00648441 -0.09858449 0.00362836
v 0.00456922 -0.09399451 0.00362794
v 0.01542599 -0.09239081 0.00362372
v 0.01446054 -0.09757769 0.00362718
v 0.02672594 -0.09438581 0.00361115
v 0.02383193 -0.09019443 0.00361008
v 0.03424348 -0.08672709 0.00360796
v 0.03436868 -0.09187165 0.00361052
v 0.04592649 -0.08679657 0.00360202
v 0.04217553 -0.08324806 0.00360087
v 0.05174113 -0.07788697 0.00359914
v 0.05291573 -0.08282406 0.00360153
v 0.06354168 -0.07598247 0.00359513
v 0.05903459 -0.07322073 0.00359352
v 0.06748617 -0.06627171 0.00359302
v 0.06961531 -0.07075769 0.00359494
v 0.07787197 -0.06175482 0.00359319
v 0.07313601 -0.06009260 0.00359125
v 0.07930670 -0.05095828 0.00359146
v 0.08250612 -0.05513893 0.00359323
v 0.08842579 -0.04387584 0.00359258
v 0.08335786 -0.04322057 0.00359079
v 0.08776896 -0.03313077 0.00359065
v 0.09168543 -0.03648940 0.00359254
v 0.09569998 -0.02446281 0.00359292
v 0.09052577 -0.02487786 0.00359088
v 0.09298134 -0.01415783 0.00359136
v 0.09744050 -0.01659153 0.00359304
v 0.09950653 -0.00410870 0.00359518
v 0.09441832 -0.00561358 0.00359311
v 0.09493188 0.00532624 0.00359384
v 0.09969630 0.00390713 0.00359537
v 0.09860709 0.01615319 0.00360050
v 0.09416605 0.01372015 0.00359811
v 0.09150001 0.02453776 0.00359942
v 0.09678132 0.02411025 0.00360088
v 0.09244076 0.03625101 0.00360975
v 0.08851276 0.03287885 0.00360713
v 0.08401721 0.04302738 0.00360929
v 0.08913727 0.04368761 0.00361033
v 0.08308618 0.05504375 0.00362048
v 0.07986626 0.05083259 0.00361801
v 0.07365601 0.06004664 0.00361977
v 0.07841674 0.06171449 0.00362098
v 0.07005023 0.07071266 0.00363412
v 0.06792149 0.06622240 0.00363126
v 0.05939682 0.07318268 0.00363409
v 0.06393019 0.07595873 0.00363497
v 0.05320733 0.08281409 0.00365513
v 0.05203259 0.07786714 0.00365172
v 0.04241179 0.08323778 0.00365603
v 0.04618078 0.08680151 0.00365641
v 0.03455122 0.09187207 0.00368539
v 0.03442722 0.08671742 0.00368040
v 0.02396877 0.09019013 0.00368682
v 0.02687331 0.09439399 0.00368742
v 0.01454420 0.09756547 0.00373411
v 0.01551069 0.09238529 0.00372453
v 0.00462007 0.09395940 0.00373448
v 0.00654329 0.09856414 0.00373794
v -0.00571417 0.09842555 0.00382250
v -0.00380165 0.09386882 0.00379595
v -0.01453789 0.09270199 0.00380136
v -0.01357217 0.09762813 0.00382369
v -0.02591215 0.09431083 0.00374525
v -0.02302051 0.09013060 0.00374401
v -0.03346133 0.09354182 0.00374506
v -0.04518746 0.08666502 0.00371475
v -0.04143119 0.08311431 0.00371363
v -0.05102618 0.07773941 0.00371127
v -0.05219936 0.08268020 0.00371402
v -0.06286097 0.07579778 0.00370780
v -0.05834954 0.07303680 0.00370593
v -0.06683280 0.06606841 0.00370629
v -0.06895818 0.07055456 0.00370788
v -0.07731262 0.06153957 0.00371731
v -0.07256951 0.05987906 0.00371458
v -0.07875697 0.05069377 0.00371709
v -0.08196599 0.05489167 0.00371812
v -0.08798721 0.04354787 0.00374286
v -0.08288454 0.04289089 0.00373783
v -0.08737078 0.03276926 0.00374414
v -0.09128145 0.03612838 0.00374491
v -0.09559613 0.02400252 0.00379357
v -0.09034504 0.02442985 0.00378254
v -0.09301029 0.01365265 0.00379463
v -0.09741627 0.01607050 0.00379811
v -0.09837790 0.00386337 0.00389665
v -0.09368307 0.00526996 0.00385681
v -0.00710210 0.00099780 -0.00250060
v -0.00691070 0.00196000 -0.00250060
v -0.00659540 0.00288900 -0.00250060
v -0.00616140 0.00376880 -0.00250060
v -0.00561640 0.00458460 -0.00250060
v -0.00496960 0.00532210 -0.00250060
v -0.00423200 0.00596900 -0.00250060
v -0.00341630 0.00651400 -0.00250060
v -0.00253640 0.00694790 -0.00250060
v -0.00160740 0.00726330 -0.00250060
v -0.00064520 0.00745470 -0.00250060
v 0.00033370 0.00751880 -0.00250060
v 0.00131270 0.00745470 -0.00250060
v 0.00227490 0.00726330 -0.00250060
v 0.00320390 0.00694790 -0.00250060
v 0.00408370 0.00651400 -0.00250060
v 0.00489950 0.00596900 -0.00250060
v 0.00563700 0.00532210 -0.00250060
v 0.00628390 0.00458460 -0.00250060
v 0.00682890 0.00376880 -0.00250060
v 0.00726280 0.00288900 -0.00250060
v 0.00757820 0.00196000 -0.00250060
v 0.00776960 0.00099780 -0.00250060
v -0.09316671 -0.00551517 -0.00385821
v -0.09819089 -0.00402256 -0.00389362
v -0.09369797 0.00526867 -0.00385936
v -0.09837495 0.00386682 -0.00390017
v -0.09300167 0.01364980 -0.00378711
v -0.09741478 0.01607011 -0.00379160
v -0.09034481 0.02442971 -0.00377718
v -0.09559477 0.02400256 -0.00378755
v -0.08736867 0.03276818 -0.00373806
v -0.09128144 0.03612866 -0.00373915
v -0.08288520 0.04289132 -0.00373280
v -0.08798684 0.04354794 -0.00373736
v -0.07875643 0.05069314 -0.00371309
v -0.08196539 0.05489083 -0.00371414
v -0.07256578 0.05987730 -0.00371058
v -0.07731139 0.06153910 -0.00371332
v -0.06682244 0.06605122 -0.00370273
v -0.06895428 0.07054656 -0.00370432
v -0.05834061 0.07303022 -0.00370244
v -0.06285518 0.07579424 -0.00370425
v -0.05102604 0.07773767 -0.00370604
v -0.05219906 0.08267825 -0.00370836
v -0.04142672 0.08310920 -0.00370786
v -0.04518621 0.08666365 -0.00370894
v -0.03345749 0.09355179 -0.00374309
v -0.02301802 0.09012746 -0.00374287
v -0.02590948 0.09430825 -0.00374334
v -0.01454570 0.09266360 -0.00379563
v -0.01358226 0.09759654 -0.00381229
v -0.00378323 0.09382134 -0.00378428
v -0.00569757 0.09839380 -0.00380963
v 0.00462098 0.09396262 -0.00373455
v 0.00654320 0.09856425 -0.00373687
v 0.01551085 0.09238612 -0.00372204
v 0.01454414 0.09756644 -0.00373247
v 0.02396802 0.09018836 -0.00368044
v 0.02687286 0.09439322 -0.00368111
v 0.03442728 0.08671587 -0.00367415
v 0.03455128 0.09187149 -0.00367911
v 0.04240980 0.08323559 -0.00365363
v 0.04617889 0.08679981 -0.00365399
v 0.05203024 0.07786093 -0.00364931
v 0.05320660 0.08281154 -0.00365270
v 0.05939675 0.07318265 -0.00363291
v 0.06393041 0.07595885 -0.00363383
v 0.06792232 0.06622390 -0.00363022
v 0.07005060 0.07071350 -0.00363302
v 0.07367309 0.06005490 -0.00361956
v 0.07842435 0.06171742 -0.00362070
v 0.07987255 0.05083953 -0.00361753
v 0.08309002 0.05504888 -0.00362012
v 0.08401945 0.04302773 -0.00361061
v 0.08913868 0.04368777 -0.00361195
v 0.08851648 0.03288102 -0.00360913
v 0.09244196 0.03625177 -0.00361151
v 0.09150964 0.02453775 -0.00360309
v 0.09678752 0.02410974 -0.00360473
v 0.09418288 0.01372694 -0.00360214
v 0.09861375 0.01615648 -0.00360443
v 0.09494615 0.00532323 -0.00359774
v 0.09970352 0.00390502 -0.00359917
v 0.09443254 -0.00561050 -0.00359649
v 0.09951322 -0.00410669 -0.00359886
v 0.09298141 -0.01415801 -0.00359330
v 0.09744046 -0.01659161 -0.00359485
v 0.09052356 -0.02487758 -0.00359255
v 0.09569960 -0.02446267 -0.00359467
v 0.08776641 -0.03312906 -0.00359281
v 0.09168408 -0.03648835 -0.00359471
v 0.08335179 -0.04321913 -0.00359304
v 0.08842362 -0.04387543 -0.00359476
v 0.07930883 -0.05096049 -0.00359535
v 0.08250860 -0.05514236 -0.00359746
v 0.07314773 -0.06009833 -0.00359621
v 0.07787619 -0.06175640 -0.00359767
v 0.06749053 -0.06627892 -0.00360026
v 0.06961722 -0.07076150 -0.00360224
v 0.05904285 -0.07322663 -0.00360075
v 0.06354550 -0.07598478 -0.00360243
v 0.05174290 -0.07789127 -0.00360707
v 0.05291619 -0.08282540 -0.00360927
v 0.04217615 -0.08324867 -0.00360846
v 0.04592761 -0.08679754 -0.00360968
v 0.03424363 -0.08672881 -0.00361704
v 0.03436871 -0.09187228 -0.00361974
v 0.02383321 -0.09019697 -0.00361951
v 0.02672645 -0.09438671 -0.00362045
v 0.01542397 -0.09241019 -0.00363210
v 0.01445888 -0.09758687 -0.00363539
v 0.00457580 -0.09401636 -0.00363556
v 0.00648851 -0.09859497 -0.00363643
v -0.00376485 -0.09391287 -0.00365722
v -0.00567159 -0.09847605 -0.00366258
v -0.02297467 -0.09014248 -0.00369358
v -0.02585447 -0.09430555 -0.00370823
v -0.03324747 -0.08584787 -0.00369473
v -0.04125552 -0.08315575 -0.00368365
v -0.04499741 -0.08669436 -0.00368629
v -0.05080356 -0.07780096 -0.00368229
v -0.05197444 -0.08272661 -0.00368565
v -0.05806883 -0.07311652 -0.00368335
v -0.06256222 -0.07586866 -0.00368580
v -0.06650671 -0.06617154 -0.00368481
v -0.06863000 -0.07064684 -0.00368616
v -0.07211160 -0.05999994 -0.00369770
v -0.07681148 -0.06164589 -0.00370102
v -0.07821745 -0.05082786 -0.00370163
v -0.08142256 -0.05501801 -0.00370221
v -0.08221893 -0.04306854 -0.00372680
v -0.08726686 -0.04372055 -0.00373203
v -0.08661024 -0.03299821 -0.00373367
v -0.09051497 -0.03634784 -0.00373429
v -0.08933301 -0.02475072 -0.00377953
v -0.09447235 -0.02433704 -0.00379031
v -0.09175710 -0.01406026 -0.00378882
v -0.09620005 -0.01648632 -0.00379446
v -0.00383290 -0.00621730 0.00165470
v -0.00015670 -0.00746510 -0.00167400
v 0.00365090 -0.00670770 0.00165370
v -0.00702560 -0.00142710 -0.00168040
v 0.00704790 -0.00332320 0.00164600
v 0.00179690 -0.00733700 -0.00167400
v -0.00207680 -0.00708320 -0.00167390
v -0.00590780 -0.00413970 -0.00167140
v 0.00597190 -0.00492700 -0.00167730
v 0.00762850 -0.00172360 0.00163030
v -0.00673790 -0.00247950 0.00173770
v 0.00450070 -0.00621700 -0.00167460
v 0.00082430 -0.00746510 0.00165380
v -0.00530680 -0.00492430 0.00165520
v -0.00112920 -0.00733710 0.00165410
v 0.00740940 -0.00246810 -0.00171140
v -0.00461280 -0.00561870 -0.00167310
v 0.00527890 -0.00561990 0.00165330
v -0.00298280 -0.00670800 0.00165450
v -0.00341560 -0.00647670 0.00081450
v -0.00253550 -0.00691060 0.00081380
v -0.00423290 -0.00593060 0.00081540
v -0.00298260 -0.00670810 -0.00001910
v -0.00207640 -0.00708340 -0.00002000
v -0.00160690 -0.00722570 0.00081380
v -0.00112910 -0.00733710 -0.00002020
v -0.00461220 -0.00561920 0.00165560
v -0.00207670 -0.00708330 0.00165520
v -0.00064500 -0.00741700 0.00081380
v -0.00015670 -0.00746510 -0.00002010
v -0.00015670 -0.00746510 0.00165460
v 0.00033380 -0.00748110 0.00081390
v 0.00131270 -0.00741700 0.00081300
v 0.00179690 -0.00733700 0.00165410
v 0.00227490 -0.00722560 0.00081290
v 0.00179690 -0.00733700 -0.00002060
v 0.00274460 -0.00708310 -0.00002050
v 0.00274450 -0.00708310 0.00165440
v 0.00320390 -0.00691020 0.00081360
v 0.00408390 -0.00647630 0.00081290
v 0.00450060 -0.00621710 0.00165410
v 0.00082430 -0.00746510 -0.00001950
v 0.00489980 -0.00593110 0.00081230
v 0.00563720 -0.00528430 0.00081160
v 0.00527940 -0.00561950 -0.00002240
v 0.00597190 -0.00492690 -0.00002400
v 0.00628130 -0.00455020 0.00081080
v 0.00656240 -0.00415890 -0.00002890
v 0.00681660 -0.00375240 0.00080300
v 0.00703520 -0.00334860 -0.00005490
v 0.00681330 -0.00375810 -0.00086610
v 0.00656510 -0.00415490 0.00165200
v 0.00597140 -0.00492750 0.00165400
v 0.00723270 -0.00292290 0.00076980
v 0.00738790 -0.00252840 -0.00015400
v 0.00740630 -0.00247690 0.00162810
v 0.00753400 -0.00208010 0.00070020
v 0.00765000 -0.00163100 -0.00049600
v 0.00450090 -0.00621690 -0.00002080
v -0.00497250 -0.00528150 0.00081530
v -0.00562210 -0.00453940 0.00081700
v -0.00531130 -0.00491910 -0.00001770
v -0.00591440 -0.00412980 -0.00001030
v -0.00616870 -0.00371860 0.00083620
v -0.00641310 -0.00325690 0.00003520
v -0.00638790 -0.00330810 0.00168270
v -0.00659040 -0.00286320 0.00092170
v -0.00684610 -0.00214920 0.00116630
v -0.00694690 -0.00178170 0.00182410
v -0.00703350 -0.00138620 0.00131710
v -0.00681610 -0.00224600 0.00021660
v -0.00660520 -0.00282740 -0.00079820
v -0.00706980 -0.00118030 -0.00016990
v -0.00590390 -0.00414550 0.00166280
v -0.00112930 -0.00733710 -0.00167420
v 0.00082430 -0.00746510 -0.00167420
v -0.00530840 -0.00492240 -0.00167310
v 0.00527900 -0.00561980 -0.00167580
v 0.00767750 -0.00150420 -0.00171120
v 0.00274460 -0.00708310 -0.00167420
v 0.00365100 -0.00670770 -0.00167440
v -0.00383330 -0.00621700 -0.00167330
v -0.00423330 -0.00593030 -0.00084660
v -0.00298320 -0.00670780 -0.00167380
v -0.00639750 -0.00328870 -0.00166410
v 0.00365100 -0.00670760 -0.00001980
v 0.00704520 -0.00332870 -0.00169130
v 0.00627950 -0.00455250 -0.00085500
v -0.00383350 -0.00621690 -0.00001770
v -0.00461420 -0.00561750 -0.00001720
v 0.00227490 -0.00722560 -0.00084810
v 0.00489990 -0.00593100 -0.00084950
v 0.00563660 -0.00528490 -0.00085110
v -0.00617280 -0.00371140 -0.00082940
v -0.00160700 -0.00722570 -0.00084790
v -0.00562410 -0.00453680 -0.00084290
v -0.00253580 -0.00691050 -0.00084740
v 0.00033380 -0.00748110 -0.00084780
v -0.00064500 -0.00741700 -0.00084780
v 0.00320390 -0.00691020 -0.00084800
v 0.00408400 -0.00647620 -0.00084820
v 0.00131270 -0.00741700 -0.00084770
v -0.00497360 -0.00528040 -0.00084570
v 0.00656380 -0.00415680 -0.00168140
v -0.00341620 -0.00647640 -0.00084660
v 0.00722180 -0.00294840 -0.00090650
v -0.00676600 -0.00239840 -0.00166380
v 0.00749150 -0.00222090 -0.00099240
v -0.00688330 -0.00202170 -0.00082360
v 0.00773960 -0.00116580 0.00080110
v -0.03318891 0.08437200 0.00000495
v -0.03350588 0.08725917 0.00000398
v -0.01414923 -0.09519751 -0.00000305
v -0.01318469 -0.09909438 -0.00000297
v -0.01471718 -0.09118285 -0.00000251
v -0.00135730 0.00815740 0.00249940
v -0.00127290 -0.00806250 0.00249940
v 0.00297700 -0.00783240 0.00249940
v 0.00580110 0.00636330 0.00249940
v 0.00849190 -0.00154100 0.00249940
v -0.00512430 -0.00625030 0.00249940
v -0.00786370 0.00166260 0.00249940
v 0.00293160 0.00792340 0.00249940
v -0.00777120 -0.00162800 0.00249940
v 0.00587320 -0.00623020 0.00249940
v 0.00866920 0.00172240 0.00249940
v -0.00526480 0.00649120 0.00249940
v -0.01698106 0.08222849 0.00374299
v -0.01698803 -0.08322543 0.00366055
v -0.07224364 -0.04104757 0.00369929
v 0.07269593 -0.04240643 0.00358545
v -0.07260958 0.04315132 0.00371808
v 0.07261562 0.04260151 0.00360840
v 0.01759997 0.08219016 0.00369417
v 0.01729832 -0.08185588 0.00361113
v 0.05021321 0.06715322 0.00363586
v 0.08415523 -0.00869965 0.00358718
v -0.04944881 0.06767136 0.00370108
v -0.04900241 -0.06812483 0.00366764
v -0.08363626 0.00924766 0.00378429
v 0.05017363 -0.06745098 0.00359090
v -0.03357350 0.07679307 0.00371325
v -0.03373307 -0.07656671 0.00366723
v -0.07980402 0.02548475 0.00374732
v 0.06386101 0.05675232 0.00362034
v -0.08266689 -0.00879041 0.00377803
v -0.06254657 -0.05663812 0.00367639
v 0.08499488 0.00882654 0.00359088
v 0.03467486 0.07652860 0.00366103
v 0.03441703 -0.07638749 0.00359904
v 0.00031237 -0.08473144 0.00363172
v 0.00026972 0.08419617 0.00373271
v 0.06314525 -0.05674961 0.00358688
v -0.06272440 0.05642883 0.00370347
v -0.07906971 -0.02597506 0.00373306
v 0.07985529 0.02648887 0.00359787
v 0.07954673 -0.02638595 0.00358555
v 0.00083460 -0.00826210 0.00249940
v -0.00333520 -0.00741080 0.00249940
v 0.00726430 -0.00462810 0.00249940
v -0.00658210 0.00467390 0.00249940
v -0.00713950 -0.00362470 0.00249940
v 0.00783530 0.00373610 0.00249940
v -0.00331410 0.00743500 0.00249940
v 0.00081050 0.00828200 0.00249940
v -0.00431981 -0.08438947 0.00363815
v -0.00192555 -0.08019287 0.00362978
v 0.00251145 -0.08031875 0.00362428
v 0.00029171 -0.07606214 0.00362183
v -0.00400219 -0.07594880 0.00362703
v -0.00187131 -0.07201166 0.00361889
v -0.00598717 -0.07193522 0.00362381
v -0.00391137 -0.06813970 0.00361550
v 0.00012611 -0.06809551 0.00361100
v -0.00191347 -0.06436713 0.00360725
v 0.00201049 -0.06427668 0.00360304
v 0.00000689 -0.06063932 0.00359884
v -0.00381521 -0.06070725 0.00360322
v -0.00197403 -0.05710481 0.00359458
v 0.00181636 -0.05684428 0.00359011
v -0.00560039 -0.05712772 0.00359902
v -0.00386888 -0.05373246 0.00359015
v -0.00719977 -0.05374148 0.00359461
v -0.00564088 -0.05049431 0.00358549
v -0.00883118 -0.05067419 0.00359051
v -0.00738554 -0.04735433 0.00358093
v -0.01061192 -0.04768506 0.00358682
v -0.00910447 -0.04427375 0.00357628
v -0.01233770 -0.04459236 0.00358257
v -0.00593783 -0.04402846 0.00357069
v -0.01072362 -0.04123021 0.00357112
v -0.01393806 -0.04150135 0.00357782
v -0.01222877 -0.03824510 0.00356543
v -0.01541018 -0.03845363 0.00357262
v -0.01728115 -0.04174117 0.00358502
v -0.01871906 -0.03859264 0.00358030
v -0.01675935 -0.03539526 0.00356695
v -0.02005140 -0.03544274 0.00357521
v -0.02215504 -0.03866046 0.00358856
v -0.02336468 -0.03551454 0.00358435
v -0.02143891 -0.03245535 0.00357119
v -0.02456443 -0.03258209 0.00358096
v -0.02283849 -0.02968082 0.00356836
v -0.02586879 -0.02982403 0.00357878
v -0.02413862 -0.02695006 0.00356624
v -0.02724291 -0.02711313 0.00357762
v -0.02541418 -0.02421639 0.00356463
v -0.02863474 -0.02440816 0.00357748
v -0.02670595 -0.02147848 0.00356390
v -0.03003337 -0.02174188 0.00357845
v -0.02812148 -0.01885212 0.00356530
v -0.03145148 -0.01916218 0.00358055
v -0.02960080 -0.01640181 0.00356829
v -0.03288619 -0.01666310 0.00358363
v -0.03100124 -0.01401853 0.00357168
v -0.03434504 -0.01417436 0.00358778
v -0.03236988 -0.01160370 0.00357586
v -0.03583025 -0.01162397 0.00359268
v -0.03375367 -0.00909286 0.00358068
v -0.03732753 -0.00897964 0.00359787
v -0.03512768 -0.00642148 0.00358580
v -0.03885552 -0.00626862 0.00360348
v -0.03668957 -0.00363858 0.00359228
v -0.04048488 -0.00355561 0.00361041
v -0.03849503 -0.00086712 0.00360118
v -0.03631540 -0.01691440 0.00359901
v -0.03048120 -0.02736696 0.00358970
v -0.04225853 -0.00084650 0.00361897
v -0.04035305 0.00187688 0.00361100
v -0.04250041 -0.00613241 0.00362030
v -0.04411410 0.00190990 0.00362819
v -0.04224397 0.00459777 0.00362108
v -0.03852664 0.00457266 0.00360398
v -0.04046434 0.00725319 0.00361509
v -0.03675462 0.00721045 0.00359787
v -0.03867090 0.00990450 0.00360978
v -0.03487495 0.00975936 0.00359192
v -0.03683741 0.01253669 0.00360515
v -0.03303205 0.01233970 0.00358786
v -0.03505500 0.01519809 0.00360192
v -0.03136608 0.01494702 0.00358553
v -0.03324851 0.01779172 0.00359935
v -0.02977330 0.01746953 0.00358375
v -0.03150531 0.02027674 0.00359720
v -0.02825733 0.01996421 0.00358295
v -0.03000250 0.02280823 0.00359686
v -0.02679337 0.02248240 0.00358337
v -0.02860141 0.02543702 0.00359801
v -0.02528664 0.02505681 0.00358470
v -0.02714038 0.02815068 0.00359985
v -0.02382208 0.02772756 0.00358702
v -0.02557663 0.03087269 0.00360204
v -0.02232869 0.03030361 0.00358997
v -0.02385003 0.03353585 0.00360461
v -0.02014667 0.03265344 0.00359262
v -0.02208042 0.03628254 0.00360864
v -0.01863766 0.03588529 0.00360037
v -0.02041122 0.03912508 0.00361467
v -0.01703545 0.03884909 0.00360787
v -0.03192139 0.02559143 0.00361031
v -0.03881876 0.01535004 0.00361752
v -0.01534733 0.03569483 0.00359305
v -0.01374621 0.03845423 0.00360060
v -0.01510992 0.04164323 0.00361437
v -0.01203918 0.04105467 0.00360767
v -0.01065169 0.03812303 0.00359439
v -0.00906740 0.04085108 0.00360288
v -0.00761683 0.03786471 0.00358906
v -0.00601867 0.04073185 0.00359879
v -0.00456021 0.03761027 0.00358423
v -0.00287949 0.04054962 0.00359475
v -0.00143360 0.03729462 0.00357955
v 0.00028941 0.04026963 0.00359064
v 0.00170663 0.03699427 0.00357561
v 0.00346843 0.03993940 0.00358703
v 0.00502142 0.03637943 0.00357189
v 0.00665525 0.03978428 0.00358513
v 0.00822219 0.03685572 0.00357248
v 0.00980620 0.03976686 0.00358424
v 0.01117151 0.03680788 0.00357229
v 0.01295598 0.03964771 0.00358354
v 0.01422739 0.03650990 0.00357189
v 0.01616649 0.03949359 0.00358336
v 0.01749841 0.03628044 0.00357263
v -0.01057756 0.04355574 0.00361437
v 0.00510228 0.04305448 0.00359838
v 0.01946946 0.03943863 0.00358433
v 0.02091902 0.03625194 0.00357493
v -0.02558929 0.03697913 0.00361843
v -0.04417169 0.00724917 0.00363125
v -0.02648584 -0.03536522 0.00359256
v 0.02292467 0.03946141 0.00358623
v 0.02440509 0.03618651 0.00357741
v 0.02229897 0.03308389 0.00356608
v 0.02571784 0.03301662 0.00356915
v 0.02358660 0.03005377 0.00355783
v 0.02698547 0.03004454 0.00356167
v 0.02476086 0.02714014 0.00355020
v 0.02817246 0.02711163 0.00355480
v 0.03065707 0.03018536 0.00356624
v 0.03158224 0.02697332 0.00355897
v 0.02929161 0.02416260 0.00354818
v 0.03284529 0.02425475 0.00355433
v 0.03062203 0.02136591 0.00354353
v 0.03430025 0.02148859 0.00355056
v 0.03197901 0.01863336 0.00354000
v 0.03557115 0.01852202 0.00354680
v 0.03310509 0.01577620 0.00353653
v 0.03676103 0.01560188 0.00354372
v 0.03430816 0.01290472 0.00353419
v 0.03801466 0.01279589 0.00354180
v 0.03569566 0.01015448 0.00353331
v 0.03939689 0.01006482 0.00354103
v 0.03710052 0.00744754 0.00353310
v 0.04084794 0.00729230 0.00354092
v 0.03851853 0.00467810 0.00353342
v 0.04230273 0.00443588 0.00354130
v 0.03996926 0.00181874 0.00353439
v 0.04376814 0.00152547 0.00354230
v 0.04147171 -0.00110019 0.00353621
v 0.03935491 0.01827593 0.00355287
v 0.04527707 -0.00143355 0.00354403
v 0.04299868 -0.00408206 0.00353875
v 0.03926603 -0.00369414 0.00353029
v 0.04075214 -0.00668019 0.00353358
v 0.03707771 -0.00621223 0.00352456
v 0.03848340 -0.00922888 0.00352865
v 0.04218353 -0.00978015 0.00353731
v 0.03990607 -0.01230540 0.00353343
v 0.03634685 -0.01177354 0.00352490
v 0.03775900 -0.01465485 0.00353040
v 0.03442262 -0.01423755 0.00352240
v 0.03589863 -0.01697418 0.00352858
v 0.03256182 -0.01659802 0.00352061
v 0.03414556 -0.01942268 0.00352762
v 0.03070211 -0.01893862 0.00351951
v 0.03227361 -0.02191896 0.00352722
v 0.02879626 -0.02127238 0.00351900
v 0.03032815 -0.02438901 0.00352723
v 0.02679612 -0.02361780 0.00351907
v 0.02839134 -0.02685212 0.00352815
v 0.02486836 -0.02611015 0.00352075
v 0.02656793 -0.02938136 0.00353055
v 0.02311961 -0.02873450 0.00352439
v 0.02483136 -0.03202371 0.00353435
v 0.03386353 -0.02505089 0.00353477
v 0.04103863 -0.01545300 0.00353788
v 0.04472821 0.00710768 0.00354812
v 0.03449651 0.02676271 0.00356233
v 0.02142447 -0.03137696 0.00352904
v 0.02304414 -0.03473643 0.00353884
v 0.02658073 -0.03537924 0.00354355
v 0.02454645 -0.03826735 0.00354782
v 0.01479262 0.04258676 0.00359428
v 0.02656651 0.03937884 0.00358793
v 0.02150330 0.02708974 0.00354560
v -0.01197675 -0.05128464 0.00359691
v 0.02827075 -0.03892572 0.00355172
v -0.02119921 -0.02689579 0.00355580
v 0.01971833 -0.03403396 0.00353424
v 0.01812468 -0.03073251 0.00352408
v 0.02608011 -0.04194348 0.00355587
v -0.03252452 -0.00380629 0.00357241
v -0.02088262 0.02748768 0.00357672
v -0.00628617 0.03489382 0.00357456
v 0.03487676 0.00492850 0.00352488
v 0.00954350 0.03426624 0.00356226
v 0.02487001 0.04285707 0.00359704
v 0.02868447 0.01861180 0.00353252
v 0.03106264 -0.01387856 0.00351378
v 0.02877499 0.04275232 0.00359754
v 0.01645626 -0.03338961 0.00353020
v 0.01497638 -0.03009696 0.00351951
v -0.03087623 0.00934549 0.00357259
v -0.02456728 -0.01836016 0.00354841
v 0.02298364 -0.02258948 0.00350975
v -0.02511109 0.01961120 0.00356869
v -0.02915981 -0.01159658 0.00355996
v 0.02987939 -0.04260275 0.00355928
v 0.02768358 -0.04566990 0.00356334
v 0.01329419 -0.03259514 0.00352600
v 0.01203372 -0.02941908 0.00351528
v 0.01448121 -0.03630134 0.00353691
v 0.02699554 0.04641318 0.00360657
v 0.03106256 0.04626620 0.00360626
v 0.01043012 -0.03168563 0.00352187
v 0.00928752 -0.02874063 0.00351190
v 0.01072863 -0.02640568 0.00350454
v 0.00808501 -0.02576092 0.00350110
v 0.00668574 -0.02811593 0.00350931
v 0.00554901 -0.02525736 0.00349864
v 0.00420567 -0.02756210 0.00350772
v 0.00315229 -0.02487089 0.00349755
v 0.03154152 -0.04635683 0.00356611
v 0.03375897 -0.04323244 0.00356260
v 0.02927090 -0.04952022 0.00357003
v 0.02542024 -0.04876632 0.00356784
v 0.00946296 -0.02345567 0.00349330
v 0.00181634 -0.02709397 0.00350725
v 0.00084710 -0.02436644 0.00349732
v 0.02933380 0.04998624 0.00361501
v 0.02693107 -0.05273353 0.00357428
v 0.02298658 -0.05191262 0.00357258
v 0.03553350 -0.04705285 0.00356881
v 0.03779286 -0.04379939 0.00356571
v 0.00286415 -0.02972497 0.00351624
v -0.00053603 -0.02669780 0.00350790
v -0.00144424 -0.02393817 0.00349833
v 0.03342656 0.04986656 0.00361411
v 0.03515078 0.04613028 0.00360612
v 0.02453852 -0.05603861 0.00357887
v -0.00290026 -0.02637028 0.00350968
v -0.00373504 -0.02366763 0.00350070
v 0.03966427 -0.04775482 0.00357145
v 0.04200788 -0.04440232 0.00356883
v 0.00435365 -0.02272712 0.00348826
v 0.03759287 0.04977581 0.00361343
v 0.03933006 0.04599672 0.00360618
v 0.02851497 -0.05687519 0.00358005
v 0.02057135 -0.05523860 0.00357781
v -0.00528933 -0.02606352 0.00351250
v -0.00597070 -0.02340051 0.00350416
v 0.02213196 -0.05939380 0.00358378
v 0.03168965 0.05363006 0.00362256
v 0.02761348 0.05376205 0.00362424
v 0.04186148 0.04969874 0.00361301
v 0.04361986 0.04588057 0.00360647
v -0.00234853 -0.05039882 0.00358104
v -0.00451252 -0.02110086 0.00349195
v -0.00664282 -0.02089323 0.00349609
v -0.00817819 -0.02314049 0.00350826
v -0.00880585 -0.02069189 0.00350086
v 0.00002441 -0.02129822 0.00348521
v -0.02787345 0.01474048 0.00356905
v 0.03038354 0.01298859 0.00352535
v -0.00004100 0.03389833 0.00356330
v -0.00446917 -0.02890695 0.00352122
v 0.02735034 -0.01830137 0.00351079
v -0.00785816 -0.06806378 0.00362020
v 0.00474863 -0.07611393 0.00361688
v 0.04682683 -0.00449783 0.00354637
v 0.04914233 -0.00176740 0.00355109
v 0.05075866 -0.00493663 0.00355328
v 0.05308857 -0.00204595 0.00355759
v 0.05480848 -0.00537720 0.00355956
v 0.05720432 -0.00228117 0.00356357
v 0.05896835 -0.00583884 0.00356525
v 0.05644695 -0.00894623 0.00356169
v 0.06054620 -0.00947097 0.00356694
v 0.05809321 -0.01272702 0.00356417
v 0.06158987 -0.00260627 0.00356911
v 0.05951530 0.00107579 0.00356748
v 0.06242026 -0.01301334 0.00356942
v 0.06003937 -0.01660932 0.00356729
v 0.06406151 0.00087973 0.00357257
v 0.06203937 0.00459657 0.00357152
v 0.01878691 -0.05092646 0.00357075
v 0.04393169 -0.04851782 0.00357415
v 0.04634374 -0.04510409 0.00357207
v 0.04436643 -0.04099913 0.00356669
v 0.04872261 -0.04164237 0.00357042
v 0.04673417 -0.03759841 0.00356522
v 0.05100618 -0.03818797 0.00356926
v 0.04903110 -0.03423905 0.00356438
v 0.05315100 -0.03476553 0.00356856
v 0.01205010 -0.02412385 0.00349778
v 0.01079755 -0.02134313 0.00348711
v 0.01823152 -0.05860640 0.00358362
v -0.00723409 -0.02862232 0.00352548
v 0.05124025 -0.03089980 0.00356410
v 0.05529743 -0.03136529 0.00356851
v -0.00910734 -0.05684344 0.00360341
v 0.04152572 -0.05187692 0.00357659
v 0.02994436 0.05744221 0.00363144
v 0.02587925 0.05755998 0.00363386
v 0.04006971 0.05352270 0.00361991
v -0.00454600 0.04388970 0.00360929
v 0.06668764 -0.00308189 0.00357454
v 0.03765292 -0.01965242 0.00353503
v -0.02908528 0.03137747 0.00361378
v 0.01973176 -0.06272642 0.00358902
v 0.04169295 0.01268696 0.00354869
v -0.04601963 -0.00089029 0.00363588
v -0.04791689 0.00200515 0.00364471
v -0.04990205 -0.00097862 0.00365213
v -0.05187593 0.00218370 0.00366070
v -0.05400358 -0.00100451 0.00366815
v -0.05606342 0.00236796 0.00367655
v -0.05828056 -0.00093739 0.00368433
v -0.05610075 -0.00435124 0.00367546
v -0.06038033 0.00252326 0.00369253
v -0.05810643 0.00587188 0.00368461
v -0.06049657 -0.00430892 0.00369215
v -0.05828254 -0.00779276 0.00368295
v -0.06250415 0.00600460 0.00370081
v -0.06025884 0.00947137 0.00369300
v -0.06275710 -0.00776384 0.00369967
v -0.06053987 -0.01128444 0.00369024
v -0.05609614 -0.01125517 0.00367399
v -0.05837225 -0.01476520 0.00368124
v -0.05400257 -0.01469529 0.00366575
v -0.05625262 -0.01821803 0.00367274
v -0.06504948 -0.01128830 0.00370643
v -0.06477152 0.00954018 0.00370963
v -0.06249868 0.01316408 0.00370139
v -0.05195555 -0.01807838 0.00365807
v -0.05414602 -0.02165189 0.00366481
v -0.05849233 -0.02184372 0.00367869
v -0.05635655 -0.02537587 0.00367074
v -0.05201137 -0.02508091 0.00365757
v -0.05417934 -0.02892846 0.00366376
v -0.04985117 -0.02847716 0.00365126
v -0.05189639 -0.03221487 0.00365749
v -0.04776560 -0.03183222 0.00364622
v -0.04986939 -0.03539096 0.00365266
v -0.04577643 -0.03521903 0.00364256
v -0.04807322 -0.03886638 0.00364991
v -0.04371953 -0.03869342 0.00363978
v -0.04603321 -0.04250177 0.00364743
v -0.04146574 -0.04226094 0.00363740
v -0.04385246 -0.04614746 0.00364549
v -0.03932602 -0.04596110 0.00363657
v -0.05238147 -0.03871429 0.00365962
v -0.05794213 0.01298391 0.00368534
v -0.06016779 0.01681322 0.00369369
v -0.05562313 0.01648350 0.00367831
v -0.05767008 0.02030426 0.00368632
v -0.05329327 0.01986970 0.00367180
v -0.05517397 0.02345205 0.00367932
v -0.05106126 0.02318259 0.00366663
v -0.05311320 0.02660977 0.00367491
v -0.04900946 0.02653632 0.00366348
v -0.05123276 0.03003146 0.00367253
v -0.04700369 0.02992029 0.00366137
v -0.04919015 0.03356014 0.00367031
v -0.04494202 0.03327894 0.00365957
v -0.04704160 0.03706134 0.00366843
v -0.05140870 0.03737774 0.00367833
v -0.04914189 0.04103922 0.00367640
v -0.04481860 0.04050174 0.00366714
v -0.04674019 0.04447303 0.00367502
v -0.04252971 0.04389856 0.00366668
v -0.05911358 0.02420344 0.00369184
v -0.04446114 0.04786901 0.00367505
v -0.04012883 0.04731025 0.00366722
v -0.04175583 -0.04979503 0.00364479
v -0.03737906 -0.04964846 0.00363711
v -0.06075940 -0.02560327 0.00368360
v -0.06461652 0.00266779 0.00370845
v -0.05548116 0.02982274 0.00368383
v -0.03473915 0.02062526 0.00361060
v -0.00519230 -0.01866638 0.00348365
v -0.03339311 -0.02198075 0.00359251
v 0.02990045 -0.02998036 0.00353665
v -0.01041743 -0.02293368 0.00351286
v -0.01101900 -0.02050545 0.00350627
v -0.00935277 -0.01829636 0.00349377
v -0.01153923 -0.01814277 0.00349996
v 0.05521870 -0.03863223 0.00357289
v 0.04102319 0.04221463 0.00359934
v 0.04531252 0.04205771 0.00360027
v -0.03970618 -0.05345335 0.00364508
v -0.03535785 -0.05321688 0.00363794
v -0.03755277 -0.05707697 0.00364573
v -0.03325623 -0.05675098 0.00363917
v -0.03113429 -0.05296247 0.00363083
v -0.02908995 -0.05645361 0.00363260
v 0.01325322 -0.02200585 0.00349243
v 0.01201698 -0.01933169 0.00348197
v 0.00967619 -0.01866426 0.00347629
v 0.01074906 -0.01673794 0.00347118
v 0.01306195 -0.01733714 0.00347738
v 0.01170767 -0.01481219 0.00346656
v 0.01402822 -0.01540113 0.00347361
v 0.01270160 -0.01302045 0.00346304
v 0.01505998 -0.01360904 0.00347088
v -0.00982215 -0.01598393 0.00348690
v -0.01200063 -0.01587087 0.00349396
v -0.01378248 -0.01799788 0.00350694
v -0.01425900 -0.01578005 0.00350197
v -0.01240784 -0.01368370 0.00348834
v -0.01469845 -0.01365650 0.00349757
v -0.04216079 0.05127576 0.00367619
v -0.03780629 0.05082045 0.00366938
v -0.01285726 -0.01166795 0.00348373
v -0.01512645 -0.01166142 0.00349428
v 0.04802924 0.04578950 0.00360701
v 0.04967897 0.04191920 0.00360135
v 0.04695232 0.03824647 0.00359443
v 0.05133822 0.03811517 0.00359619
v 0.04860127 0.03446850 0.00358927
v 0.05305091 0.03432541 0.00359172
v 0.05028828 0.03074179 0.00358484
v 0.05474598 0.03052381 0.00358772
v 0.05195555 0.02704384 0.00358093
v 0.05639698 0.02674345 0.00358414
v 0.05358272 0.02333849 0.00357750
v 0.05804135 0.02300126 0.00358114
v 0.05522662 0.01963456 0.00357483
v 0.06087220 0.02637480 0.00358704
v 0.06252382 0.02265004 0.00358445
v 0.05400932 0.04178457 0.00360237
v 0.04439356 0.05350910 0.00361907
v 0.04582736 -0.05277979 0.00357881
v -0.05357260 0.04133486 0.00368501
v -0.05636628 -0.03321854 0.00366894
v 0.01378715 -0.01140588 0.00346131
v 0.01611951 -0.01190270 0.00346937
v 0.01485125 -0.00986739 0.00346095
v 0.01715203 -0.01028139 0.00346927
v 0.01593214 -0.00835606 0.00346184
v 0.01830756 -0.00877839 0.00347069
v 0.01709882 -0.00682893 0.00346433
v 0.01968511 -0.00732030 0.00347384
v 0.01845436 -0.00530926 0.00346843
v 0.02118353 -0.00575703 0.00347824
v 0.01994880 -0.00373793 0.00347350
v 0.02272486 -0.00410566 0.00348331
v 0.02148133 -0.00209176 0.00347942
v 0.02428965 -0.00239435 0.00348883
v 0.02306040 -0.00038174 0.00348573
v 0.02026597 -0.00019200 0.00347625
v 0.02185548 0.00153913 0.00348327
v 0.02552798 -0.00450825 0.00349249
v 0.02708002 -0.00273814 0.00349749
v 0.06664103 0.00430688 0.00357632
v 0.01910524 0.00159625 0.00347386
v 0.02067069 0.00337061 0.00348151
v 0.02349256 0.00336292 0.00349063
v 0.02231563 0.00526078 0.00348977
v 0.01946766 0.00513598 0.00348069
v 0.02118796 0.00710560 0.00348987
v 0.01838023 0.00692328 0.00348133
v 0.02015950 0.00892954 0.00349083
v 0.01757550 0.00877539 0.00348301
v 0.01922877 0.01076016 0.00349246
v 0.01674361 0.01057377 0.00348505
v 0.01835800 0.01262835 0.00349498
v 0.01585512 0.01238543 0.00348824
v 0.01753120 0.01459129 0.00349866
v 0.01505516 0.01435450 0.00349259
v 0.01672565 0.01666844 0.00350340
v 0.01425862 0.01639331 0.00349782
v 0.06460581 -0.01673477 0.00357231
v 0.05763934 0.03414367 0.00359407
v -0.02703626 -0.05271122 0.00362382
v -0.02504442 -0.05624142 0.00362619
v -0.02708028 -0.05996430 0.00363473
v -0.02309661 -0.05988707 0.00362898
v -0.02524928 -0.06361371 0.00363763
v -0.03948510 -0.01164404 0.00360925
v -0.06708835 0.01324072 0.00371782
v -0.03985043 0.05454255 0.00367829
v -0.03572322 0.05433621 0.00367332
v -0.03348235 0.05068547 0.00366377
v -0.03149682 0.05425665 0.00366899
v -0.03383202 0.05829712 0.00367927
v -0.02929090 0.05757355 0.00367411
v -0.02733149 0.05393651 0.00366404
v -0.02522272 0.05719313 0.00367006
v -0.02715247 0.06085565 0.00368028
v -0.02306968 0.06049285 0.00367682
v -0.02123431 0.05676624 0.00366575
v -0.01907619 0.06004790 0.00367295
v -0.02083750 0.06384648 0.00368422
v -0.01686849 0.06337618 0.00368068
v -0.01517715 0.05957422 0.00366870
v -0.01297244 0.06289985 0.00367663
v -0.01133018 0.05909080 0.00366408
v -0.00908882 0.06241871 0.00367210
v -0.01075182 0.06623916 0.00368508
v -0.00682558 0.06576682 0.00368053
v -0.00518236 0.06190248 0.00366713
v -0.00285493 0.06528998 0.00367558
v -0.00120979 0.06129640 0.00366174
v 0.00114539 0.06481552 0.00367062
v 0.00284629 0.06078908 0.00365706
v 0.00515611 0.06440292 0.00366608
v 0.00691998 0.06047952 0.00365328
v 0.00918269 0.06413129 0.00366187
v 0.00734176 0.06795022 0.00367456
v -0.00854232 0.06956804 0.00369405
v 0.01105617 0.06021608 0.00364965
v 0.01331883 0.06410282 0.00365818
v -0.01856238 0.06720878 0.00369237
v 0.00038816 0.05682086 0.00364746
v -0.06729914 -0.00768578 0.00371650
v -0.04417307 -0.05363696 0.00365210
v 0.06711846 -0.01264042 0.00357434
v 0.01268583 0.01408327 0.00348662
v 0.01190342 0.01607388 0.00349226
v 0.01343048 0.01849753 0.00350397
v 0.01107733 0.01815252 0.00349915
v 0.01254626 0.02062703 0.00351094
v 0.01022655 0.02029514 0.00350699
v 0.00880967 0.01781297 0.00349473
v 0.00799227 0.02005960 0.00350360
v 0.00665850 0.01759403 0.00349133
v 0.00583630 0.01989739 0.00350094
v 0.01160960 0.02268189 0.00351812
v 0.00463585 0.01750284 0.00348892
v 0.00375460 0.01977290 0.00349906
v 0.00491578 0.02219712 0.00351066
v 0.00276277 0.02207315 0.00350959
v 0.00172146 0.01964434 0.00349801
v 0.00065876 0.02195227 0.00350953
v -0.00031505 0.01950563 0.00349794
v -0.00142191 0.02189828 0.00351064
v -0.00237978 0.01950495 0.00349960
v -0.00352570 0.02196455 0.00351312
v -0.00449272 0.01964745 0.00350325
v -0.00569881 0.02211707 0.00351722
v -0.00665351 0.01981771 0.00350855
v -0.00795872 0.02230868 0.00352278
v -0.00889140 0.02002689 0.00351510
v -0.01029476 0.02251747 0.00352932
v -0.01120274 0.02025104 0.00352239
v -0.00973544 0.01782265 0.00350781
v -0.01204270 0.01806681 0.00351590
v -0.01050609 0.01572359 0.00350107
v -0.01282138 0.01596793 0.00350980
v -0.01442647 0.01829105 0.00352460
v -0.01525311 0.01619366 0.00351932
v -0.01353258 0.01394075 0.00350395
v -0.01604615 0.01415742 0.00351449
v -0.01421245 0.01200830 0.00349832
v -0.01679268 0.01213394 0.00351052
v -0.01461335 0.00984165 0.00349229
v -0.01759539 0.01019240 0.00350814
v -0.01584475 0.00814546 0.00349339
v -0.01849431 0.00839173 0.00350785
v -0.01699579 0.00654699 0.00349549
v -0.01951507 0.00671077 0.00350945
v -0.01809710 0.00493073 0.00349853
v -0.02069896 0.00503403 0.00351291
v -0.01919073 0.00324309 0.00350219
v -0.02192571 0.00322106 0.00351769
v -0.02028135 0.00141296 0.00350688
v -0.02320054 0.00131698 0.00352348
v -0.02153546 -0.00049960 0.00351361
v -0.01829012 -0.00029225 0.00349417
v -0.01996630 -0.00223140 0.00350484
v 0.00388897 0.02452518 0.00352064
v -0.00928313 0.02484962 0.00353660
v -0.00534560 0.01735321 0.00349337
v -0.02290810 -0.00247355 0.00352124
v -0.02134017 -0.00417223 0.00351338
v -0.01858959 -0.00387704 0.00349839
v -0.01990389 -0.00572301 0.00350732
v -0.01729935 -0.00540739 0.00349311
v -0.03488679 0.00460431 0.00358587
v 0.01744565 -0.01403223 0.00347798
v 0.00857032 -0.01615705 0.00346558
v 0.02818836 0.06129709 0.00364072
v 0.03236144 0.06126884 0.00363777
v -0.04065233 0.03991529 0.00365772
v -0.03531007 -0.06068227 0.00364695
v 0.02068522 -0.00946017 0.00347884
v 0.02359606 -0.06357811 0.00358893
v 0.01581878 -0.06192664 0.00358945
v 0.01438739 -0.05774958 0.00358377
v -0.04765031 -0.02470790 0.00364391
v 0.05514902 -0.01638426 0.00356146
v 0.06489618 0.00807005 0.00357605
v -0.00246282 0.02419484 0.00352213
v -0.04361981 -0.03154323 0.00363502
v 0.01046920 0.01376310 0.00348062
v -0.04841539 -0.04639970 0.00365443
v -0.03933068 -0.03828667 0.00362939
v 0.01404208 0.01004583 0.00347605
v 0.02518904 0.00531788 0.00349837
v 0.02367970 0.05405146 0.00362628
v 0.05694486 0.00482749 0.00356585
v 0.04236967 -0.03695818 0.00356078
v 0.01524647 0.03290319 0.00355969
v -0.04699459 0.05212988 0.00368389
v -0.02899295 -0.04925577 0.00362172
v 0.00867175 0.05657052 0.00364105
v -0.00915828 -0.03798910 0.00355895
v 0.06523858 0.02593496 0.00358953
v 0.06708381 0.02234840 0.00358758
v -0.02126013 -0.06371038 0.00363234
v -0.02358775 -0.06779442 0.00364179
v 0.04716882 -0.03038166 0.00355930
v -0.01610099 -0.01786945 0.00351463
v 0.04940260 -0.02713675 0.00355939
v -0.02258288 0.06769575 0.00369498
v 0.05075168 -0.04583083 0.00357514
v 0.02256153 0.02430930 0.00353797
v -0.01701051 -0.01352400 0.00350713
v 0.01733957 -0.06609592 0.00359459
v -0.00997274 -0.07171405 0.00362880
v 0.01753199 -0.00005350 0.00346641
v -0.01326657 -0.00963831 0.00348069
v 0.01535552 -0.01771879 0.00348332
v 0.01929017 0.01684674 0.00350890
v -0.02479606 0.00325347 0.00353367
v -0.00119518 0.01679596 0.00348351
v -0.00416126 0.08389317 0.00374124
v -0.01173285 0.02504743 0.00354317
v -0.06960313 -0.01124371 0.00372255
v -0.00058446 0.06870953 0.00368443
v 0.06968178 0.00772874 0.00358035
v 0.07130445 0.00361636 0.00358048
v -0.01032100 0.00447220 0.00249940
v 0.04759219 0.02728559 0.00357751
v 0.02169250 0.01093499 0.00349937
v -0.01065214 0.02743541 0.00355030
v -0.02418587 -0.00453783 0.00352882
v 0.02215165 -0.04126642 0.00355248
v -0.01272045 -0.02273565 0.00351826
v -0.01203606 -0.02522903 0.00352435
v 0.06219344 -0.02051345 0.00357080
v 0.03037299 0.03911052 0.00358900
v -0.01167965 0.01164617 0.00348714
v 0.01631349 0.00480158 0.00346950
v 0.04342911 -0.05607731 0.00358112
v -0.01665710 0.00330573 0.00348806
v -0.02072563 0.00837717 0.00351843
v 0.06679071 -0.02069324 0.00357522
v -0.01740241 -0.01144473 0.00350386
v -0.01350602 0.05582487 0.00365639
v -0.00973621 0.05532692 0.00365124
v -0.06292355 -0.02201050 0.00369250
v -0.06522144 -0.02581479 0.00369624
v -0.01688592 0.01851789 0.00353390
v -0.01956332 0.01224107 0.00352329
v 0.01046460 -0.00477920 0.00249940
v -0.02616062 0.00127895 0.00353947
v 0.02640210 0.00326710 0.00349930
v -0.04288291 0.02967215 0.00365000
v 0.01336367 -0.06528628 0.00359558
v -0.02909174 -0.07811605 0.00366679
v -0.02957232 0.07906235 0.00372033
v 0.05067668 0.01997879 0.00357033
v 0.05235006 0.01628562 0.00356816
v -0.02023962 0.07107247 0.00370375
v -0.06936277 0.00931535 0.00372722
v -0.07180353 0.01315672 0.00373468
v -0.06923655 0.01715944 0.00372439
v 0.00617024 0.02463509 0.00352180
v 0.01268060 0.05617280 0.00363779
v 0.04416718 0.03459060 0.00358670
v 0.01499712 0.02104632 0.00351548
v -0.00810855 0.02721691 0.00354411
v -0.01595303 -0.00362509 0.00348395
v -0.02307211 -0.05249712 0.00361697
v -0.05116486 0.01624876 0.00366310
v -0.06747206 -0.02219628 0.00370625
v 0.04253084 0.05735773 0.00362559
v -0.01043540 -0.00359610 0.00249940
v -0.04676383 0.02302666 0.00365377
v -0.01323349 0.02760457 0.00355680
v -0.04972513 -0.01464293 0.00365043
v 0.01034570 0.05275908 0.00362904
v 0.01407540 0.05227807 0.00362583
v 0.06429518 -0.02451912 0.00357414
v 0.00735590 -0.00877930 0.00249940
v -0.03769098 -0.07444839 0.00366597
v -0.03767073 0.07413061 0.00370753
v -0.03309528 0.07191622 0.00370492
v -0.03757164 0.06957341 0.00370092
v -0.01936473 -0.01330800 0.00351694
v 0.02829855 -0.00488432 0.00350085
v 0.02678113 -0.00671291 0.00349670
v 0.02975909 -0.00306133 0.00350506
v -0.01597753 0.02065600 0.00353866
v 0.00509131 0.02702391 0.00353159
v -0.03399410 -0.07218053 0.00366065
v -0.00738000 -0.00823050 0.00249940
v 0.04721425 -0.05663875 0.00358249
v 0.01295145 0.08374946 0.00370582
v 0.04686639 0.05742956 0.00362448
v 0.00534693 0.01526601 0.00347960
v 0.00255660 0.01098040 0.00249940
v 0.01484378 -0.06952006 0.00360051
v 0.01895601 -0.07028061 0.00359901
v -0.01985830 -0.01118149 0.00351513
v 0.00270810 0.02684216 0.00353072
v 0.05690558 0.01595336 0.00357304
v 0.06058878 0.06072890 0.00362479
v 0.05850988 0.05539111 0.00361957
v 0.06193531 0.05146871 0.00361518
v -0.01278706 -0.08740459 0.00365810
v -0.01296104 0.08699724 0.00377009
v -0.08265480 -0.00419154 0.00378573
v 0.08512149 -0.00390245 0.00358814
v 0.08014932 -0.00597744 0.00358494
v 0.07947930 -0.01065294 0.00358418
v -0.02185980 -0.01316993 0.00352746
v 0.01458429 0.07855351 0.00369228
v 0.01918462 0.07757934 0.00368271
v 0.00941937 0.08001080 0.00370385
v 0.03948881 0.07468753 0.00365303
v 0.03887155 -0.07406775 0.00359626
v 0.03480860 -0.07132681 0.00359493
v 0.02994372 -0.07880072 0.00360210
v -0.05322788 -0.06530644 0.00366899
v -0.05888491 0.05894616 0.00370041
v -0.06575330 -0.05319936 0.00368111
v -0.06053937 -0.05205147 0.00367439
v -0.07781620 0.03039307 0.00373644
v 0.07042864 -0.04675545 0.00358575
v 0.06716747 -0.04231812 0.00358251
v 0.07030518 -0.03785362 0.00358276
v -0.06553167 0.05252267 0.00370590
v -0.07690524 -0.03112225 0.00371961
v 0.07548392 0.03774042 0.00360512
v 0.07045617 0.03758032 0.00360318
v 0.08453299 0.01357649 0.00359257
v -0.08063797 -0.02088640 0.00374642
v -0.01915279 -0.05987328 0.00362300
v 0.02403027 0.06138629 0.00364381
v 0.02647887 0.06578507 0.00365115
v -0.01060573 -0.03507720 0.00355233
v 0.06907130 -0.02473925 0.00357816
v -0.08194227 0.02054108 0.00376053
v 0.06027349 -0.05917918 0.00358728
v 0.03902415 -0.06914410 0.00359239
v -0.06356508 -0.04851407 0.00367924
v 0.06657363 -0.04696778 0.00358397
v -0.01731940 -0.06375861 0.00362649
v 0.00751980 -0.01800065 0.00347137
v 0.00656098 -0.01564260 0.00346112
v 0.06810527 0.04098704 0.00360556
v -0.07181736 -0.00763104 0.00373318
v 0.07158603 -0.02070488 0.00357916
v -0.06073984 0.05190495 0.00370073
v -0.06338500 0.04685441 0.00370356
v 0.04538535 -0.02665810 0.00355393
v 0.04762880 -0.02352066 0.00355441
v 0.05158275 -0.02386445 0.00356004
v -0.01837504 0.02087197 0.00354727
v -0.05772455 -0.05544857 0.00367062
v 0.00681946 -0.08038873 0.00361955
v 0.00911800 -0.00679360 0.00249940
v 0.03491509 -0.06655065 0.00359058
v 0.02956678 -0.00704378 0.00350484
v 0.00554284 -0.01738147 0.00346754
v 0.00342830 -0.01088840 0.00249940
v 0.00369882 -0.01683696 0.00346502
v 0.00229870 -0.01068740 0.00249940
v 0.00194381 -0.01627378 0.00346348
v -0.07460456 0.02631745 0.00373364
v -0.07287108 0.03123128 0.00372563
v 0.01114395 0.01193167 0.00347599
v 0.00664600 0.00859940 0.00249940
v 0.06778191 0.01151661 0.00358041
v 0.07236232 0.01129293 0.00358386
v 0.07321540 0.03356515 0.00360083
v 0.05863655 -0.05523516 0.00358471
v -0.00827600 0.01541597 0.00349267
v -0.02251653 -0.01099020 0.00352757
v 0.03917161 -0.05527166 0.00357948
v -0.00322037 -0.01884217 0.00347979
v -0.00384751 -0.01657413 0.00347174
v 0.00751711 0.02706359 0.00353261
v -0.00203816 0.08000054 0.00372344
v -0.00606564 0.08001390 0.00372880
v 0.06543183 -0.03702489 0.00357962
v 0.00535070 -0.01001510 0.00249940
v 0.01721239 -0.00340347 0.00346285
v -0.00769744 -0.01609431 0.00348065
v -0.03960909 -0.06104162 0.00365254
v 0.00111830 -0.01026570 0.00249940
v -0.00813177 -0.01387712 0.00347360
v -0.00421220 -0.00999390 0.00249940
v -0.00764533 -0.03479362 0.00354632
v 0.05410886 0.01268787 0.00356706
v 0.01652547 0.00158345 0.00346493
v 0.01093450 0.00006510 0.00249940
v -0.00900282 0.01346993 0.00348662
v -0.00498050 0.00959860 0.00249940
v -0.03498236 -0.04600017 0.00362853
v 0.04309523 -0.02980315 0.00355409
v -0.01444856 -0.02497963 0.00353001
v -0.01373194 -0.02753100 0.00353581
v 0.00657051 0.05298957 0.00363174
v 0.02820433 0.00530046 0.00350695
v 0.02692418 0.00746933 0.00350650
v -0.00618054 -0.03775931 0.00355333
v 0.08100744 -0.00123863 0.00358596
v -0.00477274 -0.03466327 0.00354121
v -0.00329320 -0.03758090 0.00354838
v -0.00202059 -0.03460334 0.00353710
v -0.00047738 -0.03743528 0.00354439
v -0.04774640 -0.01789020 0.00364346
v 0.04966750 0.01297819 0.00356163
v 0.05134774 0.00961701 0.00356098
v 0.03585756 -0.04007166 0.00355950
v 0.07548015 -0.00802684 0.00358158
v 0.01644295 -0.02751366 0.00351307
v 0.02943311 0.00303396 0.00350772
v -0.00938894 0.02986267 0.00355782
v -0.04082933 0.03286270 0.00364845
v 0.00380712 0.02946549 0.00354201
v -0.02763251 0.00327798 0.00354885
v -0.02637320 0.00528007 0.00354416
v -0.02915383 0.00135258 0.00355484
v 0.03511179 0.07140346 0.00365272
v 0.04022886 0.06913489 0.00364536
v 0.03062134 0.07366369 0.00366117
v -0.03372802 0.06715706 0.00369616
v -0.03770100 0.06516206 0.00369394
v 0.02180189 0.06504540 0.00365358
v 0.08150028 -0.02104704 0.00358583
v 0.07886181 -0.03183498 0.00358608
v -0.01604737 -0.00690184 0.00348833
v 0.00417692 -0.06790234 0.00360684
v -0.00214245 -0.01679565 0.00346914
v -0.00179960 -0.01073480 0.00249940
v 0.02261223 0.04654510 0.00360695
v 0.01646221 0.07315151 0.00367776
v 0.05137644 0.00094765 0.00355579
v -0.06959130 0.02730622 0.00372071
v -0.06795156 0.03199528 0.00371424
v 0.00606460 0.00965430 0.00249940
v 0.00554910 0.00872410 0.00249940
v -0.07400854 -0.01102980 0.00373867
v -0.01632028 0.07055786 0.00370147
v 0.04116559 -0.05957921 0.00358393
v 0.01646786 0.05534525 0.00363342
v 0.04835629 -0.00773168 0.00354907
v -0.02909779 -0.06351690 0.00364248
v -0.00970620 -0.00460700 0.00249940
v -0.00557480 0.00856660 0.00249940
v 0.04980834 -0.02047832 0.00355556
v -0.00492930 -0.00892920 0.00249940
v 0.00583225 -0.06418305 0.00359926
v -0.03887816 0.02925898 0.00363794
v -0.03678819 0.03230212 0.00363675
v -0.04091997 0.02628850 0.00364007
v -0.01793846 0.07441539 0.00371396
v -0.01409168 0.07386711 0.00371156
v 0.04876451 0.05359378 0.00361850
v -0.01187522 0.05217196 0.00364371
v -0.00819911 0.05157630 0.00363783
v -0.01560525 0.05262634 0.00364891
v 0.01192248 0.04914304 0.00361713
v -0.03744714 -0.06999487 0.00366025
v -0.04959909 0.00509984 0.00365288
v -0.06305775 -0.02947444 0.00368757
v -0.06748044 -0.02973043 0.00369882
v -0.06532798 -0.03343994 0.00369060
v -0.02431286 0.07162077 0.00370534
v -0.04774510 -0.00387079 0.00364306
v -0.02588319 -0.00272101 0.00353725
v -0.02711535 -0.00486470 0.00354474
v -0.02539202 -0.00678406 0.00353669
v -0.01506183 -0.02246234 0.00352413
v 0.03058021 -0.03577523 0.00354805
v 0.03009189 0.00758790 0.00351538
v -0.05837380 -0.04746975 0.00367132
v -0.06144480 -0.04400576 0.00367673
v 0.01850571 0.01908881 0.00351431
v 0.02122185 0.01916377 0.00351940
v 0.02189665 0.01681650 0.00351403
v 0.06635482 -0.02870143 0.00357727
v 0.06385716 0.02967397 0.00359261
v -0.01943160 0.01881557 0.00354388
v -0.05595146 0.03755768 0.00368829
v -0.00989300 -0.00246920 0.00249940
v -0.01054360 -0.00145300 0.00249940
v 0.05626029 0.04967933 0.00361333
v 0.06034370 0.04641378 0.00360973
v -0.00600120 0.05478610 0.00364596
v -0.00448125 0.05101477 0.00363250
v -0.00164199 -0.04051753 0.00355518
v 0.00122943 -0.04029369 0.00355157
v 0.00234647 -0.03726434 0.00354122
v 0.00416993 -0.04011069 0.00354887
v 0.00297512 -0.04309013 0.00355830
v 0.00594879 -0.04306399 0.00355621
v 0.00449444 -0.04596276 0.00356465
v 0.00762180 -0.04617839 0.00356350
v 0.00730397 -0.03995531 0.00354670
v 0.00584882 -0.04926880 0.00357197
v 0.00926950 -0.04946741 0.00357036
v 0.01095445 -0.04625775 0.00356250
v 0.00756783 -0.05282136 0.00357856
v -0.01890329 -0.01542598 0.00351982
v 0.01950150 0.02418553 0.00353285
v 0.01832701 0.02685926 0.00354082
v -0.01420993 0.02519811 0.00355007
v -0.04844587 -0.06321398 0.00366391
v -0.06962748 -0.00388031 0.00372747
v -0.07478704 -0.00389413 0.00374727
v -0.07178083 0.00063723 0.00373727
v -0.07685695 0.00058314 0.00375836
v -0.04558184 -0.01459878 0.00363516
v -0.04369086 -0.01759717 0.00362888
v -0.04735386 -0.01137144 0.00364175
v 0.03112035 -0.06850489 0.00359312
v -0.07453052 0.00858173 0.00374717
v -0.02914818 0.08422627 0.00373073
v -0.02886012 -0.08409313 0.00367795
v -0.01113954 -0.02783441 0.00353055
v -0.01303061 -0.03005992 0.00354142
v -0.01555486 -0.02974233 0.00354676
v 0.03678930 -0.05878172 0.00358282
v 0.00920641 -0.07659662 0.00361297
v 0.02331635 0.06875052 0.00366036
v -0.06961568 -0.03357712 0.00370028
v -0.02479470 -0.01312096 0.00354127
v 0.06958207 0.02577343 0.00359222
v 0.07187948 0.02218826 0.00359062
v 0.06429445 0.01895597 0.00358263
v 0.06552004 0.03764138 0.00360138
v 0.02811001 -0.00897387 0.00350155
v 0.00315070 0.00987860 0.00249940
v 0.00195370 0.00999020 0.00249940
v 0.00132520 0.01101310 0.00249940
v 0.04139687 -0.02614980 0.00354807
v 0.03911147 -0.02913301 0.00354838
v -0.07213954 -0.01477183 0.00372839
v -0.02671219 0.06816385 0.00369686
v 0.07501583 -0.01252940 0.00358120
v -0.02910440 0.00516220 0.00355789
v 0.01042680 0.00127390 0.00249940
v 0.00969160 0.00009220 0.00249940
v 0.01032150 -0.00079490 0.00249940
v 0.05857145 0.01225235 0.00357194
v 0.05983681 -0.02425137 0.00356975
v 0.00719370 0.00754130 0.00249940
v -0.00418563 0.07633727 0.00371331
v -0.00017162 0.07604025 0.00370764
v -0.07643835 0.01311712 0.00375068
v 0.00263073 -0.01855773 0.00347267
v 0.02396305 0.01893076 0.00352394
v -0.00393320 -0.00894340 0.00249940
v 0.04490747 0.06125069 0.00363055
v 0.04068987 0.06112226 0.00363244
v 0.01545027 0.04869303 0.00361447
v -0.01173475 -0.06786216 0.00362509
v -0.01386898 -0.07141553 0.00363405
v -0.01213887 -0.07517964 0.00363748
v -0.01602645 -0.07487296 0.00364346
v -0.00962419 -0.06420301 0.00361633
v 0.00306090 -0.00991130 0.00249940
v 0.01286991 -0.04981218 0.00356958
v 0.01433888 -0.04616606 0.00356171
v 0.01240672 -0.04299169 0.00355429
v 0.01569879 -0.04282984 0.00355410
v -0.01581700 0.02767292 0.00356341
v 0.00079150 0.01004360 0.00249940
v 0.05067504 -0.05438906 0.00358168
v -0.05783574 0.04153262 0.00369321
v -0.06108423 0.03797146 0.00369883
v 0.03109847 -0.00914759 0.00350966
v -0.07627114 -0.02286111 0.00373116
v -0.02849979 -0.00703052 0.00355301
v 0.01642160 -0.07384902 0.00360451
v 0.02061841 -0.07459844 0.00360254
v -0.01746346 0.02296389 0.00355138
v 0.02303064 -0.07077338 0.00359779
v 0.07121784 -0.02902831 0.00358081
v -0.05579748 0.04493420 0.00369076
v 0.05495485 0.05978011 0.00362503
v 0.03497507 -0.05441845 0.00357776
v 0.03565423 -0.00332682 0.00352095
v -0.04225955 -0.07681294 0.00366993
v -0.04190626 0.07575160 0.00370870
v -0.01773094 -0.07111680 0.00363945
v -0.02046043 -0.07464876 0.00364964
v -0.00792907 0.08328570 0.00374490
v 0.03160173 -0.06463457 0.00358901
v -0.01390002 0.04907003 0.00363625
v -0.01766622 0.04941662 0.00364148
v -0.00671466 0.02959492 0.00355185
v -0.02083527 0.02137407 0.00355673
v -0.07202795 0.05557374 0.00371292
v 0.08259464 0.03899819 0.00360759
v 0.04349186 -0.07945092 0.00359921
v 0.04760289 0.07692248 0.00365008
v 0.08740592 -0.02056385 0.00358882
v 0.07541858 -0.05187618 0.00358981
v -0.08914820 0.01600989 0.00378603
v -0.07375507 -0.05162253 0.00369071
v -0.06185651 -0.06589282 0.00367470
v 0.05995503 0.06876070 0.00363207
v -0.08050526 -0.03902746 0.00371662
v 0.01178121 -0.08838334 0.00362171
v 0.08190191 -0.03908538 0.00358906
v 0.08899999 0.02064507 0.00359741
v -0.06225738 0.06604476 0.00370445
v -0.09036702 -0.00226625 0.00383488
v 0.07541798 0.05140950 0.00361619
v 0.09153723 0.00205834 0.00359202
v -0.08368566 0.03450157 0.00374103
v -0.08817627 -0.01668688 0.00377391
v 0.02610750 0.08612277 0.00368348
v 0.06298325 -0.06604353 0.00359136
v 0.02610651 -0.08628034 0.00360814
v 0.00769451 0.09053408 0.00372719
v -0.00969426 0.08010336 0.00373276
v 0.01076217 -0.06855012 0.00360216
v -0.01520340 -0.05991768 0.00361699
v -0.01716123 -0.05595772 0.00361339
v 0.04595451 -0.01997236 0.00354936
v 0.04838700 -0.01720058 0.00355165
v 0.06541749 0.04774611 0.00361162
v 0.00260921 -0.04848894 0.00357221
v -0.08495421 0.00356282 0.00379689
v 0.08011257 0.01048202 0.00358882
v 0.07902313 0.01517862 0.00359052
v 0.05406421 -0.06423568 0.00358889
v -0.06515794 -0.01845173 0.00370232
v -0.05379007 0.06528727 0.00370041
v -0.04906274 0.06296209 0.00369636
v -0.08137109 -0.01321148 0.00376337
v 0.00130008 0.02904861 0.00354092
v -0.00710494 -0.08859790 0.00364778
v -0.00838148 -0.08353489 0.00364363
v -0.00733620 0.09004625 0.00377852
v 0.02758291 0.00114230 0.00350077
v 0.03049066 0.00067710 0.00350853
v 0.00631648 -0.01972621 0.00347717
v -0.02499531 -0.08073006 0.00366772
v -0.01485388 0.03018514 0.00357047
v 0.00042286 0.02651132 0.00352979
v -0.00134633 0.02855810 0.00353992
v -0.04151681 0.06744639 0.00369846
v -0.04154738 0.06316240 0.00369258
v 0.01804367 -0.04622914 0.00356184
v 0.02517211 -0.00851759 0.00349261
v 0.02643890 -0.01091781 0.00349836
v 0.01995314 0.06102808 0.00364598
v 0.08061955 0.00605449 0.00358728
v -0.02895455 -0.00300695 0.00355335
v 0.00847942 0.02470522 0.00352342
v 0.00993197 0.02702835 0.00353372
v -0.00562207 0.02694070 0.00353831
v -0.05251247 -0.06046129 0.00366607
v -0.05355407 0.05996292 0.00369659
v 0.06125885 -0.05228574 0.00358396
v 0.05706201 -0.05095561 0.00358154
v -0.03731683 0.02595887 0.00362778
v 0.07070126 0.01485591 0.00358471
v 0.01041280 -0.08052607 0.00361593
v -0.00910021 -0.03169557 0.00353864
v -0.02570101 0.08077430 0.00372704
v 0.05545357 -0.05850271 0.00358571
v -0.04479260 -0.07150903 0.00366703
v -0.00444660 0.00860120 0.00249940
v -0.00383940 0.00946740 0.00249940
v 0.02548934 0.08125302 0.00367892
v -0.00940450 -0.00140650 0.00249940
v -0.00995640 -0.00045870 0.00249940
v -0.00889070 -0.00046080 0.00249940
v -0.00936820 0.00048610 0.00249940
v -0.01043910 0.00048740 0.00249940
v -0.00987840 0.00140900 0.00249940
v 0.00429520 0.00976980 0.00249940
v 0.05359081 -0.02049019 0.00356103
v -0.01316118 0.08436760 0.00375484
v -0.01344172 -0.08461978 0.00365561
v 0.00487387 0.08297078 0.00371912
v -0.00293400 -0.01047910 0.00249940
v -0.00216170 -0.00985810 0.00249940
v -0.00105150 -0.00982440 0.00249940
v 0.02864998 0.00992909 0.00351531
v 0.02558075 0.00951039 0.00350631
v -0.01406314 -0.08116492 0.00365095
v -0.06492051 0.02832432 0.00370807
v -0.06622716 0.02402652 0.00371297
v -0.00678196 0.04744324 0.00362345
v -0.03378766 -0.06797247 0.00365467
v -0.03019930 -0.07016749 0.00365421
v -0.01686666 -0.02465069 0.00353594
v -0.01743270 -0.02204660 0.00353000
v -0.06307850 0.03281938 0.00370279
v -0.06625162 0.03664397 0.00370894
v -0.06497426 0.04140420 0.00370595
v 0.00067410 -0.01822669 0.00347177
v -0.02045947 -0.00912684 0.00351454
v -0.00968321 -0.09371023 0.00365537
v -0.02846226 0.07191979 0.00370571
v -0.07931277 0.00516345 0.00376946
v 0.06854781 -0.05139074 0.00358658
v 0.07793778 0.03395708 0.00360297
v 0.04375386 -0.07221434 0.00359437
v 0.04293520 -0.06706573 0.00359055
v -0.06858516 0.04915045 0.00370949
v -0.07637691 0.03565789 0.00372889
v 0.04935154 -0.06336709 0.00358784
v 0.05360091 0.06461757 0.00363067
v -0.07001540 -0.04490652 0.00369162
v 0.04578518 0.06882811 0.00364118
v 0.02149005 -0.07949624 0.00360616
v 0.08119876 0.02220787 0.00359553
v 0.02445186 0.01650138 0.00351885
v 0.02251549 0.01457833 0.00350938
v 0.02511835 0.01394489 0.00351406
v 0.00014720 0.01096580 0.00249940
v -0.00029670 0.01006310 0.00249940
v 0.00840790 0.00737770 0.00249940
v 0.00762340 0.00651000 0.00249940
v 0.08640340 0.00118151 0.00358945
v -0.08424444 0.01534156 0.00377515
v 0.01656602 0.02382470 0.00352743
v 0.01501428 0.02635835 0.00353531
v 0.01698023 0.02975307 0.00354985
v 0.01399465 0.02943589 0.00354610
v 0.01270048 0.03144966 0.00355239
v 0.07837671 -0.03665504 0.00358672
v -0.05784176 -0.06275924 0.00367154
v -0.07620517 -0.03687591 0.00371121
v -0.00238810 0.00785520 0.00249940
v -0.00219950 0.00884040 0.00249940
v -0.00027510 0.00830090 0.00249940
v -0.00023790 -0.00821720 0.00249940
v 0.00017930 -0.00925490 0.00249940
v 0.00148230 -0.00909610 0.00249940
v 0.05974975 -0.04781666 0.00358088
v 0.07616072 0.03002356 0.00359907
v -0.07094230 0.00523387 0.00373404
v -0.01559736 0.07776809 0.00372599
v -0.01951186 0.07824875 0.00372642
v 0.06379240 0.04248057 0.00360589
v -0.06780492 -0.03781938 0.00369294
v -0.06299672 -0.03684580 0.00368349
v -0.00231290 -0.00781330 0.00249940
v -0.00419730 0.00698190 0.00249940
v 0.00187060 0.00816170 0.00249940
v 0.00394920 -0.00743900 0.00249940
v 0.00377960 -0.00838770 0.00249940
v 0.00460370 -0.00797320 0.00249940
v -0.00427820 -0.00688370 0.00249940
v -0.00523710 -0.00724640 0.00249940
v -0.00609950 -0.00660100 0.00249940
v -0.00758500 0.00269020 0.00249940
v -0.00855060 0.00240070 0.00249940
v -0.00833560 0.00342740 0.00249940
v -0.00928440 0.00303520 0.00249940
v 0.00659670 -0.00545540 0.00249940
v 0.00690710 -0.00644010 0.00249940
v 0.00616660 -0.00722540 0.00249940
v 0.00761900 -0.00560750 0.00249940
v 0.00829210 -0.00475750 0.00249940
v 0.00720230 -0.00749140 0.00249940
v 0.00676050 0.00566400 0.00249940
v 0.00734700 0.00464710 0.00249940
v 0.00840240 0.00460620 0.00249940
v 0.00889630 0.00369550 0.00249940
v 0.00946660 0.00465900 0.00249940
v 0.00886770 0.00535740 0.00249940
v 0.01005270 0.00364080 0.00249940
v 0.00972890 0.00573100 0.00249940
v 0.00931900 0.00270860 0.00249940
v 0.01035970 0.00249850 0.00249940
v -0.00816960 0.00050260 0.00249940
v 0.00491150 0.00699170 0.00249940
v 0.00394960 0.00752190 0.00249940
v 0.00864750 -0.00048800 0.00249940
v 0.00826910 -0.00256420 0.00249940
v 0.00925580 -0.00217240 0.00249940
v 0.00904530 -0.00319920 0.00249940
v 0.01006140 -0.00282200 0.00249940
v -0.00609961 -0.03171990 0.00353360
v -0.04740943 0.05784666 0.00369025
v -0.03024820 0.09167569 0.00374214
v -0.03012464 -0.09166901 0.00369875
v 0.03376351 -0.00562687 0.00351536
v 0.07914192 -0.01580669 0.00358397
v 0.03493329 0.06581137 0.00364435
v -0.00609060 -0.00871990 0.00249940
v -0.00752990 -0.00264250 0.00249940
v -0.00812980 -0.00347940 0.00249940
v -0.00767880 -0.00429920 0.00249940
v -0.00599570 0.00552130 0.00249940
v -0.00704660 0.00556160 0.00249940
v -0.00652470 0.00648610 0.00249940
v -0.00762400 0.00643080 0.00249940
v -0.00815780 0.00543540 0.00249940
v -0.00721250 0.00738660 0.00249940
v -0.00870700 0.00647090 0.00249940
v -0.00726500 0.00381010 0.00249940
v -0.02469120 -0.07628128 0.00365850
v -0.04331250 -0.01159246 0.00362554
v -0.02349987 -0.01541184 0.00353799
v 0.02696228 0.01197651 0.00351467
v 0.00376430 0.00872040 0.00249940
v -0.00406408 0.02920298 0.00354601
v 0.00905154 -0.08439137 0.00362091
v 0.07104786 0.04866175 0.00361316
v -0.02333627 -0.00864483 0.00352799
v -0.04672427 -0.08127530 0.00367386
v -0.04689832 0.08172912 0.00371277
v 0.00193200 -0.00812280 0.00249940
v 0.08479947 -0.01653404 0.00358715
v -0.00591810 -0.00555010 0.00249940
v -0.00695330 -0.00589760 0.00249940
v 0.00501550 -0.00704610 0.00249940
v -0.00947918 0.09450424 0.00380477
v 0.00797810 -0.00368480 0.00249940
v -0.00624323 -0.07986124 0.00363542
v 0.01538439 0.00681621 0.00347186
v -0.03904708 0.02334306 0.00362937
v -0.00570254 -0.01629384 0.00347536
v 0.03208610 0.01018124 0.00352482
v 0.00947295 -0.01426929 0.00346015
v 0.00601540 -0.00898610 0.00249940
v 0.04719564 0.00990153 0.00355494
v 0.04867544 0.00681525 0.00355470
v 0.04546523 0.01284727 0.00355540
v -0.04263362 0.02313343 0.00364154
v -0.04013420 0.02048864 0.00362947
v 0.04061564 -0.03294386 0.00355473
v 0.03661526 -0.03192877 0.00354897
v -0.00604780 0.00750790 0.00249940
v 0.05264633 0.00625107 0.00356063
v -0.00748773 0.01755361 0.00350021
v 0.06842406 -0.03314048 0.00358020
v 0.06371357 -0.03250465 0.00357659
v 0.06108730 -0.03593609 0.00357602
v 0.06223036 -0.04026489 0.00357889
v -0.05180067 0.05477752 0.00369142
v -0.05142872 0.05014069 0.00368764
v 0.01869219 -0.00184153 0.00346927
v -0.02816813 0.00730803 0.00355587
v -0.02506089 0.00735837 0.00353974
v -0.02706356 0.00967220 0.00355429
v -0.00713140 -0.00699540 0.00249940
v -0.02931951 0.01220053 0.00357054
v -0.00127253 -0.01884046 0.00347612
v 0.01887601 0.03303885 0.00356287
v -0.09971009 -0.00023996 0.00390556
v -0.07676823 -0.01415078 0.00374495
v -0.00863840 -0.00234210 0.00249940
v 0.00414600 -0.00999910 0.00249940
v 0.00676146 -0.02258598 0.00348816
v -0.03324613 0.00710458 0.00357978
v -0.01117285 0.01370733 0.00349458
v 0.01792365 0.00325558 0.00347167
v -0.00241322 0.05418821 0.00364096
v -0.00066012 0.05073787 0.00362869
v 0.00222569 -0.02232628 0.00348746
v 0.00982100 -0.00581230 0.00249940
v -0.00331150 0.00848550 0.00249940
v -0.00817900 0.00442450 0.00249940
v -0.01289605 -0.05568807 0.00360678
v 0.00593700 0.00756550 0.00249940
v -0.01470361 -0.00824208 0.00348427
v -0.01752606 -0.00914952 0.00349987
v 0.00826110 0.00278690 0.00249940
v 0.01942089 0.06880447 0.00366475
v 0.02980455 0.01606901 0.00352942
v -0.02648869 0.01719105 0.00356840
v -0.02458544 0.01458295 0.00355311
v -0.02338889 0.01692552 0.00355400
v 0.07528751 0.00756332 0.00358445
v -0.00335626 -0.03178497 0.00352950
v -0.00076497 -0.03187524 0.00352647
v 0.03770511 -0.00077152 0.00352737
v 0.03372201 -0.00045938 0.00351715
v 0.03622703 0.00213130 0.00352559
v -0.00328353 0.03452468 0.00356907
v -0.03657740 0.00188202 0.00359269
v -0.03255770 0.00202446 0.00357297
v -0.03462813 -0.00088245 0.00358244
v -0.02614435 0.07596640 0.00371541
v 0.02922269 -0.01611178 0.00351202
v 0.02598482 -0.01551896 0.00350308
v 0.02418581 -0.01755157 0.00350188
v 0.02288548 -0.01485686 0.00349391
v 0.02131410 -0.01682655 0.00349362
v 0.02236392 -0.01940965 0.00350104
v 0.01984170 -0.01855399 0.00349411
v 0.01968904 -0.02806829 0.00351827
v 0.01772293 -0.02460422 0.00350605
v 0.02132887 -0.02543569 0.00351361
v 0.01964884 -0.02248560 0.00350261
v 0.01704923 -0.02155840 0.00349602
v -0.01566595 0.00481993 0.00348467
v 0.01132950 -0.00124370 0.00249940
v 0.01470044 -0.02461509 0.00350190
v -0.00329979 0.01720659 0.00348830
v -0.00281710 0.01093090 0.00249940
v -0.00165010 0.01095100 0.00249940
v -0.00599233 0.01489250 0.00348309
v -0.04560401 -0.02101713 0.00363669
v -0.04167130 -0.02032573 0.00362281
v 0.07639039 -0.02036109 0.00358255
v 0.07445624 -0.02477793 0.00358188
v 0.06060102 0.03801004 0.00360002
v -0.02229774 -0.02412354 0.00355264
v -0.02344377 -0.02133446 0.00355025
v -0.02157329 -0.01874439 0.00353652
v -0.02007873 -0.02115364 0.00353704
v -0.04554548 -0.02810922 0.00363868
v -0.04137207 -0.02795420 0.00362661
v -0.03957288 -0.03126211 0.00362376
v -0.03749851 -0.02788735 0.00361443
v -0.03575076 -0.03089969 0.00361227
v -0.03894948 -0.02486381 0.00361666
v -0.03753376 -0.03443443 0.00362126
v -0.03378123 -0.03374223 0.00361021
v -0.00723250 -0.01847545 0.00348831
v -0.00801800 -0.00629320 0.00249940
v 0.04584553 0.03086257 0.00358169
v 0.04335883 0.02738232 0.00357384
v 0.04490111 0.02402091 0.00356970
v 0.04086539 0.02428982 0.00356527
v 0.03985761 0.02712253 0.00356947
v 0.04212060 0.02103408 0.00356150
v 0.04624709 0.02048923 0.00356603
v 0.04318785 0.01777660 0.00355817
v 0.00896221 0.02945222 0.00354314
v 0.04289098 0.06495933 0.00363755
v -0.04737069 -0.05784864 0.00365947
v -0.05250963 -0.05532373 0.00366430
v -0.03779084 0.06088921 0.00368700
v -0.04887062 0.01961336 0.00365739
v -0.04674366 0.01606179 0.00364801
v -0.04888176 0.01276727 0.00365364
v -0.04466351 0.01281552 0.00363783
v -0.04259958 0.01566432 0.00363292
v -0.04405077 0.01938204 0.00364221
v -0.05587065 0.05212278 0.00369460
v -0.00925022 0.03518484 0.00358015
v -0.01224165 0.03545238 0.00358618
v 0.03451155 -0.00867642 0.00351870
v -0.01993114 -0.02949477 0.00355827
v -0.01714164 -0.00211838 0.00348862
v -0.02498372 -0.04901513 0.00361429
v -0.02683045 -0.04555469 0.00361176
v -0.02113241 -0.04879554 0.00360713
v -0.03089645 -0.04587545 0.00362003
v -0.02880661 -0.04181022 0.00360958
v -0.02450497 -0.04197346 0.00360088
v -0.01922237 -0.05228880 0.00361027
v -0.01744465 -0.04853098 0.00360019
v -0.01919967 -0.04519758 0.00359652
v -0.02110967 -0.05610978 0.00361981
v -0.00072420 -0.01095330 0.00249940
v 0.04360264 -0.02302866 0.00354820
v 0.04161557 -0.01919941 0.00354201
v 0.00217125 0.03171085 0.00355236
v 0.00505454 0.03255342 0.00355597
v -0.03469229 0.02838909 0.00362443
v -0.03283612 0.03179418 0.00362528
v -0.03482132 0.03542702 0.00363710
v -0.03102550 0.03481579 0.00362642
v -0.03284243 0.03843741 0.00363800
v -0.02916767 0.03770242 0.00362813
v -0.03082609 0.04122999 0.00363932
v -0.02722234 0.04052187 0.00363096
v -0.02892795 0.04402383 0.00364227
v -0.02491433 0.04344888 0.00363489
v -0.03438628 0.04218923 0.00364881
v -0.02718216 0.04713148 0.00364729
v -0.02342840 0.04689009 0.00364168
v -0.02180310 0.04415065 0.00363151
v -0.00412149 -0.04717414 0.00357585
v -0.00058419 -0.04703460 0.00357135
v 0.02682267 0.02103397 0.00353563
v 0.02582725 0.02422363 0.00354294
v -0.01943538 0.05308837 0.00365403
v -0.02761892 -0.07348454 0.00365714
v -0.02401232 -0.07215908 0.00365010
v -0.04163031 -0.01449753 0.00361968
v -0.03988770 -0.01722827 0.00361407
v -0.03819139 -0.01971351 0.00360919
v 0.00839568 0.04942225 0.00361952
v 0.00497251 0.04950701 0.00362154
v 0.01002753 0.04601112 0.00360738
v 0.00256874 0.05284284 0.00363377
v 0.07386722 -0.03372663 0.00358360
v -0.01762096 0.00168486 0.00349118
v -0.03645871 -0.04184334 0.00362675
v -0.03515277 -0.03739023 0.00361870
v -0.03157980 -0.03612803 0.00360736
v -0.03050087 -0.03300572 0.00359913
v -0.03226119 -0.03969984 0.00361459
v -0.01362462 -0.03534696 0.00355934
v -0.01876036 -0.01793063 0.00352452
v 0.00465499 0.05675857 0.00364413
v 0.03884818 -0.06375901 0.00358769
v 0.00733210 0.01507380 0.00348003
v -0.00809556 0.07661496 0.00371788
v 0.04732737 0.01648161 0.00356245
v 0.04973090 0.06175029 0.00362920
v -0.01021595 -0.01376125 0.00348010
v 0.04263246 0.03842587 0.00359285
v 0.03985547 0.03489301 0.00358480
v 0.03842774 0.03865426 0.00359154
v 0.03580744 0.03528147 0.00358325
v 0.03690833 0.03183504 0.00357657
v 0.03433285 0.03885935 0.00359015
v 0.03174761 0.03526408 0.00358053
v -0.04293376 -0.02417019 0.00362950
v -0.05548132 -0.05123071 0.00366731
v -0.05326033 -0.04675168 0.00366315
v 0.01680655 -0.05465031 0.00357768
v 0.01341332 -0.05378707 0.00357737
v 0.01024176 -0.05644451 0.00358373
v 0.00582184 -0.05663412 0.00358653
v 0.00787300 -0.06056076 0.00359165
v 0.04103221 0.03072499 0.00357785
v -0.01580495 0.04550068 0.00362766
v -0.06001551 0.02862390 0.00369537
v 0.03072887 0.06867181 0.00365274
v -0.03535677 0.04657333 0.00365890
v -0.03163405 -0.00676978 0.00356820
v -0.01038370 0.04869350 0.00363083
v 0.03683253 0.04239506 0.00359857
v -0.00039598 -0.05352026 0.00358586
v -0.02186080 0.02451657 0.00357039
v 0.00965007 0.01569099 0.00348647
v 0.00341114 -0.05257832 0.00358071
v 0.07120479 -0.01009238 0.00357805
v 0.07133531 -0.00555410 0.00357847
v 0.06725730 -0.00795408 0.00357465
v 0.07164986 -0.00088369 0.00357954
v 0.07603264 -0.00327755 0.00358242
v 0.07680072 0.00205069 0.00358380
v 0.00776508 -0.03100836 0.00351914
v 0.00886190 -0.03351177 0.00352691
v 0.00613880 -0.03352576 0.00352747
v 0.01554391 -0.00484709 0.00345743
v 0.00389830 -0.06052060 0.00359484
v -0.05606820 -0.04239607 0.00366742
v -0.05626558 -0.03758359 0.00366806
v 0.01232616 0.02691677 0.00353465
v -0.05166075 -0.01121940 0.00365767
v -0.04897541 -0.00757659 0.00364821
v -0.05381022 -0.00774744 0.00366600
v -0.02289665 -0.04539641 0.00360399
v -0.00578874 -0.06435379 0.00361174
v 0.01174010 0.07489632 0.00368870
v 0.00759275 0.07539316 0.00369512
v 0.01282645 0.07105734 0.00367738
v -0.07101082 0.02198062 0.00372769
v -0.07670496 0.02142066 0.00374390
v -0.01760192 0.03010890 0.00357678
v 0.06778443 0.03292837 0.00359798
v 0.03999973 -0.04040318 0.00356281
v 0.03760952 -0.03622505 0.00355576
v 0.03383851 -0.03409061 0.00354880
v 0.01340101 0.01212895 0.00348147
v -0.00675240 -0.00469780 0.00249940
v 0.02798192 0.03595601 0.00357956
v -0.05335377 0.01277593 0.00366926
v -0.05073359 0.00892857 0.00365897
v -0.05568597 0.00927212 0.00367640
v 0.01763496 0.02142222 0.00352056
v 0.04615914 0.00415879 0.00354842
v 0.00066451 -0.03455404 0.00353382
v 0.02462614 -0.01285938 0.00349558
v 0.02128386 -0.01206136 0.00348419
v -0.04283320 0.03660763 0.00365826
v 0.02203076 0.05768843 0.00363625
v 0.02539493 -0.02044994 0.00351011
v -0.03391466 0.06284510 0.00368824
v -0.02965218 0.06470648 0.00369002
v 0.00726567 -0.07162936 0.00360920
v 0.07680637 0.02236289 0.00359352
v 0.05381756 -0.01202991 0.00355846
v -0.03736961 -0.06516288 0.00365450
v -0.04136349 -0.06441520 0.00365789
v -0.00941650 0.00542860 0.00249940
v -0.00761437 -0.04098491 0.00356506
v 0.04916202 0.02368772 0.00357368
v -0.00431850 -0.00798790 0.00249940
v -0.02333829 0.05354662 0.00365914
v -0.04159459 -0.03490989 0.00363203
v -0.00279184 -0.04380119 0.00356584
v -0.03312313 -0.04948899 0.00362942
v 0.06182438 -0.02828427 0.00357329
v 0.03340154 0.03239945 0.00357459
v 0.00867180 0.00057850 0.00249940
v -0.00816816 -0.07568071 0.00363242
v 0.05754434 -0.02788744 0.00356899
v -0.07880863 -0.00630245 0.00376414
v 0.03050298 -0.07344427 0.00359779
v 0.00271248 0.01739100 0.00348702
v -0.01941013 -0.06744080 0.00363549
v 0.02169629 -0.04789357 0.00356567
v 0.05846974 0.04196817 0.00360394
v 0.03351992 0.00757373 0.00352456
v -0.09478054 -0.00015052 0.00386803
v 0.06020593 0.00843376 0.00357130
v 0.04483900 -0.03364570 0.00355977
v -0.04985335 -0.02140165 0.00365079
v -0.00286088 0.04724473 0.00361931
v 0.00048528 0.04675340 0.00361487
v -0.01569197 -0.04493306 0.00358937
v -0.02078378 -0.04191735 0.00359269
v -0.00234786 -0.02126309 0.00348846
v 0.01362193 -0.03982670 0.00354594
v 0.01670370 -0.03955597 0.00354604
v 0.01050223 -0.03996429 0.00354598
v -0.02371628 0.03967550 0.00362241
v -0.04486383 0.02642547 0.00365184
v 0.01771178 0.05158815 0.00362216
v 0.01889823 0.04799495 0.00361135
v -0.00749931 0.05858068 0.00365912
v -0.04068334 0.01269884 0.00362174
v -0.02249832 -0.00619775 0.00352070
v -0.02687902 -0.00936636 0.00354669
v -0.01733476 0.05631073 0.00366117
v -0.07104900 0.03578122 0.00371902
v 0.03828276 0.05735720 0.00362723
v -0.03876042 0.03605059 0.00364778
v -0.06470949 0.01694913 0.00370877
v 0.03733472 -0.05108791 0.00357442
v 0.00833620 -0.00776830 0.00249940
v -0.04480653 -0.00858397 0.00363132
v 0.03680924 0.02481363 0.00356094
v -0.01465086 0.06672087 0.00368906
v 0.02399496 -0.04500694 0.00356061
v 0.02551941 -0.07555847 0.00360113
v 0.00244310 -0.07195829 0.00361410
v 0.05972787 0.01929310 0.00357891
v 0.05564401 0.00901336 0.00356639
v 0.01883966 -0.04230633 0.00355349
v 0.03753425 -0.02563020 0.00354173
v 0.00250860 0.00895960 0.00249940
v 0.05100711 -0.01472400 0.00355496
v 0.04978215 -0.01115753 0.00355200
v 0.01567629 0.05986476 0.00364595
v -0.01801387 -0.03201441 0.00356043
v 0.00912759 -0.04305987 0.00355491
v 0.05251844 0.04564868 0.00360765
v -0.03111899 -0.06021411 0.00364068
v -0.00917770 0.00417750 0.00249940
v 0.01756081 0.06450461 0.00365590
v -0.00754895 -0.02564790 0.00351599
v 0.03266724 0.00258236 0.00351640
v -0.00754554 -0.06058855 0.00360772
v 0.00205868 0.07959232 0.00371574
v -0.01779836 -0.07891274 0.00365345
v 0.04348843 -0.01301546 0.00354125
v -0.02499186 0.06429186 0.00368727
v 0.02045394 0.02161915 0.00352572
v 0.00032710 -0.01123630 0.00249940
v -0.07188834 -0.03007515 0.00370977
v -0.05175895 -0.00425863 0.00365893
v -0.01780118 0.01642474 0.00352967
v 0.02398971 0.00729373 0.00349809
v 0.02116066 -0.03739593 0.00354359
v -0.06497255 -0.00415669 0.00370928
v 0.02026632 0.02997566 0.00355393
v -0.01244297 0.07004736 0.00369815
v 0.00167185 0.02435042 0.00352006
v 0.00081608 0.01721359 0.00348557
v 0.01392809 0.02318946 0.00352208
v 0.03275238 0.04257771 0.00359797
v -0.05133139 0.04545620 0.00368368
v -0.01327555 -0.02031364 0.00351235
v 0.05522964 0.00099237 0.00356190
v 0.06733835 0.05284102 0.00361632
v 0.00841490 -0.02060210 0.00348183
v -0.02153290 0.01446486 0.00353881
v -0.02250255 0.01218197 0.00353683
v -0.02049787 0.01667146 0.00354109
v -0.02577126 0.01215185 0.00355301
v -0.00365307 0.05793922 0.00365386
v 0.05233056 -0.00835255 0.00355574
v 0.02527117 0.05023421 0.00361611
v -0.01983916 0.04637490 0.00363518
v -0.05368248 0.00561951 0.00366847
v 0.01127350 -0.03469159 0.00353127
v 0.04450205 -0.00718398 0.00354173
v -0.06246830 0.02110225 0.00370134
v 0.02124201 0.04263149 0.00359537
v -0.01357096 0.02046655 0.00353030
v -0.06065353 -0.01834466 0.00368745
v 0.03204519 -0.03962614 0.00355577
v 0.00532638 -0.03696349 0.00353858
v 0.02206167 0.07323752 0.00367063
v 0.05317043 -0.04226007 0.00357395
v -0.02791000 -0.01380263 0.00355673
v -0.07402123 0.01728802 0.00373941
v 0.01022400 -0.00175620 0.00249940
v -0.05358233 0.03363586 0.00368104
v 0.05584105 0.03805170 0.00359806
v 0.03584770 0.05357606 0.00362109
v 0.05930938 0.03020617 0.00359035
v -0.05860685 -0.02926844 0.00367574
v -0.00772032 0.04374238 0.00361204
v 0.01348041 -0.02701306 0.00350848
v 0.01465800 -0.02002943 0.00348855
v 0.00194996 0.04331896 0.00360118
v 0.02469905 0.00139057 0.00349231
v 0.04625230 0.04967907 0.00361285
v -0.03388599 -0.02766144 0.00360211
v 0.00338911 0.06830196 0.00367937
v -0.00458160 0.06912879 0.00368942
v -0.04205470 -0.05743619 0.00365239
v 0.03815737 0.02139895 0.00355642
v -0.04149612 0.07168354 0.00370390
v -0.00124762 0.04365921 0.00360515
v -0.01268361 0.02271816 0.00353648
v 0.00488776 -0.08472994 0.00362561
v 0.07741473 -0.05623368 0.00359169
v 0.09587628 -0.00009782 0.00359371
v -0.08644738 0.03828007 0.00374145
v 0.06414635 -0.07063092 0.00359351
v -0.09182076 -0.01965701 0.00377769
v 0.08671037 -0.03876787 0.00359101
v 0.09402642 0.01940287 0.00359901
v 0.04787790 0.08167910 0.00365414
v -0.06313232 -0.07052009 0.00367623
v -0.09289765 0.01919556 0.00378959
v 0.01008634 -0.09417579 0.00362600
v 0.06454708 0.07064797 0.00363293
v 0.04753831 -0.08182399 0.00360031
v -0.08547662 -0.03863604 0.00372256
v -0.06346548 0.07051368 0.00370630
v 0.02944206 -0.08969101 0.00360926
v 0.07778911 0.05608179 0.00361912
v -0.07662446 0.05607989 0.00371606
v 0.08735647 0.03853763 0.00360847
v 0.09301131 -0.01971819 0.00359138
v -0.07616848 -0.05613227 0.00369127
v 0.02955149 0.08963666 0.00368396
v 0.01020288 0.09445968 0.00373054
v -0.01614254 -0.02717529 0.00354134
v -0.06973723 -0.02608579 0.00370855
v -0.03089280 -0.00085629 0.00356363
v -0.00193317 -0.02914985 0.00351845
v -0.03069556 0.02846020 0.00361233
v 0.04837166 -0.04943661 0.00357695
v -0.02737688 0.03420569 0.00361567
v -0.03312120 0.02298089 0.00360906
v 0.01066162 0.09920385 0.00373714
v 0.06734964 -0.07420318 0.00359523
v -0.04906649 -0.08563278 0.00367672
v 0.01057860 -0.09915787 0.00362801
v 0.09881041 0.02036731 0.00360091
v 0.10072644 -0.00008677 0.00359549
v -0.08003287 -0.05900336 0.00369326
v -0.09645606 -0.02064602 0.00378579
v -0.06636017 -0.07408708 0.00367814
v 0.04998226 -0.08582440 0.00360197
v 0.03090248 -0.09421588 0.00361105
v -0.08055060 0.05889837 0.00371795
v 0.03105582 0.09421139 0.00368681
v 0.09768978 -0.02074827 0.00359320
v 0.09109257 -0.04066109 0.00359277
v -0.06667944 0.07402519 0.00370804
v 0.05026883 0.08580238 0.00365600
v -0.09761905 0.02024915 0.00379709
v 0.08114168 -0.05911537 0.00359342
v 0.08167693 0.05903588 0.00362095
v -0.04927282 0.08569922 0.00371463
v -0.08990963 -0.04051407 0.00372551
v -0.09070898 0.04029200 0.00374430
v 0.06776885 0.07418069 0.00363477
v 0.09182368 0.04044615 0.00361025
v -0.02454214 -0.00065308 0.00353009
v -0.03540464 -0.02485200 0.00360389
v -0.03790017 -0.01434073 0.00360388
v -0.04614362 -0.04997423 0.00365242
v -0.05063872 -0.05050418 0.00366013
v -0.01660976 -0.01568905 0.00351070
v -0.04591214 0.00467419 0.00363730
v 0.01154107 0.04276513 0.00359538
v -0.03713533 0.01832730 0.00361509
v -0.03482044 -0.01942581 0.00359516
v 0.00712073 0.02232051 0.00351253
v 0.06916456 -0.01689279 0.00357653
v -0.03663758 0.03920781 0.00364802
v 0.00524807 -0.03031689 0.00351714
v 0.02610716 -0.06031776 0.00358452
v 0.01590954 0.01883791 0.00350909
v 0.04043316 0.01536275 0.00355003
v -0.03196713 -0.02465601 0.00359077
v -0.06676413 0.00593395 0.00371722
v 0.03535000 -0.02835319 0.00354203
v 0.06143420 0.01558833 0.00357737
v -0.00214680 0.00994200 0.00249940
v 0.00797780 -0.00663890 0.00249940
v 0.00444702 -0.01901795 0.00347425
v -0.01108990 -0.00041390 0.00249940
v 0.03011334 0.07879371 0.00366985
v 0.05336680 0.05421010 0.00361875
v 0.02826674 -0.03254089 0.00353953
v 0.02121551 -0.06678757 0.00359380
v -0.00980318 0.09912566 0.00382897
v -0.00983319 -0.09901300 0.00365807
v 0.03143616 0.00516570 0.00351577
v 0.03182810 -0.02757117 0.00353522
v 0.06314431 0.01184916 0.00357638
v -0.01209662 0.03006593 0.00356403
v 0.02280079 0.00917224 0.00349840
v 0.00639487 0.02958150 0.00354278
v -0.04103978 -0.00886629 0.00361473
v -0.01064600 -0.07946109 0.00364161
v 0.04583624 -0.06049684 0.00358522
v 0.02005148 0.01470515 0.00350442
v 0.02395329 -0.00624819 0.00348769
v 0.04321513 0.00998668 0.00354823
v -0.00688644 0.02463167 0.00353062
v -0.04411473 -0.00354111 0.00362722
v 0.01850016 -0.01219481 0.00347649
v -0.03222228 -0.03044837 0.00360061
v -0.00042275 0.02417333 0.00352044
v -0.06094850 -0.03305464 0.00368028
v 0.01635332 -0.01584746 0.00348016
v -0.02347939 0.00519067 0.00352831
v 0.02078956 0.01273232 0.00350119
v -0.01869636 -0.00730999 0.00350327
v -0.00103110 0.00923570 0.00249940
v -0.02032985 0.01017063 0.00352077
v -0.02150301 0.04994299 0.00364751
v -0.00459032 0.02440144 0.00352559
v 0.05816666 -0.04272527 0.00357741
v -0.05820425 0.03340880 0.00369204
v -0.02109366 -0.01516761 0.00352795
v -0.06263066 -0.00078501 0.00370082
v 0.02632290 0.07590703 0.00366969
v -0.01553898 -0.02008058 0.00351882
v -0.02210328 0.00702329 0.00352307
v -0.04640706 0.00981378 0.00364269
v 0.01186918 -0.06107909 0.00359004
v -0.00972593 -0.02534610 0.00351950
v -0.00890710 -0.00552910 0.00249940
v -0.01130511 -0.06021431 0.00361207
v -0.02332365 0.00955790 0.00353459
v 0.04592197 -0.01043035 0.00354501
v -0.01885917 0.04246467 0.00362228
v -0.05069857 -0.04260444 0.00365728
v 0.01798874 0.04244330 0.00359404
v -0.06443692 -0.04091266 0.00368394
v 0.03584614 -0.02239564 0.00353480
v -0.03829253 0.04319413 0.00365805
v -0.00922840 -0.00349140 0.00249940
v -0.02757541 -0.06693867 0.00364569
v -0.01544506 -0.05197032 0.00360370
v -0.01155332 0.08967986 0.00378389
v 0.00953152 -0.06450201 0.00359678
v 0.00332036 -0.03433943 0.00353087
v 0.02234190 -0.00792457 0.00348314
v 0.05086531 0.04974646 0.00361306
v 0.03324572 -0.05030434 0.00357223
v 0.02416600 0.01135239 0.00350613
v -0.06284280 -0.01482913 0.00369677
v -0.00945873 -0.02913193 0.00353117
v 0.03311505 -0.03076500 0.00354251
v -0.00457996 -0.04076140 0.00355980
v -0.02568977 -0.03852657 0.00359694
v -0.02758916 -0.00077385 0.00354611
v 0.03410175 0.05740598 0.00362923
v -0.03213720 0.04428512 0.00364882
v 0.01206524 -0.07303215 0.00360681
v 0.05773487 -0.02037216 0.00356591
v -0.03107932 0.04724730 0.00365357
v -0.01870040 0.01433469 0.00352614
v -0.00326375 0.02654560 0.00353288
v 0.00932710 -0.00483630 0.00249940
v -0.01392500 -0.04815105 0.00359339
v 0.00355450 0.04633967 0.00361112
v -0.02429986 -0.08528012 0.00367665
v -0.02712448 -0.08894072 0.00368824
v 0.05526411 -0.04660471 0.00357801
v 0.00869120 -0.00573970 0.00249940
v 0.02344801 0.02154772 0.00353073
v 0.04760195 0.00121499 0.00354936
v 0.06318599 -0.00646958 0.00357041
v 0.02589085 -0.00064951 0.00349464
v -0.00886750 0.00143530 0.00249940
v -0.02181441 -0.07852692 0.00365864
v -0.02461330 0.08526037 0.00373736
v -0.02729006 0.08896467 0.00373942
v -0.00680850 0.00846080 0.00249940
v 0.00942180 0.00111200 0.00249940
v -0.02535048 0.05035539 0.00365313
v -0.07887873 0.00981059 0.00376403
v -0.01481911 -0.03249158 0.00355309
v -0.00621970 -0.00764940 0.00249940
v -0.02894639 -0.03776671 0.00360342
v 0.06244312 0.03377052 0.00359617
v -0.04393590 -0.06166377 0.00365830
v 0.00936253 0.02246762 0.00351503
v -0.01509633 0.02287546 0.00354398
v -0.02896967 -0.03006146 0.00358930
v 0.02780513 -0.01344158 0.00350494
v -0.02184584 0.07494442 0.00371451
v 0.00022980 0.00916840 0.00249940
v 0.01339913 0.04576501 0.00360551
v 0.00136330 0.00909930 0.00249940
v 0.02774971 -0.06506042 0.00358993
v -0.07820086 -0.01024659 0.00375670
v -0.01345741 -0.06394346 0.00362116
v -0.02214815 0.01921808 0.00355535
v -0.06699596 -0.00045630 0.00371813
v 0.00271790 -0.00890660 0.00249940
v 0.03090514 -0.05357339 0.00357598
v 0.07456238 0.01424990 0.00358722
v -0.03003027 0.00332341 0.00356033
v -0.00793580 -0.00063300 0.00249940
v -0.06742254 -0.01485686 0.00371243
v 0.01667735 0.04541617 0.00360368
v 0.00050741 -0.02940465 0.00351673
v 0.03960915 -0.02267640 0.00354178
v -0.01199869 -0.03246018 0.00354638
v 0.00830014 0.04291072 0.00359670
v -0.03033261 0.06877040 0.00369869
v -0.03036586 -0.00923841 0.00356387
v 0.01591577 -0.04895792 0.00356741
v -0.02640630 -0.01598686 0.00355285
v -0.01305316 0.08075033 0.00373738
v -0.00315500 -0.00840600 0.00249940
v 0.02340964 -0.01029489 0.00348862
v 0.00161090 0.07216225 0.00369311
v -0.04365917 0.05487813 0.00368338
v -0.04187443 0.05859680 0.00368661
v 0.01800544 -0.03668365 0.00353972
v 0.05281387 -0.05015316 0.00357928
v 0.06605688 0.01523517 0.00358127
v 0.01874178 -0.01626992 0.00348653
v 0.03655998 0.06124130 0.00363518
v 0.01302900 -0.08335598 0.00361609
v -0.01366914 0.03279354 0.00357817
v 0.00943750 -0.00111210 0.00249940
v 0.02864639 -0.00099140 0.00350269
v -0.05575298 0.05623291 0.00369633
v 0.00666320 0.00672470 0.00249940
v -0.02932297 0.05061620 0.00365857
v -0.01666918 0.02524403 0.00355693
v -0.06823978 0.00280447 0.00372346
v -0.03039663 0.09490032 0.00374658
v -0.03029323 -0.09489076 0.00370901
v -0.02365681 0.02203076 0.00356949
v 0.02001490 -0.01435652 0.00348522
v 0.02955607 -0.01132336 0.00350725
v 0.00836601 0.08593303 0.00371798
v 0.00795930 0.00550880 0.00249940
v 0.00480250 0.00807470 0.00249940
v 0.02906185 0.03285231 0.00357191
v -0.01558356 -0.06759995 0.00363024
v -0.06991141 -0.01855750 0.00371755
v 0.03256050 -0.05777595 0.00358132
v -0.00492680 0.00766180 0.00249940
v -0.06945242 0.04008997 0.00371386
v -0.06841779 0.04456210 0.00371052
v 0.01074431 0.02475760 0.00352524
v -0.04532235 0.06542104 0.00369730
v -0.03076596 0.06085784 0.00368251
v 0.06757912 0.02875925 0.00359393
v -0.01001245 -0.05363332 0.00359833
v 0.05631334 0.04509342 0.00360760
v -0.04532242 0.06978026 0.00370207
v 0.00750791 -0.06735148 0.00360305
v 0.01141832 0.02933707 0.00354393
v -0.02104105 -0.07063434 0.00364338
v -0.08619219 -0.00118998 0.00380611
v -0.01941811 -0.02428656 0.00354295
v -0.00857540 -0.00444010 0.00249940
v 0.05944066 -0.06303644 0.00358899
v 0.03283042 -0.01150920 0.00351600
v 0.00472980 -0.00894660 0.00249940
v 0.05784607 0.06483753 0.00362929
v -0.05850004 0.06341357 0.00370154
v 0.03053629 0.06455220 0.00364551
v 0.02575711 -0.08166437 0.00360547
v -0.05931474 0.04480665 0.00369713
v -0.04672092 -0.07610327 0.00367107
v -0.04615815 0.07684282 0.00370946
v 0.08404433 0.01877453 0.00359465
v -0.06920110 -0.04929995 0.00368698
v 0.04446113 0.07351802 0.00364760
v -0.01758707 -0.01979261 0.00352449
v -0.08386671 -0.01675386 0.00376331
v 0.00873778 -0.03657665 0.00353649
v -0.00294040 0.00936420 0.00249940
v 0.03413103 -0.06208204 0.00358606
v -0.00237108 0.07254342 0.00369857
v -0.00643183 0.08657106 0.00375756
v -0.03290222 -0.06399362 0.00364819
v 0.02136339 0.05080174 0.00361846
v 0.00873420 0.00625720 0.00249940
v 0.03878251 -0.01718199 0.00353449
v -0.01670417 0.03287400 0.00358511
v 0.05343693 -0.02753105 0.00356439
v -0.07895217 0.01677975 0.00375612
v -0.07183498 -0.03661512 0.00370240
v 0.01795725 -0.07757613 0.00360708
v -0.07432106 -0.02640994 0.00372024
v 0.09037661 -0.00214474 0.00359112
v -0.00634790 0.07291444 0.00370346
v 0.00728764 -0.08917998 0.00362549
v 0.03113324 -0.03263158 0.00354292
v -0.05798296 -0.06787173 0.00367311
v 0.00981070 -0.00387330 0.00249940
v -0.08724115 0.01994864 0.00377632
v 0.08282343 -0.03495432 0.00358868
v 0.01852798 -0.02013317 0.00349500
v -0.08132732 -0.03480208 0.00372092
v -0.01052057 -0.08915475 0.00365450
v 0.02988619 0.08400923 0.00367790
v 0.06907198 0.01861994 0.00358610
v 0.01916892 -0.01054369 0.00347550
v -0.04251071 0.00995463 0.00362649
v -0.00810610 -0.00728560 0.00249940
v 0.07243228 0.05449002 0.00361745
v -0.08149085 0.00020578 0.00378093
v -0.01076454 0.03259850 0.00357184
v -0.00002970 -0.01030450 0.00249940
v -0.00231588 0.03152339 0.00355437
v -0.01005104 0.08627077 0.00376302
v 0.03905355 0.06446517 0.00363935
v -0.00198120 -0.00888490 0.00249940
v 0.05075055 0.05732768 0.00362333
v -0.02175221 0.08175959 0.00373479
v 0.07123435 -0.01378452 0.00357806
v 0.07374617 -0.01668890 0.00358040
v -0.06673517 0.02024295 0.00371520
v 0.04462013 -0.01643351 0.00354509
v -0.01313404 0.04355806 0.00361721
v -0.07215134 -0.02245162 0.00371968
v -0.02109945 -0.08206217 0.00366494
v -0.07470507 0.00404686 0.00374961
v -0.01028260 0.00248540 0.00249940
v -0.04065958 -0.07217906 0.00366513
v -0.00792075 0.03234137 0.00356586
v 0.00017134 -0.04339205 0.00356140
v 0.05561416 -0.02405909 0.00356508
v 0.02709481 -0.07010142 0.00359567
v 0.04670851 0.06479866 0.00363482
v -0.01952540 0.02295600 0.00355728
v 0.07556164 -0.02914175 0.00358360
v -0.01560474 -0.01001843 0.00349256
v -0.02669029 -0.01171521 0.00354829
v 0.04995161 0.00380165 0.00355476
v 0.07261470 -0.05465149 0.00358934
v -0.07314089 0.05118026 0.00371429
v 0.04348404 0.07821534 0.00365340
v 0.08292024 0.03463019 0.00360527
v -0.08632784 -0.02054862 0.00376340
v -0.08127322 0.03777011 0.00373538
v 0.04647352 -0.07680204 0.00359744
v -0.05839440 0.06799105 0.00370377
v 0.06272112 0.06557161 0.00362937
v 0.08930264 -0.01666057 0.00358956
v -0.08985786 0.00187302 0.00383050
v -0.07081723 -0.05470431 0.00368696
v 0.08924796 0.01633836 0.00359605
v 0.02983420 -0.08413317 0.00360608
v 0.05906454 -0.06783552 0.00359139
v 0.01176575 0.08900096 0.00371909
v -0.01060014 -0.08603298 0.00365154
v -0.07533706 -0.01864720 0.00373394
v 0.05941663 -0.03187199 0.00357265
v 0.00671513 0.04619622 0.00360918
v -0.05335402 -0.03542592 0.00366150
v -0.00087100 -0.00884570 0.00249940
v -0.02755801 -0.03265387 0.00359020
v 0.02660685 0.07098323 0.00366100
v -0.01024605 0.07334177 0.00370779
v 0.08316707 -0.01280964 0.00358630
v 0.07428767 0.02602882 0.00359506
v 0.07445477 0.01810902 0.00358934
v 0.01378948 -0.07810295 0.00361060
v 0.04361957 0.01502996 0.00355505
v 0.00550320 -0.00804620 0.00249940
v -0.00509791 0.03200224 0.00356006
v 0.06410317 -0.00990764 0.00357125
v 0.00553033 0.07179620 0.00368761
v -0.05659413 0.02654474 0.00368532
v 0.01093530 -0.00236350 0.00249940
v -0.06009232 -0.03964361 0.00367564
v 0.01949010 0.04499741 0.00360214
v 0.00192561 -0.04559183 0.00356537
v 0.05490734 -0.05383522 0.00358265
v 0.03010765 -0.06110700 0.00358512
v -0.00117570 0.01019610 0.00249940
v -0.01832243 0.02756589 0.00356981
v 0.05042117 -0.05959836 0.00358535
v 0.03245846 -0.00317152 0.00351204
v -0.02224411 -0.01688371 0.00353505
v -0.01854326 -0.02693074 0.00354739
v 0.02064605 -0.02061897 0.00349994
v -0.01093390 0.00141400 0.00249940
v 0.04301910 -0.06319632 0.00358724
v 0.00964170 0.00186710 0.00249940
v 0.00171535 -0.03196357 0.00352431
v -0.07329198 -0.03365581 0.00370923
v 0.01756443 -0.01801100 0.00348835
v -0.02972840 -0.00508668 0.00355769
v -0.03674704 -0.02217681 0.00360601
v -0.03017446 0.07512694 0.00371192
v 0.02616062 0.01828490 0.00352655
v 0.01124560 0.00209790 0.00249940
v -0.04054954 0.01782496 0.00362757
v -0.05452770 0.04817919 0.00369061
v -0.04818544 0.04801757 0.00368119
v 0.05714570 -0.03520482 0.00357230
v 0.01999587 0.05451508 0.00362893
v 0.04720476 -0.01381647 0.00354835
v -0.00781240 -0.00519810 0.00249940
v -0.04815099 -0.05344562 0.00365792
v 0.00340261 -0.02062322 0.00348041
v -0.01142177 -0.08295710 0.00364892
v 0.00555457 0.07871535 0.00370712
v -0.10099999 0.00089057 0.00391529
v 0.03197637 -0.00714688 0.00351099
v 0.03397869 -0.03715761 0.00355349
v 0.05159599 -0.01785052 0.00355701
v 0.08482186 0.00493162 0.00358950
v 0.02289477 0.07774018 0.00367702
v -0.04562550 -0.00594249 0.00363391
v 0.06805002 0.00096808 0.00357671
v 0.00471150 0.00896330 0.00249940
v -0.07553045 -0.00783755 0.00374793
v -0.01080575 0.08295046 0.00374650
v 0.02785419 0.01424333 0.00352140
v -0.05877901 0.05515267 0.00369915
v -0.00812660 0.00718900 0.00249940
v -0.05959045 -0.05912117 0.00367291
v -0.01000570 0.00353230 0.00249940
v 0.03097496 -0.00515893 0.00350814
v 0.00939284 0.07145457 0.00368245
v 0.06514990 -0.05356901 0.00358609
v -0.01910784 0.02511287 0.00356317
v -0.01181959 0.07707122 0.00372206
v -0.03267989 -0.04306146 0.00361990
v 0.07626287 0.01175566 0.00358701
v -0.00075300 0.01080420 0.00249940
v 0.01660918 -0.01950665 0.00349027
v -0.07347599 0.03923600 0.00372176
v 0.00175520 -0.02021057 0.00347940
v 0.04663085 -0.06900821 0.00359206
v -0.02096083 -0.00739983 0.00351429
v 0.00053981 -0.05040727 0.00357815
v 0.08021395 0.03099064 0.00360149
v -0.00536060 -0.00810590 0.00249940
v -0.00852640 -0.00129110 0.00249940
v 0.00888990 -0.00406930 0.00249940
v 0.01554688 -0.05161689 0.00357236
v 0.00371111 0.07561498 0.00370100
v 0.06818855 0.04450649 0.00360908
v -0.04736619 0.00715560 0.00364459
v 0.03100057 -0.00139172 0.00350871
v -0.00004505 0.03095206 0.00354986
v 0.01515259 0.06821594 0.00366725
v 0.00217462 0.04923297 0.00362184
v -0.03057930 -0.08814673 0.00368903
v 0.00715144 0.03440071 0.00356298
v -0.00141660 0.02599642 0.00352864
v -0.03074215 0.08816997 0.00373665
v -0.04107412 -0.06821789 0.00366133
v 0.00213220 -0.00977290 0.00249940
v 0.02700995 0.01627907 0.00352381
v 0.01223107 0.03391765 0.00356124
v 0.05323043 0.00337088 0.00355990
v 0.00279617 0.03429552 0.00356349
v -0.06613194 -0.04496444 0.00368456
v -0.04503862 0.06159005 0.00369250
v -0.04477025 -0.06617190 0.00366295
v 0.05876077 -0.03856572 0.00357559
v -0.00306160 -0.00942360 0.00249940
v 0.02285112 0.01270343 0.00350575
v -0.05933444 -0.03607242 0.00367521
v 0.07143615 0.02949925 0.00359665
v -0.03060568 0.00677524 0.00356667
v 0.02454888 -0.06726083 0.00359321
v 0.00793499 0.03200057 0.00355344
v -0.03601930 0.02322029 0.00361909
v 0.01545222 0.00880198 0.00347661
v -0.00403890 0.00783210 0.00249940
v 0.01121530 0.06779888 0.00367004
v 0.02094747 -0.04453546 0.00355869
v 0.06295817 -0.04492711 0.00358113
v 0.01938310 -0.03942954 0.00354693
v 0.08190955 0.00258705 0.00358708
v -0.01274948 0.01040103 0.00348573
v -0.02484892 -0.01076061 0.00353874
v -0.01413366 -0.07791718 0.00364549
v -0.06131614 0.04251341 0.00369997
v -0.01248279 -0.09011737 0.00365770
v -0.03741375 0.02118479 0.00362074
v -0.05600940 -0.05860257 0.00366890
v -0.00873010 0.00487140 0.00249940
v -0.05826629 0.04814605 0.00369664
v 0.07911361 0.01931707 0.00359260
v -0.00937280 0.00215320 0.00249940
v 0.03403961 0.02941838 0.00356795
v 0.06402263 -0.04948962 0.00358375
v -0.02899849 -0.03499107 0.00359839
v 0.01545544 -0.02255766 0.00349675
v -0.00744300 0.00478340 0.00249940
v 0.00368550 -0.00922930 0.00249940
v 0.01880798 0.05768559 0.00363835
v -0.07153320 0.04695066 0.00371421
v 0.04632365 -0.06509704 0.00358894
v 0.00384922 -0.03196227 0.00352297
v -0.01093638 -0.03022423 0.00353724
v -0.04291664 0.07930546 0.00371162
v 0.03719045 0.02843822 0.00356935
v -0.02660512 -0.07010520 0.00364973
v -0.01219402 0.04603447 0.00362396
v -0.00317950 0.01007520 0.00249940
v -0.07892621 -0.00272072 0.00376706
v -0.08043004 0.01287469 0.00376693
v -0.03781816 0.05732998 0.00368102
v -0.03171012 0.00482771 0.00356956
v -0.06256067 0.02524960 0.00370191
v -0.07959236 -0.01675049 0.00375006
v 0.00515970 0.00955040 0.00249940
v -0.02051503 -0.01684586 0.00352904
v -0.02298678 0.07834057 0.00372351
v -0.00003212 0.05366467 0.00363767
v 0.01273358 0.02475923 0.00352671
v -0.00068367 -0.01689176 0.00346734
v 0.07471161 -0.03850770 0.00358529
v 0.01046903 0.03173225 0.00355260
v -0.03458996 0.02523787 0.00361784
v 0.00645270 -0.00810460 0.00249940
v -0.04483851 0.07342512 0.00370598
v 0.01173702 -0.03746839 0.00353932
v -0.01984155 0.02962069 0.00358062
v -0.00901296 -0.02731922 0.00352474
v 0.03122258 0.03265768 0.00357322
v 0.00506434 -0.02091536 0.00348130
v -0.03969355 -0.02224142 0.00361671
v -0.00950814 0.04589213 0.00362066
v -0.03071390 -0.06650695 0.00364915
v 0.07797043 -0.02313691 0.00358399
v 0.01067505 -0.05246758 0.00357608
v -0.06812746 -0.04195887 0.00369071
v -0.01762933 -0.02906782 0.00355039
v -0.03094391 -0.07409752 0.00366137
v 0.04230223 -0.07633107 0.00359731
v -0.06951126 0.05320874 0.00371020
v -0.08042501 0.03365979 0.00373736
v -0.02195479 0.04176511 0.00362535
v -0.01620908 0.00061813 0.00348262
v 0.02136684 0.08086994 0.00368486
v 0.07247603 -0.05036248 0.00358790
v 0.07959816 0.03737473 0.00360592
v -0.09990678 -0.02137221 -0.00008363
v -0.10111439 0.02099134 0.00000312
v -0.09393212 0.04175343 0.00008089
v -0.08343361 0.06100494 0.00000199
v -0.03118028 0.09750275 0.00007961
v -0.05104391 0.08872300 -0.00007448
v -0.06907109 0.07663662 0.00000179
v -0.01011427 -0.10262357 0.00007340
v 0.01093126 -0.10274379 -0.00007982
v -0.03106290 -0.09748913 -0.00000245
v -0.06874859 -0.07670911 0.00007272
v -0.05082775 -0.08874684 -0.00000485
v -0.09316120 -0.04194195 -0.00008189
v -0.08289265 -0.06111295 0.00007278
v 0.10116200 -0.02149059 0.00007402
v 0.10429605 -0.00006559 0.00007310
v 0.09433958 -0.04209537 0.00007381
v 0.06973680 -0.07682737 -0.00000366
v 0.08397559 -0.06122997 0.00007275
v 0.03198753 -0.09757913 -0.00007998
v 0.05176868 -0.08885626 -0.00000385
v 0.07016445 0.07680648 0.00000056
v 0.05205041 0.08886700 -0.00007495
v 0.08456142 0.06118002 0.00007562
v 0.03215736 0.09759602 0.00000314
v 0.01100494 0.10273042 0.00007905
v 0.09510233 0.04189106 -0.00007611
v 0.10232990 0.02109208 -0.00000196
v -0.00127520 0.00809970 -0.00250060
v -0.00136230 -0.00811800 -0.00250060
v 0.00585470 0.00622290 -0.00250060
v 0.00866890 -0.00168490 -0.00250060
v 0.00293130 -0.00788620 -0.00250060
v -0.00520660 -0.00632490 -0.00250060
v -0.00787970 -0.00161070 -0.00250060
v 0.00580080 -0.00632660 -0.00250060
v -0.00777170 0.00166690 -0.00250060
v -0.00512040 0.00628860 -0.00250060
v 0.00305870 0.00808040 -0.00250060
v 0.00851710 0.00161520 -0.00250060
v -0.01701141 0.08320637 -0.00374561
v -0.01686951 -0.08245675 -0.00366528
v -0.07239313 0.04208205 -0.00371361
v -0.07231929 -0.04188858 -0.00370715
v 0.07292859 -0.04241289 -0.00358922
v 0.07332135 0.04227776 -0.00360868
v 0.01735746 0.08178277 -0.00368851
v 0.01777213 -0.08221148 -0.00362009
v 0.04943394 0.06764726 -0.00363549
v -0.04888441 -0.06768337 -0.00367396
v 0.08369530 -0.00914874 -0.00358903
v -0.08320847 -0.00841274 -0.00378709
v -0.04879757 0.06790133 -0.00369782
v 0.04994726 -0.06862935 -0.00359905
v -0.03343309 -0.07684100 -0.00367462
v -0.03386657 0.07651400 -0.00371077
v 0.03546134 0.07560822 -0.00365515
v 0.06361032 0.05702926 -0.00362006
v -0.06253431 -0.05703803 -0.00368518
v -0.08365382 0.00865492 -0.00378155
v 0.06297853 -0.05684372 -0.00359284
v 0.03452829 -0.07637071 -0.00360751
v 0.08488516 0.00835949 -0.00359411
v 0.00029829 -0.08455547 -0.00363806
v 0.00031961 0.08455864 -0.00373195
v -0.07928559 0.02610547 -0.00374052
v -0.06261076 0.05646599 -0.00369978
v -0.07891150 -0.02573846 -0.00374121
v 0.07991023 -0.02602659 -0.00358748
v 0.08024394 0.02612610 -0.00360091
v 0.00080590 0.00831400 -0.00250060
v -0.00333370 0.00744620 -0.00250060
v -0.00661560 -0.00464240 -0.00250060
v 0.00721140 0.00465820 -0.00250060
v 0.00783510 -0.00369870 -0.00250060
v -0.00713710 0.00366710 -0.00250060
v 0.00080890 -0.00824370 -0.00250060
v -0.00334260 -0.00737510 -0.00250060
v -0.00430344 0.08430193 -0.00374146
v -0.00190456 0.08010219 -0.00372157
v 0.00252334 0.08013209 -0.00371376
v 0.00032184 0.07598689 -0.00370446
v -0.00397961 0.07590318 -0.00370995
v -0.00184137 0.07197470 -0.00369458
v -0.00597233 0.07190843 -0.00369849
v -0.00388938 0.06811660 -0.00368454
v 0.00016500 0.06806753 -0.00368047
v -0.00188344 0.06434644 -0.00367115
v 0.00205810 0.06425232 -0.00366693
v 0.00004485 0.06061959 -0.00365797
v -0.00379564 0.06068941 -0.00366195
v -0.00194661 0.05708779 -0.00364932
v 0.00186209 0.05682484 -0.00364474
v -0.00559131 0.05711060 -0.00365309
v -0.00385204 0.05371708 -0.00364084
v -0.00720010 0.05372464 -0.00364449
v -0.00563376 0.05047929 -0.00363236
v -0.00884100 0.05065662 -0.00363672
v -0.00738837 0.04733894 -0.00362426
v -0.01063254 0.04766612 -0.00362955
v -0.00911802 0.04425676 -0.00361621
v -0.01236983 0.04457144 -0.00362183
v -0.00593448 0.04401379 -0.00361109
v -0.01075020 0.04121173 -0.00360775
v -0.01398250 0.04147926 -0.00361371
v -0.01227250 0.03823150 -0.00359889
v -0.01546727 0.03843193 -0.00360531
v -0.01734482 0.04171276 -0.00361988
v -0.01879322 0.03856249 -0.00361199
v -0.01682576 0.03537361 -0.00359661
v -0.02013384 0.03541095 -0.00360398
v -0.02224896 0.03862194 -0.00361908
v -0.02346645 0.03547384 -0.00361217
v -0.02152851 0.03242076 -0.00359739
v -0.02467255 0.03253936 -0.00360642
v -0.02293459 0.02964355 -0.00359234
v -0.02598281 0.02977876 -0.00360220
v -0.02423942 0.02691034 -0.00358817
v -0.02736225 0.02706449 -0.00359904
v -0.02551761 0.02417377 -0.00358452
v -0.02875825 0.02435527 -0.00359693
v -0.02681087 0.02143219 -0.00358178
v -0.03015966 0.02168329 -0.00359600
v -0.02822730 0.01880029 -0.00358132
v -0.03157935 0.01909771 -0.00359636
v -0.02970736 0.01634420 -0.00358262
v -0.03301407 0.01659222 -0.00359782
v -0.03110728 0.01395509 -0.00358450
v -0.03447153 0.01409612 -0.00360041
v -0.03247426 0.01153350 -0.00358720
v -0.03595246 0.01153700 -0.00360375
v -0.03385348 0.00901471 -0.00359046
v -0.03744186 0.00888352 -0.00360738
v -0.03521911 0.00633461 -0.00359398
v -0.03895812 0.00616302 -0.00361148
v -0.03676825 0.00354199 -0.00359894
v -0.04057169 0.00344022 -0.00361701
v -0.03855704 0.00076004 -0.00360642
v -0.03646615 0.01682847 -0.00361297
v -0.03062202 0.02730772 -0.00361063
v -0.04232496 0.00072114 -0.00362429
v -0.04039350 -0.00199427 -0.00361491
v -0.04261475 0.00600866 -0.00362812
v -0.04415474 -0.00204531 -0.00363228
v -0.04225841 -0.00472501 -0.00362370
v -0.03854673 -0.00468238 -0.00360641
v -0.04045827 -0.00737294 -0.00361616
v -0.03676327 -0.00731358 -0.00359877
v -0.03865088 -0.01001755 -0.00360923
v -0.03488421 -0.00985671 -0.00359126
v -0.03680794 -0.01264397 -0.00360283
v -0.03304034 -0.01243143 -0.00358534
v -0.03501361 -0.01530018 -0.00359763
v -0.03135501 -0.01503363 -0.00358083
v -0.03319258 -0.01788720 -0.00359301
v -0.02973559 -0.01755127 -0.00357688
v -0.03143648 -0.02036438 -0.00358883
v -0.02820158 -0.02004040 -0.00357402
v -0.02992529 -0.02288832 -0.00358653
v -0.02672865 -0.02255175 -0.00357239
v -0.02851873 -0.02550993 -0.00358554
v -0.02521844 -0.02511877 -0.00357154
v -0.02705507 -0.02821674 -0.00358508
v -0.02375214 -0.02778333 -0.00357158
v -0.02549111 -0.03093279 -0.00358487
v -0.02225946 -0.03035433 -0.00357229
v -0.02376687 -0.03359069 -0.00358493
v -0.02008208 -0.03269920 -0.00357254
v -0.02200080 -0.03633252 -0.00358629
v -0.01857455 -0.03592749 -0.00357722
v -0.02033601 -0.03917103 -0.00358935
v -0.01697626 -0.03888752 -0.00358164
v -0.03182403 -0.02567609 -0.00359869
v -0.03875422 -0.01546481 -0.00361363
v -0.01529852 -0.03572991 -0.00356913
v -0.01370166 -0.03848637 -0.00357380
v -0.01505747 -0.04167794 -0.00358514
v -0.01200033 -0.04108430 -0.00357805
v -0.01062007 -0.03815003 -0.00356710
v -0.00904083 -0.04087647 -0.00357269
v -0.00759732 -0.03788730 -0.00356133
v -0.00600490 -0.04075351 -0.00356794
v -0.00455286 -0.03762958 -0.00355612
v -0.00287905 -0.04056881 -0.00356343
v -0.00143863 -0.03731230 -0.00355129
v 0.00027663 -0.04028733 -0.00355919
v 0.00168900 -0.03701053 -0.00354737
v 0.00344240 -0.03995702 -0.00355568
v 0.00499041 -0.03639558 -0.00354395
v 0.00661556 -0.03980288 -0.00355382
v 0.00817770 -0.03687323 -0.00354420
v 0.00975275 -0.03978784 -0.00355304
v 0.01111459 -0.03682823 -0.00354414
v 0.01288843 -0.03967282 -0.00355269
v 0.01415692 -0.03653479 -0.00354417
v 0.01608401 -0.03952443 -0.00355300
v 0.01741273 -0.03631234 -0.00354536
v -0.01054382 -0.04358363 -0.00358216
v 0.00506774 -0.04307389 -0.00356377
v 0.01937092 -0.03947666 -0.00355442
v 0.02081634 -0.03629273 -0.00354797
v -0.02549155 -0.03703774 -0.00359679
v -0.04415690 -0.00738558 -0.00363259
v -0.02660713 0.03531634 -0.00361924
v 0.02280835 -0.03950827 -0.00355674
v 0.02428455 -0.03623719 -0.00355094
v 0.02219337 -0.03312744 -0.00354197
v 0.02559448 -0.03307118 -0.00354553
v 0.02347918 -0.03010048 -0.00353646
v 0.02686048 -0.03010322 -0.00354076
v 0.02465315 -0.02719000 -0.00353147
v 0.02804763 -0.02717439 -0.00353649
v 0.03051199 -0.03025750 -0.00354569
v 0.03143950 -0.02704987 -0.00354123
v 0.02916878 -0.02422974 -0.00353249
v 0.03270350 -0.02433727 -0.00353888
v 0.03050182 -0.02143865 -0.00353017
v 0.03416036 -0.02157818 -0.00353743
v 0.03186232 -0.01871209 -0.00352885
v 0.03543708 -0.01861924 -0.00353604
v 0.03299550 -0.01586134 -0.00352764
v 0.03663565 -0.01570665 -0.00353525
v 0.03420800 -0.01299748 -0.00352754
v 0.03790019 -0.01290909 -0.00353552
v 0.03560720 -0.01025544 -0.00352886
v 0.03929717 -0.01018672 -0.00353686
v 0.03702757 -0.00755685 -0.00353080
v 0.04076851 -0.00742339 -0.00353887
v 0.03846627 -0.00479541 -0.00353326
v 0.04225023 -0.00457502 -0.00354136
v 0.03994276 -0.00194356 -0.00353634
v 0.04374644 -0.00167194 -0.00354448
v 0.04147402 0.00096783 -0.00354026
v 0.03920247 -0.01839271 -0.00354265
v 0.04528851 0.00128005 -0.00354832
v 0.04303329 0.00394207 -0.00354489
v 0.03928960 0.00357651 -0.00353618
v 0.04080611 0.00655492 -0.00354155
v 0.03711776 0.00611046 -0.00353224
v 0.03855195 0.00911896 -0.00353839
v 0.04227089 0.00964757 -0.00354737
v 0.04000486 0.01218766 -0.00354528
v 0.03642715 0.01167744 -0.00353643
v 0.03786589 0.01455045 -0.00354400
v 0.03451233 0.01415288 -0.00353580
v 0.03601147 0.01687978 -0.00354382
v 0.03265818 0.01652344 -0.00353580
v 0.03426409 0.01933797 -0.00354473
v 0.03080345 0.01887322 -0.00353658
v 0.03239586 0.02184328 -0.00354637
v 0.02890101 0.02121546 -0.00353803
v 0.03045210 0.02432159 -0.00354843
v 0.02690201 0.02356844 -0.00354008
v 0.02851527 0.02679127 -0.00355144
v 0.02497527 0.02606610 -0.00354388
v 0.02669158 0.02932550 -0.00355610
v 0.02322715 0.02869325 -0.00354989
v 0.02495388 0.03197153 -0.00356235
v 0.03400697 0.02496573 -0.00355604
v 0.04116658 0.01533001 -0.00355191
v 0.04464412 -0.00726058 -0.00354630
v 0.03433847 -0.02685074 -0.00354511
v 0.02153187 0.03133826 -0.00355702
v 0.02316487 0.03468821 -0.00356944
v 0.02671790 0.03531746 -0.00357401
v 0.02467946 0.03821118 -0.00358110
v 0.01471379 -0.04261673 -0.00356072
v 0.02643084 -0.03943599 -0.00355913
v 0.02141130 -0.02712817 -0.00352653
v -0.01200405 0.05126328 -0.00364263
v 0.02842114 0.03885537 -0.00358463
v -0.02128327 0.02686298 -0.00357828
v 0.01982459 0.03399754 -0.00356479
v 0.01821860 0.03070525 -0.00355199
v 0.02622415 0.04187964 -0.00359175
v -0.03259592 0.00373048 -0.00357920
v -0.02082555 -0.02753589 -0.00356066
v -0.00627291 -0.03491432 -0.00354935
v 0.03482757 -0.00502373 -0.00352446
v 0.00949566 -0.03428333 -0.00353637
v 0.02474025 -0.04290949 -0.00356491
v 0.02858387 -0.01867442 -0.00352124
v 0.03113756 0.01381389 -0.00352708
v 0.02862391 -0.04281655 -0.00356650
v 0.01654958 0.03336320 -0.00356065
v 0.01505850 0.03007934 -0.00354722
v -0.03095008 -0.00942074 -0.00357206
v -0.02465017 0.01832163 -0.00356461
v 0.02307152 0.02256004 -0.00353037
v -0.02506412 -0.01967217 -0.00355916
v -0.02924729 0.01154078 -0.00357156
v 0.03004007 0.04252501 -0.00359468
v 0.02783571 0.04559672 -0.00360182
v 0.01337522 0.03257716 -0.00355604
v 0.01210583 0.02940856 -0.00354262
v 0.01457230 0.03627670 -0.00357005
v 0.02685156 -0.04647487 -0.00357202
v 0.03089679 -0.04634312 -0.00357311
v 0.01050083 0.03167364 -0.00355122
v 0.00935166 0.02873507 -0.00353883
v 0.01079305 0.02640426 -0.00352948
v 0.00814373 0.02576342 -0.00352570
v 0.00674338 0.02811312 -0.00353579
v 0.00560292 0.02526126 -0.00352285
v 0.00425706 0.02755953 -0.00353374
v 0.00320016 0.02487410 -0.00352139
v 0.03170584 0.04626584 -0.00360390
v 0.03393726 0.04313943 -0.00359736
v 0.02942492 0.04942278 -0.00361106
v 0.02556529 0.04869231 -0.00360961
v 0.00952047 0.02346323 -0.00351603
v 0.00186030 0.02708761 -0.00353282
v 0.00088643 0.02436667 -0.00352073
v 0.02917485 -0.05007175 -0.00357831
v 0.02708536 0.05262381 -0.00361877
v 0.02312740 0.05183383 -0.00361782
v 0.03570710 0.04694145 -0.00360577
v 0.03799082 0.04369127 -0.00359967
v 0.00291191 0.02971467 -0.00354398
v -0.00050428 0.02668108 -0.00353300
v -0.00141735 0.02393223 -0.00352129
v 0.02469554 0.05591441 -0.00362705
v 0.03324868 -0.04997437 -0.00357902
v 0.03496172 -0.04622205 -0.00357442
v -0.00288135 0.02633104 -0.00353429
v -0.00371856 0.02365161 -0.00352328
v 0.03984927 0.04763030 -0.00360754
v 0.04222843 0.04428295 -0.00360199
v 0.00440491 0.02273601 -0.00351047
v 0.03739343 -0.04989091 -0.00357996
v 0.03911363 -0.04609679 -0.00357595
v 0.02868267 0.05669126 -0.00362720
v -0.00525603 0.02599203 -0.00353663
v -0.00596154 0.02337640 -0.00352635
v 0.02070614 0.05515387 -0.00362674
v 0.02227870 0.05926170 -0.00363585
v 0.03151962 -0.05376936 -0.00358388
v 0.02745094 -0.05385752 -0.00358377
v 0.04163404 -0.04979913 -0.00358114
v 0.04337078 -0.04597877 -0.00357769
v -0.00232433 0.05038528 -0.00362833
v -0.00450343 0.02109754 -0.00351261
v -0.00664505 0.02088659 -0.00351644
v -0.00818034 0.02311952 -0.00353001
v -0.00881774 0.02068258 -0.00352083
v 0.00005776 0.02130367 -0.00350625
v -0.02788750 -0.01478426 -0.00356371
v 0.03029756 -0.01305968 -0.00351832
v -0.00005081 -0.03391463 -0.00353817
v -0.00447458 0.02878085 -0.00354734
v 0.02743618 0.01825546 -0.00352773
v -0.00785426 0.06804317 -0.00368749
v 0.00478192 0.07600502 -0.00369748
v 0.04687572 0.00433588 -0.00355276
v 0.04916327 0.00159186 -0.00355559
v 0.05082631 0.00474968 -0.00355989
v 0.05311893 0.00184089 -0.00356219
v 0.05490886 0.00515451 -0.00356630
v 0.05725705 0.00202727 -0.00356813
v 0.05915921 0.00554687 -0.00357203
v 0.05666011 0.00872355 -0.00357067
v 0.06100869 0.00922590 -0.00357608
v 0.05841165 0.01255303 -0.00357528
v 0.06170001 0.00225448 -0.00357360
v 0.05950408 -0.00135448 -0.00356976
v 0.06293761 0.01299032 -0.00358032
v 0.06039925 0.01648809 -0.00358024
v 0.06409049 -0.00124385 -0.00357493
v 0.06194067 -0.00490177 -0.00357165
v 0.01890733 0.05087057 -0.00361636
v 0.04412554 0.04839255 -0.00360938
v 0.04658704 0.04498162 -0.00360447
v 0.04461044 0.04087536 -0.00359701
v 0.04900269 0.04151287 -0.00360002
v 0.04699818 0.03746607 -0.00359282
v 0.05131106 0.03804792 -0.00359616
v 0.04931142 0.03409576 -0.00358934
v 0.05347418 0.03461317 -0.00359284
v 0.01211273 0.02412612 -0.00352078
v 0.01085104 0.02135346 -0.00350818
v 0.01835264 0.05852140 -0.00363660
v -0.00706685 0.02838645 -0.00355075
v 0.05153376 0.03074380 -0.00358652
v 0.05563647 0.03119966 -0.00359027
v -0.00911658 0.05682453 -0.00365594
v 0.04163490 0.05171899 -0.00361473
v 0.02975621 -0.05761231 -0.00358894
v 0.02568181 -0.05764311 -0.00358933
v 0.03988329 -0.05365280 -0.00358486
v 0.06681470 0.00255653 -0.00357896
v -0.00453849 -0.04391100 -0.00357495
v 0.03778950 0.01954858 -0.00355201
v 0.01985114 0.06260532 -0.00364528
v -0.02898185 -0.03144866 -0.00359738
v 0.04156399 -0.01282004 -0.00354270
v -0.04609298 0.00074675 -0.00364135
v -0.04795921 -0.00215902 -0.00364901
v -0.04998696 0.00081633 -0.00365785
v -0.05192702 -0.00235782 -0.00366534
v -0.05411490 0.00082596 -0.00367419
v -0.05616041 -0.00256233 -0.00368191
v -0.05845984 0.00077108 -0.00369083
v -0.05626973 0.00417558 -0.00368232
v -0.06067523 -0.00272276 -0.00369955
v -0.05814108 -0.00610017 -0.00368871
v -0.06069138 0.00417233 -0.00369869
v -0.05850056 0.00761212 -0.00369025
v -0.06260498 -0.00635334 -0.00370591
v -0.06011966 -0.00971898 -0.00369507
v -0.06297329 0.00760460 -0.00370619
v -0.06080365 0.01108559 -0.00369794
v -0.05633960 0.01107143 -0.00368256
v -0.05866297 0.01456364 -0.00369048
v -0.05426606 0.01452172 -0.00367597
v -0.05656724 0.01803275 -0.00368398
v -0.06530309 0.01110698 -0.00371318
v -0.06446671 -0.00990389 -0.00371195
v -0.06212454 -0.01335374 -0.00370150
v -0.05223272 0.01791977 -0.00367020
v -0.05447790 0.02148458 -0.00367822
v -0.05887479 0.02165279 -0.00369116
v -0.05677274 0.02520069 -0.00368551
v -0.05237029 0.02492617 -0.00367313
v -0.05467454 0.02874436 -0.00368071
v -0.05026161 0.02838242 -0.00366903
v -0.05256881 0.03228811 -0.00367686
v -0.04818642 0.03185677 -0.00366610
v -0.05043268 0.03579682 -0.00367390
v -0.04609770 0.03531015 -0.00366406
v -0.04824639 0.03921883 -0.00367171
v -0.04392415 0.03874107 -0.00366278
v -0.04607350 0.04260192 -0.00367058
v -0.04164121 0.04223528 -0.00366252
v -0.04401639 0.04610485 -0.00367117
v -0.03953549 0.04591785 -0.00366435
v -0.05258399 0.03991526 -0.00368065
v -0.05771962 -0.01313755 -0.00368500
v -0.05972409 -0.01676915 -0.00369138
v -0.05540424 -0.01655715 -0.00367590
v -0.05741659 -0.02011718 -0.00368239
v -0.05315585 -0.01994765 -0.00366791
v -0.05523174 -0.02348077 -0.00367502
v -0.05096523 -0.02334012 -0.00366130
v -0.05310648 -0.02690614 -0.00366893
v -0.04886045 -0.02674608 -0.00365594
v -0.05100285 -0.03035616 -0.00366350
v -0.04679684 -0.03011583 -0.00365119
v -0.04890311 -0.03379207 -0.00365855
v -0.04472226 -0.03343513 -0.00364679
v -0.04677639 -0.03722068 -0.00365414
v -0.05105371 -0.03760178 -0.00366508
v -0.04885975 -0.04119430 -0.00366073
v -0.04458263 -0.04062634 -0.00365029
v -0.04648862 -0.04459861 -0.00365680
v -0.04231147 -0.04400284 -0.00364711
v -0.05935195 -0.02348291 -0.00368824
v -0.04421931 -0.04797393 -0.00365405
v -0.03992336 -0.04739968 -0.00364476
v -0.04208215 0.04984870 -0.00367353
v -0.03759697 0.04962806 -0.00366774
v -0.06125298 0.02543633 -0.00369746
v -0.06585491 -0.00283623 -0.00371955
v -0.05530235 -0.03047513 -0.00367584
v -0.03465436 -0.02072347 -0.00360270
v -0.00518840 0.01866935 -0.00350257
v -0.03354272 0.02190944 -0.00360971
v 0.03004097 0.02990979 -0.00356222
v -0.01043357 0.02291763 -0.00353418
v -0.01104045 0.02049354 -0.00352583
v -0.00936597 0.01829135 -0.00351205
v -0.01156054 0.01813338 -0.00351786
v 0.05557277 0.03848937 -0.00359897
v 0.04079507 -0.04231534 -0.00357223
v 0.04505394 -0.04216383 -0.00357451
v -0.03995291 0.05356546 -0.00367635
v -0.03552879 0.05319434 -0.00367138
v -0.03764899 0.05708872 -0.00367954
v -0.03338562 0.05670501 -0.00367565
v -0.03127232 0.05291072 -0.00366662
v -0.02920814 0.05639991 -0.00367181
v 0.01331235 0.02201000 -0.00351369
v 0.01206387 0.01934210 -0.00350148
v 0.00971847 0.01867250 -0.00349562
v 0.01077938 0.01674166 -0.00348905
v 0.01309921 0.01734640 -0.00349533
v 0.01172011 0.01481644 -0.00348302
v 0.01405556 0.01541195 -0.00349013
v 0.01270182 0.01302994 -0.00347809
v 0.01508315 0.01362088 -0.00348597
v -0.04192642 -0.05136519 -0.00365250
v -0.03761285 -0.05089820 -0.00364393
v -0.00983341 0.01598093 -0.00350357
v -0.01201885 0.01586268 -0.00351031
v -0.01381268 0.01798373 -0.00352445
v -0.01428628 0.01576708 -0.00351794
v -0.01242165 0.01367625 -0.00350320
v -0.01472241 0.01364487 -0.00351207
v -0.01286766 0.01166383 -0.00349721
v -0.01514821 0.01165327 -0.00350744
v 0.04775102 -0.04587036 -0.00357965
v 0.04940176 -0.04201340 -0.00357691
v 0.04668738 -0.03835988 -0.00357163
v 0.05104307 -0.03821991 -0.00357460
v 0.04832474 -0.03459514 -0.00356932
v 0.05272639 -0.03445976 -0.00357287
v 0.05000101 -0.03088868 -0.00356767
v 0.05441224 -0.03070373 -0.00357160
v 0.05166628 -0.02721254 -0.00356650
v 0.05607828 -0.02695555 -0.00357073
v 0.05329960 -0.02352359 -0.00356574
v 0.05773893 -0.02321549 -0.00357031
v 0.05495115 -0.01982751 -0.00356556
v 0.06060847 -0.02667544 -0.00357471
v 0.06228822 -0.02287307 -0.00357454
v 0.05373342 -0.04183900 -0.00357928
v 0.04590562 0.05264952 -0.00361604
v 0.04419381 -0.05355986 -0.00358572
v -0.05326817 -0.04153917 -0.00367064
v -0.05706854 0.03276507 -0.00368732
v 0.06661901 -0.00472113 -0.00357668
v 0.01379216 0.01141462 -0.00347500
v 0.01614313 0.01191355 -0.00348304
v 0.01486288 0.00987304 -0.00347336
v 0.01717449 0.01029095 -0.00348160
v 0.01594382 0.00836365 -0.00347299
v 0.01832647 0.00878603 -0.00348180
v 0.01710742 0.00683966 -0.00347410
v 0.01969842 0.00732206 -0.00348358
v 0.01845823 0.00531505 -0.00347667
v 0.02119147 0.00574854 -0.00348652
v 0.01994728 0.00373370 -0.00348030
v 0.02272800 0.00408621 -0.00349013
v 0.02147528 0.00207620 -0.00348476
v 0.02428748 0.00236437 -0.00349423
v 0.02304898 0.00035545 -0.00348958
v 0.02025334 0.00017903 -0.00348006
v 0.02183688 -0.00156212 -0.00348552
v 0.02553704 0.00447334 -0.00349937
v 0.02708210 0.00269328 -0.00350300
v 0.01908821 -0.00160688 -0.00347609
v 0.02064699 -0.00339083 -0.00348209
v 0.02346618 -0.00339556 -0.00349127
v 0.02228293 -0.00529031 -0.00348863
v 0.01944011 -0.00515353 -0.00347949
v 0.02115048 -0.00713251 -0.00348685
v 0.01834869 -0.00693906 -0.00347805
v 0.02011814 -0.00895449 -0.00348598
v 0.01754049 -0.00879096 -0.00347782
v 0.01918393 -0.01078422 -0.00348602
v 0.01670504 -0.01059119 -0.00347839
v 0.01830946 -0.01265316 -0.00348704
v 0.01581272 -0.01240573 -0.00347999
v 0.01747967 -0.01461614 -0.00348910
v 0.01501001 -0.01437437 -0.00348270
v 0.01667200 -0.01669090 -0.00349212
v 0.01421256 -0.01640967 -0.00348629
v 0.06500354 0.01677624 -0.00358482
v 0.05724044 -0.03432185 -0.00357628
v -0.02714946 0.05265963 -0.00366202
v -0.02514254 0.05619373 -0.00366820
v -0.02718518 0.05991210 -0.00367776
v -0.02318145 0.05984423 -0.00367524
v -0.02534264 0.06356693 -0.00368494
v -0.03962647 0.01153947 -0.00362001
v -0.06657731 -0.01348508 -0.00371847
v -0.03962770 -0.05461872 -0.00365171
v -0.03554210 -0.05440496 -0.00364466
v -0.03332136 -0.05075426 -0.00363630
v -0.03134806 -0.05431841 -0.00363807
v -0.03366571 -0.05835819 -0.00364717
v -0.02915748 -0.05762921 -0.00363964
v -0.02721003 -0.05399127 -0.00363090
v -0.02511464 -0.05724273 -0.00363307
v -0.02703455 -0.06090613 -0.00364186
v -0.02297575 -0.06053712 -0.00363557
v -0.02114880 -0.05680926 -0.00362640
v -0.01900362 -0.06008578 -0.00362904
v -0.02075559 -0.06388378 -0.00363813
v -0.01680414 -0.06340569 -0.00363161
v -0.01512351 -0.05960625 -0.00362252
v -0.01292679 -0.06292511 -0.00362517
v -0.01129544 -0.05911885 -0.00361616
v -0.00906543 -0.06244491 -0.00361897
v -0.01070497 -0.06624993 -0.00362768
v -0.00680984 -0.06579094 -0.00362172
v -0.00517671 -0.06193027 -0.00361312
v -0.00284994 -0.06532365 -0.00361623
v -0.00121566 -0.06132712 -0.00360760
v 0.00115692 -0.06484910 -0.00361138
v 0.00282351 -0.06082670 -0.00360312
v 0.00514327 -0.06442192 -0.00360731
v 0.00684829 -0.06052730 -0.00359975
v 0.00902692 -0.06412149 -0.00360402
v 0.00740349 -0.06780191 -0.00361093
v -0.00849591 -0.06954638 -0.00363004
v 0.01090662 -0.06030870 -0.00359717
v 0.01298519 -0.06431660 -0.00360214
v -0.01847482 -0.06723273 -0.00364060
v 0.00037163 -0.05684799 -0.00359834
v -0.06747676 0.00757547 -0.00372215
v -0.04490823 0.05425084 -0.00368194
v 0.06745021 0.01333617 -0.00358462
v 0.01264798 -0.01409595 -0.00347646
v 0.01186537 -0.01608239 -0.00348058
v 0.01338441 -0.01851056 -0.00349075
v 0.01103916 -0.01815901 -0.00348588
v 0.01250028 -0.02063874 -0.00349599
v 0.01018851 -0.02030200 -0.00349208
v 0.00877897 -0.01781389 -0.00348148
v 0.00796147 -0.02006244 -0.00348876
v 0.00663428 -0.01759045 -0.00347810
v 0.00581227 -0.01989731 -0.00348618
v 0.01156424 -0.02269354 -0.00350153
v 0.00461711 -0.01749640 -0.00347571
v 0.00373647 -0.01977095 -0.00348442
v 0.00489274 -0.02220033 -0.00349437
v 0.00274637 -0.02207559 -0.00349347
v 0.00170881 -0.01964138 -0.00348353
v 0.00064865 -0.02195509 -0.00349359
v -0.00032259 -0.01950277 -0.00348366
v -0.00142615 -0.02190266 -0.00349489
v -0.00238183 -0.01950507 -0.00348552
v -0.00352406 -0.02197188 -0.00349757
v -0.00448937 -0.01965288 -0.00348935
v -0.00569156 -0.02212920 -0.00350189
v -0.00664635 -0.01983013 -0.00349489
v -0.00794610 -0.02232669 -0.00350770
v -0.00888095 -0.02004663 -0.00350173
v -0.01027734 -0.02254196 -0.00351456
v -0.01118981 -0.02027862 -0.00350939
v -0.00973968 -0.01784490 -0.00349611
v -0.01204977 -0.01809690 -0.00350462
v -0.01055901 -0.01574376 -0.00349102
v -0.01288268 -0.01599465 -0.00350032
v -0.01443196 -0.01832932 -0.00351372
v -0.01530063 -0.01623229 -0.00351028
v -0.01370544 -0.01396229 -0.00349666
v -0.01616660 -0.01420512 -0.00350748
v -0.01457388 -0.01209042 -0.00349416
v -0.01698969 -0.01223979 -0.00350560
v -0.01534028 -0.01027470 -0.00349286
v -0.01772071 -0.01036515 -0.00350509
v -0.01604382 -0.00845053 -0.00349266
v -0.01858642 -0.00861878 -0.00350624
v -0.01703932 -0.00671463 -0.00349469
v -0.01967507 -0.00692587 -0.00350940
v -0.01816325 -0.00503322 -0.00349874
v -0.02083031 -0.00514172 -0.00351417
v -0.01925445 -0.00330148 -0.00350374
v -0.02200846 -0.00328220 -0.00351999
v -0.02033203 -0.00145171 -0.00350979
v -0.02325786 -0.00136407 -0.00352695
v -0.02158159 0.00046683 -0.00351806
v -0.01832351 0.00027672 -0.00349801
v -0.02000486 0.00221283 -0.00351055
v 0.00386794 -0.02453194 -0.00350278
v -0.00926577 -0.02487224 -0.00352002
v -0.00534597 -0.01735639 -0.00348103
v -0.02295653 0.00244044 -0.00352719
v -0.02138397 0.00414992 -0.00352057
v -0.01862271 0.00386936 -0.00350544
v -0.01994225 0.00570901 -0.00351573
v -0.01732720 0.00540714 -0.00350147
v -0.03491745 -0.00469631 -0.00358808
v 0.01748258 0.01403914 -0.00349303
v 0.02790512 -0.06145100 -0.00359401
v 0.03219688 -0.06160634 -0.00359357
v 0.00860011 0.01613519 -0.00348329
v -0.04045492 -0.04001997 -0.00363972
v -0.03540974 0.06063062 -0.00368388
v 0.02071034 0.00945797 -0.00349003
v 0.02374345 0.06339327 -0.00364394
v 0.01591951 0.06185247 -0.00364668
v 0.01448820 0.05769400 -0.00363736
v -0.04795336 0.02458792 -0.00366021
v 0.05541496 0.01621088 -0.00357476
v 0.06461940 -0.00841929 -0.00357415
v -0.00246403 -0.02420426 -0.00350496
v -0.04390953 0.03150543 -0.00365542
v 0.01043901 -0.01376567 -0.00347029
v -0.04821032 0.04632039 -0.00367769
v -0.03952983 0.03824400 -0.00365368
v 0.01401091 -0.01005499 -0.00346923
v 0.02515208 -0.00536027 -0.00349734
v 0.05685025 -0.00506596 -0.00356578
v 0.02352857 -0.05411591 -0.00358410
v 0.04259905 0.03683805 -0.00358898
v -0.04669838 -0.05225814 -0.00366176
v 0.01517546 -0.03292782 -0.00353510
v -0.02912329 0.04920079 -0.00365649
v 0.00859306 -0.05662099 -0.00359221
v -0.00919372 0.03797224 -0.00359289
v 0.06531520 -0.02633526 -0.00357833
v 0.06709285 -0.02241459 -0.00357842
v -0.02133191 0.06367351 -0.00368335
v -0.02366939 0.06775419 -0.00369399
v 0.04742246 0.03023877 -0.00358226
v -0.01614140 0.01785107 -0.00353175
v 0.04966401 0.02698100 -0.00357989
v -0.02248429 -0.06773234 -0.00364706
v 0.05103033 0.04572018 -0.00360669
v -0.01704513 0.01350741 -0.00352125
v 0.01742693 0.06600173 -0.00365544
v 0.02247039 -0.02435012 -0.00352140
v -0.00997583 0.07169298 -0.00370069
v 0.01752080 0.00005309 -0.00347029
v 0.01540196 0.01772461 -0.00350126
v 0.01922857 -0.01687560 -0.00349795
v -0.01327628 0.00964163 -0.00349288
v -0.02487690 -0.00331206 -0.00353634
v -0.00120166 -0.01678407 -0.00347106
v -0.00437130 -0.08445180 -0.00364484
v -0.01170900 -0.02507599 -0.00352695
v -0.06989579 0.01120087 -0.00372851
v 0.06933097 -0.00829782 -0.00357877
v 0.07172851 -0.00419762 -0.00358137
v -0.00053527 -0.06874591 -0.00361939
v -0.01009110 -0.00458860 -0.00250060
v 0.04734140 -0.02743063 -0.00356211
v 0.02164055 -0.01096739 -0.00349308
v -0.01062888 -0.02746178 -0.00353211
v -0.02423938 0.00450154 -0.00353616
v 0.02227871 0.04121662 -0.00358872
v -0.01275062 0.02271861 -0.00353912
v -0.01205476 0.02521673 -0.00354707
v 0.03021636 -0.03917967 -0.00356126
v 0.06257668 0.02038357 -0.00358554
v -0.01203353 -0.01159141 -0.00348119
v 0.04332994 0.05586326 -0.00362131
v 0.01629274 -0.00480527 -0.00346833
v -0.01668923 -0.00334597 -0.00348862
v -0.02111803 -0.00902878 -0.00351935
v 0.06722293 0.02058973 -0.00358950
v -0.01743430 0.01143126 -0.00351662
v -0.01345950 -0.05585625 -0.00361321
v -0.00970783 -0.05535388 -0.00360683
v -0.06337760 0.02176086 -0.00370385
v -0.06579780 0.02560562 -0.00370894
v -0.01688066 -0.01856388 -0.00352332
v 0.01046400 0.00477200 -0.00250060
v -0.01947850 -0.01222739 -0.00351682
v 0.02637379 -0.00331349 -0.00350011
v -0.02621822 -0.00133422 -0.00354318
v -0.04270648 -0.02981264 -0.00363875
v 0.01344594 0.06522695 -0.00365749
v -0.02945293 -0.07910271 -0.00367618
v -0.02919829 0.07807406 -0.00371696
v 0.05043832 -0.02015090 -0.00356030
v 0.05212419 -0.01647009 -0.00356059
v -0.02010507 -0.07110315 -0.00364961
v -0.06893339 -0.00965434 -0.00373004
v -0.07144125 -0.01350328 -0.00373599
v -0.06848363 -0.01738874 -0.00372233
v 0.00614164 -0.02464267 -0.00350377
v 0.01256859 -0.05624323 -0.00359000
v 0.04392597 -0.03470724 -0.00356566
v 0.01494232 -0.02106342 -0.00350056
v -0.01597534 0.00363320 -0.00349096
v -0.00809271 -0.02723786 -0.00352561
v -0.02316267 0.05245370 -0.00365758
v -0.05102939 -0.01637830 -0.00366045
v -0.06818548 0.02174957 -0.00371670
v 0.04243832 -0.05745274 -0.00358918
v -0.01043440 0.00363440 -0.00250060
v -0.04663141 -0.02318189 -0.00364737
v -0.01320236 -0.02763654 -0.00353905
v -0.04995467 0.01449196 -0.00366139
v 0.01027178 -0.05279897 -0.00358446
v 0.01398216 -0.05232385 -0.00358241
v 0.06472100 0.02435035 -0.00359066
v -0.03750140 -0.07418508 -0.00367242
v -0.03295061 -0.07196710 -0.00366613
v -0.03739097 -0.06962850 -0.00366627
v -0.03783402 0.07438199 -0.00370503
v 0.00732160 0.00879100 -0.00250060
v -0.01940917 0.01328500 -0.00353067
v 0.02831330 0.00483423 -0.00350781
v 0.02680315 0.00667223 -0.00350505
v 0.02976545 0.00300221 -0.00351067
v -0.01595824 -0.02069817 -0.00352640
v 0.00506500 -0.02703400 -0.00351185
v -0.03412332 0.07211817 -0.00370313
v 0.04704961 0.05650061 -0.00362164
v -0.00737070 0.00825980 -0.00250060
v 0.00493516 -0.08372107 -0.00363185
v 0.01491169 0.06944930 -0.00366653
v 0.01902555 0.07016691 -0.00366317
v 0.04683698 -0.05731246 -0.00358983
v 0.00532867 -0.01525498 -0.00346781
v 0.00255510 -0.01094460 -0.00250060
v -0.01990098 0.01116026 -0.00352739
v 0.05663004 -0.01615256 -0.00356612
v 0.00269022 -0.02685230 -0.00351128
v 0.05942279 -0.06013083 -0.00359406
v 0.05785018 -0.05514581 -0.00359047
v 0.06138582 -0.05188282 -0.00358934
v -0.01278048 -0.08741460 -0.00366391
v -0.01279573 0.08737895 -0.00377039
v -0.02191523 0.01313977 -0.00354080
v -0.08439397 -0.00388156 -0.00379909
v 0.08510163 0.00358668 -0.00359256
v 0.08035513 0.00570402 -0.00359046
v 0.07995981 0.01036819 -0.00359207
v 0.04462325 0.07068225 -0.00364210
v 0.03938895 -0.07471942 -0.00360463
v 0.02924935 -0.07835109 -0.00361077
v 0.03027673 0.07854166 -0.00366390
v -0.05864097 -0.06040517 -0.00368010
v 0.08294977 -0.01368674 -0.00358816
v -0.05943865 0.06023112 -0.00369809
v -0.06565331 -0.05330064 -0.00368998
v 0.07131765 0.04686687 -0.00361168
v 0.06776513 0.04222674 -0.00360710
v 0.07086956 0.03768633 -0.00360456
v -0.07041623 0.04688578 -0.00370833
v -0.06732203 0.04208690 -0.00370573
v -0.06956832 0.03711564 -0.00371155
v -0.07505115 -0.03785328 -0.00371598
v -0.06987187 -0.03772315 -0.00370692
v 0.07574723 -0.03808362 -0.00358855
v 0.07017817 -0.03798059 -0.00358606
v -0.08012912 0.02125175 -0.00374912
v -0.01921587 0.05983966 -0.00367236
v 0.02377631 -0.06139266 -0.00359483
v 0.02595789 -0.06529943 -0.00359911
v -0.01067300 0.03510164 -0.00358331
v 0.06956373 0.02455974 -0.00359412
v 0.06059404 0.06060159 -0.00362398
v -0.08032789 -0.02121328 -0.00375281
v 0.06724855 0.04698742 -0.00361096
v -0.01736939 0.06372972 -0.00368104
v -0.06491261 0.04743432 -0.00370142
v -0.07266377 -0.03307831 -0.00371627
v 0.00756238 0.01799021 -0.00349053
v 0.00658230 0.01554160 -0.00347879
v -0.07200452 0.00756197 -0.00373785
v 0.06769933 -0.04216389 -0.00358684
v 0.07208004 0.02056215 -0.00359287
v -0.06055426 -0.05260029 -0.00368347
v -0.06311337 -0.04818827 -0.00368829
v -0.06710675 -0.03369657 -0.00370459
v -0.06911308 -0.02943951 -0.00371211
v 0.04560947 0.02651854 -0.00357481
v 0.04785556 0.02336791 -0.00357296
v 0.05184911 0.02369676 -0.00357821
v -0.06487334 -0.03798851 -0.00369673
v 0.00680663 0.08012604 -0.00370563
v -0.01834657 -0.02092038 -0.00353527
v -0.05759535 0.05492660 -0.00369483
v 0.00910070 0.00680080 -0.00250060
v 0.02959600 0.00698773 -0.00351320
v 0.00558494 0.01734748 -0.00348640
v 0.00339070 0.01083580 -0.00250060
v 0.00373041 0.01680699 -0.00348341
v 0.00223960 0.01068870 -0.00250060
v 0.00195979 0.01626922 -0.00348129
v 0.03075221 0.07305835 -0.00365631
v 0.03439861 0.07081341 -0.00364942
v 0.01111470 -0.01193587 -0.00346700
v 0.00664410 -0.00856660 -0.00250060
v 0.06711547 -0.01186588 -0.00357654
v 0.07146389 -0.01211677 -0.00358041
v 0.07285087 -0.03329067 -0.00358560
v 0.05889471 0.05557547 -0.00361929
v 0.00236322 -0.07995533 -0.00363129
v 0.00658327 -0.07929632 -0.00362605
v -0.00831261 -0.01542764 -0.00348216
v -0.02257102 0.01095936 -0.00353934
v 0.03916810 0.05500415 -0.00362062
v 0.04085582 0.05909541 -0.00362699
v -0.00320692 0.01884808 -0.00349890
v -0.00383877 0.01658350 -0.00348933
v 0.06593136 0.03686620 -0.00360212
v 0.00748211 -0.02707465 -0.00351272
v 0.00538530 0.00999030 -0.00250060
v -0.05455595 0.05865012 -0.00369403
v 0.01721305 0.00341124 -0.00346966
v -0.00770267 0.01609644 -0.00349764
v -0.03958084 0.06102502 -0.00368666
v -0.00773129 0.03476412 -0.00357743
v -0.00813451 0.01388051 -0.00348904
v -0.00420890 0.01002360 -0.00250060
v 0.00107160 0.01029970 -0.00250060
v 0.05390218 -0.01288646 -0.00356190
v 0.01651120 -0.00158281 -0.00346719
v 0.01093540 -0.00002940 -0.00250060
v -0.00912023 -0.01347617 -0.00347746
v -0.00504790 -0.00954240 -0.00250060
v -0.03516157 0.04594448 -0.00365830
v -0.01448967 0.02496035 -0.00355223
v -0.01376546 0.02752324 -0.00356003
v 0.04331405 0.02967601 -0.00357744
v 0.00651933 -0.05302128 -0.00358662
v 0.02816334 -0.00535750 -0.00350608
v 0.02687430 -0.00752126 -0.00350369
v -0.00620450 0.03773039 -0.00358757
v -0.00483127 0.03458428 -0.00357250
v -0.00329255 0.03755137 -0.00358279
v -0.00201904 0.03455932 -0.00356869
v -0.00045040 0.03741608 -0.00357884
v 0.08076821 0.00105659 -0.00358925
v -0.04798615 0.01775303 -0.00365629
v 0.04949503 -0.01315369 -0.00355593
v 0.05120576 -0.00980586 -0.00355764
v 0.03604732 0.03997327 -0.00359133
v 0.01652422 0.02749746 -0.00353840
v 0.02940376 -0.00309574 -0.00350880
v 0.07553467 0.00773792 -0.00358807
v -0.04065058 -0.03298299 -0.00363469
v -0.00936760 -0.02988695 -0.00353750
v -0.07943720 -0.00591277 -0.00377291
v -0.08038991 -0.00087011 -0.00377919
v 0.00378447 -0.02947827 -0.00352044
v -0.02769778 -0.00334092 -0.00355159
v -0.02649241 -0.00534124 -0.00354606
v -0.02920757 -0.00141821 -0.00355856
v 0.03532104 -0.07141166 -0.00360291
v 0.04024422 -0.06931422 -0.00360029
v -0.03357236 -0.06721106 -0.00365945
v -0.03750618 -0.06521827 -0.00366086
v 0.02168961 -0.06521638 -0.00360033
v 0.02395786 -0.06931697 -0.00360432
v 0.01942989 -0.06931009 -0.00360606
v -0.06210980 0.04174130 -0.00369773
v -0.05915993 0.04578000 -0.00369390
v -0.07823211 0.03127689 -0.00373154
v 0.07952164 0.03159978 -0.00360385
v 0.08227460 0.02076036 -0.00359852
v 0.00423073 0.06786791 -0.00367562
v -0.01606919 0.00690597 -0.00349804
v -0.00212716 0.01680703 -0.00348696
v -0.00180000 0.01076600 -0.00250060
v 0.05136158 -0.00113880 -0.00355838
v 0.02249062 -0.04659381 -0.00357113
v 0.00606320 -0.00962070 -0.00250060
v 0.00554810 -0.00868930 -0.00250060
v -0.07449945 0.01107130 -0.00374386
v -0.01616913 -0.07055127 -0.00364295
v 0.01634092 -0.05541693 -0.00358748
v 0.04845045 0.00756120 -0.00355759
v -0.02920774 0.06346006 -0.00368603
v 0.02185315 -0.07353081 -0.00360950
v -0.00572740 -0.00847570 -0.00250060
v 0.05003567 0.02031361 -0.00357198
v -0.00970180 0.00464590 -0.00250060
v -0.07528826 -0.00352378 -0.00375608
v -0.00492410 0.00895900 -0.00250060
v -0.03872946 -0.02937091 -0.00362577
v -0.03663973 -0.03240131 -0.00362214
v -0.04077633 -0.02641310 -0.00363028
v -0.01764514 -0.07447601 -0.00365197
v 0.00589489 0.06415147 -0.00366234
v -0.01379535 -0.07375655 -0.00364495
v 0.01723784 -0.07374286 -0.00361200
v 0.04851738 -0.05350137 -0.00358674
v -0.01183564 -0.05220165 -0.00360359
v -0.00817633 -0.05160166 -0.00359694
v -0.01554789 -0.05266136 -0.00361010
v 0.01184941 -0.04917561 -0.00357651
v -0.03756647 0.06991520 -0.00369885
v -0.04960282 -0.00526225 -0.00365583
v -0.06378659 0.02939879 -0.00370295
v -0.06879518 0.02974162 -0.00371441
v -0.02419328 -0.07166122 -0.00365620
v -0.04785711 0.00372078 -0.00364986
v -0.02593878 0.00267449 -0.00354342
v -0.02717805 0.00481440 -0.00355223
v -0.02545200 0.00674333 -0.00354541
v -0.01510479 0.02244179 -0.00354448
v 0.03003473 -0.00765629 -0.00351268
v 0.03073712 0.03569816 -0.00357801
v 0.01844189 -0.01911529 -0.00350150
v 0.02114841 -0.01919847 -0.00350697
v 0.02182683 -0.01685286 -0.00350351
v 0.06682547 0.02851168 -0.00359552
v 0.06367614 -0.03022472 -0.00357878
v -0.00989380 0.00250740 -0.00250060
v -0.01054650 0.00148940 -0.00250060
v -0.05544908 -0.03785993 -0.00367587
v -0.01940890 -0.01886268 -0.00353349
v 0.05597075 -0.04969124 -0.00358632
v 0.06072797 -0.04648826 -0.00358608
v 0.03134119 0.06819423 -0.00364779
v -0.00598959 -0.05481006 -0.00360084
v -0.00447536 -0.05103712 -0.00359114
v -0.00161879 0.04050268 -0.00359263
v 0.00126993 0.04028276 -0.00358894
v 0.00239254 0.03725260 -0.00357558
v 0.00422544 0.04010058 -0.00358610
v 0.00302479 0.04307974 -0.00359855
v 0.00601242 0.04305153 -0.00359633
v 0.00455093 0.04595002 -0.00360775
v 0.00769241 0.04616150 -0.00360672
v 0.00737267 0.03994222 -0.00358363
v 0.00591147 0.04925143 -0.00361857
v 0.00934724 0.04944405 -0.00361675
v 0.01103921 0.04623429 -0.00360549
v 0.00763864 0.05279676 -0.00362873
v 0.03570937 0.06637002 -0.00364151
v -0.01895107 0.01540232 -0.00353488
v -0.01417964 -0.02523257 -0.00353430
v 0.01942413 -0.02421619 -0.00351602
v 0.01824989 -0.02688806 -0.00352156
v -0.06955378 0.00397215 -0.00373189
v -0.04578066 0.01446791 -0.00364671
v -0.04389618 0.01747881 -0.00364221
v -0.04753842 0.01122852 -0.00365159
v -0.02904183 -0.08425868 -0.00368671
v -0.02895968 0.08406171 -0.00372836
v -0.01110884 0.02786150 -0.00355552
v -0.01306532 0.03007965 -0.00356781
v -0.01560870 0.02972949 -0.00357221
v 0.00923740 0.07647281 -0.00369123
v 0.03674575 0.05829062 -0.00362713
v -0.02486453 0.01308077 -0.00355408
v 0.07014930 -0.02592512 -0.00358150
v 0.07267799 -0.02172686 -0.00358211
v 0.06393841 -0.01905101 -0.00357476
v 0.06493863 -0.03803476 -0.00358336
v 0.02814708 0.00892669 -0.00351138
v 0.00314970 -0.00984250 -0.00250060
v 0.00195150 -0.00995290 -0.00250060
v 0.00132210 -0.01097590 -0.00250060
v 0.04158935 0.02602817 -0.00356919
v 0.03930037 0.02902276 -0.00357192
v -0.07248421 0.01535054 -0.00373420
v -0.02659686 -0.06820876 -0.00365299
v 0.07521227 0.01231711 -0.00359006
v 0.01042640 -0.00123790 -0.00250060
v 0.00969500 -0.00005240 -0.00250060
v 0.01033000 0.00083370 -0.00250060
v -0.02917857 -0.00523009 -0.00355976
v 0.05830484 -0.01247194 -0.00356734
v 0.06020426 0.02407855 -0.00358678
v 0.00719170 -0.00750870 -0.00250060
v 0.02570172 0.07536121 -0.00366470
v 0.00266953 0.01855860 -0.00349209
v 0.02387992 -0.01897504 -0.00351207
v 0.04511562 -0.06129871 -0.00359304
v 0.04067973 -0.06130891 -0.00359277
v 0.01536090 -0.04872988 -0.00357494
v -0.00393010 0.00897470 -0.00250060
v -0.01175077 0.06784141 -0.00368944
v -0.01389272 0.07139430 -0.00370173
v -0.01214785 0.07515989 -0.00371372
v -0.01605802 0.07485165 -0.00371363
v -0.00963217 0.06418327 -0.00367712
v -0.05274270 0.05385166 -0.00368991
v 0.00291800 0.00985990 -0.00250060
v 0.01296297 0.04977983 -0.00361565
v 0.01443760 0.04613449 -0.00360408
v 0.01249687 0.04296732 -0.00359391
v 0.01580175 0.04279768 -0.00359313
v -0.01577767 -0.02771052 -0.00354622
v 0.05066259 0.05435962 -0.00361832
v 0.00078740 -0.01000460 -0.00250060
v -0.07519429 -0.02239125 -0.00373669
v 0.00420193 -0.07573572 -0.00362449
v 0.00837166 -0.07513466 -0.00361979
v -0.05771750 -0.04176556 -0.00368047
v 0.03114311 0.00908373 -0.00351939
v 0.01647901 0.07376292 -0.00367425
v -0.07560730 0.02274265 -0.00373595
v -0.02857117 0.00697543 -0.00356173
v -0.01743009 -0.02300742 -0.00353786
v 0.03192793 0.06434324 -0.00364058
v 0.07175787 0.02882127 -0.00359847
v -0.05561220 -0.04523443 -0.00367551
v 0.05447840 -0.05852137 -0.00359222
v 0.03506782 0.05418347 -0.00362006
v 0.03566920 0.00323286 -0.00352662
v -0.04171501 -0.07580807 -0.00367652
v -0.04241336 0.07674465 -0.00370517
v -0.01777666 0.07109096 -0.00370228
v -0.02051822 0.07462027 -0.00371293
v -0.01385047 -0.04910279 -0.00360013
v -0.01759847 -0.04945564 -0.00360668
v -0.00670192 -0.02961461 -0.00353130
v 0.00813078 -0.08652373 -0.00363057
v -0.02079555 -0.02142543 -0.00354491
v -0.07208306 0.05532368 -0.00370880
v -0.07372356 -0.05161513 -0.00369924
v 0.08255654 0.03887035 -0.00360876
v 0.04736032 -0.07696228 -0.00360544
v 0.07247870 -0.05570583 -0.00359448
v 0.02626710 0.08623072 -0.00367717
v 0.05992049 0.06869724 -0.00363087
v -0.09066259 0.00188681 -0.00383570
v 0.08836855 0.02022369 -0.00360079
v 0.02599433 -0.08639754 -0.00361761
v -0.05849093 -0.06875957 -0.00368143
v -0.08816121 0.02062290 -0.00377176
v -0.08738336 -0.02126526 -0.00377394
v -0.05868723 0.06847400 -0.00370060
v 0.06335984 -0.06627404 -0.00359865
v 0.08360861 -0.03500643 -0.00359105
v -0.08237863 0.03457679 -0.00373405
v -0.08256088 -0.03487298 -0.00373019
v 0.07290715 0.05539116 -0.00361762
v 0.08940234 -0.01658593 -0.00359163
v 0.04342580 0.07911731 -0.00365156
v 0.09220214 0.00228823 -0.00359603
v 0.00726826 0.09063354 -0.00372781
v -0.07913738 -0.00982280 -0.00376645
v 0.01083118 0.06849816 -0.00366937
v 0.02174720 -0.08110393 -0.00361643
v -0.01524439 0.05989139 -0.00366921
v -0.01721571 0.05592737 -0.00366071
v 0.04614562 0.01982472 -0.00356589
v 0.04857728 0.01703909 -0.00356616
v 0.04516790 0.06516318 -0.00363476
v 0.06537169 -0.04954045 -0.00358944
v 0.07902285 -0.01093064 -0.00358593
v 0.07841792 -0.01523973 -0.00358533
v 0.00265714 0.04847525 -0.00361795
v -0.00002534 -0.07618632 -0.00362955
v 0.05267582 0.06389865 -0.00362914
v -0.06537694 0.01812234 -0.00371050
v -0.05200553 -0.06513576 -0.00367506
v -0.04837029 -0.06303527 -0.00367041
v -0.08311592 0.01395408 -0.00376893
v 0.00128669 -0.02906213 -0.00351987
v -0.00712640 -0.08863454 -0.00365410
v -0.00840908 -0.08371003 -0.00365052
v -0.00633800 -0.08017947 -0.00364277
v -0.01060427 -0.07991281 -0.00364910
v -0.00709117 0.08850733 -0.00376594
v -0.00834824 0.08348637 -0.00374489
v -0.06432783 -0.02992243 -0.00370071
v -0.06642196 -0.02535059 -0.00370944
v 0.02756516 -0.00119277 -0.00350337
v 0.03047570 -0.00074239 -0.00351153
v 0.00636739 0.01972812 -0.00349747
v -0.02507314 0.08069758 -0.00372566
v -0.01481397 -0.03022011 -0.00355112
v 0.00041284 -0.02652178 -0.00351082
v -0.00135081 -0.02857192 -0.00351957
v -0.04127410 -0.06749858 -0.00366709
v -0.04127982 -0.06321874 -0.00366271
v 0.07914320 -0.00622009 -0.00358655
v 0.02520046 0.00848694 -0.00350243
v 0.02648329 0.01088070 -0.00350981
v 0.01976101 -0.06116339 -0.00359568
v 0.01815777 0.04618654 -0.00360350
v 0.00844289 -0.02471464 -0.00350529
v 0.00988853 -0.02704115 -0.00351384
v -0.02901669 0.00294734 -0.00355977
v -0.00561376 -0.02695715 -0.00351965
v -0.00923748 0.03190460 -0.00356699
v -0.05270218 -0.06047099 -0.00367354
v 0.06170260 0.05238022 -0.00361558
v 0.05738200 0.05099296 -0.00361402
v 0.06915926 -0.01483985 -0.00357868
v -0.03719326 -0.02606361 -0.00361721
v 0.01038447 0.08030258 -0.00369895
v -0.02558928 -0.08081768 -0.00367576
v 0.05508804 0.05888105 -0.00362318
v -0.04486136 0.07138927 -0.00370033
v -0.00454030 -0.00851170 -0.00250060
v -0.00387970 -0.00941470 -0.00250060
v -0.00940670 0.00144430 -0.00250060
v -0.00996110 0.00049540 -0.00250060
v -0.00889470 0.00049900 -0.00250060
v -0.00937730 -0.00044560 -0.00250060
v -0.01044760 -0.00045000 -0.00250060
v -0.07463823 0.00397110 -0.00375005
v -0.00989230 -0.00136230 -0.00250060
v 0.00429450 -0.00973440 -0.00250060
v -0.07756030 -0.01831831 -0.00374945
v 0.05385983 0.02031649 -0.00357688
v -0.01344698 0.08461010 -0.00375508
v -0.01331291 -0.08461878 -0.00366144
v -0.00822548 -0.07645743 -0.00364042
v 0.02858413 -0.00999042 -0.00351054
v 0.02552451 -0.00955711 -0.00350163
v -0.00293240 0.01050950 -0.00250060
v -0.00216180 0.00989040 -0.00250060
v -0.00105820 0.00985940 -0.00250060
v -0.05532290 0.04945171 -0.00369036
v 0.02824450 -0.06921308 -0.00360285
v -0.01407285 0.08115026 -0.00373734
v -0.01692284 0.02462612 -0.00355760
v -0.01748776 0.02202297 -0.00354971
v -0.00676487 -0.04746710 -0.00358622
v -0.03390602 0.06790452 -0.00369597
v -0.03031214 0.07011252 -0.00370027
v 0.00070185 0.01823404 -0.00349070
v -0.02050175 0.00910721 -0.00352521
v -0.00968966 -0.09371225 -0.00366140
v -0.00968877 0.09363652 -0.00379319
v 0.01435811 -0.06925926 -0.00360832
v -0.02833822 -0.07196510 -0.00366157
v 0.01255792 -0.08349723 -0.00362467
v 0.08563321 -0.00137618 -0.00359162
v 0.05581934 -0.06392133 -0.00359581
v -0.08217076 -0.01643383 -0.00376619
v 0.08221549 -0.01788941 -0.00358772
v 0.07757585 -0.01945066 -0.00358491
v 0.02160233 0.07939945 -0.00367616
v -0.05179795 0.06510175 -0.00369655
v -0.04799962 0.06256164 -0.00369290
v -0.08286272 0.00384846 -0.00378704
v 0.04582542 -0.06921644 -0.00359980
v -0.06995420 -0.04509281 -0.00370013
v -0.06516438 0.05288711 -0.00370183
v 0.07710159 -0.02984185 -0.00358682
v -0.07665710 -0.02975296 -0.00372872
v 0.02437422 -0.01654701 -0.00350877
v 0.02245044 -0.01461581 -0.00350061
v 0.02504698 -0.01399167 -0.00350592
v 0.04131904 0.07527810 -0.00364948
v 0.00014260 -0.01092720 -0.00250060
v -0.00030230 -0.01002310 -0.00250060
v 0.00840500 -0.00734700 -0.00250060
v 0.00762200 -0.00647590 -0.00250060
v 0.07900334 0.03643745 -0.00360633
v 0.01650129 -0.02384665 -0.00351055
v 0.01495238 -0.02637800 -0.00351612
v 0.01690513 -0.02977980 -0.00352798
v 0.01393335 -0.02945557 -0.00352428
v 0.01264244 -0.03146849 -0.00352898
v 0.06935785 0.05163836 -0.00361502
v -0.00240140 -0.00781060 -0.00250060
v -0.00221350 -0.00879730 -0.00250060
v -0.00024770 0.00825800 -0.00250060
v 0.00015150 0.00929760 -0.00250060
v 0.00139030 0.00915860 -0.00250060
v -0.00027770 -0.00826210 -0.00250060
v -0.01475469 -0.07811664 -0.00365384
v -0.01923992 -0.07837704 -0.00366132
v 0.06018158 0.04778203 -0.00361056
v 0.06281873 -0.04200482 -0.00358435
v 0.05029075 -0.06125911 -0.00359351
v -0.00635064 0.03144844 -0.00356160
v -0.00231280 0.00784920 -0.00250060
v -0.00423920 -0.00688330 -0.00250060
v 0.00186980 -0.00812400 -0.00250060
v 0.00491120 -0.00695490 -0.00250060
v -0.00817650 -0.00046110 -0.00250060
v 0.00505620 0.00690980 -0.00250060
v 0.00609510 0.00720370 -0.00250060
v 0.00686820 0.00644350 -0.00250060
v 0.00526160 0.00804830 -0.00250060
v 0.00835670 0.00277920 -0.00250060
v 0.00932570 0.00222380 -0.00250060
v 0.00928330 0.00310560 -0.00250060
v 0.01012280 0.00282210 -0.00250060
v -0.00593400 -0.00546320 -0.00250060
v -0.00696050 -0.00561010 -0.00250060
v -0.00767380 -0.00479140 -0.00250060
v -0.00805840 -0.00579670 -0.00250060
v -0.00722300 -0.00659050 -0.00250060
v -0.00591410 0.00559070 -0.00250060
v -0.00609240 0.00663740 -0.00250060
v -0.00694520 0.00593690 -0.00250060
v -0.00523070 0.00728010 -0.00250060
v 0.00394940 -0.00748490 -0.00250060
v 0.00413730 0.00751050 -0.00250060
v 0.00415200 0.00858160 -0.00250060
v 0.00676000 -0.00562750 -0.00250060
v 0.00734670 -0.00460990 -0.00250060
v 0.00840200 -0.00456930 -0.00250060
v 0.00889580 -0.00365850 -0.00250060
v 0.00946590 -0.00462280 -0.00250060
v 0.00886700 -0.00532180 -0.00250060
v 0.01005180 -0.00360470 -0.00250060
v 0.00972760 -0.00569670 -0.00250060
v 0.00931830 -0.00267180 -0.00250060
v 0.01035880 -0.00246260 -0.00250060
v 0.00865430 0.00053390 -0.00250060
v -0.00761620 -0.00261440 -0.00250060
v -0.00858000 -0.00231470 -0.00250060
v -0.00837710 -0.00326110 -0.00250060
v -0.00929480 -0.00291040 -0.00250060
v -0.04697378 -0.05800099 -0.00366571
v -0.03022384 0.09166464 -0.00374017
v -0.03014596 -0.09168946 -0.00370687
v 0.03379179 0.00554708 -0.00352266
v 0.03504204 -0.06613340 -0.00359801
v -0.00608310 0.00874890 -0.00250060
v -0.06625816 0.03337534 -0.00370680
v -0.00752920 0.00268290 -0.00250060
v -0.00812680 0.00352200 -0.00250060
v -0.00767370 0.00434270 -0.00250060
v 0.00777660 0.00377810 -0.00250060
v 0.00821920 0.00473320 -0.00250060
v 0.00758120 0.00561340 -0.00250060
v 0.07977335 0.01554709 -0.00359449
v -0.02356843 0.01537650 -0.00355254
v -0.00877450 -0.00486740 -0.00250060
v -0.02477233 0.07624549 -0.00371537
v -0.04347439 0.01146942 -0.00363592
v 0.02689219 -0.01203056 -0.00350810
v 0.00376380 -0.00868400 -0.00250060
v -0.00698230 -0.00841260 -0.00250060
v -0.00634850 -0.00738420 -0.00250060
v -0.00405974 -0.02921948 -0.00352544
v 0.00889164 0.08387258 -0.00371100
v -0.04951926 0.05747120 -0.00368934
v -0.02339078 0.00861344 -0.00353816
v 0.01010666 -0.09455342 -0.00363411
v -0.04669602 -0.08177560 -0.00368350
v -0.04691591 0.08122542 -0.00370703
v 0.00187820 0.00821480 -0.00250060
v 0.08575904 0.01620368 -0.00359784
v 0.04080390 0.06636697 -0.00363883
v 0.00715230 0.00749440 -0.00250060
v -0.00733110 -0.00371500 -0.00250060
v -0.00622320 0.07981151 -0.00372671
v 0.01535942 -0.00682070 -0.00346788
v -0.03892932 -0.02345614 -0.00362086
v 0.07494401 -0.02598006 -0.00358453
v -0.00570123 0.01630058 -0.00349267
v 0.03200886 -0.01026176 -0.00352009
v -0.07787203 0.03626930 -0.00372648
v -0.07310386 0.03333577 -0.00372100
v -0.07377598 0.02745633 -0.00372698
v -0.00712170 0.00702890 -0.00250060
v 0.00948850 0.01425257 -0.00347651
v -0.00828510 -0.00688420 -0.00250060
v 0.04707148 -0.01006669 -0.00355122
v 0.04858536 -0.00699033 -0.00355316
v 0.04531823 -0.01300044 -0.00354951
v -0.00204820 -0.08028188 -0.00363695
v -0.04250369 -0.02326614 -0.00363405
v -0.04002881 -0.02060716 -0.00362288
v 0.04082543 0.03282830 -0.00358067
v 0.03679680 0.03182952 -0.00357490
v 0.00599910 0.00900400 -0.00250060
v 0.05254812 -0.00645176 -0.00355958
v -0.00749219 -0.01756599 -0.00348816
v 0.06893986 0.03295163 -0.00360021
v 0.06416443 0.03232623 -0.00359717
v 0.06151480 0.03577538 -0.00359892
v 0.06270022 0.04013385 -0.00360387
v -0.05139208 -0.05506629 -0.00366992
v -0.05113430 -0.05035053 -0.00366817
v 0.01868567 0.00183936 -0.00347464
v -0.02830020 -0.00736794 -0.00355673
v -0.02533383 -0.00741134 -0.00354102
v -0.02728819 -0.00970124 -0.00355368
v -0.07144302 -0.02568630 -0.00372207
v -0.00125081 0.01884828 -0.00349525
v -0.00863840 0.00238180 -0.00250060
v 0.01878750 -0.03307270 -0.00353843
v -0.09968412 -0.00024168 -0.00390663
v -0.07764654 0.01439053 -0.00375105
v 0.00681614 0.02259453 -0.00351033
v -0.02938982 -0.01225312 -0.00356766
v 0.01790404 -0.00326334 -0.00347232
v -0.00422248 -0.07642367 -0.00363488
v -0.00335160 -0.00842570 -0.00250060
v -0.00241758 -0.05421096 -0.00359554
v -0.00067130 -0.05075907 -0.00358673
v 0.00227010 0.02233350 -0.00350933
v -0.03328352 -0.00719028 -0.00358061
v 0.00980850 0.00580850 -0.00250060
v -0.01292669 0.05566523 -0.00365631
v 0.00593600 -0.00753040 -0.00250060
v -0.01471940 0.00824727 -0.00349528
v -0.01755557 0.00914168 -0.00351105
v 0.07449817 -0.00851512 -0.00358288
v -0.00340195 0.03168302 -0.00355821
v -0.00074806 0.03183400 -0.00355567
v 0.00826090 -0.00274950 -0.00250060
v 0.02970857 -0.01613648 -0.00352005
v -0.02645834 -0.01724026 -0.00356087
v -0.02335302 -0.01694139 -0.00354566
v -0.02456006 -0.01451980 -0.00354654
v 0.03770127 0.00066231 -0.00353119
v 0.03371447 0.00037563 -0.00352084
v 0.03619879 -0.00223323 -0.00352734
v -0.00800890 0.00632950 -0.00250060
v -0.00328130 -0.03454250 -0.00354374
v -0.03661998 -0.00198133 -0.00359645
v -0.03260481 -0.00210443 -0.00357649
v -0.03468775 0.00079417 -0.00358763
v -0.02601842 -0.07601092 -0.00366632
v 0.02930401 0.01605667 -0.00352713
v 0.02605290 0.01548279 -0.00351811
v 0.02425832 0.01752372 -0.00351866
v 0.02294203 0.01483872 -0.00350888
v 0.02137535 0.01681401 -0.00351026
v 0.02243815 0.01938900 -0.00351938
v 0.01990584 0.01854494 -0.00351216
v 0.01978230 0.02804095 -0.00354365
v 0.01780031 0.02459089 -0.00352875
v 0.02142038 0.02540764 -0.00353660
v 0.01972513 0.02247088 -0.00352326
v 0.01711541 0.02155392 -0.00351632
v -0.01561679 -0.00489843 -0.00348349
v 0.01133610 0.00127680 -0.00250060
v 0.01476958 0.02461053 -0.00352492
v -0.00330146 -0.01720194 -0.00347579
v -0.00282620 -0.01089310 -0.00250060
v -0.00165620 -0.01091270 -0.00250060
v -0.00601538 -0.01488687 -0.00347230
v -0.04584917 0.02089530 -0.00365151
v -0.04187696 0.02022045 -0.00363794
v 0.00411480 0.00976230 -0.00250060
v 0.01514238 -0.07838157 -0.00361823
v -0.05713603 0.04083833 -0.00368938
v -0.05954551 0.03703970 -0.00369302
v -0.05439680 0.04426529 -0.00368638
v 0.07699394 0.02014357 -0.00359542
v 0.07504332 0.02456318 -0.00359718
v 0.06008508 -0.03808330 -0.00358053
v -0.02238343 0.02408888 -0.00357302
v -0.02352933 0.02129819 -0.00356850
v -0.02164157 0.01871428 -0.00355317
v -0.02014577 0.02112587 -0.00355573
v -0.04585823 0.02803336 -0.00365708
v -0.04161428 0.02787397 -0.00364569
v -0.03979812 0.03119462 -0.00364483
v -0.03769649 0.02780951 -0.00363424
v -0.03593656 0.03082895 -0.00363400
v -0.03915252 0.02477634 -0.00363456
v -0.03773398 0.03437192 -0.00364430
v -0.03395109 0.03367729 -0.00363389
v -0.00723752 0.01847460 -0.00350694
v 0.04559819 -0.03099205 -0.00356350
v 0.04314129 -0.02750817 -0.00355758
v 0.04468530 -0.02415860 -0.00355612
v 0.04067652 -0.02440822 -0.00355090
v 0.03966554 -0.02723318 -0.00355282
v 0.04193798 -0.02116200 -0.00354962
v 0.04603966 -0.02063832 -0.00355510
v 0.04301696 -0.01791314 -0.00354874
v 0.04306424 -0.06519240 -0.00359654
v 0.00892009 -0.02946623 -0.00352131
v -0.09476648 -0.00015859 -0.00386924
v -0.03758377 -0.06095061 -0.00365589
v -0.04874796 -0.01974983 -0.00365294
v -0.04663980 -0.01619963 -0.00364486
v -0.04879150 -0.01291450 -0.00365249
v -0.04459379 -0.01295103 -0.00363615
v -0.04251619 -0.01579214 -0.00362940
v -0.04393958 -0.01951544 -0.00363700
v -0.05559398 -0.05255244 -0.00367578
v -0.00922588 -0.03520948 -0.00355524
v -0.01220574 -0.03548185 -0.00356169
v 0.03456299 0.00859178 -0.00352809
v -0.02001017 0.02946483 -0.00358271
v -0.01716835 0.00211699 -0.00349414
v -0.02508864 0.04896746 -0.00365114
v -0.02694966 0.04550277 -0.00364515
v -0.02121448 0.04875659 -0.00364601
v -0.03104340 0.04581734 -0.00365169
v -0.02894097 0.04175447 -0.00363966
v -0.02461183 0.04192791 -0.00363286
v -0.01929088 0.05225405 -0.00365315
v -0.01750504 0.04850022 -0.00364084
v -0.01927245 0.04516382 -0.00363344
v -0.02118630 0.05607091 -0.00366458
v -0.00072960 0.01098550 -0.00250060
v 0.04379528 0.02289500 -0.00356692
v 0.04177216 0.01907426 -0.00355847
v -0.03457058 -0.02848258 -0.00361162
v -0.03271230 -0.03187805 -0.00360980
v -0.03467579 -0.03551515 -0.00361988
v -0.03090328 -0.03489133 -0.00360830
v -0.03270216 -0.03851598 -0.00361813
v -0.02904975 -0.03777061 -0.00360736
v -0.03069295 -0.04130047 -0.00361681
v -0.02711059 -0.04058336 -0.00360737
v -0.02880221 -0.04408783 -0.00361697
v -0.02481172 -0.04350362 -0.00360823
v -0.03422986 -0.04226879 -0.00362710
v -0.02706397 -0.04718966 -0.00361902
v -0.02333137 -0.04694037 -0.00361173
v -0.02171622 -0.04419828 -0.00360294
v -0.00410707 0.04716090 -0.00361961
v -0.00055164 0.04702266 -0.00361533
v 0.02672144 -0.02109019 -0.00352224
v 0.02572130 -0.02427675 -0.00352683
v -0.01935864 -0.05312962 -0.00361684
v -0.01881330 0.01790671 -0.00354117
v 0.00215402 -0.03172591 -0.00352901
v 0.00502538 -0.03256821 -0.00353152
v -0.02771893 0.07343997 -0.00370812
v -0.02409305 0.07212128 -0.00370556
v -0.04180201 0.01438522 -0.00363169
v -0.04006378 0.01712688 -0.00362775
v -0.03836728 0.01962144 -0.00362448
v 0.00834013 -0.04945030 -0.00357825
v 0.00493478 -0.04953061 -0.00358012
v 0.00996803 -0.04603693 -0.00356977
v 0.00254127 -0.05286795 -0.00358888
v -0.01765797 -0.00170979 -0.00349330
v 0.07445182 0.03351835 -0.00360290
v -0.03663930 0.04178762 -0.00365363
v -0.03532996 0.03732933 -0.00364389
v -0.03173317 0.03606801 -0.00363300
v -0.03064627 0.03294735 -0.00362340
v -0.03241822 0.03963999 -0.00364199
v -0.01368360 0.03534344 -0.00358976
v 0.00461111 -0.05679471 -0.00359488
v 0.00730944 -0.01506574 -0.00346857
v 0.04713904 -0.01664095 -0.00355427
v 0.02727434 0.06983835 -0.00365420
v 0.04239704 -0.03853260 -0.00356880
v 0.03964469 -0.03499557 -0.00356251
v 0.03822141 -0.03874937 -0.00356618
v 0.03562295 -0.03536963 -0.00355963
v 0.03672303 -0.03192961 -0.00355584
v 0.03415283 -0.03894123 -0.00356357
v 0.03158785 -0.03533840 -0.00355603
v -0.01022324 0.01375965 -0.00349529
v -0.04317627 0.02407030 -0.00364639
v 0.01691961 0.05459062 -0.00362739
v 0.01350984 0.05374497 -0.00362735
v 0.01032444 0.05640816 -0.00363720
v 0.00588556 0.05660872 -0.00364072
v 0.00794498 0.06052719 -0.00364980
v -0.06223432 -0.03403575 -0.00369325
v 0.04082168 -0.03083653 -0.00355874
v 0.00830900 0.00778020 -0.00250060
v -0.01574735 -0.04553663 -0.00359548
v -0.00674830 0.00473910 -0.00250060
v -0.03518711 -0.04665094 -0.00363484
v 0.03663355 -0.04248559 -0.00357011
v -0.01035053 -0.04872110 -0.00359370
v -0.00036161 0.05350443 -0.00363678
v -0.02180747 -0.02456854 -0.00355669
v -0.06080946 0.05113859 -0.00369691
v -0.03171511 0.00670085 -0.00357671
v 0.00961962 -0.01569132 -0.00347479
v 0.01555686 0.00485441 -0.00346557
v 0.00346320 0.05256014 -0.00363085
v -0.00427480 0.00691950 -0.00250060
v 0.00782784 0.03100035 -0.00354796
v 0.00893029 0.03350005 -0.00355776
v 0.00619936 0.03351641 -0.00355845
v 0.00657320 0.00547470 -0.00250060
v 0.00395355 0.06049564 -0.00365364
v 0.01227402 -0.02693201 -0.00351494
v 0.07600519 0.00304525 -0.00358666
v 0.07131078 0.00506482 -0.00358391
v 0.07654347 -0.00194182 -0.00358558
v 0.07052181 0.00980026 -0.00358535
v 0.06750046 0.00661490 -0.00358132
v 0.07173392 0.00053335 -0.00358267
v -0.05187263 0.01105561 -0.00366692
v -0.04913283 0.00742298 -0.00365639
v -0.05399964 0.00757484 -0.00367385
v -0.02299172 0.04535402 -0.00363924
v -0.00577713 0.06433449 -0.00367463
v -0.07449355 -0.00880581 -0.00374999
v 0.06699431 -0.03391562 -0.00358264
v 0.01336524 -0.01214138 -0.00347284
v 0.04021392 0.04029104 -0.00359379
v 0.03780599 0.03612135 -0.00358445
v 0.03400907 0.03400220 -0.00357680
v 0.02784221 -0.03601804 -0.00355382
v -0.05322077 -0.01292444 -0.00366860
v -0.05068010 -0.00909189 -0.00366004
v -0.05560011 -0.00946199 -0.00367796
v -0.01755193 -0.03014945 -0.00355819
v 0.04610789 -0.00431940 -0.00354872
v -0.01133683 -0.01371228 -0.00348622
v 0.00069726 0.03453139 -0.00356552
v 0.01756988 -0.02144644 -0.00350575
v 0.02467680 0.01283241 -0.00350873
v 0.02132233 0.01205537 -0.00349718
v -0.04262243 -0.03673378 -0.00364291
v 0.02185359 -0.05775615 -0.00359003
v 0.02548314 0.02041220 -0.00352888
v -0.03375001 -0.06290195 -0.00365363
v -0.02952032 -0.06475766 -0.00365109
v 0.00731870 0.07156719 -0.00368212
v 0.05402358 0.01184203 -0.00356943
v -0.03744498 0.06508865 -0.00369177
v -0.04130306 0.06432373 -0.00369200
v -0.00762739 0.04096657 -0.00360218
v 0.04891436 -0.02384739 -0.00356101
v -0.02324005 -0.05359451 -0.00362385
v -0.04183561 0.03488856 -0.00365427
v -0.00277190 0.04378837 -0.00360649
v 0.06223433 0.02810444 -0.00359209
v -0.03328680 0.04944090 -0.00366210
v 0.03323738 -0.03247991 -0.00355267
v -0.00815835 0.07565275 -0.00371331
v -0.07912509 0.00616820 -0.00376723
v 0.06935515 -0.05261696 -0.00359222
v 0.07000986 -0.04726274 -0.00359015
v 0.00867320 -0.00053940 -0.00250060
v -0.07035211 -0.00534796 -0.00373673
v -0.07122252 -0.00035428 -0.00373931
v -0.00937980 -0.00603170 -0.00250060
v 0.05789830 0.02771250 -0.00358836
v -0.00431450 0.00802060 -0.00250060
v 0.00269771 -0.01738202 -0.00347391
v -0.01946863 0.06740968 -0.00369191
v 0.05815961 -0.04193211 -0.00358192
v 0.03345474 -0.00766167 -0.00352202
v 0.04508210 0.03351508 -0.00358530
v 0.05999289 -0.00869482 -0.00356910
v 0.02182702 0.04783500 -0.00360791
v -0.06766236 -0.04179243 -0.00369919
v -0.05014407 0.02125809 -0.00366498
v -0.00286135 -0.04726569 -0.00358129
v 0.00046976 -0.04677324 -0.00357677
v -0.01574400 0.04490661 -0.00362764
v -0.02086804 0.04188086 -0.00362624
v 0.01371432 0.03980153 -0.00358233
v 0.01680763 0.03952375 -0.00358178
v 0.01058303 0.03994585 -0.00358270
v 0.02069161 0.07447286 -0.00366933
v -0.00232803 0.02126366 -0.00350933
v -0.02362415 -0.03972852 -0.00359795
v -0.04470584 -0.02658336 -0.00364309
v 0.01760227 -0.05163622 -0.00358036
v 0.01879292 -0.04803679 -0.00357334
v -0.00748245 -0.05860664 -0.00361006
v -0.04063196 -0.01282033 -0.00361971
v -0.01726959 -0.05634751 -0.00361972
v 0.03815523 -0.05754548 -0.00358881
v -0.03858644 -0.03615472 -0.00363145
v -0.06401125 -0.01703568 -0.00370699
v 0.03745895 0.05092392 -0.00361352
v -0.02254687 0.00617126 -0.00352925
v -0.02695014 0.00931924 -0.00355714
v 0.03664351 -0.02491287 -0.00354565
v -0.02589860 -0.01209083 -0.00354938
v -0.02230811 -0.01171565 -0.00352993
v -0.04495134 0.00845107 -0.00364016
v -0.01808491 0.03199067 -0.00358716
v -0.01457061 -0.06672982 -0.00363405
v 0.00250750 -0.00892250 -0.00250060
v 0.01895440 0.04226592 -0.00359140
v 0.02413246 0.04494632 -0.00359959
v 0.00248461 0.07190509 -0.00368916
v 0.05941965 -0.01948218 -0.00357040
v 0.05547482 -0.00923105 -0.00356367
v 0.03770014 0.02552698 -0.00356299
v 0.05120281 0.01455092 -0.00356765
v 0.04992857 0.01098345 -0.00356263
v 0.01548629 -0.06001308 -0.00359518
v 0.00920432 0.04304213 -0.00359486
v 0.05224969 -0.04570009 -0.00358172
v -0.03123450 0.06015754 -0.00368054
v 0.01728497 -0.06487870 -0.00360140
v 0.03263806 -0.00266212 -0.00351784
v -0.00750901 0.02558272 -0.00353951
v -0.00754486 0.06057003 -0.00366510
v -0.01783448 0.07889162 -0.00372717
v 0.04361035 0.01287686 -0.00355345
v -0.02488649 -0.06433629 -0.00364457
v 0.02037773 -0.02165187 -0.00351116
v 0.00031210 0.01126680 -0.00250060
v -0.05189567 0.00409206 -0.00366587
v -0.01232455 -0.07000018 -0.00363627
v -0.01781783 -0.01646478 -0.00352076
v 0.02394609 -0.00733233 -0.00349519
v -0.06508445 0.00418539 -0.00371490
v 0.04853253 0.06329068 -0.00363036
v 0.02127854 0.03735218 -0.00357685
v 0.02017537 -0.03001193 -0.00353222
v 0.00165815 -0.02435697 -0.00350246
v 0.01387438 -0.02320516 -0.00350534
v 0.00080518 -0.01720262 -0.00347267
v 0.03257870 -0.04265607 -0.00356819
v -0.05106624 -0.04564514 -0.00366661
v -0.01330705 0.02029808 -0.00353147
v 0.04530082 0.06029361 -0.00362745
v 0.05521234 -0.00121875 -0.00356434
v 0.00538567 0.03695251 -0.00357269
v 0.01025200 0.00179030 -0.00250060
v 0.00846547 0.02060987 -0.00350258
v -0.00365229 -0.05796499 -0.00360431
v 0.02512892 -0.05029945 -0.00357789
v -0.01976106 -0.04641838 -0.00360390
v -0.02799788 0.01375138 -0.00356964
v 0.05246544 0.00815809 -0.00356450
v -0.05368769 -0.00580552 -0.00367172
v 0.01135124 0.03467509 -0.00356319
v 0.04457332 0.00703626 -0.00354998
v -0.06150598 -0.02028110 -0.00369661
v 0.02113134 -0.04267474 -0.00356275
v -0.01355787 -0.02050127 -0.00351769
v -0.06098327 0.01811321 -0.00369747
v 0.03221423 0.03954175 -0.00358830
v 0.05349808 0.04213512 -0.00360266
v 0.05548857 -0.03813486 -0.00357759
v -0.05320091 -0.03404329 -0.00367018
v 0.03567432 -0.05373042 -0.00358424
v -0.05488807 0.03642358 -0.00368362
v 0.05896751 -0.03049785 -0.00357531
v -0.05918442 0.02910591 -0.00369194
v -0.00769891 -0.04376676 -0.00357873
v 0.01355225 0.02700526 -0.00353366
v 0.01471269 0.02003295 -0.00350816
v 0.00192918 -0.04333772 -0.00356650
v 0.02468051 -0.00142677 -0.00349468
v 0.04599404 -0.04972845 -0.00358254
v -0.03405251 0.02759190 -0.00362251
v -0.02047566 -0.01668883 -0.00353225
v -0.05737858 -0.02690291 -0.00368189
v 0.00349270 -0.06829122 -0.00361484
v -0.00456109 -0.06915298 -0.00362447
v -0.04188589 0.05766961 -0.00368346
v 0.03799692 -0.02150713 -0.00354378
v -0.04128391 -0.07173865 -0.00367160
v -0.00125454 -0.04367856 -0.00357046
v -0.01266236 -0.02274928 -0.00352210
v 0.00484184 0.08420355 -0.00372048
v -0.07671360 0.05605858 -0.00371206
v 0.08741960 0.03854925 -0.00361015
v -0.06312164 -0.07059281 -0.00368431
v 0.09294075 -0.01969498 -0.00359316
v -0.08629378 0.03842963 -0.00373583
v 0.02960912 0.08967074 -0.00367767
v 0.09607776 0.00000729 -0.00359745
v -0.09293223 0.01933832 -0.00378337
v 0.07773072 0.05619479 -0.00361879
v 0.04762069 -0.08169587 -0.00360800
v 0.04772332 0.08169786 -0.00365171
v 0.06453937 0.07063341 -0.00363181
v -0.08560774 -0.03857254 -0.00373063
v 0.09410719 0.01933896 -0.00360291
v -0.07615535 -0.05612679 -0.00369986
v 0.06428547 -0.07068020 -0.00360081
v 0.08672935 -0.03871497 -0.00359318
v -0.06341071 0.07044888 -0.00370276
v 0.07719195 -0.05634433 -0.00359603
v -0.09185630 -0.01982712 -0.00378575
v 0.02939879 -0.08971130 -0.00361851
v 0.01004230 0.09437068 -0.00372917
v -0.01619676 0.02715446 -0.00356489
v -0.00192229 0.02909380 -0.00354524
v -0.05023200 0.04313315 -0.00367836
v -0.03059310 -0.02853863 -0.00359839
v 0.04855376 0.04933577 -0.00361141
v -0.02727529 -0.03427031 -0.00359670
v -0.03303030 -0.02307184 -0.00359936
v 0.01063007 0.09918463 -0.00373575
v 0.05023877 0.08580151 -0.00365356
v 0.09882846 0.02035606 -0.00360481
v 0.09767535 -0.02074784 -0.00359497
v 0.09183331 0.04045034 -0.00361194
v -0.09762888 0.02027559 -0.00379086
v 0.04999589 -0.08580294 -0.00360967
v 0.01058401 -0.09924069 -0.00363618
v -0.08002959 -0.05900133 -0.00370186
v -0.08056813 0.05889404 -0.00371396
v 0.03106969 0.09421979 -0.00368052
v -0.06635982 -0.07409973 -0.00368622
v 0.03089432 -0.09421979 -0.00362031
v -0.09646212 -0.02067510 -0.00379382
v 0.09109801 -0.04065373 -0.00359494
v 0.06776785 0.07417887 -0.00363365
v -0.08993627 -0.04050500 -0.00373360
v -0.09067942 0.04032062 -0.00373867
v -0.06667045 0.07400785 -0.00370449
v 0.08109929 -0.05913557 -0.00359777
v 0.06737814 -0.07421296 -0.00360255
v -0.04906300 -0.08573330 -0.00368641
v 0.08166749 0.05905910 -0.00362063
v -0.04927341 0.08559824 -0.00370886
v 0.10077063 -0.00006809 -0.00359924
v -0.02459493 0.00060817 -0.00353488
v -0.03557725 0.02477558 -0.00362240
v -0.03804828 0.01424578 -0.00361624
v -0.04644443 0.04986906 -0.00367886
v -0.01664755 0.01567142 -0.00352624
v -0.04592193 -0.00481882 -0.00364011
v 0.01147740 -0.04279027 -0.00356124
v -0.03705680 -0.01843548 -0.00360913
v -0.03497140 0.01934745 -0.00361069
v -0.03095036 0.00078583 -0.00356872
v 0.00709072 -0.02232575 -0.00349611
v -0.03647139 -0.03929849 -0.00362903
v 0.06954194 0.01694366 -0.00358867
v -0.00215710 -0.00990180 -0.00250060
v 0.02641606 -0.07349737 -0.00360768
v -0.06556351 -0.02083872 -0.00371035
v 0.00530366 0.03030985 -0.00354538
v 0.02628074 0.06012434 -0.00363560
v 0.01585469 -0.01885761 -0.00349602
v 0.04029180 -0.01548745 -0.00354207
v 0.00794590 0.00664340 -0.00250060
v -0.03211375 0.02459119 -0.00360978
v 0.03020686 -0.06542703 -0.00359809
v 0.06106188 -0.01577052 -0.00357100
v 0.03551347 0.02826002 -0.00356554
v 0.00449331 0.01901406 -0.00349411
v -0.01109540 0.00044920 -0.00250060
v 0.05298913 -0.05390078 -0.00358833
v 0.02840593 0.03247488 -0.00356737
v 0.02132550 0.06663445 -0.00365318
v -0.00984138 0.09893652 -0.00381633
v -0.00983421 -0.09901255 -0.00366408
v 0.03139127 -0.00524035 -0.00351511
v 0.06274353 -0.01209625 -0.00357220
v 0.03197048 0.02749416 -0.00355861
v 0.03842777 0.06240754 -0.00363374
v -0.01206634 -0.03009550 -0.00354411
v 0.02275227 -0.00920731 -0.00349369
v -0.04116965 0.00875171 -0.00362395
v 0.00636243 -0.02959411 -0.00352093
v -0.01063778 0.07943958 -0.00372899
v -0.06441016 0.03741504 -0.00370210
v 0.01999325 -0.01473544 -0.00349522
v -0.02147347 -0.01438314 -0.00353120
v -0.01871996 -0.01435334 -0.00351870
v 0.02396822 0.00622359 -0.00349600
v -0.06272405 -0.04264251 -0.00368988
v -0.06169449 0.03317538 -0.00369735
v 0.04310417 -0.01012978 -0.00354429
v -0.00687517 -0.02464867 -0.00351378
v -0.04421168 0.00340806 -0.00363386
v 0.01853258 0.01220076 -0.00348997
v -0.03237924 0.03038511 -0.00362293
v -0.00043014 -0.02418088 -0.00350310
v 0.01639406 0.01585406 -0.00349670
v -0.00889990 0.00556740 -0.00250060
v -0.00103770 -0.00919560 -0.00250060
v -0.02364184 -0.00527309 -0.00353025
v 0.02073458 -0.01276341 -0.00349354
v -0.01873008 0.00730033 -0.00351284
v -0.01982564 -0.01037553 -0.00351483
v -0.02403074 -0.00952760 -0.00353590
v 0.05857091 0.04261294 -0.00360494
v -0.02141529 -0.04998884 -0.00361413
v -0.00458550 -0.02441405 -0.00350857
v -0.02115038 0.01513873 -0.00354267
v -0.00512730 -0.00745720 -0.00250060
v -0.06293734 0.00077137 -0.00370770
v -0.01558106 0.02006122 -0.00353746
v -0.02241790 -0.00720653 -0.00352469
v -0.04635982 -0.00995825 -0.00364286
v -0.00971174 0.02532410 -0.00354261
v -0.01132452 0.06019319 -0.00366706
v 0.01195565 0.06103014 -0.00364776
v -0.06007134 -0.03807261 -0.00368651
v 0.07331196 -0.01637079 -0.00358199
v 0.04603362 0.01027629 -0.00355537
v -0.01878832 -0.04250673 -0.00359365
v 0.01789449 -0.04247929 -0.00356108
v -0.00621140 0.00768110 -0.00250060
v 0.03598802 0.02230116 -0.00355394
v -0.00922610 0.00353160 -0.00250060
v -0.03810717 -0.04328494 -0.00363719
v -0.02767770 0.06688779 -0.00369295
v -0.01549199 0.05194311 -0.00364848
v 0.00960542 0.06445938 -0.00365917
v 0.00337012 0.03432693 -0.00356241
v 0.02236225 0.00791093 -0.00349292
v 0.05056971 -0.04972496 -0.00358427
v 0.03339155 0.05016839 -0.00361233
v -0.00920055 0.02932482 -0.00355760
v 0.02410651 -0.01139393 -0.00349981
v -0.06310706 0.01460382 -0.00370479
v 0.03327369 0.03068098 -0.00356816
v -0.00457644 0.04074279 -0.00359720
v -0.02580554 0.03847901 -0.00362611
v -0.02764505 0.00071731 -0.00355108
v 0.03394658 -0.05762287 -0.00358878
v -0.00623230 -0.00637600 -0.00250060
v 0.02794513 0.06480779 -0.00364398
v 0.00333420 0.00905870 -0.00250060
v -0.03199183 -0.04435668 -0.00362481
v 0.01211931 0.07295502 -0.00367875
v 0.00929610 0.00478470 -0.00250060
v 0.05805986 0.02020904 -0.00358111
v -0.03093717 -0.04731418 -0.00362709
v -0.00326252 -0.02655830 -0.00351425
v -0.01396502 0.04812712 -0.00363532
v 0.00352540 -0.04636009 -0.00357321
v -0.02436499 0.08525359 -0.00373611
v -0.02720504 0.08892532 -0.00373759
v 0.05560196 0.04652947 -0.00360854
v 0.02335960 -0.02159073 -0.00351662
v 0.04758527 -0.00138275 -0.00355178
v -0.00913200 -0.00387060 -0.00250060
v 0.02588199 0.00060917 -0.00349864
v -0.00888440 -0.00138110 -0.00250060
v -0.02187533 0.07849789 -0.00372299
v -0.02453192 -0.08529379 -0.00368420
v -0.02720721 -0.08898383 -0.00369624
v -0.02524120 -0.05040821 -0.00362151
v -0.01487837 0.03248960 -0.00358087
v 0.00942220 -0.00107430 -0.00250060
v 0.06358140 0.00597465 -0.00357710
v 0.01265600 -0.07437071 -0.00361544
v -0.07296599 -0.02889013 -0.00372160
v -0.02908281 0.03771194 -0.00363090
v 0.06196538 -0.03417201 -0.00357953
v -0.04352190 0.06166383 -0.00368968
v 0.03095041 -0.07295928 -0.00360580
v 0.01076119 -0.06729010 -0.00360775
v 0.00932510 -0.02247557 -0.00349852
v -0.01506990 -0.02291312 -0.00353003
v -0.02910331 0.03000710 -0.00361218
v 0.00022600 -0.00912920 -0.00250060
v 0.02786746 0.01339614 -0.00351817
v -0.02167117 -0.07500120 -0.00365864
v 0.01332368 -0.04579519 -0.00356856
v 0.00136100 -0.00906110 -0.00250060
v -0.07187500 0.02347520 -0.00372556
v -0.07227403 0.01992832 -0.00372977
v -0.07900007 0.01031774 -0.00376142
v -0.01348591 0.06392059 -0.00367905
v -0.02211127 -0.01926287 -0.00354528
v 0.03104999 0.05340699 -0.00361947
v -0.00793790 0.00067160 -0.00250060
v -0.01338445 -0.08165780 -0.00365714
v 0.01967404 -0.07776520 -0.00361473
v -0.03008527 -0.00339359 -0.00356304
v -0.06754940 0.01470528 -0.00371916
v 0.00054129 0.02938105 -0.00354402
v 0.01658636 -0.04545163 -0.00356766
v 0.03649364 -0.06149846 -0.00359307
v -0.01206308 0.03251398 -0.00357477
v -0.02649310 0.01594105 -0.00356729
v -0.05763340 -0.03414808 -0.00368176
v 0.03977356 0.02256257 -0.00356071
v 0.00825119 -0.04293245 -0.00356221
v -0.03019931 -0.06881991 -0.00365829
v -0.03045142 0.00917599 -0.00357393
v 0.02344367 0.01027576 -0.00349996
v 0.01602187 0.04891752 -0.00361205
v 0.01811007 0.03664982 -0.00357281
v -0.04337359 -0.05497744 -0.00365851
v -0.04159559 -0.05867591 -0.00365900
v 0.05303402 0.05011063 -0.00361277
v -0.00315330 0.00843950 -0.00250060
v 0.06541490 -0.01533841 -0.00357524
v 0.01879297 0.01626873 -0.00350309
v 0.00945910 0.00115980 -0.00250060
v 0.02864067 0.00093674 -0.00350691
v 0.00498570 0.00907330 -0.00250060
v -0.05536239 -0.05686022 -0.00367577
v 0.01292445 0.08319527 -0.00370098
v -0.01363021 -0.03282571 -0.00355636
v -0.05056714 0.04982592 -0.00368447
v 0.00666220 -0.00668960 -0.00250060
v -0.02918951 -0.05067666 -0.00362892
v -0.01663220 -0.02528428 -0.00354166
v -0.03039014 0.09489988 -0.00374440
v -0.03029655 -0.09489860 -0.00371559
v 0.02006132 0.01435343 -0.00350020
v 0.02961070 0.01126812 -0.00351872
v 0.00480190 -0.00803870 -0.00250060
v -0.02360514 -0.02208805 -0.00355798
v 0.00795860 -0.00547300 -0.00250060
v 0.02892027 -0.03291890 -0.00354897
v -0.01562063 0.06757552 -0.00369085
v 0.03269128 0.05748401 -0.00362716
v 0.01069995 -0.02476933 -0.00350712
v 0.00865920 0.00573000 -0.00250060
v -0.04493019 -0.06546835 -0.00366876
v -0.03062376 -0.06091317 -0.00364681
v 0.05616076 -0.04512263 -0.00358325
v -0.06692382 0.00113366 -0.00372313
v 0.06857307 -0.02979477 -0.00358187
v -0.01002799 0.05361417 -0.00364708
v -0.04502100 -0.06982988 -0.00367244
v -0.01948793 0.02425796 -0.00356398
v 0.00757167 0.06730906 -0.00367011
v 0.02408987 -0.07773381 -0.00361223
v 0.02540028 -0.08223655 -0.00361516
v -0.06643471 -0.00682231 -0.00372110
v -0.02110617 0.07060204 -0.00370145
v 0.01136697 -0.02935330 -0.00352217
v -0.08616360 0.00076367 -0.00380627
v -0.00857010 0.00448150 -0.00250060
v 0.00880918 0.03656279 -0.00357016
v 0.05770359 0.06453421 -0.00362802
v 0.03289628 0.01143480 -0.00352743
v -0.06910233 0.05189042 -0.00370585
v 0.07897569 -0.03419821 -0.00358867
v -0.07821447 -0.03404517 -0.00372525
v 0.02594078 0.08154729 -0.00367268
v -0.05615281 -0.06498103 -0.00367847
v -0.04595154 -0.07690170 -0.00367948
v -0.04689350 0.07602854 -0.00370417
v -0.05601592 0.06410443 -0.00369772
v 0.04432277 -0.07363080 -0.00360309
v 0.07269731 -0.02898659 -0.00358412
v -0.08417769 0.01893185 -0.00376337
v -0.06913905 -0.04933925 -0.00369570
v -0.05942836 -0.04530523 -0.00368321
v -0.00296310 -0.00931800 -0.00250060
v -0.01763849 0.01977038 -0.00354267
v -0.07327606 -0.01783093 -0.00373696
v -0.00809670 0.00731770 -0.00250060
v -0.03301181 0.06393075 -0.00368845
v 0.00873260 -0.00622370 -0.00250060
v 0.02123808 -0.05085416 -0.00357856
v 0.01109206 0.08836658 -0.00371672
v 0.05374145 0.02736367 -0.00358436
v 0.03890969 0.01707249 -0.00354971
v 0.01802401 0.07748494 -0.00367933
v 0.01159257 -0.08913652 -0.00363002
v -0.01665332 -0.03291219 -0.00356401
v 0.00179915 -0.07220597 -0.00362222
v 0.00983930 0.00381490 -0.00250060
v 0.00243000 0.00902850 -0.00250060
v 0.03128628 0.03255452 -0.00357025
v 0.04656409 0.07629839 -0.00364759
v 0.07452608 0.05130831 -0.00361563
v 0.01859368 0.02012658 -0.00351416
v 0.08351712 0.03472272 -0.00360725
v 0.06858021 -0.01831064 -0.00357869
v -0.01052713 -0.08917262 -0.00366053
v -0.01053468 0.08908803 -0.00377551
v 0.01919625 0.01054809 -0.00348769
v -0.04247538 -0.01008332 -0.00362619
v -0.05973163 -0.03035705 -0.00368820
v 0.07396448 -0.05166074 -0.00359339
v -0.00231568 -0.07259874 -0.00362716
v -0.01073650 -0.03262534 -0.00354952
v 0.00992823 -0.07092483 -0.00361339
v -0.02162941 -0.08184129 -0.00367208
v -0.00743870 -0.00748470 -0.00250060
v -0.00231739 -0.03153970 -0.00353165
v 0.05061554 -0.05689061 -0.00359022
v -0.00004860 0.01033950 -0.00250060
v -0.01308961 -0.04358920 -0.00358580
v -0.02114980 0.08203562 -0.00373447
v 0.04477668 0.01629060 -0.00355951
v 0.07416048 0.01655897 -0.00359178
v -0.07708497 -0.01383404 -0.00375342
v -0.00198270 0.00891960 -0.00250060
v 0.07137184 0.01379803 -0.00358808
v -0.01028430 -0.00243260 -0.00250060
v 0.00588177 -0.07168346 -0.00361767
v 0.02313146 0.07058959 -0.00365966
v -0.04077575 0.07209047 -0.00370132
v 0.07534959 -0.01264933 -0.00358331
v -0.00633895 -0.07288736 -0.00363245
v 0.00020696 0.04338076 -0.00360187
v 0.05592819 0.02388651 -0.00358268
v -0.00790278 -0.03236354 -0.00354321
v 0.04211857 0.06267081 -0.00363236
v 0.03030751 0.06082860 -0.00363482
v 0.04763495 -0.06521999 -0.00359634
v -0.01948537 -0.02300374 -0.00354415
v -0.02676586 0.01166871 -0.00356012
v 0.07617359 0.02891454 -0.00360069
v 0.04989870 -0.00398468 -0.00355534
v -0.06115705 -0.06552017 -0.00368238
v -0.08147050 0.03875155 -0.00373046
v -0.07367543 0.05126839 -0.00371043
v -0.08832699 0.01638771 -0.00377732
v 0.04328216 -0.07825453 -0.00360635
v -0.07077916 -0.05471810 -0.00369567
v -0.08949490 -0.00222892 -0.00383211
v 0.09041833 0.01628670 -0.00360034
v -0.06145336 0.06523486 -0.00370059
v -0.08016104 -0.03838241 -0.00372421
v 0.03003515 0.08405357 -0.00367162
v -0.08741063 -0.01730868 -0.00377850
v 0.05963463 -0.06799698 -0.00359867
v 0.08683592 -0.02030094 -0.00359045
v 0.08114635 -0.03853756 -0.00359098
v 0.09101210 -0.00158102 -0.00359462
v 0.06269182 0.06549360 -0.00362834
v 0.02963591 -0.08417281 -0.00361514
v 0.06547992 0.00965679 -0.00358088
v -0.01562645 0.01001425 -0.00350464
v 0.05980821 0.03170083 -0.00359377
v 0.03908479 -0.06470243 -0.00359631
v -0.01057537 0.08598969 -0.00376034
v -0.01013746 -0.07315055 -0.00363809
v 0.00667106 -0.04621902 -0.00357127
v 0.01381311 0.07798979 -0.00368734
v -0.02768454 0.03260271 -0.00361498
v 0.04346438 -0.01517120 -0.00354755
v 0.01095650 0.00238570 -0.00250060
v 0.05168410 -0.06575142 -0.00359668
v 0.04990316 0.05952098 -0.00362488
v 0.08401219 0.01248636 -0.00359534
v -0.00087980 0.00888370 -0.00250060
v -0.00508974 -0.03202091 -0.00353727
v -0.07416976 0.03807742 -0.00371910
v 0.05501191 0.05395424 -0.00361773
v -0.01861162 0.02690349 -0.00357040
v 0.01938595 -0.04503775 -0.00356707
v -0.00118250 -0.01015630 -0.00250060
v 0.00197006 0.04558045 -0.00360802
v -0.01827471 -0.02760879 -0.00355320
v -0.02231009 0.01685228 -0.00355058
v -0.04883737 0.05303424 -0.00368500
v 0.03246844 0.00309811 -0.00351768
v 0.00175559 0.03194467 -0.00355376
v 0.02071938 0.02060388 -0.00351923
v -0.01094300 -0.00137690 -0.00250060
v 0.01761947 0.01801062 -0.00350627
v 0.00964120 -0.00183040 -0.00250060
v -0.03692237 0.02209264 -0.00362279
v -0.02979812 0.00502541 -0.00356530
v -0.03004515 -0.07517259 -0.00366896
v 0.02607139 -0.01833730 -0.00351537
v 0.05751773 0.03504738 -0.00359580
v -0.04046008 -0.01794544 -0.00362252
v -0.05427951 -0.04849428 -0.00367317
v -0.04791644 -0.04816137 -0.00366160
v 0.01124450 -0.00206290 -0.00250060
v 0.01985810 -0.05457698 -0.00358510
v -0.07005525 -0.02158067 -0.00372314
v 0.00860859 -0.08238320 -0.00362696
v -0.00411930 -0.00773150 -0.00250060
v 0.04735793 0.01365845 -0.00356082
v -0.01057980 -0.08610141 -0.00365783
v -0.00826100 -0.00410330 -0.00250060
v 0.00344941 0.02062993 -0.00350118
v -0.01140468 0.08294553 -0.00374583
v -0.10091631 0.00090553 -0.00391973
v 0.03415528 0.03706737 -0.00358362
v 0.03201062 0.00707809 -0.00351932
v -0.04575007 0.00580404 -0.00364158
v 0.08371584 -0.00518430 -0.00358971
v 0.05182437 0.01767980 -0.00357153
v -0.00780540 0.00523870 -0.00250060
v 0.00471080 -0.00892780 -0.00250060
v 0.02777239 -0.01430215 -0.00351319
v -0.06167419 -0.02657285 -0.00369505
v -0.07586440 0.00780127 -0.00375208
v 0.03194680 -0.06901364 -0.00360150
v -0.05852944 -0.05588088 -0.00368013
v -0.08172067 -0.01215499 -0.00377231
v 0.01067669 -0.07884042 -0.00362171
v 0.06571573 0.05367523 -0.00361663
v 0.03099569 0.00509464 -0.00351521
v -0.01152272 -0.07627222 -0.00364551
v 0.03872082 0.07085146 -0.00364610
v -0.03283931 0.04300221 -0.00364903
v -0.01906334 -0.02515806 -0.00354851
v 0.01666717 0.01950645 -0.00350923
v -0.00852810 0.00132970 -0.00250060
v 0.00179489 0.02021740 -0.00349981
v -0.07602719 0.00034534 -0.00375824
v -0.02100384 0.00738017 -0.00352373
v -0.00075850 -0.01076520 -0.00250060
v 0.00057801 0.05039314 -0.00362575
v 0.06817656 -0.00140510 -0.00357900
v 0.08152073 -0.02194007 -0.00358774
v -0.04734583 -0.00730578 -0.00364625
v 0.03099845 0.00132522 -0.00351318
v -0.07640841 0.01847977 -0.00374228
v 0.01565254 0.05157190 -0.00361947
v -0.00535420 0.00813700 -0.00250060
v -0.00005426 -0.03096724 -0.00352740
v 0.00215050 -0.04925455 -0.00358102
v -0.03068491 0.08812844 -0.00373454
v -0.00142093 -0.02600722 -0.00351021
v 0.00200880 0.00980730 -0.00250060
v -0.03063218 -0.08819507 -0.00369795
v -0.04111845 0.06810671 -0.00369660
v 0.00711296 -0.03441677 -0.00353691
v -0.06941799 0.03339752 -0.00371348
v 0.02469155 0.06704834 -0.00365093
v 0.02692385 -0.01633460 -0.00351408
v 0.01217235 -0.03393723 -0.00353579
v 0.05317549 -0.00357728 -0.00356077
v 0.03430272 0.06161565 -0.00363418
v 0.00277542 -0.03431098 -0.00353774
v -0.06967066 0.02560043 -0.00371857
v -0.04463798 -0.06166542 -0.00366526
v 0.05916463 0.03842291 -0.00360065
v -0.04461864 0.06596984 -0.00369511
v -0.04557563 0.05869564 -0.00368749
v -0.00306010 0.00945550 -0.00250060
v 0.02279091 -0.01274085 -0.00349834
v -0.01335199 -0.01032619 -0.00348336
v -0.07502690 -0.02649004 -0.00373048
v -0.03067611 -0.00684782 -0.00356773
v -0.03591533 -0.02332115 -0.00360992
v 0.01542165 -0.00881132 -0.00347100
v 0.00789491 -0.03201593 -0.00352945
v -0.05176196 0.04658680 -0.00368371
v 0.01949684 0.03939021 -0.00358216
v -0.02491421 0.01072114 -0.00355018
v 0.06347942 0.04486237 -0.00360824
v -0.07861296 0.00266705 -0.00376880
v -0.05198296 0.06155759 -0.00369402
v 0.02107244 0.04448574 -0.00359805
v 0.08115276 -0.00272906 -0.00358851
v -0.01414923 0.07789885 -0.00372431
v -0.06649716 -0.04541344 -0.00369427
v -0.01249691 0.09006277 -0.00378192
v -0.01248910 -0.09012477 -0.00366349
v -0.03731490 -0.02129216 -0.00361305
v 0.06532292 -0.04547470 -0.00358742
v -0.05808280 -0.04872476 -0.00368017
v 0.06459667 0.04953660 -0.00361280
v 0.03387722 -0.02950338 -0.00354861
v -0.00938990 -0.00208200 -0.00250060
v -0.02913505 0.03493647 -0.00362414
v 0.01552089 0.02255526 -0.00351809
v -0.01127328 -0.08318557 -0.00365561
v 0.01864642 -0.05777874 -0.00359084
v 0.00390043 0.03195127 -0.00355249
v -0.06290354 -0.02331820 -0.00370027
v -0.00572700 -0.00688540 -0.00250060
v 0.03701154 -0.02853629 -0.00355130
v -0.04272905 -0.07935739 -0.00368061
v -0.02670113 0.07005954 -0.00370011
v -0.01215287 -0.04606411 -0.00359017
v -0.00319920 -0.01003240 -0.00250060
v -0.01093375 0.03032807 -0.00356434
v -0.02057358 0.01681799 -0.00354471
v -0.03760948 -0.05739850 -0.00365177
v -0.06916481 0.01795585 -0.00372226
v 0.00755518 -0.09074861 -0.00363336
v -0.08030163 0.01738123 -0.00375529
v 0.00636750 0.00810660 -0.00250060
v 0.00515880 -0.00951560 -0.00250060
v -0.03176067 -0.00490475 -0.00357155
v -0.02283019 -0.07840736 -0.00366686
v -0.00004676 -0.05368789 -0.00359239
v -0.00066657 0.01690298 -0.00348527
v 0.01268237 -0.02477350 -0.00350869
v 0.07530772 0.03831902 -0.00360634
v 0.00879300 0.00383490 -0.00250060
v 0.01041927 -0.03174903 -0.00352891
v 0.06557941 -0.05375516 -0.00359170
v 0.01181978 0.03744873 -0.00357370
v -0.00891953 0.02728993 -0.00354921
v -0.03448273 -0.02533231 -0.00360716
v 0.00710163 0.08727175 -0.00372235
v -0.04461439 -0.07348444 -0.00367553
v -0.00995190 -0.00345840 -0.00250060
v -0.01978411 -0.02966602 -0.00356290
v 0.03106991 -0.03273097 -0.00355077
v 0.00511556 0.02092182 -0.00350231
v -0.03989293 0.02214747 -0.00363313
v -0.00947880 -0.04591875 -0.00358607
v -0.03082624 0.06644775 -0.00369287
v 0.07546735 -0.00520790 -0.00358408
v 0.07731797 -0.02306440 -0.00358529
v -0.01769470 0.02904455 -0.00357494
v 0.06061811 -0.06412181 -0.00359665
v -0.08427099 -0.02012412 -0.00376579
v 0.07863745 0.02289119 -0.00359804
v -0.03106125 0.07404600 -0.00370808
v 0.08883188 0.00178352 -0.00359407
v -0.02186918 -0.04181393 -0.00359857
v -0.01623618 -0.00062275 -0.00348532
v -0.00794589 0.03025352 -0.00355903
v 0.01075925 0.05243625 -0.00362539
v 0.08594373 -0.01619008 -0.00358979
v -0.01012420 0.10254623 0.00007232
v 0.00418822 0.09262007 -0.00000176
v 0.00724820 0.09990799 -0.00000056
v 0.00551254 0.09630907 -0.00000104
v -0.00336835 0.09254410 0.00000408
v -0.00640738 0.09974513 0.00000731
v -0.00468132 0.09617845 0.00000600
v 0.00039969 0.08958013 0.00000011
v -0.01317146 0.09903538 0.00000933
v -0.01470939 0.09115047 0.00000686
v -0.01413731 0.09515356 0.00000755
v -0.02227698 0.08883194 0.00000006
v -0.02688556 0.09548570 0.00000082
v -0.02439893 0.09226941 0.00000054
v -0.01781251 0.08635704 -0.00000012
v 0.09736423 0.00468645 -0.00000193
v 0.09358107 0.00560503 -0.00000188
v 0.10110844 0.00334689 -0.00000192
v 0.09988409 0.01700515 -0.00000329
v 0.09286740 0.01314072 -0.00000285
v 0.09644386 0.01487273 -0.00000315
v 0.09024339 0.00852462 -0.00000164
v 0.09413849 0.02440906 -0.00000190
v 0.08986944 0.02452805 -0.00000189
v 0.09831903 0.02384799 -0.00000194
v 0.09053113 0.03450155 -0.00000098
v 0.09351816 0.03735471 -0.00000090
v 0.08725884 0.03197634 -0.00000113
v 0.08517894 0.02717106 -0.00000175
v 0.08251438 0.04270067 -0.00000226
v 0.09067771 0.04374967 -0.00000196
v 0.08656720 0.04344006 -0.00000201
v 0.08153790 0.05287998 0.00000019
v 0.08392072 0.05636191 0.00000016
v 0.07876396 0.04962597 0.00000020
v 0.07757274 0.04437121 -0.00000012
v 0.02321789 0.08887426 0.00000149
v 0.02785006 0.09557140 0.00000198
v 0.02535403 0.09234018 0.00000186
v 0.01511254 0.09497816 0.00000109
v 0.01566865 0.09075348 0.00000159
v 0.01412732 0.09905602 0.00000084
v 0.01873276 0.08636055 0.00000287
v 0.04423475 0.08507575 0.00000127
v 0.04136737 0.08206143 0.00000154
v 0.04738761 0.08775570 0.00000123
v 0.03425603 0.08517472 0.00000427
v 0.03445293 0.09340291 0.00000505
v 0.03457210 0.08928901 0.00000460
v 0.03638581 0.08042512 0.00000255
v 0.07603095 0.06096684 0.00000014
v 0.07990313 0.06209337 0.00000012
v 0.07237347 0.05947553 0.00000037
v 0.06723913 0.06504885 -0.00000126
v 0.07057842 0.07213832 -0.00000062
v 0.06907119 0.06845719 -0.00000078
v 0.06736776 0.06046330 0.00000061
v 0.05806248 0.07219188 -0.00000071
v 0.06532580 0.07665121 -0.00000045
v 0.06160830 0.07463525 -0.00000058
v 0.05270058 0.08032472 0.00000120
v 0.05156413 0.07644819 0.00000105
v 0.05342787 0.08432395 0.00000122
v 0.05271158 0.07148071 0.00000072
v 0.01502688 -0.09499431 -0.00000419
v 0.01558153 -0.09076943 -0.00000425
v 0.01404319 -0.09907121 -0.00000414
v 0.02769992 -0.09556023 -0.00000582
v 0.02308618 -0.08888591 -0.00000652
v 0.02521366 -0.09234018 -0.00000600
v 0.01862568 -0.08637762 -0.00000481
v 0.05240986 -0.08034313 -0.00000393
v 0.05313626 -0.08433071 -0.00000388
v 0.05127348 -0.07647346 -0.00000398
v 0.06123635 -0.07466759 -0.00000363
v 0.06493022 -0.07667180 -0.00000366
v 0.05771085 -0.07223649 -0.00000353
v 0.05239651 -0.07152102 -0.00000379
v 0.03407151 -0.08518882 -0.00000578
v 0.03427073 -0.09339984 -0.00000562
v 0.03438852 -0.08929581 -0.00000572
v 0.04113869 -0.08207909 -0.00000577
v 0.04713017 -0.08774863 -0.00000500
v 0.04399229 -0.08508037 -0.00000515
v 0.03618377 -0.08044723 -0.00000435
v 0.07820722 -0.04975727 -0.00000069
v 0.08333570 -0.05644874 -0.00000112
v 0.08096685 -0.05299016 -0.00000089
v 0.08588190 -0.04362983 -0.00000114
v 0.08995331 -0.04393757 -0.00000109
v 0.08187705 -0.04289746 -0.00000138
v 0.07700560 -0.04454868 -0.00000176
v 0.06678632 -0.06507335 -0.00000352
v 0.07014205 -0.07217806 -0.00000366
v 0.06863413 -0.06850139 -0.00000378
v 0.07549599 -0.06100804 -0.00000241
v 0.07934813 -0.06213133 -0.00000227
v 0.07184918 -0.05951637 -0.00000261
v 0.06687640 -0.06046030 -0.00000306
v 0.08650463 -0.03222484 0.00000038
v 0.09275739 -0.03758721 -0.00000006
v 0.08977808 -0.03474511 0.00000011
v 0.08894805 -0.02486596 -0.00000087
v 0.09721756 -0.02420452 -0.00000087
v 0.09311414 -0.02475321 -0.00000085
v 0.08438964 -0.02746521 -0.00000071
v 0.09525531 -0.01530567 -0.00000094
v 0.09161553 -0.01355915 -0.00000098
v 0.09870983 -0.01743747 -0.00000090
v 0.10095344 -0.00353624 -0.00000055
v 0.09279478 -0.00593867 -0.00000040
v 0.09697864 -0.00494357 -0.00000058
v 0.08868592 -0.00940982 -0.00000105
v -0.09190527 -0.02462697 -0.00000445
v -0.08776975 -0.02474038 -0.00000465
v -0.09598381 -0.02408022 -0.00000419
v -0.09158522 -0.03744316 -0.00000406
v -0.08534952 -0.03209349 -0.00000367
v -0.08861377 -0.03460785 -0.00000404
v -0.08324564 -0.02734170 -0.00000390
v -0.07085375 -0.05944041 -0.00000453
v -0.07828204 -0.06202088 -0.00000445
v -0.07445415 -0.06090750 -0.00000448
v -0.06765522 -0.06840170 -0.00000405
v -0.06915693 -0.07206689 -0.00000402
v -0.06582399 -0.06499825 -0.00000431
v -0.06594992 -0.06041425 -0.00000450
v -0.08074955 -0.04274917 -0.00000496
v -0.08879001 -0.04378260 -0.00000593
v -0.08473525 -0.04347701 -0.00000539
v -0.07711169 -0.04961835 -0.00000418
v -0.08225150 -0.05632651 -0.00000428
v -0.07987856 -0.05286116 -0.00000425
v -0.07590175 -0.04440453 -0.00000386
v -0.04306569 -0.08498130 -0.00000490
v -0.04619712 -0.08764325 -0.00000490
v -0.04021836 -0.08198798 -0.00000453
v -0.03306006 -0.08440682 -0.00000183
v -0.03337632 -0.08728605 -0.00000276
v -0.03527134 -0.08036693 -0.00000422
v -0.06026433 -0.07455923 -0.00000397
v -0.05675337 -0.07213996 -0.00000378
v -0.06394914 -0.07655742 -0.00000401
v -0.05219474 -0.08423007 -0.00000588
v -0.05033706 -0.07638877 -0.00000580
v -0.05147031 -0.08025007 -0.00000591
v -0.05146079 -0.07144335 -0.00000323
v -0.02682398 -0.09547500 -0.00000341
v -0.02223507 -0.08884991 -0.00000337
v -0.02434865 -0.09227382 -0.00000357
v -0.01779537 -0.08638128 -0.00000301
v -0.00465301 -0.09625018 -0.00000305
v -0.00334920 -0.09263113 -0.00000307
v -0.00637517 -0.09981723 -0.00000302
v 0.00546211 -0.09634775 -0.00000386
v 0.00414790 -0.09268915 -0.00000324
v 0.00718974 -0.09993028 -0.00000405
v 0.00039019 -0.08968826 -0.00000247
v -0.05055838 0.07632133 0.00000427
v -0.05242000 0.08418797 0.00000400
v -0.05169395 0.08019449 0.00000415
v -0.06054670 0.07447947 0.00000179
v -0.05701919 0.07205011 0.00000187
v -0.06424839 0.07648600 0.00000180
v -0.05169656 0.07135568 0.00000200
v -0.06948341 0.07197278 0.00000180
v -0.06613506 0.06486893 0.00000154
v -0.06797530 0.06829051 0.00000177
v -0.07126411 0.05929638 0.00000001
v -0.07878965 0.06191590 0.00000081
v -0.07492540 0.06079121 0.00000051
v -0.06625440 0.06026170 0.00000130
v -0.04324722 0.08494520 0.00000280
v -0.04038877 0.08194171 0.00000226
v -0.04639137 0.08761696 0.00000288
v -0.03541676 0.08031960 0.00000151
v -0.08042003 0.05273049 0.00000202
v -0.07765209 0.04948344 0.00000215
v -0.08279600 0.05620248 0.00000200
v -0.08138457 0.04256660 0.00000236
v -0.08952144 0.04361000 0.00000274
v -0.08542409 0.04330222 0.00000260
v -0.07646284 0.04423842 0.00000223
v -0.08937827 0.03438383 0.00000290
v -0.08611721 0.03186644 0.00000265
v -0.09235549 0.03722840 0.00000287
v -0.09296347 0.02430175 0.00000288
v -0.09712305 0.02374208 0.00000302
v -0.08871741 0.02442180 0.00000286
v -0.08405087 0.02706791 0.00000257
v -0.09171067 0.01307118 0.00000144
v -0.09868424 0.01691691 0.00000204
v -0.09526245 0.01479390 0.00000194
v -0.09977244 0.00331072 -0.00000492
v -0.09236769 0.00554752 -0.00000103
v -0.09608192 0.00463752 -0.00000293
v -0.08911390 0.00847356 0.00000279
v -0.09569216 -0.00485130 0.00000011
v -0.09155236 -0.00584181 -0.00000172
v -0.09961851 -0.00345605 0.00000185
v -0.09746577 -0.01732899 -0.00000239
v -0.09039751 -0.01346237 -0.00000206
v -0.09402332 -0.01520374 -0.00000219
v -0.08748670 -0.00931453 -0.00000370
v 0.00274450 0.00712080 -0.00167410
v -0.00461120 0.00565780 -0.00167420
v -0.00674230 0.00250470 0.00164120
v 0.00705090 0.00335490 -0.00167540
v -0.00112940 0.00737470 -0.00167410
v 0.00597170 0.00496480 -0.00167420
v -0.00589980 0.00418940 0.00165360
v 0.00450050 0.00625490 -0.00167420
v -0.00298340 0.00674540 -0.00167410
v 0.00082430 0.00750280 0.00165360
v 0.00767180 0.00156880 -0.00168770
v 0.00527880 0.00565770 0.00165320
v -0.00383300 0.00625490 0.00165350
v 0.00365090 0.00674540 0.00165350
v -0.00638390 0.00335400 -0.00167550
v -0.00207710 0.00712080 0.00165370
v -0.00700500 0.00156570 -0.00168410
v 0.00656710 0.00418960 0.00165360
v 0.00740950 0.00250550 0.00164200
v 0.00082430 0.00750280 -0.00167400
v 0.00450050 0.00625490 0.00165360
v 0.00489940 0.00596900 0.00081210
v 0.00563670 0.00532250 0.00081250
v 0.00527860 0.00565780 -0.00002120
v 0.00597100 0.00496570 -0.00002070
v 0.00450050 0.00625490 -0.00002090
v 0.00597190 0.00496470 0.00165420
v 0.00408370 0.00651410 0.00081320
v 0.00320390 0.00694790 0.00081280
v 0.00274450 0.00712080 0.00165400
v 0.00227490 0.00726330 0.00081280
v 0.00274450 0.00712080 -0.00002070
v 0.00179690 0.00737470 -0.00002050
v 0.00628130 0.00458790 0.00081350
v 0.00681920 0.00378570 0.00081210
v 0.00704950 0.00335780 0.00165190
v 0.00179690 0.00737470 0.00165440
v 0.00131270 0.00745470 0.00081360
v 0.00033370 0.00751880 0.00081290
v -0.00015680 0.00750280 0.00165410
v -0.00064520 0.00745470 0.00081290
v -0.00015680 0.00750280 -0.00002060
v -0.00112940 0.00737470 -0.00002050
v -0.00112940 0.00737470 0.00165440
v -0.00160740 0.00726330 0.00081360
v -0.00253640 0.00694790 0.00081300
v -0.00298340 0.00674540 0.00165410
v -0.00341620 0.00651410 0.00081270
v -0.00423190 0.00596900 0.00081260
v -0.00383300 0.00625490 -0.00002100
v -0.00461120 0.00565780 -0.00002090
v -0.00496920 0.00532250 0.00081330
v -0.00530360 0.00496560 -0.00002050
v -0.00530440 0.00496470 0.00165440
v -0.00561400 0.00458770 0.00081370
v -0.00615210 0.00378500 0.00081190
v -0.00638230 0.00335730 0.00165160
v -0.00461120 0.00565780 0.00165480
v -0.00298340 0.00674540 -0.00002030
v -0.00656890 0.00295210 0.00080330
v -0.00686470 0.00212430 0.00076920
v -0.00672090 0.00256480 -0.00003780
v -0.00693500 0.00186710 -0.00006730
v -0.00708380 0.00112770 0.00064740
v -0.00696460 0.00174640 0.00161220
v -0.00637120 0.00337950 -0.00002490
v 0.00723570 0.00295370 0.00080410
v 0.00753170 0.00212600 0.00077150
v 0.00738740 0.00256750 -0.00003660
v 0.00760200 0.00186890 -0.00006490
v 0.00775140 0.00112710 0.00065450
v 0.00763200 0.00174680 0.00161420
v 0.00703800 0.00338090 -0.00002430
v 0.00365090 0.00674540 -0.00001990
v -0.00015680 0.00750280 -0.00167430
v 0.00179690 0.00737470 -0.00167430
v 0.00527870 0.00565780 -0.00167440
v 0.00741720 0.00248340 -0.00167930
v 0.00365090 0.00674540 -0.00167430
v -0.00383300 0.00625490 -0.00167440
v -0.00675040 0.00248150 -0.00167890
v -0.00589880 0.00419090 -0.00167450
v -0.00530410 0.00496510 -0.00167440
v 0.00656620 0.00419100 -0.00167450
v -0.00207710 0.00712080 -0.00167420
v -0.00589450 0.00419720 -0.00002050
v 0.00656180 0.00419750 -0.00002040
v 0.00082420 0.00750280 -0.00001970
v -0.00207710 0.00712080 -0.00001960
v -0.00064520 0.00745470 -0.00084810
v 0.00227490 0.00726330 -0.00084820
v -0.00341620 0.00651410 -0.00084830
v -0.00656740 0.00295560 -0.00085430
v -0.00496880 0.00532290 -0.00084830
v 0.00489930 0.00596910 -0.00084840
v 0.00563630 0.00532290 -0.00084830
v -0.00686020 0.00213960 -0.00086300
v -0.00423180 0.00596910 -0.00084830
v 0.00408370 0.00651410 -0.00084810
v 0.00131270 0.00745470 -0.00084790
v -0.00561260 0.00458950 -0.00084830
v -0.00160740 0.00726330 -0.00084790
v -0.00614890 0.00379050 -0.00084970
v 0.00628010 0.00458940 -0.00084820
v -0.00253640 0.00694790 -0.00084780
v 0.00033370 0.00751880 -0.00084780
v 0.00681670 0.00378990 -0.00084930
v 0.00723370 0.00295830 -0.00085390
v 0.00320380 0.00694800 -0.00084790
v 0.00752690 0.00214200 -0.00086280
v -0.00704040 0.00138690 -0.00085960
v 0.00770790 0.00138720 -0.00085840
vt 0.92272730 0.04861900
vt 0.78636370 0.04229020
vt 0.93400600 0.05356890
vt 0.06818180 0.03043720
vt 0.07370380 0.52963030
vt 0.43538710 0.36599400
vt 0.67508490 0.19902340
vt 0.08855150 0.54447790
vt 0.16461290 0.82053950
vt 0.08498260 0.02272730
vt 0.09683560 0.03181820
vt 0.23400600 0.21720520
vt 0.23734020 0.82053950
vt 0.68855150 0.58084170
vt 0.67370380 0.56599400
vt 0.68993250 0.19764240
vt 0.20097660 0.63872120
vt 0.99764240 0.67175070
vt 0.98279480 0.65690310
vt 0.21582420 0.65356890
vt 0.87370380 0.52963030
vt 0.90673330 0.85356890
vt 0.69764240 0.04643110
vt 0.88855150 0.54447790
vt 0.08993250 0.52491510
vt 0.10673330 0.52629610
vt 0.96599390 0.52824930
vt 0.80097660 0.58417580
vt 0.01720530 0.57946060
vt 0.03400600 0.58084170
vt 0.92491510 0.59902350
vt 0.30811430 0.57946060
vt 0.52629610 0.57946060
vt 0.54309690 0.58084170
vt 0.43400600 0.58084170
vt 0.05552200 0.56599400
vt 0.27175070 0.57946060
vt 0.28855150 0.58084170
vt 0.14781220 0.56461300
vt 0.76461290 0.56599400
vt 0.98084160 0.57946060
vt 0.99764240 0.58084170
vt 0.85690310 0.56461300
vt 0.56461290 0.56599400
vt 0.72629610 0.57946060
vt 0.74309690 0.58084170
vt 0.01915840 0.54781220
vt 0.12629620 0.56127880
vt 0.14309690 0.56265980
vt 0.16461290 0.54781220
vt 0.38279470 0.54781220
vt 0.36599400 0.54643110
vt 0.25690310 0.54643110
vt 0.01915840 0.60235760
vt 0.23538710 0.61582420
vt 0.25218780 0.61720530
vt 0.14309690 0.61720530
vt 0.52824930 0.60235760
vt 0.74643110 0.60235760
vt 0.72963040 0.60097660
vt 0.62053940 0.60097660
vt 0.27370380 0.60235760
vt 0.48993250 0.61582420
vt 0.50673330 0.61720530
vt 0.36599400 0.60097660
vt 0.03538710 0.59764240
vt 0.25356890 0.59764240
vt 0.27036960 0.59902350
vt 0.12963040 0.58279480
vt 0.78279480 0.60235760
vt 0.99902340 0.61582420
vt 0.01582420 0.59902350
vt 0.87508490 0.60097660
vt 0.29188560 0.58417580
vt 0.50811430 0.59764240
vt 0.52491510 0.59902350
vt 0.41582420 0.59902350
vt 0.54643110 0.58417580
vt 0.76461290 0.58417580
vt 0.74781220 0.58279480
vt 0.63872120 0.58279480
vt 0.23734020 0.63872120
vt 0.45552200 0.63872120
vt 0.43872130 0.63734020
vt 0.32963030 0.63734020
vt 0.49188570 0.63872120
vt 0.70811430 0.65218780
vt 0.72491510 0.65356890
vt 0.58417580 0.63734020
vt 0.74447800 0.65218780
vt 0.96265980 0.65218780
vt 0.97946050 0.65356890
vt 0.83872120 0.63734020
vt 0.51006750 0.62053940
vt 0.72629610 0.63400600
vt 0.74309690 0.63538710
vt 0.63400600 0.63538710
vt 0.76461290 0.62053940
vt 0.98084160 0.63400600
vt 0.99764240 0.63538710
vt 0.85690310 0.61915840
vt 0.25552200 0.62053940
vt 0.47175070 0.63400600
vt 0.48855150 0.63538710
vt 0.37946060 0.63538710
vt 0.00097660 0.62053940
vt 0.21720530 0.63400600
vt 0.23400600 0.63538710
vt 0.09326670 0.61915840
vt 0.72824930 0.65690310
vt 0.94447800 0.67036970
vt 0.96127870 0.67175070
vt 0.85218780 0.67175070
vt 0.98084160 0.67036970
vt 0.18417580 0.63734020
vt 0.10673330 0.65356890
vt 0.07508490 0.81915840
vt 0.05690310 0.52824930
vt 0.94781210 0.54643110
vt 0.41915840 0.54781220
vt 0.63538710 0.56127880
vt 0.65218780 0.56265980
vt 0.51144850 0.54643110
vt 0.67175070 0.56127880
vt 0.88993250 0.56127880
vt 0.90673330 0.56265980
vt 0.79764240 0.56265980
vt 0.11006750 0.52963030
vt 0.32824930 0.52963030
vt 0.31144850 0.52824930
vt 0.23400600 0.54447790
vt 0.36461290 0.52963030
vt 0.58084160 0.54309690
vt 0.59764240 0.54447790
vt 0.45690310 0.52824930
vt 0.61915840 0.52963030
vt 0.83734020 0.52963030
vt 0.82053940 0.52824930
vt 0.71144850 0.52824930
vt 0.72629610 0.54309690
vt 0.98084160 0.54309690
vt 0.81582420 0.59902350
vt 0.63400600 0.54447790
vt 0.47175070 0.54309690
vt 0.37946060 0.54447790
vt 0.21915840 0.52963030
vt 0.12491510 0.54447790
vt 0.78279480 0.54781220
vt 0.58279470 0.16599400
vt 0.09188570 0.63872120
vt 0.96265980 0.56127880
vt 0.43400600 0.56265980
vt 0.65690300 0.54643110
vt 0.52629610 0.56127880
vt 0.17946050 0.56265980
vt 0.27175070 0.56127880
vt 0.03400600 0.61720530
vt 0.03400600 0.56265980
vt 0.77946050 0.58084170
vt 0.16265980 0.57946060
vt 0.87175070 0.57946060
vt 0.57946060 0.58084170
vt 0.29326670 0.56461300
vt 0.91006750 0.58417580
vt 0.41915840 0.56599400
vt 0.07036960 0.58084170
vt 0.56127880 0.59902350
vt 0.40097660 0.58417580
vt 0.65356890 0.59764240
vt 0.25218780 0.65356890
vt 0.30673330 0.59902350
vt 0.88993250 0.61582420
vt 0.02053940 0.58279480
vt 0.38084160 0.61582420
vt 0.14447800 0.59764240
vt 0.79764240 0.61720530
vt 0.54309690 0.61720530
vt 0.12824930 0.60235760
vt 0.63538710 0.61582420
vt 0.28855150 0.61720530
vt 0.77946050 0.63538710
vt 0.61915840 0.62053940
vt 0.87175070 0.63400600
vt 0.27036960 0.63538710
vt 0.52491510 0.63538710
vt 0.85356890 0.65218780
vt 0.36461290 0.62053940
vt 0.01582420 0.63538710
vt 0.10811430 0.63400600
vt 0.74309690 0.67175070
vt 0.72963040 0.63734020
vt 0.59902340 0.65218780
vt 0.50673330 0.65356890
vt 0.34447800 0.65218780
vt 0.07508490 0.51006750
vt 0.83538710 0.54309690
vt 0.85218780 0.54447790
vt 0.58279470 0.52963030
vt 0.56599400 0.52824930
vt 0.32629620 0.54309690
vt 0.34309690 0.54447790
vt 0.89188560 0.54781220
vt 0.87508490 0.54643110
vt 0.63734020 0.54781220
vt 0.62053940 0.54643110
vt 0.07175070 0.54309690
vt 0.19902340 0.65218780
vt 0.96599390 0.65552200
vt 0.83734020 0.65690310
vt 0.94643110 0.65690310
vt 0.92963030 0.65552200
vt 0.21915840 0.62053940
vt 0.20235760 0.61915840
vt 0.47370380 0.62053940
vt 0.45690310 0.61915840
vt 0.98279480 0.62053940
vt 0.96599390 0.61915840
vt 0.72824930 0.62053940
vt 0.71144850 0.61915840
vt 0.96461290 0.63872120
vt 0.94781210 0.63734020
vt 0.71006750 0.63872120
vt 0.69326670 0.63734020
vt 0.45356890 0.65218780
vt 0.47036970 0.65356890
vt 0.76265980 0.59764240
vt 0.77946050 0.59902350
vt 0.51006750 0.58417580
vt 0.49326670 0.58279480
vt 0.00097660 0.58417580
vt 0.98417580 0.60097660
vt 0.25552200 0.58417580
vt 0.23872130 0.58279480
vt 0.49188570 0.60235760
vt 0.47508490 0.60097660
vt 0.74447800 0.61582420
vt 0.76127870 0.61720530
vt 0.23734020 0.60235760
vt 0.22053950 0.60097660
vt 0.38084160 0.56127880
vt 0.39764240 0.56265980
vt 0.12824930 0.54781220
vt 0.11144850 0.54643110
vt 0.72824930 0.56599400
vt 0.71144850 0.56461300
vt 0.98279480 0.56599400
vt 0.96599390 0.56461300
vt 0.27370380 0.56599400
vt 0.25690310 0.56461300
vt 0.52824930 0.56599400
vt 0.51144850 0.56461300
vt 0.01915840 0.56599400
vt 0.00235760 0.56461300
vt 0.09188570 0.51144850
vt 0.62727270 0.22589170
vt 0.58417580 0.21915840
vt 0.93636360 0.22865380
vt 0.82824930 0.09188570
vt 0.10811430 0.30673330
vt 0.03538710 0.07508490
vt 0.54781220 0.23538710
vt 0.95356890 0.09188570
vt 0.81720530 0.25690310
vt 0.26225530 0.26363640
vt 0.58084160 0.27036960
vt 0.20235760 0.25552200
vt 0.00235760 0.71006750
vt 0.72824930 0.23872130
vt 0.81720530 0.72491510
vt 0.39229010 0.22727270
vt 0.42727270 0.22865380
vt 0.98417580 0.71006750
vt 0.92491510 0.23538710
vt 0.82963040 0.10097660
vt 0.41720530 0.10097660
vt 0.27175070 0.72491510
vt 0.57272730 0.22589170
vt 0.50811430 0.39764240
vt 0.19764240 0.90811430
vt 0.72824930 0.45218780
vt 0.93538710 0.13872120
vt 0.58417580 0.40097660
vt 0.29326670 0.40097660
vt 0.17272730 0.41047200
vt 0.80097660 0.13538710
vt 0.97272720 0.42865380
vt 0.45552200 0.43400600
vt 0.47036970 0.41915840
vt 0.99764240 0.43538710
vt 0.23538710 0.41582420
vt 0.04447800 0.03872130
vt 0.25690310 0.40097660
vt 0.47370380 0.40235760
vt 0.84643110 0.13872120
vt 0.85218780 0.14447800
vt 0.67036960 0.40097660
vt 0.76127870 0.47175070
vt 0.84545450 0.50138100
vt 0.72491510 0.43734020
vt 0.05909090 0.04861900
vt 0.43538710 0.37946060
vt 0.68855150 0.19902340
vt 0.41720530 0.99764240
vt 0.54781220 0.52629610
vt 0.80097660 0.34309700
vt 0.08855150 0.81720530
vt 0.67508490 0.34643110
vt 0.58417580 0.18084160
vt 0.02491510 0.02629620
vt 0.95000000 0.05138110
vt 0.88855150 0.03734020
vt 0.88084160 0.04309700
vt 0.86265980 0.03872130
vt 0.87175070 0.05218790
vt 0.87727270 0.05138110
vt 0.90454540 0.04861900
vt 0.96265980 0.03872130
vt 0.95552200 0.04781220
vt 0.94090910 0.04229020
vt 0.95909090 0.04229020
vt 0.94643110 0.04309700
vt 0.93181820 0.05138110
vt 0.89326670 0.04447800
vt 0.87865380 0.05000000
vt 0.95690310 0.03734020
vt 0.94781210 0.03734020
vt 0.89902340 0.05218790
vt 0.87370380 0.04309700
vt 0.88636360 0.05138110
vt 0.94781210 0.03734020
vt 0.02629620 0.03400610
vt 0.92629620 0.52824930
vt 0.94447800 0.52824930
vt 0.05552200 0.51144850
vt 0.03400600 0.52629610
vt 0.85356890 0.58279480
vt 0.87175070 0.58279480
vt 0.96265980 0.59764240
vt 0.96127870 0.59902350
vt 0.34643110 0.58084170
vt 0.32963030 0.56461300
vt 0.43872130 0.56461300
vt 0.45356890 0.56461300
vt 0.07175070 0.56461300
vt 0.07175070 0.57946060
vt 0.21720530 0.56461300
vt 0.20097660 0.58084170
vt 0.78279480 0.56599400
vt 0.78417580 0.56461300
vt 0.91006750 0.58084170
vt 0.89326670 0.56461300
vt 0.58279470 0.56599400
vt 0.58417580 0.56461300
vt 0.56127880 0.14643110
vt 0.05356890 0.54643110
vt 0.05356890 0.56127880
vt 0.18279470 0.54781220
vt 0.18417580 0.54643110
vt 0.32629620 0.54643110
vt 0.32824930 0.56265980
vt 0.05552200 0.61720530
vt 0.08993250 0.60097660
vt 0.16461290 0.61720530
vt 0.14781220 0.60097660
vt 0.56127880 0.61720530
vt 0.54643110 0.61720530
vt 0.67370380 0.61720530
vt 0.65690300 0.60097660
vt 0.29188560 0.60235760
vt 0.29326670 0.60097660
vt 0.43538710 0.60097660
vt 0.45356890 0.60097660
vt 0.03872130 0.58279480
vt 0.05356890 0.58279480
vt 0.19902340 0.58279480
vt 0.20097660 0.59902350
vt 0.85552200 0.60235760
vt 0.83400600 0.61720530
vt 0.94447800 0.60097660
vt 0.96265980 0.60097660
vt 0.36461290 0.58417580
vt 0.34309690 0.59902350
vt 0.43538710 0.58279480
vt 0.43538710 0.59764240
vt 0.56461290 0.58417580
vt 0.56599400 0.58279480
vt 0.72824930 0.58417580
vt 0.70673330 0.59902350
vt 0.25552200 0.63872120
vt 0.25690310 0.63734020
vt 0.37946060 0.65356890
vt 0.36461290 0.65356890
vt 0.51006750 0.63872120
vt 0.51144850 0.63734020
vt 0.61915840 0.63872120
vt 0.62053940 0.63734020
vt 0.78084160 0.65218780
vt 0.78279480 0.65356890
vt 0.90811430 0.63734020
vt 0.91006750 0.65356890
vt 0.52824930 0.62053940
vt 0.52963030 0.61915840
vt 0.65552200 0.63538710
vt 0.63872120 0.61915840
vt 0.79764240 0.63538710
vt 0.78279480 0.63538710
vt 0.89188560 0.62053940
vt 0.89326670 0.61915840
vt 0.29188560 0.63538710
vt 0.30811430 0.61915840
vt 0.42053940 0.61915840
vt 0.40235760 0.61915840
vt 0.03538710 0.63400600
vt 0.03734020 0.63538710
vt 0.14643110 0.63538710
vt 0.18084160 0.61915840
vt 0.76127870 0.67175070
vt 0.74643110 0.67175070
vt 0.85690310 0.65552200
vt 0.87175070 0.65552200
vt 0.05356890 0.63734020
vt 0.02053940 0.63734020
vt 0.09326670 0.63734020
vt 0.10811430 0.63734020
vt 0.94309690 0.56265980
vt 0.01720530 0.52824930
vt 0.01915840 0.54447790
vt 0.47508490 0.54643110
vt 0.45690310 0.54643110
vt 0.54643110 0.54781220
vt 0.54781220 0.54643110
vt 0.71006750 0.54781220
vt 0.71144850 0.54643110
vt 0.81915840 0.56265980
vt 0.80235760 0.54643110
vt 0.16265980 0.52824930
vt 0.18084160 0.52824930
vt 0.23872130 0.52824930
vt 0.25356890 0.52824930
vt 0.38279470 0.52963030
vt 0.38417580 0.52824930
vt 0.49188570 0.52963030
vt 0.49326670 0.52824930
vt 0.65356890 0.54309690
vt 0.65552200 0.54447790
vt 0.76127870 0.54447790
vt 0.74643110 0.54447790
vt 0.84090910 0.04861900
vt 0.90673330 0.03734020
vt 0.90097650 0.05218790
vt 0.92272730 0.04861900
vt 0.92272730 0.04229020
vt 0.90673330 0.03734020
vt 0.91582420 0.03734020
vt 0.88855150 0.03734020
vt 0.92053950 0.03734020
vt 0.92053950 0.05356890
vt 0.87865380 0.05000000
vt 0.86956290 0.05000000
vt 0.90235760 0.05356890
vt 0.91501750 0.05000000
vt 0.89683560 0.04090910
vt 0.87865380 0.05000000
vt 0.88636360 0.04861900
vt 0.92491510 0.05356890
vt 0.91915840 0.04309700
vt 0.90097650 0.05218790
vt 0.92824930 0.04781220
vt 0.89683560 0.04090910
vt 0.83400600 0.03734020
vt 0.90673330 0.54447790
vt 0.90811430 0.54309690
vt 0.76461290 0.52963030
vt 0.81582420 0.54447790
vt 0.68993250 0.54309690
vt 0.67175070 0.54309690
vt 0.52629610 0.52824930
vt 0.51006750 0.54447790
vt 0.40097660 0.54447790
vt 0.43538710 0.52824930
vt 0.27175070 0.54309690
vt 0.27036960 0.54447790
vt 0.14309690 0.54447790
vt 0.14447800 0.54309690
vt 0.83872120 0.54643110
vt 0.82053940 0.54643110
vt 0.70811430 0.56127880
vt 0.70811430 0.54643110
vt 0.58279470 0.56265980
vt 0.56461290 0.56265980
vt 0.43872130 0.54643110
vt 0.45552200 0.56265980
vt 0.99902340 0.56127880
vt 0.99764240 0.56265980
vt 0.94447800 0.56127880
vt 0.12824930 0.63872120
vt 0.12963040 0.63734020
vt 0.00235760 0.63734020
vt 0.03400600 0.65356890
vt 0.88993250 0.67036970
vt 0.88855150 0.67175070
vt 0.81582420 0.67175070
vt 0.76461290 0.65690310
vt 0.14447800 0.63400600
vt 0.14309690 0.63538710
vt 0.07175070 0.63400600
vt 0.05356890 0.63400600
vt 0.40097660 0.63538710
vt 0.38417580 0.61915840
vt 0.28855150 0.63538710
vt 0.28993250 0.63400600
vt 0.94447800 0.61915840
vt 0.91006750 0.63538710
vt 0.85218780 0.63538710
vt 0.80097660 0.62053940
vt 0.67508490 0.61915840
vt 0.65690300 0.61915840
vt 0.56265980 0.61915840
vt 0.58084160 0.61915840
vt 0.88993250 0.65218780
vt 0.88855150 0.65356890
vt 0.81720530 0.65218780
vt 0.79902340 0.65218780
vt 0.67175070 0.63734020
vt 0.65356890 0.63734020
vt 0.52824930 0.65356890
vt 0.54643110 0.65356890
vt 0.38279470 0.63872120
vt 0.43400600 0.65356890
vt 0.27370380 0.65356890
vt 0.29188560 0.65356890
vt 0.67370380 0.59902350
vt 0.67370380 0.58417580
vt 0.59902340 0.58279480
vt 0.61720530 0.58279480
vt 0.45356890 0.59764240
vt 0.45218780 0.59902350
vt 0.31006750 0.58417580
vt 0.31006750 0.59902350
vt 0.92629620 0.61582420
vt 0.92491510 0.61720530
vt 0.80097660 0.60235760
vt 0.80097660 0.61720530
vt 0.18084160 0.59764240
vt 0.17946050 0.59902350
vt 0.09326670 0.58279480
vt 0.08993250 0.59764240
vt 0.41720530 0.61582420
vt 0.41582420 0.61720530
vt 0.31006750 0.61720530
vt 0.34447800 0.60097660
vt 0.69326670 0.60097660
vt 0.67508490 0.60097660
vt 0.61582420 0.61720530
vt 0.56461290 0.60235760
vt 0.18417580 0.60097660
vt 0.16599400 0.60097660
vt 0.05218780 0.61720530
vt 0.05356890 0.61582420
vt 0.30811430 0.56127880
vt 0.30673330 0.56265980
vt 0.20097660 0.56265980
vt 0.21915840 0.56265980
vt 0.07036960 0.56265980
vt 0.07175070 0.56127880
vt 0.69188570 0.58084170
vt 0.60097660 0.58084170
vt 0.63538710 0.56461300
vt 0.92963030 0.56461300
vt 0.91144850 0.56461300
vt 0.81720530 0.56461300
vt 0.83538710 0.56461300
vt 0.19902340 0.57946060
vt 0.19764240 0.58084170
vt 0.11144850 0.56461300
vt 0.11006750 0.56599400
vt 0.47175070 0.57946060
vt 0.47036970 0.58084170
vt 0.34781220 0.56461300
vt 0.36599400 0.56461300
vt 0.92963030 0.58279480
vt 0.94447800 0.58279480
vt 0.83400600 0.59902350
vt 0.83538710 0.59764240
vt 0.00097660 0.52629610
vt 0.00097660 0.51144850
vt 0.58417580 0.06265980
vt 0.73181820 0.06680080
vt 0.61582420 0.05552200
vt 0.68993250 0.05690310
vt 0.64447800 0.06599400
vt 0.69683560 0.06818180
vt 0.71582420 0.06265980
vt 0.71582420 0.06461290
vt 0.68279470 0.07036970
vt 0.77370380 0.07036970
vt 0.08417580 0.03538710
vt 0.69902340 0.05690310
vt 0.63734020 0.06599400
vt 0.58498260 0.05909090
vt 0.60673330 0.05552200
vt 0.76818180 0.06680080
vt 0.67727270 0.06047200
vt 0.60811440 0.05690310
vt 0.55138110 0.06818180
vt 0.67946060 0.06461290
vt 0.55356890 0.06599400
vt 0.67508490 0.06461290
vt 0.74447800 0.06599400
vt 0.71501740 0.05909090
vt 0.66265980 0.07036970
vt 0.71006750 0.05690310
vt 0.56127880 0.06461290
vt 0.64090910 0.05770990
vt 0.66956290 0.05909090
vt 0.71915840 0.06599400
vt 0.60235760 0.05552200
vt 0.65356890 0.06127880
vt 0.53181820 0.06956290
vt 0.64309690 0.06461290
vt 0.54090910 0.06956290
vt 0.73952810 0.05909090
vt 0.75552200 0.07036970
vt 0.65909090 0.06047200
vt 0.66461290 0.06599400
vt 0.63043710 0.05909090
vt 0.60235760 0.06461290
vt 0.71582420 0.05552200
vt 0.54447790 0.07036970
vt 0.54447790 0.06599400
vt 0.73181820 0.06047200
vt 0.67370380 0.06127880
vt 0.55690310 0.06265980
vt 0.67370380 0.05690310
vt 0.65909090 0.06956290
vt 0.67946060 0.07175070
vt 0.67727270 0.06956290
vt 0.53872130 0.06265980
vt 0.64861890 0.05909090
vt 0.67036960 0.06265980
vt 0.76461290 0.06127880
vt 0.58417580 0.06461290
vt 0.77589170 0.06818180
vt 0.13774470 0.51818180
vt 0.74090910 0.06956290
vt 0.67370380 0.07036970
vt 0.65000000 0.06047200
vt 0.74309690 0.06461290
vt 0.72410830 0.06818180
vt 0.64090910 0.06047200
vt 0.61582420 0.06461290
vt 0.63734020 0.06127880
vt 0.07508490 0.03538710
vt 0.07727270 0.03319930
vt 0.08636360 0.02410840
vt 0.58279470 0.16127880
vt 0.68855150 0.06265980
vt 0.68084160 0.06599400
vt 0.76265980 0.06127880
vt 0.65909090 0.06680080
vt 0.73319930 0.05909090
vt 0.70673330 0.07175070
vt 0.72134620 0.05909090
vt 0.69326670 0.05552200
vt 0.59188560 0.16265980
vt 0.70235760 0.06265980
vt 0.70673330 0.06265980
vt 0.68636360 0.06956290
vt 0.68084160 0.05690310
vt 0.72272720 0.05770990
vt 0.68774470 0.06818180
vt 0.73872130 0.05552200
vt 0.69764240 0.06461290
vt 0.68498260 0.05909090
vt 0.69188570 0.06599400
vt 0.69188570 0.06127880
vt 0.73734020 0.06127880
vt 0.72963040 0.06265980
vt 0.73319930 0.06818180
vt 0.72629610 0.07036970
vt 0.74090910 0.06047200
vt 0.71915840 0.06127880
vt 0.72491510 0.05552200
vt 0.73400600 0.06461290
vt 0.73181820 0.05770990
vt 0.72963040 0.07175070
vt 0.74090910 0.05770990
vt 0.75000000 0.06680080
vt 0.75000000 0.05770990
vt 0.75356890 0.05690310
vt 0.75909090 0.06680080
vt 0.08084160 0.03400610
vt 0.68084160 0.07036970
vt 0.77727270 0.06047200
vt 0.76047200 0.06818180
vt 0.77175070 0.07036970
vt 0.15316440 0.51818180
vt 0.05690310 0.98279480
vt 0.17946050 0.99902340
vt 0.16265980 0.98279480
vt 0.16461290 0.99902340
vt 0.02963040 0.04447800
vt 0.16818180 0.04229020
vt 0.03181820 0.03952810
vt 0.12629620 0.04309700
vt 0.14090910 0.03952810
vt 0.05000000 0.05138110
vt 0.02824930 0.04309700
vt 0.02491510 0.03734020
vt 0.04090910 0.04861900
vt 0.03872130 0.05356890
vt 0.03734020 0.03872130
vt 0.94781210 0.07175070
vt 0.36265980 0.87036970
vt 0.93636360 0.35592650
vt 0.27508490 0.92824930
vt 0.85356890 0.88855150
vt 0.21582420 0.34643110
vt 0.54447790 0.96127870
vt 0.12963040 0.85552200
vt 0.16599400 0.85552200
vt 0.65690300 0.92824930
vt 0.80235760 0.87370380
vt 0.91144850 0.87370380
vt 0.71006750 0.87508490
vt 0.47370380 0.96265980
vt 0.70811430 0.36127880
vt 0.83538710 0.38417580
vt 0.42053940 0.38279470
vt 0.77946050 0.94447800
vt 0.58279470 0.89326670
vt 0.47370380 0.38417580
vt 0.96265980 0.88855150
vt 0.88855150 0.88993250
vt 0.79902340 0.90673330
vt 0.90811430 0.91006750
vt 0.45552200 0.91144850
vt 0.25218780 0.92629620
vt 0.98279480 0.87508490
vt 0.90811430 0.37946060
vt 0.00097660 0.85690310
vt 0.89188560 0.91144850
vt 0.58417580 0.34643110
vt 0.03181820 0.04861900
vt 0.03319920 0.05000000
vt 0.07589170 0.04090910
vt 0.08084160 0.04781220
vt 0.07946050 0.05356890
vt 0.98993250 0.07036970
vt 0.03319920 0.04090910
vt 0.13181820 0.04229020
vt 0.18279470 0.92963030
vt 0.19764240 0.94447800
vt 0.96599390 0.87370380
vt 0.28993250 0.90673330
vt 0.69188570 0.91144850
vt 0.23400600 0.45356890
vt 0.39229010 0.46363640
vt 0.61915840 0.45690310
vt 0.22727270 0.44683560
vt 0.45690310 0.47175070
vt 0.79090910 0.46225540
vt 0.77134620 0.48181820
vt 0.11956290 0.42727270
vt 0.60909090 0.46225540
vt 0.43872130 0.47175070
vt 0.44545450 0.40770990
vt 0.75454550 0.48043720
vt 0.42053940 0.38084160
vt 0.16127870 0.47175070
vt 0.54643110 0.37946060
vt 0.85552200 0.47508490
vt 0.50138110 0.39090910
vt 0.48319920 0.46363640
vt 0.33636360 0.40770990
vt 0.50000000 0.48043720
vt 0.96461290 0.48855150
vt 0.18952800 0.44545450
vt 0.05218780 0.45356890
vt 0.21047200 0.44545450
vt 0.61720530 0.42053940
vt 0.61047200 0.42727270
vt 0.34447800 0.45218780
vt 0.33774470 0.44545450
vt 0.40235760 0.41720530
vt 0.95592650 0.39090910
vt 0.54447790 0.45218780
vt 0.59764240 0.12629620
vt 0.34309690 0.45552210
vt 0.73400600 0.11915840
vt 0.38084160 0.47036970
vt 0.57410840 0.37272730
vt 0.41582420 0.45552210
vt 0.90000000 0.38952800
vt 0.58084160 0.47036970
vt 0.89326670 0.38279470
vt 0.52963030 0.43734020
vt 0.67370380 0.38417580
vt 0.32963030 0.43538710
vt 0.68043710 0.39090910
vt 0.51720520 0.14447800
vt 0.83734020 0.38417580
vt 0.39090910 0.40770990
vt 0.84407350 0.39090910
vt 0.10673330 0.41720530
vt 0.20235760 0.38084160
vt 0.90000000 0.44407350
vt 0.20909090 0.37410830
vt 0.00770980 0.42727270
vt 0.32629620 0.37946060
vt 0.59090910 0.42589170
vt 0.11006750 0.36599400
vt 0.58084160 0.36599400
vt 0.27036960 0.38084160
vt 0.15316440 0.40909090
vt 0.65690300 0.11006750
vt 0.26501740 0.39090910
vt 0.27175070 0.38417580
vt 0.67036960 0.47175070
vt 0.60770990 0.37272730
vt 0.05218780 0.47175070
vt 0.31006750 0.36599400
vt 0.12629620 0.45690310
vt 0.38952800 0.44545450
vt 0.25218780 0.47175070
vt 0.77272730 0.39229010
vt 0.65552200 0.47036970
vt 0.77946050 0.39902340
vt 0.83734020 0.47036970
vt 0.22053950 0.12629620
vt 0.91006750 0.45690310
vt 0.22629620 0.12053940
vt 0.60097660 0.45218780
vt 0.64545450 0.38952800
vt 0.31006750 0.43400600
vt 0.63872120 0.38279470
vt 0.37410830 0.44545450
vt 0.64407350 0.39090910
vt 0.61720530 0.12491510
vt 0.63734020 0.39764240
vt 0.65218780 0.12629620
vt 0.51006750 0.41582420
vt 0.13636360 0.41047200
vt 0.08993250 0.34781220
vt 0.41720530 0.38417580
vt 0.15454550 0.37134620
vt 0.81582420 0.40097660
vt 0.67508490 0.41915840
vt 0.34781220 0.43734020
vt 0.00097660 0.37946060
vt 0.54309690 0.12629620
vt 0.88993250 0.47036970
vt 0.97946050 0.12824930
vt 0.23538710 0.47036970
vt 0.39902340 0.38417580
vt 0.43538710 0.47036970
vt 0.58952800 0.39090910
vt 0.90811430 0.47036970
vt 0.58279470 0.39764240
vt 0.76265980 0.14309690
vt 0.54447790 0.38417580
vt 0.90097650 0.13400600
vt 0.65218780 0.36461290
vt 0.90673330 0.12824930
vt 0.78952810 0.37272730
vt 0.95218780 0.13538710
vt 0.59764240 0.39902340
vt 0.39902340 0.41582420
vt 0.34309690 0.38084160
vt 0.87036970 0.45356890
vt 0.93872130 0.11720530
vt 0.63872120 0.36461290
vt 0.29188560 0.37946060
vt 0.36599400 0.41915840
vt 0.60235760 0.40097660
vt 0.70097660 0.11582420
vt 0.75218780 0.11720530
vt 0.59090910 0.40770990
vt 0.92963030 0.41915840
vt 0.44683560 0.46363640
vt 0.03734020 0.36599400
vt 0.54781220 0.45552210
vt 0.66363630 0.37410830
vt 0.91818180 0.48043720
vt 0.29188560 0.43872120
vt 0.72824930 0.11144850
vt 0.99090910 0.37410830
vt 0.70000000 0.46501740
vt 0.88043710 0.44545450
vt 0.53636360 0.46225540
vt 0.87370380 0.43872120
vt 0.73774470 0.46363640
vt 0.62865380 0.39090910
vt 0.85218780 0.47175070
vt 0.76461290 0.38417580
vt 0.95592650 0.46363640
vt 0.77134620 0.39090910
vt 0.24545450 0.44407350
vt 0.12629620 0.37946060
vt 0.62727270 0.44683560
vt 0.11956290 0.37272730
vt 0.75316440 0.44545450
vt 0.20770980 0.40909090
vt 0.90000000 0.44683560
vt 0.09326670 0.38279470
vt 0.53636360 0.42865380
vt 0.98952810 0.39090910
vt 0.18952800 0.37272730
vt 0.33636360 0.39229010
vt 0.47370380 0.45690310
vt 0.37272730 0.38952800
vt 0.96599390 0.47175070
vt 0.16127870 0.45356890
vt 0.35454540 0.37134620
vt 0.29861890 0.39090910
vt 0.50673330 0.45552210
vt 0.56265980 0.11144850
vt 0.75592650 0.44545450
vt 0.58279470 0.11144850
vt 0.47175070 0.47036970
vt 0.13636360 0.37134620
vt 0.72491510 0.47175070
vt 0.12963040 0.36461290
vt 0.88855150 0.47175070
vt 0.92491510 0.39902340
vt 0.07036960 0.45356890
vt 0.91144850 0.39902340
vt 0.74309690 0.45356890
vt 0.01047200 0.37272730
vt 0.03400600 0.43538710
vt 0.01720530 0.36599400
vt 0.16461290 0.36599400
vt 0.43538710 0.38417580
vt 0.16461290 0.39764240
vt 0.96461290 0.13734020
vt 0.03734020 0.43400600
vt 0.11818180 0.40770990
vt 0.13774470 0.39090910
vt 0.88993250 0.40235760
vt 0.27175070 0.34781220
vt 0.72963040 0.40097660
vt 0.48181820 0.44683560
vt 0.54643110 0.36599400
vt 0.36461290 0.38417580
vt 0.43872130 0.11006750
vt 0.27370380 0.36599400
vt 0.08319920 0.46363640
vt 0.00097660 0.39764240
vt 0.56127880 0.48993250
vt 0.61144860 0.11915840
vt 0.45356890 0.47508490
vt 0.05552200 0.47508490
vt 0.94643110 0.13538710
vt 0.89326670 0.41720530
vt 0.65356890 0.11144850
vt 0.54447790 0.12963030
vt 0.23538710 0.38417580
vt 0.50138110 0.37272730
vt 0.41582420 0.48993250
vt 0.04447800 0.11582420
vt 0.54309690 0.43734020
vt 0.38279470 0.50673330
vt 0.60097660 0.43872120
vt 0.67370380 0.12491510
vt 0.25218780 0.39902340
vt 0.01915840 0.39764240
vt 0.42727270 0.39229010
vt 0.43538710 0.14309690
vt 0.03400600 0.34643110
vt 0.16265980 0.39764240
vt 0.18279470 0.39764240
vt 0.15356890 0.12053940
vt 0.38855140 0.13734020
vt 0.65552200 0.12963030
vt 0.07175070 0.12963030
vt 0.92491510 0.14447800
vt 0.21582420 0.14447800
vt 0.29326670 0.11006750
vt 0.30811430 0.12963030
vt 0.34447800 0.36599400
vt 0.73774470 0.40909090
vt 0.97946050 0.38084160
vt 0.20909090 0.42589170
vt 0.05218780 0.12824930
vt 0.49902340 0.12053940
vt 0.34447800 0.14309690
vt 0.18279470 0.38417580
vt 0.59764240 0.38084160
vt 0.94643110 0.43872120
vt 0.05690310 0.38084160
vt 0.11006750 0.40235760
vt 0.97175070 0.12053940
vt 0.55552200 0.11006750
vt 0.37175070 0.13400600
vt 0.82727270 0.39229010
vt 0.42727270 0.41047200
vt 0.07036960 0.36461290
vt 0.21915840 0.11144850
vt 0.41915840 0.13734020
vt 0.83872120 0.40097660
vt 0.21720530 0.41582420
vt 0.91720530 0.13400600
vt 0.83400600 0.39902340
vt 0.54781220 0.41915840
vt 0.05356890 0.34309700
vt 0.93498260 0.44545450
vt 0.85218780 0.12824930
vt 0.84643110 0.13400600
vt 0.06363640 0.37134620
vt 0.56265980 0.37946060
vt 0.65356890 0.42053940
vt 0.97272720 0.41047200
vt 0.97946050 0.41720530
vt 0.47036970 0.36461290
vt 0.29188560 0.13734020
vt 0.33538710 0.13872120
vt 0.40811430 0.11582420
vt 0.61144860 0.13734020
vt 0.14447800 0.14309690
vt 0.36599400 0.48993250
vt 0.42629610 0.13872120
vt 0.54447790 0.14309690
vt 0.22963040 0.11720530
vt 0.53636360 0.48043720
vt 0.62589170 0.46363640
vt 0.27508490 0.89188560
vt 0.16599400 0.38279470
vt 0.67036960 0.39902340
vt 0.17946050 0.38279470
vt 0.21915840 0.38417580
vt 0.10811430 0.38417580
vt 0.10811430 0.39764240
vt 0.40097660 0.36599400
vt 0.50811430 0.41582420
vt 0.91006750 0.36599400
vt 0.67370380 0.42053940
vt 0.25690310 0.85552200
vt 0.45690310 0.40097660
vt 0.88993250 0.36599400
vt 0.10811430 0.87370380
vt 0.12824930 0.36127880
vt 0.72629610 0.42053940
vt 0.65690300 0.45356890
vt 0.55454550 0.38952800
vt 0.90811430 0.88855150
vt 0.23734020 0.43872120
vt 0.39090910 0.38952800
vt 0.03538710 0.45218780
vt 0.39764240 0.38279470
vt 0.16265980 0.45218780
vt 0.45218780 0.36265980
vt 0.65552200 0.13538710
vt 0.38084160 0.13538710
vt 0.99090910 0.44407350
vt 0.68279470 0.12053940
vt 0.32824930 0.36599400
vt 0.67370380 0.36127880
vt 0.99764240 0.38279470
vt 0.47175070 0.41582420
vt 0.36599400 0.38084160
vt 0.57946060 0.43538710
vt 0.15454550 0.38952800
vt 0.58084160 0.39764240
vt 0.27175070 0.87036970
vt 0.30811430 0.37946060
vt 0.22053950 0.36461290
vt 0.19764240 0.36461290
vt 0.38952800 0.37272730
vt 0.35316440 0.39090910
vt 0.34643110 0.38417580
vt 0.19764240 0.38279470
vt 0.23400600 0.39902340
vt 0.05218780 0.38279470
vt 0.12824930 0.39764240
vt 0.93636360 0.39229010
vt 0.48855150 0.41915840
vt 0.94781210 0.39902340
vt 0.56599400 0.40097660
vt 0.83400600 0.38279470
vt 0.57946060 0.41915840
vt 0.10138110 0.37272730
vt 0.90673330 0.43538710
vt 0.59902340 0.40235760
vt 0.08993250 0.36599400
vt 0.92629620 0.47036970
vt 0.45552200 0.37946060
vt 0.54643110 0.45690310
vt 0.45218780 0.38279470
vt 0.08993250 0.37946060
vt 0.87508490 0.38279470
vt 0.96265980 0.42053940
vt 0.57134620 0.46363640
vt 0.83872120 0.43734020
vt 0.81047200 0.39090910
vt 0.52629610 0.38417580
vt 0.31144850 0.45356890
vt 0.51956290 0.39090910
vt 0.09861890 0.44545450
vt 0.94781210 0.36461290
vt 0.15316440 0.44545450
vt 0.97946050 0.36461290
vt 0.28855150 0.45356890
vt 0.06225530 0.37272730
vt 0.37946060 0.43734020
vt 0.05552200 0.36599400
vt 0.47370380 0.43872120
vt 0.80770990 0.39090910
vt 0.58084160 0.45218780
vt 0.72491510 0.36461290
vt 0.96599390 0.45552210
vt 0.82053940 0.87370380
vt 0.58952800 0.46363640
vt 0.83538710 0.87370380
vt 0.59090910 0.46501740
vt 0.94309690 0.36461290
vt 0.81720530 0.47036970
vt 0.98417580 0.36461290
vt 0.99764240 0.45552210
vt 0.48181820 0.39229010
vt 0.03734020 0.43872120
vt 0.48855150 0.39902340
vt 0.07508490 0.43734020
vt 0.21582420 0.43538710
vt 0.56599400 0.39902340
vt 0.78417580 0.87370380
vt 0.50138110 0.44545450
vt 0.16265980 0.36127880
vt 0.43400600 0.43734020
vt 0.87036970 0.38279470
vt 0.00235760 0.34643110
vt 0.54447790 0.43400600
vt 0.80097660 0.38417580
vt 0.71006750 0.43872120
vt 0.28181820 0.39229010
vt 0.52491510 0.36265980
vt 0.16599400 0.36461290
vt 0.96265980 0.12491510
vt 0.21915840 0.12963030
vt 0.74643110 0.34781220
vt 0.75356890 0.12053940
vt 0.38417580 0.12629620
vt 0.09188570 0.12491510
vt 0.26265980 0.14447800
vt 0.13734020 0.12629620
vt 0.61582420 0.34643110
vt 0.87508490 0.45552210
vt 0.54781220 0.43734020
vt 0.55592660 0.39090910
vt 0.69188570 0.43872120
vt 0.56265980 0.39764240
vt 0.29326670 0.41915840
vt 0.82589170 0.46363640
vt 0.32491510 0.41720530
vt 0.64643110 0.11582420
vt 0.67036960 0.12824930
vt 0.56265980 0.12963030
vt 0.05690310 0.12824930
vt 0.66461290 0.12824930
vt 0.28855150 0.14447800
vt 0.34309690 0.12629620
vt 0.33872120 0.13538710
vt 0.33734020 0.12053940
vt 0.17370380 0.14447800
vt 0.39326670 0.13734020
vt 0.43872130 0.12629620
vt 0.27370380 0.12491510
vt 0.31720530 0.12824930
vt 0.27370380 0.11915840
vt 0.70673330 0.36461290
vt 0.50673330 0.43734020
vt 0.29326670 0.12629620
vt 0.28279470 0.12053940
vt 0.39902340 0.87036970
vt 0.76599400 0.40097660
vt 0.90673330 0.47175070
vt 0.48181820 0.38952800
vt 0.76265980 0.45690310
vt 0.47508490 0.38279470
vt 0.95454540 0.46501740
vt 0.43872130 0.39902340
vt 0.02727270 0.44407350
vt 0.44545450 0.39229010
vt 0.11818180 0.44407350
vt 0.22865380 0.40909090
vt 0.23538710 0.40235760
vt 0.46225530 0.39090910
vt 0.45552200 0.40235760
vt 0.88855150 0.38084160
vt 0.16127870 0.38279470
vt 0.87175070 0.87370380
vt 0.48993250 0.38417580
vt 0.96127870 0.36461290
vt 0.39188560 0.13872120
vt 0.32629620 0.12491510
vt 0.42629610 0.13400600
vt 0.18993250 0.04781220
vt 0.46599400 0.13538710
vt 0.19188570 0.04781220
vt 0.57370380 0.13872120
vt 0.51720520 0.12629620
vt 0.63734020 0.14309690
vt 0.51720520 0.12053940
vt 0.65356890 0.12963030
vt 0.90673330 0.14447800
vt 0.73538710 0.13872120
vt 0.50097660 0.11006750
vt 0.50811430 0.11720530
vt 0.32824930 0.13538710
vt 0.27036960 0.12629620
vt 0.11915840 0.12053940
vt 0.50673330 0.11006750
vt 0.90673330 0.36461290
vt 0.21720530 0.13734020
vt 0.47946050 0.13538710
vt 0.31720530 0.12053940
vt 0.04643110 0.12053940
vt 0.38855140 0.13538710
vt 0.31915840 0.12053940
vt 0.37370380 0.14447800
vt 0.31915840 0.12629620
vt 0.40811430 0.14447800
vt 0.34781220 0.11006750
vt 0.75356890 0.12824930
vt 0.35356890 0.11582420
vt 0.58084160 0.12963030
vt 0.29188560 0.12491510
vt 0.61720530 0.13538710
vt 0.11720530 0.12629620
vt 0.07175070 0.12491510
vt 0.08855150 0.87175070
vt 0.81582420 0.38279470
vt 0.01720530 0.45690310
vt 0.92963030 0.47175070
vt 0.31818180 0.41047200
vt 0.37946060 0.45356890
vt 0.61915840 0.38417580
vt 0.22053950 0.38084160
vt 0.76599400 0.41720530
vt 0.62053940 0.34643110
vt 0.51006750 0.37946060
vt 0.35454540 0.46501740
vt 0.36127870 0.47175070
vt 0.03538710 0.36599400
vt 0.03538710 0.37946060
vt 0.50673330 0.38084160
vt 0.70138110 0.46363640
vt 0.41582420 0.43538710
vt 0.40235760 0.43538710
vt 0.85690310 0.45552210
vt 0.36127870 0.45356890
vt 0.87036970 0.43538710
vt 0.61582420 0.43538710
vt 0.76599400 0.45356890
vt 0.35454540 0.42865380
vt 0.27508490 0.41915840
vt 0.28181820 0.42589170
vt 0.52491510 0.41915840
vt 0.52963030 0.38279470
vt 0.25218780 0.41915840
vt 0.46501740 0.39090910
vt 0.36461290 0.43872120
vt 0.63400600 0.39902340
vt 0.52629610 0.45218780
vt 0.62053940 0.39902340
vt 0.54781220 0.45356890
vt 0.14447800 0.36127880
vt 0.14447800 0.34781220
vt 0.08855150 0.34643110
vt 0.20097660 0.87508490
vt 0.20097660 0.88993250
vt 0.25552200 0.42053940
vt 0.28993250 0.47036970
vt 0.65552200 0.40235760
vt 0.05356890 0.87036970
vt 0.88993250 0.37946060
vt 0.20097660 0.13538710
vt 0.66127870 0.13734020
vt 0.07175070 0.11915840
vt 0.69188570 0.13538710
vt 0.02629620 0.12053940
vt 0.41720530 0.12491510
vt 0.31720530 0.13872120
vt 0.56599400 0.12629620
vt 0.24643110 0.14447800
vt 0.30235760 0.11915840
vt 0.91144850 0.12629620
vt 0.25552200 0.13734020
vt 0.60097660 0.14309690
vt 0.37036960 0.11720530
vt 0.06265980 0.11582420
vt 0.45356890 0.12963030
vt 0.32629620 0.11144850
vt 0.71006750 0.14309690
vt 0.32053940 0.11720530
vt 0.48084160 0.13400600
vt 0.38279470 0.11720530
vt 0.57036970 0.13734020
vt 0.38855140 0.11720530
vt 0.62824930 0.13400600
vt 0.27175070 0.11144850
vt 0.71144850 0.12824930
vt 0.01720530 0.11720530
vt 0.01720530 0.11144850
vt 0.32629620 0.13734020
vt 0.21582420 0.12629620
vt 0.20097660 0.13734020
vt 0.47036970 0.12824930
vt 0.22824930 0.11006750
vt 0.00673330 0.11915840
vt 0.38993250 0.14447800
vt 0.42053940 0.11006750
vt 0.27036960 0.11006750
vt 0.48084160 0.11006750
vt 0.67175070 0.12963030
vt 0.32824930 0.11144850
vt 0.41006750 0.14447800
vt 0.32824930 0.11720530
vt 0.48993250 0.13734020
vt 0.42629610 0.12629620
vt 0.55356890 0.13400600
vt 0.42629610 0.12053940
vt 0.61006750 0.13400600
vt 0.30673330 0.12629620
vt 0.72824930 0.14309690
vt 0.00097660 0.11720530
vt 0.00673330 0.11720530
vt 0.50673330 0.12824930
vt 0.50097660 0.12824930
vt 0.20811440 0.11582420
vt 0.18417580 0.11006750
vt 0.23538710 0.13538710
vt 0.16461290 0.11720530
vt 0.98855150 0.13734020
vt 0.26461290 0.12824930
vt 0.14781220 0.04447800
vt 0.91144850 0.14447800
vt 0.88993250 0.43872120
vt 0.75552200 0.12629620
vt 0.01915840 0.13734020
vt 0.87036970 0.36461290
vt 0.50000000 0.37134620
vt 0.12963040 0.45356890
vt 0.91006750 0.87508490
vt 0.51720520 0.11582420
vt 0.74447800 0.34781220
vt 0.30673330 0.41720530
vt 0.95454540 0.44683560
vt 0.68993250 0.48855150
vt 0.10811430 0.88855150
vt 0.96461290 0.43400600
vt 0.24447800 0.04309700
vt 0.80909090 0.48319920
vt 0.65552200 0.13734020
vt 0.03872130 0.38084160
vt 0.49188570 0.94447800
vt 0.41006750 0.13400600
vt 0.19902340 0.11144850
vt 0.36127870 0.36265980
vt 0.31006750 0.89326670
vt 0.85690310 0.47370390
vt 0.63872120 0.14447800
vt 0.69326670 0.36461290
vt 0.73636360 0.48319920
vt 0.22589170 0.46363640
vt 0.59902340 0.48855150
vt 0.68993250 0.37946060
vt 0.52491510 0.87175070
vt 0.67036960 0.43734020
vt 0.92963030 0.43538710
vt 0.45552200 0.45690310
vt 0.41915840 0.11144850
vt 0.58279470 0.36599400
vt 0.37272730 0.40770990
vt 0.81915840 0.85690310
vt 0.31144850 0.48993250
vt 0.33538710 0.12629620
vt 0.19090910 0.37134620
vt 0.28181820 0.44407350
vt 0.02824930 0.13872120
vt 0.28855150 0.12629620
vt 0.89188560 0.11144850
vt 0.22963040 0.11915840
vt 0.21720530 0.11720530
vt 0.15218780 0.13538710
vt 0.65218780 0.47175070
vt 0.16599400 0.11006750
vt 0.26225530 0.37272730
vt 0.43400600 0.36265980
vt 0.65690300 0.40097660
vt 0.36599400 0.39902340
vt 0.11915840 0.05218790
vt 0.71006750 0.48855150
vt 0.25218780 0.04447800
vt 0.37370380 0.12629620
vt 0.03734020 0.11144850
vt 0.05552200 0.32963040
vt 0.02824930 0.11006750
vt 0.05552200 0.11915840
vt 0.43400600 0.88993250
vt 0.52491510 0.43538710
vt 0.21582420 0.05356890
vt 0.08084160 0.13872120
vt 0.90673330 0.88993250
vt 0.16461290 0.05218790
vt 0.46265980 0.12629620
vt 0.01720530 0.87036970
vt 0.17508490 0.11720530
vt 0.05552200 0.45218780
vt 0.40770980 0.42727270
vt 0.28855150 0.39902340
vt 0.86363640 0.39229010
vt 0.12963040 0.11006750
vt 0.45356890 0.11915840
vt 0.37175070 0.14447800
vt 0.43734020 0.11915840
vt 0.19902340 0.11720530
vt 0.27036960 0.47175070
vt 0.30811430 0.40235760
vt 0.43400600 0.38279470
vt 0.47175070 0.92824930
vt 0.83734020 0.48855150
vt 0.33498250 0.46363640
vt 0.47508490 0.38084160
vt 0.69188570 0.87508490
vt 0.76461290 0.87508490
vt 0.77946050 0.88993250
vt 0.21720530 0.12491510
vt 0.25552200 0.88993250
vt 0.94643110 0.47508490
vt 0.17370380 0.11582420
vt 0.03538710 0.11720530
vt 0.00097660 0.13538710
vt 0.85218780 0.45552210
vt 0.80770990 0.48181820
vt 0.78279480 0.85690310
vt 0.85552200 0.41582420
vt 0.53734020 0.12824930
vt 0.65552200 0.49326670
vt 0.34643110 0.11720530
vt 0.55592660 0.48181820
vt 0.03538710 0.45690310
vt 0.45690310 0.45356890
vt 0.09188570 0.87508490
vt 0.05356890 0.14309690
vt 0.56127880 0.87175070
vt 0.18084160 0.37946060
vt 0.11144850 0.89188560
vt 0.16265980 0.85552200
vt 0.41720530 0.11144850
vt 0.63734020 0.11720530
vt 0.06127870 0.11720530
vt 0.85552200 0.11144850
vt 0.51006750 0.11144850
vt 0.35356890 0.12629620
vt 0.51144850 0.39902340
vt 0.99188570 0.07036970
vt 0.09861890 0.39090910
vt 0.50811430 0.92824930
vt 0.83734020 0.36599400
vt 0.03538710 0.13538710
vt 0.12629620 0.13734020
vt 0.38279470 0.87175070
vt 0.31144850 0.39902340
vt 0.96599390 0.12824930
vt 0.16265980 0.11720530
vt 0.94643110 0.38417580
vt 0.76265980 0.92824930
vt 0.21915840 0.89326670
vt 0.12824930 0.88993250
vt 0.92963030 0.11006750
vt 0.08417580 0.01915840
vt 0.43734020 0.36127880
vt 0.58084160 0.85552200
vt 0.76265980 0.91006750
vt 0.60097660 0.85690310
vt 0.32491510 0.11006750
vt 0.32491510 0.92629620
vt 0.99764240 0.34643110
vt 0.31006750 0.91144850
vt 0.81582420 0.94447800
vt 0.45552200 0.85690310
vt 0.25218780 0.90811430
vt 0.81915840 0.94447800
vt 0.59902340 0.87036970
vt 0.90811430 0.36599400
vt 0.85356890 0.92824930
vt 0.74447800 0.91006750
vt 0.43872130 0.85552200
vt 0.54781220 0.85552200
vt 0.76599400 0.91006750
vt 0.37946060 0.87175070
vt 0.47175070 0.87036970
vt 0.11144850 0.83734020
vt 0.57946060 0.87175070
vt 0.92824930 0.91144850
vt 0.72824930 0.94447800
vt 0.27175070 0.92491510
vt 0.80097660 0.45690310
vt 0.70673330 0.43538710
vt 0.63538710 0.41582420
vt 0.94643110 0.14309690
vt 0.32824930 0.87508490
vt 0.83538710 0.89188560
vt 0.74643110 0.94447800
vt 0.87370380 0.91144850
vt 0.65552200 0.92629620
vt 0.77272730 0.38952800
vt 0.22053950 0.43734020
vt 0.56265980 0.13538710
vt 0.18084160 0.13538710
vt 0.92824930 0.92629620
vt 0.00097660 0.36127880
vt 0.41915840 0.85690310
vt 0.83400600 0.38084160
vt 0.45356890 0.41582420
vt 0.30000000 0.46225540
vt 0.39764240 0.47175070
vt 0.58279470 0.37946060
vt 0.62963040 0.11915840
vt 0.72963040 0.91006750
vt 0.11006750 0.87175070
vt 0.16127870 0.04447800
vt 0.16265980 0.87370380
vt 0.88993250 0.11144850
vt 0.12963040 0.03734020
vt 0.22629620 0.14447800
vt 0.13400600 0.03734020
vt 0.98855150 0.05552200
vt 0.89326670 0.14447800
vt 0.69326670 0.91006750
vt 0.98417580 0.89188560
vt 0.09188570 0.13734020
vt 0.00235760 0.12824930
vt 0.62865380 0.37272730
vt 0.39902340 0.36599400
vt 0.88993250 0.88855150
vt 0.80097660 0.40235760
vt 0.05356890 0.12963030
vt 0.60811440 0.12053940
vt 0.84545450 0.44683560
vt 0.23734020 0.13734020
vt 0.08993250 0.13734020
vt 0.34447800 0.11915840
vt 0.23734020 0.92629620
vt 0.98084160 0.50673330
vt 0.16127870 0.92629620
vt 0.09902340 0.12824930
vt 0.01915840 0.04309700
vt 0.12053940 0.13538710
vt 0.63734020 0.37946060
vt 0.98417580 0.05552200
vt 0.07370380 0.13734020
vt 0.09326670 0.14447800
vt 0.78279480 0.47508490
vt 0.22727270 0.41047200
vt 0.01582420 0.04643110
vt 0.00097660 0.13734020
vt 0.17036960 0.13734020
vt 0.01720530 0.13734020
vt 0.56461290 0.92629620
vt 0.03400600 0.45552210
vt 0.28993250 0.11915840
vt 0.28993250 0.11144850
vt 0.57272730 0.44683560
vt 0.36461290 0.12491510
vt 0.09902340 0.12629620
vt 0.25690310 0.39902340
vt 0.72491510 0.87175070
vt 0.75316440 0.46363640
vt 0.97272720 0.38952800
vt 0.52963030 0.14447800
vt 0.73734020 0.13872120
vt 0.06363640 0.46501740
vt 0.79090910 0.46501740
vt 0.37410830 0.40909090
vt 0.58417580 0.43734020
vt 0.52963030 0.91006750
vt 0.11006750 0.47508490
vt 0.33734020 0.11006750
vt 0.79188570 0.11582420
vt 0.87508490 0.43538710
vt 0.34447800 0.11720530
vt 0.55218790 0.11720530
vt 0.04643110 0.11582420
vt 0.54447790 0.12491510
vt 0.76461290 0.91144850
vt 0.65218780 0.87175070
vt 0.21720530 0.87036970
vt 0.87175070 0.47036970
vt 0.25552200 0.89326670
vt 0.05356890 0.40235760
vt 0.59764240 0.34643110
vt 0.78417580 0.92824930
vt 0.36127870 0.12629620
vt 0.49188570 0.37946060
vt 0.02629620 0.05218790
vt 0.97508490 0.06461290
vt 0.68993250 0.41582420
vt 0.83400600 0.90811430
vt 0.87370380 0.34781220
vt 0.22053950 0.89188560
vt 0.99902340 0.89188560
vt 0.97370380 0.14447800
vt 0.21915840 0.05218790
vt 0.03400600 0.34447800
vt 0.65218780 0.43538710
vt 0.79902340 0.36599400
vt 0.34781220 0.38279470
vt 0.60235760 0.41915840
vt 0.14309690 0.34643110
vt 0.02053940 0.04447800
vt 0.09902340 0.05218790
vt 0.27036960 0.36461290
vt 0.17946050 0.05356890
vt 0.41915840 0.36127880
vt 0.10811430 0.45690310
vt 0.09326670 0.40097660
vt 0.26363640 0.46501740
vt 0.43734020 0.37946060
vt 0.87508490 0.34643110
vt 0.32824930 0.36127880
vt 0.52824930 0.45690310
vt 0.52824930 0.47036970
vt 0.06225530 0.44545450
vt 0.89326670 0.47370390
vt 0.40097660 0.87508490
vt 0.20909090 0.39229010
vt 0.78084160 0.41582420
vt 0.78952810 0.39090910
vt 0.83538710 0.40235760
vt 0.91006750 0.41582420
vt 0.25356890 0.43400600
vt 0.47175070 0.11915840
vt 0.62491510 0.11720530
vt 0.77036960 0.13538710
vt 0.88855150 0.14447800
vt 0.98279480 0.37946060
vt 0.31818180 0.37410830
vt 0.83538710 0.91006750
vt 0.68855150 0.87175070
vt 0.20811440 0.12053940
vt 0.09326670 0.11006750
vt 0.09902340 0.11006750
vt 0.96461290 0.89326670
vt 0.68993250 0.36599400
vt 0.07036960 0.11006750
vt 0.20097660 0.39764240
vt 0.27946050 0.13538710
vt 0.73872130 0.13734020
vt 0.19764240 0.88993250
vt 0.18279470 0.87508490
vt 0.19764240 0.43538710
vt 0.25690310 0.45356890
vt 0.61582420 0.38084160
vt 0.81047200 0.37272730
vt 0.41582420 0.38279470
vt 0.10000000 0.39229010
vt 0.80811430 0.11582420
vt 0.99902340 0.40235760
vt 0.42824930 0.11582420
vt 0.92963030 0.40097660
vt 0.14309690 0.40097660
vt 0.98417580 0.40097660
vt 0.12491510 0.34643110
vt 0.30811430 0.43400600
vt 0.08855150 0.38279470
vt 0.59188560 0.11582420
vt 0.45690310 0.12824930
vt 0.47508490 0.45356890
vt 0.61720530 0.11144850
vt 0.45356890 0.85218790
vt 0.81582420 0.88993250
vt 0.17946050 0.34643110
vt 0.83400600 0.88993250
vt 0.57946060 0.34643110
vt 0.67370380 0.48855150
vt 0.68043710 0.48181820
vt 0.80235760 0.45356890
vt 0.96265980 0.85552200
vt 0.36127870 0.88993250
vt 0.23538710 0.36127880
vt 0.22053950 0.34643110
vt 0.90235760 0.11720530
vt 0.90811430 0.11144850
vt 0.67946060 0.11720530
vt 0.65356890 0.89188560
vt 0.83734020 0.89326670
vt 0.62865380 0.40909090
vt 0.90673330 0.34643110
vt 0.60235760 0.12629620
vt 0.91006750 0.34781220
vt 0.70811430 0.87036970
vt 0.39902340 0.36127880
vt 0.09326670 0.45552210
vt 0.52629610 0.11915840
vt 0.07175070 0.14309690
vt 0.07175070 0.13734020
vt 0.58279470 0.14309690
vt 0.50000000 0.40770990
vt 0.90138110 0.44545450
vt 0.01582420 0.85356890
vt 0.94781210 0.41720530
vt 0.78279480 0.90811430
vt 0.89326670 0.12629620
vt 0.01144850 0.04643110
vt 0.16127870 0.05356890
vt 0.94090910 0.06047200
vt 0.22053950 0.41720530
vt 0.72491510 0.43538710
vt 0.95356890 0.05690310
vt 0.16127870 0.36265980
vt 0.71818180 0.35592650
vt 0.02053940 0.32824930
vt 0.19902340 0.03872130
vt 0.09902340 0.11582420
vt 0.88636360 0.06680080
vt 0.91144850 0.36461290
vt 0.50811430 0.36127880
vt 0.92963030 0.38084160
vt 0.14309690 0.36265980
vt 0.16127870 0.38084160
vt 0.03400600 0.36461290
vt 0.43872130 0.36461290
vt 0.59902340 0.45218780
vt 0.09326670 0.04643110
vt 0.11144850 0.34643110
vt 0.37946060 0.36461290
vt 0.50673330 0.45356890
vt 0.31006750 0.40235760
vt 0.77946050 0.12629620
vt 0.15552200 0.03872130
vt 0.19764240 0.41720530
vt 0.25356890 0.36127880
vt 0.40235760 0.38084160
vt 0.52053950 0.11915840
vt 0.27175070 0.91006750
vt 0.40811430 0.12053940
vt 0.43734020 0.87175070
vt 0.32491510 0.39902340
vt 0.94643110 0.11915840
vt 0.97946050 0.34643110
vt 0.32824930 0.88993250
vt 0.27036960 0.34447800
vt 0.67370380 0.91144850
vt 0.11818180 0.37410830
vt 0.23734020 0.43400600
vt 0.45218780 0.88993250
vt 0.12824930 0.32963040
vt 0.41047200 0.42727270
vt 0.41720530 0.42053940
vt 0.57036970 0.11720530
vt 0.70000000 0.37410830
vt 0.14447800 0.45218780
vt 0.43734020 0.39764240
vt 0.81720530 0.11720530
vt 0.58993250 0.11582420
vt 0.76265980 0.37946060
vt 0.83538710 0.36599400
vt 0.76127870 0.36461290
vt 0.23538710 0.83734020
vt 0.14309690 0.87175070
vt 0.82053940 0.36461290
vt 0.52629610 0.89188560
vt 0.32824930 0.85356890
vt 0.47370380 0.94447800
vt 0.25356890 0.83734020
vt 0.36265980 0.89188560
vt 0.01915840 0.91144850
vt 0.47370380 0.90811430
vt 0.36461290 0.85356890
vt 0.34643110 0.85356890
vt 0.49188570 0.90811430
vt 0.38279470 0.90811430
vt 0.45356890 0.92824930
vt 0.76127870 0.38084160
vt 0.34447800 0.83734020
vt 0.36461290 0.90811430
vt 0.27370380 0.85356890
vt 0.19902340 0.83734020
vt 0.41720530 0.83734020
vt 0.56461290 0.11144850
vt 0.21720530 0.36599400
vt 0.03734020 0.47036970
vt 0.41915840 0.92629620
vt 0.22865380 0.44545450
vt 0.25690310 0.36461290
vt 0.76265980 0.90673330
vt 0.54643110 0.43400600
vt 0.12963040 0.91006750
vt 0.87175070 0.36599400
vt 0.87175070 0.37946060
vt 0.60235760 0.92824930
vt 0.05356890 0.85218790
vt 0.63734020 0.94447800
vt 0.81720530 0.87036970
vt 0.54781220 0.38084160
vt 0.61582420 0.11006750
vt 0.07175070 0.43872120
vt 0.07175070 0.45218780
vt 0.14643110 0.94447800
vt 0.57946060 0.12629620
vt 0.09188570 0.11720530
vt 0.95356890 0.13400600
vt 0.76265980 0.88855150
vt 0.71915840 0.11006750
vt 0.71915840 0.14447800
vt 0.70673330 0.12629620
vt 0.69861890 0.35454550
vt 0.18417580 0.32824930
vt 0.47508490 0.34643110
vt 0.00811430 0.11582420
vt 0.54643110 0.12491510
vt 0.31006750 0.39764240
vt 0.78084160 0.88855150
vt 0.52963030 0.12629620
vt 0.52963030 0.11006750
vt 0.52824930 0.12491510
vt 0.59764240 0.12824930
vt 0.38084160 0.87036970
vt 0.81915840 0.91144850
vt 0.65356890 0.37946060
vt 0.56599400 0.36265980
vt 0.81915840 0.36599400
vt 0.02589170 0.35454550
vt 0.73636360 0.41047200
vt 0.63734020 0.12491510
vt 0.59764240 0.36265980
vt 0.14309690 0.45552210
vt 0.72491510 0.88993250
vt 0.94090910 0.05770990
vt 0.11144850 0.05356890
vt 0.63538710 0.87036970
vt 0.89407350 0.06818180
vt 0.14861890 0.04090910
vt 0.19326670 0.04643110
vt 0.96461290 0.06127880
vt 0.24643110 0.04309700
vt 0.19407350 0.04090910
vt 0.04643110 0.03872130
vt 0.79764240 0.36265980
vt 0.89188560 0.12491510
vt 0.73734020 0.11582420
vt 0.38279470 0.92963030
vt 0.91720530 0.06599400
vt 0.89683560 0.06818180
vt 0.89902340 0.07036970
vt 0.88417580 0.13734020
vt 0.82963040 0.13734020
vt 0.74309690 0.11006750
vt 0.27370380 0.40235760
vt 0.81915840 0.39764240
vt 0.52629610 0.36127880
vt 0.76599400 0.34643110
vt 0.45552200 0.36127880
vt 0.18279470 0.12491510
vt 0.18279470 0.11915840
vt 0.96599390 0.91006750
vt 0.60235760 0.85552200
vt 0.41582420 0.38084160
vt 0.19902340 0.04309700
vt 0.52491510 0.11006750
vt 0.14781220 0.50811430
vt 0.91006750 0.40235760
vt 0.14447800 0.91006750
vt 0.98279480 0.34781220
vt 0.14643110 0.36127880
vt 0.77946050 0.85356890
vt 0.18084160 0.32963040
vt 0.10811430 0.32963040
vt 0.80097660 0.83872130
vt 0.53498260 0.42727270
vt 0.58084160 0.96461300
vt 0.52491510 0.34643110
vt 0.69326670 0.92824930
vt 0.62053940 0.92824930
vt 0.83538710 0.92824930
vt 0.87946060 0.11915840
vt 0.82629620 0.13872120
vt 0.71144850 0.11006750
vt 0.01006750 0.04781220
vt 0.22629620 0.04781220
vt 0.95552200 0.07036970
vt 0.95552200 0.06599400
vt 0.76599400 0.83734020
vt 0.16127870 0.90811430
vt 0.24643110 0.12824930
vt 0.07036960 0.43734020
vt 0.45552200 0.42053940
vt 0.46127870 0.11720530
vt 0.65356890 0.11915840
vt 0.40235760 0.85552200
vt 0.78279480 0.83872130
vt 0.09188570 0.85690310
vt 0.93400600 0.06265980
vt 0.00097660 0.03872130
vt 0.97175070 0.05690310
vt 0.02134620 0.05000000
vt 0.92824930 0.06127880
vt 0.85000000 0.05770990
vt 0.65356890 0.36599400
vt 0.98084160 0.87036970
vt 0.78084160 0.89188560
vt 0.57946060 0.38084160
vt 0.90811430 0.36127880
vt 0.70673330 0.45552210
vt 0.63872120 0.38084160
vt 0.65356890 0.36127880
vt 0.14309690 0.05356890
vt 0.18417580 0.03734020
vt 0.06461290 0.04309700
vt 0.06680080 0.05000000
vt 0.13538710 0.04781220
vt 0.06047200 0.04090910
vt 0.93538710 0.05690310
vt 0.00673330 0.04643110
vt 0.05552200 0.05218790
vt 0.08993250 0.04781220
vt 0.22053950 0.04447800
vt 0.12053940 0.04447800
vt 0.24309690 0.04447800
vt 0.98084160 0.06127880
vt 0.95138110 0.06818180
vt 0.23872130 0.05356890
vt 0.07727270 0.03952810
vt 0.07370380 0.03872130
vt 0.11144850 0.03734020
vt 0.08417580 0.04643110
vt 0.90592650 0.06818180
vt 0.17727270 0.04861900
vt 0.97508490 0.06265980
vt 0.09764240 0.03734020
vt 0.12272730 0.03952810
vt 0.05356890 0.03872130
vt 0.82053940 0.16265980
vt 0.99764240 0.06265980
vt 0.05138110 0.04090910
vt 0.05218780 0.04447800
vt 0.99326680 0.07175070
vt 0.08993250 0.03872130
vt 0.06265980 0.05218790
vt 0.08084160 0.03872130
vt 0.13872130 0.03734020
vt 0.21144850 0.04643110
vt 0.23400600 0.05356890
vt 0.87946060 0.13538710
vt 0.14447800 0.90673330
vt 0.80097660 0.36127880
vt 0.79764240 0.34643110
vt 0.92824930 0.11144850
vt 0.94643110 0.89326670
vt 0.72629610 0.90673330
vt 0.21720530 0.03872130
vt 0.09764240 0.04447800
vt 0.14229020 0.04090910
vt 0.09683560 0.04090910
vt 0.09188570 0.04309700
vt 0.18279470 0.05218790
vt 0.11144850 0.04447800
vt 0.18993250 0.03872130
vt 0.08993250 0.02491520
vt 0.11006750 0.03872130
vt 0.12053940 0.04643110
vt 0.08855150 0.04447800
vt 0.94781210 0.47370390
vt 0.60770990 0.48181820
vt 0.97175070 0.13872120
vt 0.67946060 0.13538710
vt 0.99326680 0.05552200
vt 0.60097660 0.11720530
vt 0.96461290 0.87175070
vt 0.12824930 0.89326670
vt 0.81582420 0.11006750
vt 0.43872130 0.89188560
vt 0.70673330 0.87175070
vt 0.05770980 0.04090910
vt 0.98417580 0.87370380
vt 0.98417580 0.06265980
vt 0.86265980 0.05690310
vt 0.81720530 0.06127880
vt 0.38279470 0.87508490
vt 0.00673330 0.04447800
vt 0.76265980 0.50673330
vt 0.82629620 0.15690310
vt 0.77946050 0.11006750
vt 0.87946060 0.15552200
vt 0.30673330 0.38279470
vt 0.11720530 0.13400600
vt 0.11720530 0.04781220
vt 0.77272730 0.48043720
vt 0.45690310 0.43538710
vt 0.77946050 0.47370390
vt 0.27175070 0.45218780
vt 0.15218780 0.11915840
vt 0.13498260 0.44545450
vt 0.67036960 0.41915840
vt 0.87370380 0.06127880
vt 0.65218780 0.41720530
vt 0.92629620 0.16127880
vt 0.19902340 0.90673330
vt 0.19902340 0.89188560
vt 0.72963040 0.36265980
vt 0.32629620 0.39764240
vt 0.99902340 0.87036970
vt 0.57946060 0.36461290
vt 0.88417580 0.15356890
vt 0.36265980 0.12491510
vt 0.59188560 0.13872120
vt 0.61915840 0.14309690
vt 0.17508490 0.03734020
vt 0.83734020 0.51144850
vt 0.12824930 0.05218790
vt 0.27036960 0.49188570
vt 0.18417580 0.04447800
vt 0.56127880 0.38084160
vt 0.86127880 0.05552200
vt 0.98084160 0.07036970
vt 0.83872120 0.14447800
vt 0.67508490 0.12629620
vt 0.16461290 0.14309690
vt 0.24447800 0.12824930
vt 0.19090910 0.42865380
vt 0.50235770 0.11915840
vt 0.87370380 0.14309690
vt 0.10673330 0.04643110
vt 0.00097660 0.04309700
vt 0.08993250 0.02053950
vt 0.43400600 0.92629620
vt 0.95356890 0.06127880
vt 0.18279470 0.11144850
vt 0.47946050 0.11720530
vt 0.06127870 0.03734020
vt 0.74309690 0.88993250
vt 0.64781220 0.11720530
vt 0.08993250 0.47508490
vt 0.77272730 0.48319920
vt 0.08417580 0.11720530
vt 0.39902340 0.37946060
vt 0.87370380 0.13538710
vt 0.80097660 0.11144850
vt 0.68993250 0.47036970
vt 0.51915840 0.13872120
vt 0.88855150 0.52629610
vt 0.08855150 0.12824930
vt 0.51144850 0.45552210
vt 0.88993250 0.45218780
vt 0.87175070 0.49326670
vt 0.58417580 0.36265980
vt 0.32053940 0.13538710
vt 0.94309690 0.12824930
vt 0.05690310 0.14447800
vt 0.22963040 0.13734020
vt 0.23734020 0.11144850
vt 0.62629620 0.13400600
vt 0.88855150 0.11006750
vt 0.19764240 0.45356890
vt 0.16599400 0.47175070
vt 0.21582420 0.45552210
vt 0.20909090 0.46225540
vt 0.12824930 0.12491510
vt 0.11915840 0.04781220
vt 0.00811430 0.04781220
vt 0.99326680 0.13734020
vt 0.02629620 0.13400600
vt 0.19902340 0.05218790
vt 0.02491510 0.04643110
vt 0.11582420 0.05356890
vt 0.77946050 0.45552210
vt 0.77272730 0.46225540
vt 0.48993250 0.34781220
vt 0.48993250 0.36127880
vt 0.54309690 0.92629620
vt 0.47508490 0.47370390
vt 0.32824930 0.48855150
vt 0.69764240 0.11915840
vt 0.32824930 0.47508490
vt 0.28993250 0.91006750
vt 0.55316440 0.50000000
vt 0.35592650 0.48181820
vt 0.99902340 0.42053940
vt 0.43400600 0.43538710
vt 0.56265980 0.43400600
vt 0.30811430 0.45218780
vt 0.42053940 0.43538710
vt 0.49188570 0.13734020
vt 0.21915840 0.03872130
vt 0.32629620 0.91006750
vt 0.55454550 0.50138100
vt 0.22727270 0.48319920
vt 0.74309690 0.47370390
vt 0.30000000 0.46501740
vt 0.73636360 0.48043720
vt 0.10811430 0.43872120
vt 0.10138110 0.44545450
vt 0.08279470 0.12629620
vt 0.54781220 0.36265980
vt 0.03538710 0.87036970
vt 0.76265980 0.87036970
vt 0.92491510 0.40097660
vt 0.51144850 0.47370390
vt 0.51818180 0.48043720
vt 0.10811430 0.40235760
vt 0.67508490 0.41720530
vt 0.63872120 0.47370390
vt 0.52629610 0.49326670
vt 0.83400600 0.34643110
vt 0.69188570 0.14309690
vt 0.24643110 0.11582420
vt 0.97946050 0.47175070
vt 0.01582420 0.11006750
vt 0.26461290 0.14447800
vt 0.50673330 0.48993250
vt 0.25552200 0.45690310
vt 0.78952810 0.50000000
vt 0.32963030 0.45356890
vt 0.51006750 0.45690310
vt 0.58084160 0.47508490
vt 0.20097660 0.47036970
vt 0.75316440 0.48181820
vt 0.67508490 0.47370390
vt 0.36599400 0.43538710
vt 0.02629620 0.04781220
vt 0.77410840 0.46363640
vt 0.23538710 0.45218780
vt 0.51915840 0.12053940
vt 0.84781220 0.11915840
vt 0.12491510 0.45552210
vt 0.11818180 0.46225540
vt 0.85218780 0.38279470
vt 0.17134620 0.44545450
vt 0.84545450 0.38952800
vt 0.28043710 0.44545450
vt 0.47175070 0.37946060
vt 0.64545450 0.44683560
vt 0.59090910 0.37134620
vt 0.91006750 0.45218780
vt 0.20235760 0.36461290
vt 0.28319930 0.35454550
vt 0.88181820 0.44407350
vt 0.45356890 0.13734020
vt 0.94447800 0.48855150
vt 0.48993250 0.12963030
vt 0.96599390 0.48993250
vt 0.32491510 0.48993250
vt 0.39902340 0.43400600
vt 0.18084160 0.36127880
vt 0.96127870 0.47370390
vt 0.34309690 0.48993250
vt 0.45218780 0.48993250
vt 0.87175070 0.36127880
vt 0.90000000 0.48043720
vt 0.25552200 0.12491510
vt 0.70811430 0.36599400
vt 0.32629620 0.41582420
vt 0.36461290 0.85690310
vt 0.17036960 0.05356890
vt 0.38417580 0.92824930
vt 0.39902340 0.92824930
vt 0.33400600 0.11915840
vt 0.69902340 0.11582420
vt 0.05690310 0.48993250
vt 0.95218780 0.13734020
vt 0.59764240 0.11006750
vt 0.32629620 0.40235760
vt 0.79902340 0.37946060
vt 0.18279470 0.14309690
vt 0.31144850 0.47370390
vt 0.91144850 0.52629610
vt 0.83734020 0.37946060
vt 0.33538710 0.12824930
vt 0.60770990 0.46363640
vt 0.87370380 0.48855150
vt 0.73636360 0.46225540
vt 0.72963040 0.47175070
vt 0.79090910 0.48043720
vt 0.90811430 0.47508490
vt 0.59902340 0.11144850
vt 0.87508490 0.48993250
vt 0.36265980 0.91006750
vt 0.36265980 0.92491510
vt 0.67036960 0.45356890
vt 0.52629610 0.37946060
vt 0.96127870 0.45356890
vt 0.03400600 0.47370390
vt 0.52629610 0.41582420
vt 0.05218780 0.50811430
vt 0.85552200 0.45690310
vt 0.27370380 0.41582420
vt 0.71144850 0.89188560
vt 0.25356890 0.92491510
vt 0.79229020 0.48181820
vt 0.78084160 0.36127880
vt 0.43400600 0.48993250
vt 0.44545450 0.46501740
vt 0.55356890 0.12053940
vt 0.97946050 0.14447800
vt 0.45690310 0.51006750
vt 0.74643110 0.37946060
vt 0.61720530 0.92491510
vt 0.43734020 0.92629620
vt 0.37946060 0.39902340
vt 0.22053950 0.92824930
vt 0.76599400 0.87370380
vt 0.83734020 0.14309690
vt 0.83734020 0.13734020
vt 0.29188560 0.11144850
vt 0.10097660 0.04309700
vt 0.37272730 0.48043720
vt 0.23400600 0.87175070
vt 0.71144850 0.36461290
vt 0.54781220 0.11006750
vt 0.07508490 0.45552210
vt 0.76461290 0.89326670
vt 0.90673330 0.49188570
vt 0.16265980 0.50673330
vt 0.48855150 0.47175070
vt 0.96265980 0.36599400
vt 0.28855150 0.34643110
vt 0.77272730 0.37134620
vt 0.65218780 0.90811430
vt 0.82053940 0.89188560
vt 0.78084160 0.11915840
vt 0.87508490 0.87370380
vt 0.34781220 0.47370390
vt 0.12824930 0.47036970
vt 0.12824930 0.45690310
vt 0.41582420 0.12824930
vt 0.83872120 0.06265980
vt 0.03872130 0.41720530
vt 0.27175070 0.47036970
vt 0.69326670 0.89188560
vt 0.48993250 0.49326670
vt 0.25218780 0.12824930
vt 0.70673330 0.34643110
vt 0.57946060 0.11006750
vt 0.66265980 0.13400600
vt 0.10673330 0.14447800
vt 0.41720530 0.47036970
vt 0.36461290 0.34781220
vt 0.65356890 0.45690310
vt 0.54309690 0.39902340
vt 0.74447800 0.37946060
vt 0.65356890 0.38417580
vt 0.87508490 0.36265980
vt 0.56265980 0.45690310
vt 0.92491510 0.88993250
vt 0.48181820 0.37134620
vt 0.11006750 0.12491510
vt 0.54447790 0.45690310
vt 0.82865380 0.46363640
vt 0.00235760 0.04643110
vt 0.86363640 0.46225540
vt 0.94643110 0.47036970
vt 0.98084160 0.47036970
vt 0.93636360 0.46225540
vt 0.56599400 0.47175070
vt 0.59326670 0.11720530
vt 0.10673330 0.03734020
vt 0.16127870 0.41915840
vt 0.59229020 0.37272730
vt 0.43734020 0.34781220
vt 0.62053940 0.89188560
vt 0.05552200 0.12963030
vt 0.78084160 0.45218780
vt 0.48855150 0.34643110
vt 0.67508490 0.36461290
vt 0.29326670 0.38279470
vt 0.02053940 0.92824930
vt 0.25356890 0.47508490
vt 0.28993250 0.45218780
vt 0.85218780 0.43734020
vt 0.36265980 0.45218780
vt 0.35592650 0.44545450
vt 0.32963030 0.40097660
vt 0.23400600 0.47175070
vt 0.56127880 0.14447800
vt 0.02053940 0.34643110
vt 0.59326670 0.11915840
vt 0.13636360 0.40770990
vt 0.09861890 0.46363640
vt 0.58952800 0.44545450
vt 0.87370380 0.43400600
vt 0.01720530 0.43872120
vt 0.25690310 0.43538710
vt 0.68855150 0.41720530
vt 0.86127880 0.11915840
vt 0.71720520 0.12053940
vt 0.85356890 0.43872120
vt 0.61720530 0.87036970
vt 0.88043710 0.37272730
vt 0.25356890 0.40235760
vt 0.01720530 0.34781220
vt 0.24407350 0.40909090
vt 0.62963040 0.13538710
vt 0.98279480 0.40235760
vt 0.69188570 0.49326670
vt 0.63872120 0.43538710
vt 0.90000000 0.42589170
vt 0.28993250 0.88855150
vt 0.61915840 0.89326670
vt 0.50673330 0.38279470
vt 0.69326670 0.40097660
vt 0.88084160 0.12053940
vt 0.50673330 0.40097660
vt 0.84781220 0.06461290
vt 0.07175070 0.36599400
vt 0.22589170 0.44545450
vt 0.31006750 0.38417580
vt 0.01006750 0.11582420
vt 0.13636360 0.42865380
vt 0.52629610 0.85552200
vt 0.90673330 0.38084160
vt 0.19326670 0.05356890
vt 0.05356890 0.41582420
vt 0.68855150 0.12629620
vt 0.09188570 0.11144850
vt 0.53774470 0.40909090
vt 0.71144850 0.36265980
vt 0.94309690 0.36265980
vt 0.43538710 0.39764240
vt 0.95454540 0.41047200
vt 0.81720530 0.13538710
vt 0.02629620 0.11006750
vt 0.94447800 0.34781220
vt 0.67508490 0.45356890
vt 0.42824930 0.12629620
vt 0.24781220 0.11915840
vt 0.41582420 0.11006750
vt 0.72963040 0.38084160
vt 0.85356890 0.43400600
vt 0.07508490 0.34643110
vt 0.26599400 0.11915840
vt 0.75356890 0.14447800
vt 0.54643110 0.12963030
vt 0.45356890 0.38417580
vt 0.65552200 0.38417580
vt 0.23872130 0.11006750
vt 0.51006750 0.38417580
vt 0.30811430 0.88855150
vt 0.77175070 0.13400600
vt 0.72824930 0.13538710
vt 0.73400600 0.13538710
vt 0.08993250 0.11720530
vt 0.41915840 0.37946060
vt 0.27036960 0.43538710
vt 0.70000000 0.41047200
vt 0.68319930 0.40909090
vt 0.16599400 0.40097660
vt 0.54643110 0.39764240
vt 0.22491510 0.11915840
vt 0.91956290 0.39090910
vt 0.85690310 0.38279470
vt 0.28855150 0.36265980
vt 0.53734020 0.11582420
vt 0.01582420 0.36461290
vt 0.98279480 0.36599400
vt 0.36265980 0.41582420
vt 0.83400600 0.36265980
vt 0.77946050 0.87175070
vt 0.77175070 0.11582420
vt 0.94643110 0.87508490
vt 0.13538710 0.04309700
vt 0.12824930 0.50673330
vt 0.80909090 0.38952800
vt 0.38084160 0.36599400
vt 0.65356890 0.85552200
vt 0.72491510 0.90811430
vt 0.52629610 0.34781220
vt 0.84447800 0.12824930
vt 0.65218780 0.11006750
vt 0.17272730 0.37410830
vt 0.45218780 0.12629620
vt 0.39902340 0.85552200
vt 0.99229020 0.42727270
vt 0.96599390 0.36265980
vt 0.76265980 0.36127880
vt 0.03872130 0.85552200
vt 0.98279480 0.39764240
vt 0.07370380 0.34309700
vt 0.17946050 0.38084160
vt 0.53734020 0.11006750
vt 0.72963040 0.85552200
vt 0.16127870 0.85356890
vt 0.47370380 0.87508490
vt 0.20235760 0.83734020
vt 0.28855150 0.85356890
vt 0.34447800 0.85218790
vt 0.59764240 0.88993250
vt 0.18279470 0.83872130
vt 0.18084160 0.85218790
vt 0.45690310 0.87370380
vt 0.51006750 0.87508490
vt 0.63400600 0.88993250
vt 0.23400600 0.85356890
vt 0.27175070 0.85218790
vt 0.61720530 0.88855150
vt 0.36127870 0.85356890
vt 0.16265980 0.85218790
vt 0.50673330 0.88993250
vt 0.17946050 0.85356890
vt 0.28993250 0.85218790
vt 0.25218780 0.85356890
vt 0.30811430 0.85218790
vt 0.52629610 0.88855150
vt 0.41582420 0.85356890
vt 0.97946050 0.12629620
vt 0.58279470 0.85690310
vt 0.69188570 0.14781220
vt 0.56127880 0.11006750
vt 0.23400600 0.36461290
vt 0.01720530 0.85218790
vt 0.23734020 0.36599400
vt 0.76127870 0.11006750
vt 0.92824930 0.87175070
vt 0.87370380 0.87175070
vt 0.68993250 0.85552200
vt 0.88993250 0.85552200
vt 0.07036960 0.36265980
vt 0.05552200 0.36127880
vt 0.89188560 0.87175070
vt 0.83538710 0.85552200
vt 0.83734020 0.87175070
vt 0.90811430 0.85552200
vt 0.94643110 0.87175070
vt 0.87175070 0.85552200
vt 0.91006750 0.87175070
vt 0.05690310 0.34643110
vt 0.05356890 0.36127880
vt 0.85356890 0.85552200
vt 0.05218780 0.36265980
vt 0.92629620 0.85552200
vt 0.03872130 0.34643110
vt 0.07370380 0.34781220
vt 0.69188570 0.87175070
vt 0.85552200 0.87175070
vt 0.07175070 0.34781220
vt 0.94447800 0.85552200
vt 0.03734020 0.36127880
vt 0.43734020 0.12491510
vt 0.29861890 0.40909090
vt 0.22727270 0.37410830
vt 0.54643110 0.36127880
vt 0.54643110 0.34781220
vt 0.36599400 0.12629620
vt 0.70673330 0.11006750
vt 0.78279480 0.37946060
vt 0.12824930 0.37946060
vt 0.87175070 0.34781220
vt 0.48084160 0.12053940
vt 0.41915840 0.85356890
vt 0.78279480 0.51144850
vt 0.35218780 0.11915840
vt 0.15592650 0.37272730
vt 0.31720530 0.11006750
vt 0.30000000 0.37410830
vt 0.29326670 0.36461290
vt 0.85356890 0.36599400
vt 0.91144850 0.41720530
vt 0.94781210 0.38084160
vt 0.19902340 0.04781220
vt 0.07508490 0.03734020
vt 0.25690310 0.05356890
vt 0.14781220 0.03734020
vt 0.17946050 0.87175070
vt 0.67175070 0.87036970
vt 0.38279470 0.36127880
vt 0.74447800 0.36127880
vt 0.96461290 0.37946060
vt 0.23538710 0.37946060
vt 0.39188560 0.12053940
vt 0.99764240 0.39902340
vt 0.95454540 0.37410830
vt 0.85218780 0.12629620
vt 0.29188560 0.13538710
vt 0.85356890 0.11915840
vt 0.34781220 0.38084160
vt 0.10673330 0.36461290
vt 0.60097660 0.38417580
vt 0.39902340 0.11720530
vt 0.20097660 0.11720530
vt 0.38279470 0.36599400
vt 0.37946060 0.11006750
vt 0.78855150 0.11915840
vt 0.18993250 0.05218790
vt 0.74309690 0.36461290
vt 0.26127870 0.04643110
vt 0.16599400 0.36265980
vt 0.91006750 0.12491510
vt 0.41006750 0.12053940
vt 0.24781220 0.04643110
vt 0.47370380 0.11144850
vt 0.10673330 0.05356890
vt 0.65552200 0.15552200
vt 0.07508490 0.47370390
vt 0.11915840 0.14447800
vt 0.14447800 0.85218790
vt 0.76599400 0.92824930
vt 0.26599400 0.05356890
vt 0.56127880 0.36461290
vt 0.16461290 0.87175070
vt 0.48417580 0.11720530
vt 0.64447800 0.16265980
vt 0.72824930 0.37946060
vt 0.61582420 0.38279470
vt 0.75218780 0.11915840
vt 0.18855150 0.11720530
vt 0.05218780 0.43734020
vt 0.52824930 0.36599400
vt 0.82865380 0.35454550
vt 0.08993250 0.36127880
vt 0.16127870 0.87175070
vt 0.93400600 0.11915840
vt 0.65218780 0.38084160
vt 0.52824930 0.50673330
vt 0.87175070 0.38417580
vt 0.01915840 0.11720530
vt 0.45552200 0.34781220
vt 0.72491510 0.51006750
vt 0.79090910 0.51956280
vt 0.37134620 0.37272730
vt 0.69764240 0.11720530
vt 0.96461290 0.15552200
vt 0.52629610 0.87036970
vt 0.52491510 0.38084160
vt 0.46461290 0.12629620
vt 0.47036970 0.38084160
vt 0.23181820 0.03952810
vt 0.74781220 0.12629620
vt 0.60909090 0.37410830
vt 0.63400600 0.38084160
vt 0.53872130 0.11915840
vt 0.67175070 0.37946060
vt 0.53636360 0.37410830
vt 0.43734020 0.85690310
vt 0.08993250 0.50673330
vt 0.81582420 0.36461290
vt 0.49188570 0.11915840
vt 0.48279470 0.11006750
vt 0.22053950 0.05356890
vt 0.62053940 0.36461290
vt 0.85552200 0.36599400
vt 0.23538710 0.85552200
vt 0.60097660 0.36127880
vt 0.81915840 0.87175070
vt 0.17727270 0.04229020
vt 0.48043710 0.37272730
vt 0.48855150 0.36265980
vt 0.91006750 0.37946060
vt 0.55552200 0.12629620
vt 0.16599400 0.03734020
vt 0.00909090 0.35592650
vt 0.23734020 0.87175070
vt 0.60235760 0.36265980
vt 0.50673330 0.12629620
vt 0.15138110 0.04090910
vt 0.28993250 0.34781220
vt 0.99229020 0.37272730
vt 0.03872130 0.14447800
vt 0.17946050 0.03734020
vt 0.32491510 0.36265980
vt 0.65552200 0.85690310
vt 0.49326670 0.34643110
vt 0.53538700 0.11006750
vt 0.48279470 0.12053940
vt 0.72824930 0.12491510
vt 0.36265980 0.11720530
vt 0.90811430 0.34781220
vt 0.13952800 0.05000000
vt 0.27175070 0.36127880
vt 0.18498260 0.04090910
vt 0.56461290 0.34781220
vt 0.56127880 0.34643110
vt 0.72629610 0.36599400
vt 0.73872130 0.15552200
vt 0.26363640 0.35316440
vt 0.15552200 0.04781220
vt 0.12491510 0.38084160
vt 0.73498260 0.35454550
vt 0.62824930 0.11006750
vt 0.20097660 0.03872130
vt 0.00097660 0.83872130
vt 0.93734020 0.12053940
vt 0.70235760 0.11720530
vt 0.80909090 0.37410830
vt 0.69326670 0.12629620
vt 0.16127870 0.34643110
vt 0.30138110 0.35454550
vt 0.56265980 0.11915840
vt 0.11956290 0.35454550
vt 0.83872120 0.38084160
vt 0.92491510 0.38084160
vt 0.14090910 0.05138110
vt 0.55218790 0.11915840
vt 0.97946050 0.36265980
vt 0.22727270 0.35592650
vt 0.63400600 0.34643110
vt 0.59902340 0.12491510
vt 0.03734020 0.34309700
vt 0.39229010 0.35454550
vt 0.91582420 0.11915840
vt 0.31956290 0.35454550
vt 0.71144850 0.49188570
vt 0.87036970 0.12629620
vt 0.16047200 0.05000000
vt 0.97175070 0.11582420
vt 0.80235760 0.34643110
vt 0.20316440 0.05000000
vt 0.66501740 0.35454550
vt 0.77370380 0.12053940
vt 0.62865380 0.35454550
vt 0.08181820 0.33774470
vt 0.08319920 0.33636370
vt 0.02727270 0.35592650
vt 0.83872120 0.11006750
vt 0.68417580 0.15356890
vt 0.89188560 0.98084160
vt 0.81582420 0.06461290
vt 0.99545450 0.06956290
vt 0.40909090 0.35316440
vt 0.27370380 0.36127880
vt 0.61915840 0.83872130
vt 0.24407350 0.35454550
vt 0.26127870 0.03734020
vt 0.41720530 0.34781220
vt 0.96127870 0.34643110
vt 0.98855150 0.11915840
vt 0.19764240 0.32824930
vt 0.35454540 0.35316440
vt 0.46363640 0.35316440
vt 0.67175070 0.11720530
vt 0.51680080 0.35454550
vt 0.12963040 0.34447800
vt 0.55592660 0.35454550
vt 0.64781220 0.11915840
vt 0.93636360 0.42865380
vt 0.85218780 0.85356890
vt 0.24447800 0.12053940
vt 0.83734020 0.06127880
vt 0.03734020 0.96265980
vt 0.10138110 0.35454550
vt 0.01720530 0.05218790
vt 0.05356890 0.94643110
vt 0.07370380 0.96265980
vt 0.53774470 0.35454550
vt 0.01582420 0.94447800
vt 0.26363640 0.33774470
vt 0.39090910 0.35592650
vt 0.21720530 0.34309700
vt 0.90811430 0.52491510
vt 0.11006750 0.94781210
vt 0.10811430 0.94643110
vt 0.82629620 0.11006750
vt 0.21915840 0.32963040
vt 0.09326670 0.43734020
vt 0.21225530 0.05000000
vt 0.79902340 0.43872120
vt 0.92629620 0.36127880
vt 0.57134620 0.37272730
vt 0.00097660 0.32963040
vt 0.38084160 0.36127880
vt 0.95770980 0.06818180
vt 0.73538710 0.12629620
vt 0.77508490 0.11915840
vt 0.59902340 0.37946060
vt 0.69188570 0.85356890
vt 0.89326670 0.34643110
vt 0.66363630 0.35592650
vt 0.30673330 0.48993250
vt 0.08993250 0.85218790
vt 0.40235760 0.45356890
vt 0.97946050 0.87175070
vt 0.82629620 0.12629620
vt 0.14309690 0.85356890
vt 0.19326670 0.03734020
vt 0.07175070 0.85218790
vt 0.09326670 0.83734020
vt 0.96461290 0.11144850
vt 0.12629620 0.85218790
vt 0.73872130 0.11720530
vt 0.74447800 0.85218790
vt 0.88993250 0.97946060
vt 0.21363640 0.03952810
vt 0.62727270 0.35592650
vt 0.22134620 0.04090910
vt 0.74309690 0.85356890
vt 0.14447800 0.32963040
vt 0.84309690 0.11720530
vt 0.00316440 0.05000000
vt 0.60097660 0.11144850
vt 0.80097660 0.36599400
vt 0.55454550 0.35592650
vt 0.02824930 0.05218790
vt 0.66363630 0.35316440
vt 0.28855150 0.32824930
vt 0.86363640 0.35592650
vt 0.14309690 0.32824930
vt 0.77272730 0.35592650
vt 0.76599400 0.52629610
vt 0.76461290 0.11915840
vt 0.85552200 0.83872130
vt 0.16461290 0.34309700
vt 0.81915840 0.88993250
vt 0.23872130 0.04447800
vt 0.26363640 0.33498260
vt 0.81720530 0.11144850
vt 0.80097660 0.11915840
vt 0.79090910 0.35592650
vt 0.43734020 0.85356890
vt 0.78952810 0.35454550
vt 0.87175070 0.11915840
vt 0.83734020 0.88993250
vt 0.22272730 0.04861900
vt 0.83538710 0.11915840
vt 0.79902340 0.34781220
vt 0.09326670 0.36265980
vt 0.19902340 0.36127880
vt 0.65356890 0.85218790
vt 0.09326670 0.34643110
vt 0.72963040 0.34643110
vt 0.20097660 0.34781220
vt 0.18279470 0.36127880
vt 0.68855150 0.85356890
vt 0.62053940 0.83734020
vt 0.51006750 0.85356890
vt 0.72491510 0.34643110
vt 0.65552200 0.83872130
vt 0.67508490 0.83734020
vt 0.63734020 0.83872130
vt 0.65690300 0.83734020
vt 0.59902340 0.83734020
vt 0.89326670 0.45552210
vt 0.47036970 0.39902340
vt 0.19902340 0.34309700
vt 0.09861890 0.33636370
vt 0.84545450 0.35592650
vt 0.17865380 0.05000000
vt 0.82824930 0.12629620
vt 0.09188570 0.85356890
vt 0.85356890 0.36127880
vt 0.60097660 0.85356890
vt 0.98084160 0.85552200
vt 0.80097660 0.85690310
vt 0.20235760 0.34447800
vt 0.63538710 0.11720530
vt 0.27370380 0.03872130
vt 0.82963040 0.11720530
vt 0.91818180 0.35316440
vt 0.17272730 0.33498260
vt 0.86225530 0.35454550
vt 0.23043710 0.04090910
vt 0.31006750 0.32963040
vt 0.96461290 0.11915840
vt 0.82824930 0.11006750
vt 0.11818180 0.33498260
vt 0.16265980 0.34309700
vt 0.08084160 0.02053950
vt 0.84643110 0.11582420
vt 0.25690310 0.45552210
vt 0.72963040 0.11006750
vt 0.27175070 0.05218790
vt 0.97508490 0.11915840
vt 0.96461290 0.11720530
vt 0.24781220 0.03734020
vt 0.68181820 0.35592650
vt 0.26047200 0.05000000
vt 0.84447800 0.12053940
vt 0.02865380 0.33636370
vt 0.23872130 0.03734020
vt 0.87175070 0.11720530
vt 0.48993250 0.12491510
vt 0.64545450 0.35316440
vt 0.87370380 0.11915840
vt 0.11225530 0.05000000
vt 0.71818180 0.50138100
vt 0.82727270 0.35316440
vt 0.97134620 0.35454550
vt 0.05218780 0.32824930
vt 0.36461290 0.36127880
vt 0.12629620 0.32963040
vt 0.23181820 0.04229020
vt 0.10000000 0.33774470
vt 0.27036960 0.04643110
vt 0.82589170 0.35454550
vt 0.31956290 0.33636370
vt 0.39090910 0.33774470
vt 0.90097650 0.12629620
vt 0.19090910 0.35316440
vt 0.88319930 0.35454550
vt 0.32963030 0.32824930
vt 0.35454540 0.33774470
vt 0.78993250 0.11006750
vt 0.00909090 0.33774470
vt 0.08636360 0.03043720
vt 0.06501740 0.33636370
vt 0.96265980 0.11720530
vt 0.68279470 0.11006750
vt 0.22727270 0.33774470
vt 0.28498260 0.05000000
vt 0.34643110 0.32963040
vt 0.25000000 0.05138110
vt 0.99188570 0.12629620
vt 0.21582420 0.48993250
vt 0.35592650 0.33636370
vt 0.01582420 0.10811440
vt 0.89861890 0.35454550
vt 0.90138110 0.42727270
vt 0.20097660 0.32963040
vt 0.07508490 0.01915840
vt 0.27727270 0.04861900
vt 0.80097660 0.85356890
vt 0.19683560 0.04090910
vt 0.30811430 0.34309700
vt 0.86461290 0.11006750
vt 0.31680070 0.35454550
vt 0.03734020 0.85356890
vt 0.23043710 0.05000000
vt 0.27589170 0.05000000
vt 0.22272730 0.05138110
vt 0.98993250 0.11006750
vt 0.32824930 0.34309700
vt 0.69326670 0.45552210
vt 0.06363640 0.33498260
vt 0.97370380 0.11006750
vt 0.88993250 0.11915840
vt 0.62053940 0.47175070
vt 0.95454540 0.35592650
vt 0.80909090 0.35592650
vt 0.98993250 0.12629620
vt 0.25909090 0.04229020
vt 0.81047200 0.35454550
vt 0.29188560 0.94447800
vt 0.20454550 0.04229020
vt 0.91720530 0.11582420
vt 0.77508490 0.11720530
vt 0.04545450 0.33774470
vt 0.76461290 0.11720530
vt 0.38084160 0.32963040
vt 0.24407350 0.33636370
vt 0.74781220 0.83734020
vt 0.04545450 0.33498260
vt 0.20235760 0.03734020
vt 0.26680080 0.05000000
vt 0.31818180 0.33498260
vt 0.16127870 0.32824930
vt 0.68084160 0.12629620
vt 0.24683560 0.33636370
vt 0.95552200 0.12053940
vt 0.96265980 0.11915840
vt 0.20592650 0.04090910
vt 0.26680080 0.04090910
vt 0.08181820 0.33498260
vt 0.02589170 0.33636370
vt 0.76599400 0.38279470
vt 0.06363640 0.33774470
vt 0.34781220 0.32824930
vt 0.27946050 0.05356890
vt 0.01144850 0.09902350
vt 0.91818180 0.35592650
vt 0.29188560 0.34309700
vt 0.93538710 0.11006750
vt 0.98084160 0.11720530
vt 0.36461290 0.32963040
vt 0.08774470 0.03181820
vt 0.34447800 0.32963040
vt 0.24545450 0.33498260
vt 0.25770980 0.04090910
vt 0.80811430 0.12053940
vt 0.36599400 0.34447800
vt 0.99902340 0.11720530
vt 0.90811430 0.11915840
vt 0.25138110 0.05000000
vt 0.25770980 0.05000000
vt 0.75454550 0.35316440
vt 0.28181820 0.33774470
vt 0.31144850 0.34447800
vt 0.98279480 0.11720530
vt 0.00097660 0.09902350
vt 0.13498260 0.33636370
vt 0.80235760 0.12629620
vt 0.20909090 0.33498260
vt 0.93872130 0.11915840
vt 0.28636360 0.05138110
vt 0.19090910 0.33774470
vt 0.26225530 0.33636370
vt 0.01047200 0.33636370
vt 0.93734020 0.11582420
vt 0.68181820 0.35316440
vt 0.87175070 0.83734020
vt 0.09545450 0.03043720
vt 0.26047200 0.04090910
vt 0.30000000 0.33498260
vt 0.50811430 0.11915840
vt 0.00097660 0.10097660
vt 0.23319930 0.05000000
vt 0.81720530 0.83734020
vt 0.96127870 0.12629620
vt 0.75552200 0.11006750
vt 0.27865380 0.05000000
vt 0.33636360 0.33774470
vt 0.78279480 0.11720530
vt 0.01006750 0.09188570
vt 0.99902340 0.11915840
vt 0.00811430 0.10811440
vt 0.26818180 0.03952810
vt 0.85356890 0.11720530
vt 0.94447800 0.11915840
vt 0.24545450 0.33774470
vt 0.64545450 0.35592650
vt 0.15316440 0.33636370
vt 0.38952800 0.33636370
vt 0.99188570 0.11006750
vt 0.37272730 0.35592650
vt 0.83538710 0.83734020
vt 0.10138110 0.33636370
vt 0.81915840 0.85356890
vt 0.86265980 0.11006750
vt 0.26956290 0.04090910
vt 0.37272730 0.33498260
vt 0.11818180 0.33774470
vt 0.11680070 0.33636370
vt 0.92963030 0.83734020
vt 0.98084160 0.85218790
vt 0.01720530 0.83400610
vt 0.05356890 0.83400610
vt 0.08993250 0.83400610
vt 0.12629620 0.83400610
vt 0.16265980 0.83400610
vt 0.19902340 0.83400610
vt 0.22053950 0.81915840
vt 0.25690310 0.81915840
vt 0.29326670 0.81915840
vt 0.34447800 0.83400610
vt 0.38084160 0.83400610
vt 0.41720530 0.83400610
vt 0.43872130 0.81915840
vt 0.48993250 0.83400610
vt 0.51144850 0.81915840
vt 0.56265980 0.83400610
vt 0.58417580 0.81915840
vt 0.63538710 0.83400610
vt 0.67175070 0.83400610
vt 0.69326670 0.81915840
vt 0.74447800 0.83400610
vt 0.78084160 0.83400610
vt 0.80235760 0.81915840
vt 0.83872120 0.81915840
vt 0.87508490 0.81915840
vt 0.92629620 0.83400610
vt 0.65909090 0.03952810
vt 0.54309690 0.03734020
vt 0.54781220 0.05356890
vt 0.55356890 0.05218790
vt 0.54781220 0.04447800
vt 0.55356890 0.03872130
vt 0.56265980 0.04309700
vt 0.61915840 0.03872130
vt 0.55909090 0.05138110
vt 0.56047200 0.05000000
vt 0.48084160 0.04781220
vt 0.65138110 0.04090910
vt 0.11956290 0.15454550
vt 0.16461290 0.67508490
vt 0.63872120 0.69188570
vt 0.87370380 0.28855150
vt 0.25356890 0.76461290
vt 0.63538710 0.70673330
vt 0.05218780 0.68993250
vt 0.17946050 0.70811440
vt 0.63400600 0.25552200
vt 0.80235760 0.69188570
vt 0.65690300 0.69188570
vt 0.68855150 0.70811440
vt 0.54447790 0.69188570
vt 0.22727270 0.30138110
vt 0.05218780 0.19902340
vt 0.63538710 0.20235760
vt 0.52629610 0.77946050
vt 0.83734020 0.69326670
vt 0.48855150 0.68993250
vt 0.69326670 0.69188570
vt 0.83400600 0.70811440
vt 0.58279470 0.69326670
vt 0.65218780 0.70811440
vt 0.01915840 0.74781220
vt 0.34447800 0.74309690
vt 0.58279470 0.74781220
vt 0.54781220 0.74643110
vt 0.27508490 0.19902340
vt 0.56461290 0.76265980
vt 0.79902340 0.16599400
vt 0.54643110 0.05218790
vt 0.55000000 0.04861900
vt 0.58498260 0.05000000
vt 0.56818180 0.03952810
vt 0.49764240 0.03734020
vt 0.58498260 0.04090910
vt 0.63952800 0.05000000
vt 0.53952800 0.04090910
vt 0.91006750 0.76599400
vt 0.92491510 0.78084160
vt 0.87175070 0.70673330
vt 0.12824930 0.71144860
vt 0.52824930 0.74447800
vt 0.50811430 0.25690310
vt 0.66363630 0.28319930
vt 0.90811430 0.28855150
vt 0.50138110 0.26363640
vt 0.72963040 0.28993250
vt 0.06501740 0.26363640
vt 0.02865380 0.28181820
vt 0.39090910 0.24407350
vt 0.90000000 0.28319930
vt 0.71144850 0.28993250
vt 0.71956290 0.22727270
vt 0.02727270 0.28319930
vt 0.67036960 0.18279470
vt 0.43400600 0.28993250
vt 0.80235760 0.18279470
vt 0.12629620 0.28855150
vt 0.69861890 0.20909090
vt 0.75454550 0.28043720
vt 0.58952800 0.22727270
vt 0.77410840 0.30000000
vt 0.22053950 0.27370390
vt 0.46363640 0.26501740
vt 0.29326670 0.25552200
vt 0.48181820 0.26225530
vt 0.87370380 0.25218780
vt 0.88043710 0.24545450
vt 0.60909090 0.26225530
vt 0.60235760 0.25552200
vt 0.67175070 0.23400600
vt 0.17134620 0.19090910
vt 0.81582420 0.25552200
vt 0.02629620 0.06599400
vt 0.61582420 0.27370390
vt 0.15356890 0.06127880
vt 0.65356890 0.28855150
vt 0.84407350 0.19090910
vt 0.68855150 0.27370390
vt 0.10000000 0.18952800
vt 0.85218780 0.27370390
vt 0.09326670 0.18279470
vt 0.76461290 0.27036960
vt 0.89188560 0.20235760
vt 0.59764240 0.23734020
vt 0.89861890 0.20909090
vt 0.93734020 0.09188570
vt 0.05356890 0.19764240
vt 0.64683560 0.22727270
vt 0.04683560 0.19090910
vt 0.36127870 0.23538710
vt 0.45218780 0.18279470
vt 0.17410830 0.24545450
vt 0.44545450 0.18952800
vt 0.28181820 0.24683560
vt 0.57946060 0.18279470
vt 0.86501750 0.24545450
vt 0.36461290 0.18417580
vt 0.83734020 0.19764240
vt 0.52491510 0.19902340
vt 0.39090910 0.22589170
vt 0.10097660 0.06127880
vt 0.48181820 0.21047190
vt 0.48855150 0.21720520
vt 0.94309690 0.28993250
vt 0.86363640 0.19229010
vt 0.32629620 0.27508490
vt 0.56461290 0.18417580
vt 0.39764240 0.28993250
vt 0.66363630 0.26225530
vt 0.51006750 0.28855150
vt 0.97272720 0.20770980
vt 0.91144850 0.27370390
vt 0.96599390 0.20097660
vt 0.10673330 0.27175070
vt 0.65218780 0.07370380
vt 0.16461290 0.25690310
vt 0.64643110 0.07946060
vt 0.87508490 0.25552200
vt 0.86363640 0.21047190
vt 0.56599400 0.23734020
vt 0.87036970 0.21720520
vt 0.66363630 0.26501740
vt 0.84545450 0.20770980
vt 0.03872130 0.07175070
vt 0.83872120 0.20097660
vt 0.08417580 0.06461290
vt 0.74781220 0.21915840
vt 0.39229010 0.22727270
vt 0.25690310 0.16461290
vt 0.61720530 0.20235760
vt 0.40909090 0.18952800
vt 0.07175070 0.21582420
vt 0.16127870 0.23538710
vt 0.65356890 0.25690310
vt 0.23538710 0.18417580
vt 0.95552200 0.07946060
vt 0.14309690 0.25552200
vt 0.40097660 0.07508490
vt 0.49326670 0.28993250
vt 0.58279470 0.21582420
vt 0.70811430 0.28855150
vt 0.78952810 0.20909090
vt 0.16265980 0.27036960
vt 0.78279480 0.21582420
vt 0.17946050 0.07370380
vt 0.74309690 0.21720520
vt 0.32824930 0.08855150
vt 0.89326670 0.19902340
vt 0.33400600 0.08279470
vt 0.01047200 0.17272730
vt 0.37036960 0.08084160
vt 0.79902340 0.20235760
vt 0.63734020 0.22053950
vt 0.59764240 0.19902340
vt 0.14309690 0.25356890
vt 0.37175070 0.06127880
vt 0.90673330 0.19902340
vt 0.54643110 0.19764240
vt 0.65218780 0.25356890
vt 0.85690310 0.21915840
vt 0.13872130 0.06461290
vt 0.17370380 0.06127880
vt 0.84545450 0.22865380
vt 0.16599400 0.21915840
vt 0.71956290 0.28181820
vt 0.27036960 0.18279470
vt 0.83734020 0.28855150
vt 0.90000000 0.18952800
vt 0.19229020 0.28181820
vt 0.56461290 0.25690310
vt 0.16127870 0.05552200
vt 0.19229020 0.17272730
vt 0.97134620 0.28181820
vt 0.13498260 0.24545450
vt 0.82727270 0.28319930
vt 0.12824930 0.23872130
vt 0.99090910 0.28043720
vt 0.84407350 0.20909090
vt 0.09188570 0.27036960
vt 0.98279480 0.20235760
vt 0.21047200 0.26363640
vt 0.98952810 0.20909090
vt 0.53498260 0.26363640
vt 0.38279470 0.18417580
vt 0.90138110 0.26363640
vt 0.38952800 0.19090910
vt 0.01047200 0.24545450
vt 0.46225530 0.22727270
vt 0.19229020 0.24545450
vt 0.32491510 0.21720520
vt 0.80770990 0.24545450
vt 0.20770980 0.19090910
vt 0.42727270 0.18952800
vt 0.53774470 0.20909090
vt 0.74643110 0.27508490
vt 0.57272730 0.20770980
vt 0.23538710 0.27036960
vt 0.43538710 0.25690310
vt 0.62727270 0.19229010
vt 0.50138110 0.20909090
vt 0.77946050 0.27370390
vt 0.99902340 0.07508490
vt 0.00909090 0.24407350
vt 0.02824930 0.06599400
vt 0.72824930 0.27508490
vt 0.40770980 0.19090910
vt 0.96599390 0.27370390
vt 0.40097660 0.19764240
vt 0.14447800 0.25690310
vt 0.12491510 0.19902340
vt 0.34309690 0.27175070
vt 0.11144850 0.19902340
vt 0.99902340 0.25690310
vt 0.24407350 0.19090910
vt 0.30811430 0.23872130
vt 0.23734020 0.19764240
vt 0.41915840 0.18417580
vt 0.61915840 0.21582420
vt 0.36599400 0.20097660
vt 0.37175070 0.07370380
vt 0.32824930 0.25218780
vt 0.37272730 0.22589170
vt 0.35454540 0.21047190
vt 0.12629620 0.20235760
vt 0.43872130 0.16461290
vt 0.98417580 0.21915840
vt 0.75592650 0.26363640
vt 0.81582420 0.18279470
vt 0.56461290 0.20235760
vt 0.85690310 0.07370380
vt 0.50811430 0.19764240
vt 0.35592650 0.28181820
vt 0.20235760 0.20097660
vt 0.87508490 0.29188570
vt 0.04447800 0.06599400
vt 0.70811430 0.29326670
vt 0.29188560 0.29326670
vt 0.36461290 0.08084160
vt 0.12963040 0.21720520
vt 0.08084160 0.06599400
vt 0.96461290 0.10673330
vt 0.43734020 0.21582420
vt 0.75454550 0.18952800
vt 0.67175070 0.29326670
vt 0.47175070 0.08855150
vt 0.76461290 0.25690310
vt 0.67175070 0.31144850
vt 0.88855150 0.25552200
vt 0.10811430 0.05690310
vt 0.45552200 0.21582420
vt 0.25218780 0.21720520
vt 0.62727270 0.21047190
vt 0.85218780 0.09188570
vt 0.20235760 0.18084160
vt 0.36599400 0.21720520
vt 0.40097660 0.21582420
vt 0.57370380 0.07946060
vt 0.81006750 0.10235760
vt 0.08417580 0.08084160
vt 0.48417580 0.10097660
vt 0.33538710 0.08417580
vt 0.62629620 0.10235760
vt 0.74309690 0.08993250
vt 0.71915840 0.09764240
vt 0.59090910 0.18952800
vt 0.99090910 0.22865380
vt 0.18084160 0.16599400
vt 0.47508490 0.25356890
vt 0.47370380 0.10097660
vt 0.92824930 0.08855150
vt 0.76127870 0.09188570
vt 0.40097660 0.20235760
vt 0.85356890 0.18417580
vt 0.23538710 0.25218780
vt 0.29326670 0.19902340
vt 0.36461290 0.22053950
vt 0.41720530 0.05690310
vt 0.99188570 0.08993250
vt 0.80673330 0.10097660
vt 0.30811430 0.19764240
vt 0.04407350 0.19090910
vt 0.68043710 0.22727270
vt 0.65356890 0.08855150
vt 0.84447800 0.10235760
vt 0.09188570 0.21582420
vt 0.45356890 0.23400600
vt 0.34309690 0.07370380
vt 0.03734020 0.19764240
vt 0.81915840 0.25218780
vt 0.14309690 0.14643110
vt 0.27946050 0.08279470
vt 0.27370380 0.08855150
vt 0.21047200 0.24545450
vt 0.30138110 0.19090910
vt 0.82053940 0.19902340
vt 0.89188560 0.25218780
vt 0.19229020 0.20909090
vt 0.19902340 0.20235760
vt 0.72963040 0.19902340
vt 0.72629610 0.09902350
vt 0.76265980 0.09326670
vt 0.86461290 0.08417580
vt 0.04309690 0.08084160
vt 0.54781220 0.09188570
vt 0.64407350 0.30000000
vt 0.82491510 0.09902350
vt 0.97508490 0.09902350
vt 0.65552200 0.07508490
vt 0.80909090 0.30138110
vt 0.90138110 0.28181820
vt 0.14309690 0.72629620
vt 0.38417580 0.20097660
vt 0.87175070 0.20235760
vt 0.39764240 0.20097660
vt 0.41582420 0.20097660
vt 0.29326670 0.20097660
vt 0.30673330 0.20097660
vt 0.70000000 0.19229010
vt 0.77272730 0.22865380
vt 0.03734020 0.17946060
vt 0.92491510 0.25356890
vt 0.19764240 0.68993250
vt 0.70811430 0.23400600
vt 0.09188570 0.17946060
vt 0.91006750 0.71144860
vt 0.34643110 0.17946060
vt 0.96461290 0.25218780
vt 0.00235760 0.25356890
vt 0.75454550 0.20770980
vt 0.76265980 0.70673330
vt 0.52629610 0.27036960
vt 0.59090910 0.21047190
vt 0.29188560 0.25690310
vt 0.58417580 0.21720520
vt 0.43400600 0.25552200
vt 0.63538710 0.16599400
vt 0.08993250 0.08084160
vt 0.78993250 0.09188570
vt 0.28043710 0.24545450
vt 0.38084160 0.05690310
vt 0.58084160 0.19764240
vt 0.85552200 0.17946060
vt 0.22053950 0.19902340
vt 0.72824930 0.22053950
vt 0.63400600 0.18279470
vt 0.82727270 0.24407350
vt 0.37410830 0.20909090
vt 0.18279470 0.67508490
vt 0.78084160 0.21582420
vt 0.54781220 0.19902340
vt 0.43734020 0.19764240
vt 0.48993250 0.18417580
vt 0.66363630 0.19229010
vt 0.55316440 0.20909090
vt 0.54643110 0.20235760
vt 0.40235760 0.21720520
vt 0.42053940 0.20097660
vt 0.27175070 0.21582420
vt 0.34447800 0.20235760
vt 0.14447800 0.18417580
vt 0.74643110 0.23872130
vt 0.89188560 0.69326670
vt 0.83400600 0.21915840
vt 0.01582420 0.18279470
vt 0.84407350 0.24545450
vt 0.08855150 0.16461290
vt 0.13636360 0.22589170
vt 0.85356890 0.22053950
vt 0.32629620 0.18417580
vt 0.18084160 0.27036960
vt 0.71006750 0.19764240
vt 0.83538710 0.28855150
vt 0.65218780 0.20097660
vt 0.32629620 0.19764240
vt 0.92824930 0.19764240
vt 0.20097660 0.23400600
vt 0.84683560 0.28181820
vt 0.11144850 0.23734020
vt 0.03538710 0.19764240
vt 0.72629610 0.20235760
vt 0.59902340 0.25690310
vt 0.71956290 0.20909090
vt 0.37272730 0.26501740
vt 0.67508490 0.20097660
vt 0.42727270 0.26501740
vt 0.68181820 0.20770980
vt 0.55592660 0.26363640
vt 0.87370380 0.21582420
vt 0.66501740 0.26363640
vt 0.88043710 0.20909090
vt 0.74781220 0.27175070
vt 0.01720530 0.19764240
vt 0.85356890 0.27036960
vt 0.12963040 0.18279470
vt 0.23734020 0.25690310
vt 0.57946060 0.21720520
vt 0.85690310 0.28993250
vt 0.56599400 0.21720520
vt 0.87175070 0.28855150
vt 0.71144850 0.20097660
vt 0.07370380 0.25690310
vt 0.72491510 0.20097660
vt 0.25690310 0.27175070
vt 0.66363630 0.20770980
vt 0.30811430 0.27036960
vt 0.65690300 0.20097660
vt 0.36461290 0.27036960
vt 0.45690310 0.23734020
vt 0.77946050 0.21720520
vt 0.60235760 0.69188570
vt 0.77272730 0.26225530
vt 0.34781220 0.18084160
vt 0.71680070 0.26363640
vt 0.36127870 0.16265980
vt 0.21720530 0.16599400
vt 0.79902340 0.25218780
vt 0.01720530 0.18417580
vt 0.98952810 0.26363640
vt 0.49861890 0.20909090
vt 0.07508490 0.16461290
vt 0.81047200 0.17272730
vt 0.39764240 0.05552200
vt 0.64643110 0.10235760
vt 0.92963030 0.18084160
vt 0.19764240 0.07175070
vt 0.82963040 0.08084160
vt 0.52053950 0.08279470
vt 0.68279470 0.09188570
vt 0.55552200 0.07370380
vt 0.81582420 0.16461290
vt 0.14643110 0.25690310
vt 0.82053940 0.25552200
vt 0.76127870 0.21720520
vt 0.96265980 0.27036960
vt 0.75454550 0.21047190
vt 0.58084160 0.23872130
vt 0.08181820 0.26501740
vt 0.54781220 0.21915840
vt 0.08993250 0.05690310
vt 0.10097660 0.08417580
vt 0.99764240 0.10811440
vt 0.48279470 0.09764240
vt 0.10097660 0.08993250
vt 0.70097660 0.09764240
vt 0.76461290 0.08855150
vt 0.76265980 0.10673330
vt 0.77036960 0.08279470
vt 0.94781210 0.19902340
vt 0.78417580 0.27175070
vt 0.59902340 0.09902350
vt 0.83400600 0.10811440
vt 0.88417580 0.08084160
vt 0.69902340 0.08417580
vt 0.74309690 0.09188570
vt 0.69902340 0.08993250
vt 0.73872130 0.08084160
vt 0.71915840 0.08417580
vt 0.20097660 0.67508490
vt 0.02865380 0.20909090
vt 0.16127870 0.27175070
vt 0.68043710 0.20909090
vt 0.03400600 0.27175070
vt 0.67370380 0.21582420
vt 0.20770980 0.26363640
vt 0.63872120 0.21720520
vt 0.30000000 0.26501740
vt 0.64545450 0.21047190
vt 0.39229010 0.26363640
vt 0.48043710 0.22727270
vt 0.47370380 0.23400600
vt 0.69188570 0.70811440
vt 0.71144850 0.23538710
vt 0.10811430 0.16599400
vt 0.65552200 0.70811440
vt 0.38084160 0.21582420
vt 0.72629610 0.70673330
vt 0.08319920 0.19090910
vt 0.12824930 0.16599400
vt 0.81720530 0.10673330
vt 0.74781220 0.08993250
vt 0.85552200 0.09326670
vt 0.69764240 0.04447800
vt 0.88993250 0.10673330
vt 0.68855150 0.03734020
vt 0.00097660 0.07508490
vt 0.94643110 0.08279470
vt 0.07175070 0.07508490
vt 0.94643110 0.08855150
vt 0.07370380 0.08855150
vt 0.31720530 0.08417580
vt 0.15690310 0.08279470
vt 0.94447800 0.08279470
vt 0.93734020 0.08993250
vt 0.75552200 0.10811440
vt 0.67508490 0.07370380
vt 0.53538700 0.07946060
vt 0.94447800 0.08855150
vt 0.62629620 0.09188570
vt 0.89326670 0.09188570
vt 0.74643110 0.08855150
vt 0.47036970 0.07370380
vt 0.80811430 0.10235760
vt 0.74309690 0.07370380
vt 0.79902340 0.10097660
vt 0.73734020 0.07370380
vt 0.82629620 0.09188570
vt 0.79326680 0.08279470
vt 0.18279470 0.08279470
vt 0.79902340 0.08855150
vt 0.01720530 0.07508490
vt 0.72629610 0.07508490
vt 0.04643110 0.08993250
vt 0.53734020 0.07370380
vt 0.50097660 0.08417580
vt 0.18417580 0.18279470
vt 0.03400600 0.18279470
vt 0.28855150 0.28993250
vt 0.18417580 0.27175070
vt 0.55454550 0.22589170
vt 0.65552200 0.27036960
vt 0.83400600 0.20097660
vt 0.47175070 0.19764240
vt 0.02053940 0.21720520
vt 0.85356890 0.16599400
vt 0.78279480 0.19764240
vt 0.62865380 0.28181820
vt 0.63538710 0.27508490
vt 0.25552200 0.19764240
vt 0.25552200 0.18417580
vt 0.76461290 0.19764240
vt 0.97272720 0.28319930
vt 0.67370380 0.25218780
vt 0.67370380 0.23872130
vt 0.12824930 0.27036960
vt 0.63538710 0.25690310
vt 0.09326670 0.21915840
vt 0.85690310 0.23734020
vt 0.03538710 0.25218780
vt 0.62589170 0.24545450
vt 0.56127880 0.25356890
vt 0.55454550 0.24683560
vt 0.65356890 0.25218780
vt 0.74447800 0.20235760
vt 0.51144850 0.25356890
vt 0.66225530 0.20909090
vt 0.65218780 0.25552200
vt 0.85218780 0.21720520
vt 0.80097660 0.25690310
vt 0.83872120 0.21720520
vt 0.82053940 0.27175070
vt 0.69326670 0.18279470
vt 0.10673330 0.14643110
vt 0.30673330 0.16461290
vt 0.01915840 0.70811440
vt 0.03400600 0.70811440
vt 0.52629610 0.25218780
vt 0.56265980 0.28855150
vt 0.90811430 0.23400600
vt 0.74781220 0.16461290
vt 0.09188570 0.16599400
vt 0.62824930 0.10811440
vt 0.08993250 0.08855150
vt 0.50097660 0.08993250
vt 0.11915840 0.08993250
vt 0.45552200 0.08855150
vt 0.85552200 0.07508490
vt 0.73538710 0.10235760
vt 0.00097660 0.06265980
vt 0.67175070 0.10097660
vt 0.73400600 0.08084160
vt 0.34781220 0.07175070
vt 0.68993250 0.09902350
vt 0.02053940 0.07370380
vt 0.80673330 0.08084160
vt 0.49326670 0.08993250
vt 0.86461290 0.09764240
vt 0.76127870 0.08993250
vt 0.13538710 0.08417580
vt 0.75552200 0.08417580
vt 0.91915840 0.10235760
vt 0.82629620 0.08993250
vt 0.99902340 0.10673330
vt 0.82629620 0.08417580
vt 0.06265980 0.08417580
vt 0.68279470 0.07946060
vt 0.15218780 0.08084160
vt 0.43734020 0.08279470
vt 0.43734020 0.08855150
vt 0.73538710 0.09188570
vt 0.62629620 0.07370380
vt 0.61915840 0.09902350
vt 0.90673330 0.10811440
vt 0.66265980 0.08993250
vt 0.42824930 0.08417580
vt 0.80811430 0.09188570
vt 0.74643110 0.07508490
vt 0.98279480 0.10673330
vt 0.74643110 0.08084160
vt 0.39326670 0.08084160
vt 0.75552200 0.07946060
vt 0.88855150 0.09188570
vt 0.76127870 0.07370380
vt 0.91006750 0.09326670
vt 0.87175070 0.08279470
vt 0.98417580 0.10811440
vt 0.86599400 0.08279470
vt 0.05356890 0.07508490
vt 0.71915840 0.07946060
vt 0.15356890 0.08417580
vt 0.42629610 0.08993250
vt 0.42629610 0.08417580
vt 0.93734020 0.10235760
vt 0.93734020 0.10811440
vt 0.64643110 0.08417580
vt 0.63400600 0.08993250
vt 0.64447800 0.09188570
vt 0.59902340 0.08279470
vt 0.41006750 0.08417580
vt 0.70811430 0.09902350
vt 0.65218780 0.03734020
vt 0.33872120 0.08084160
vt 0.12963040 0.23734020
vt 0.18279470 0.06461290
vt 0.38084160 0.19764240
vt 0.37410830 0.19090910
vt 0.43734020 0.09902350
vt 0.40235760 0.27175070
vt 0.78279480 0.69326670
vt 0.94781210 0.08993250
vt 0.38279470 0.16127880
vt 0.56127880 0.23538710
vt 0.31818180 0.24407350
vt 0.94447800 0.30673330
vt 0.92491510 0.72629620
vt 0.19090910 0.22589170
vt 0.75690310 0.04447800
vt 0.07175070 0.28855150
vt 0.08993250 0.08279470
vt 0.38417580 0.14643110
vt 0.25356890 0.74643110
vt 0.85218780 0.10811440
vt 0.61006750 0.07946060
vt 0.18084160 0.72491510
vt 0.54447790 0.16599400
vt 0.14309690 0.28993250
vt 0.96127870 0.19902340
vt 0.07036960 0.07370380
vt 0.99229020 0.30000000
vt 0.48181820 0.28043720
vt 0.85356890 0.30673330
vt 0.38084160 0.67370380
vt 0.29326670 0.67370380
vt 0.92491510 0.25552200
vt 0.18084160 0.23400600
vt 0.74447800 0.28855150
vt 0.83400600 0.07370380
vt 0.83400600 0.18279470
vt 0.62589170 0.22727270
vt 0.58084160 0.68855150
vt 0.76461290 0.08084160
vt 0.43734020 0.18417580
vt 0.57946060 0.29188570
vt 0.57272730 0.26501740
vt 0.44781220 0.09902350
vt 0.33734020 0.06599400
vt 0.65552200 0.08855150
vt 0.72491510 0.08993250
vt 0.63734020 0.08855150
vt 0.57175070 0.10235760
vt 0.03400600 0.76265980
vt 0.60811440 0.08417580
vt 0.03538710 0.68855150
vt 0.88855150 0.21915840
vt 0.16127870 0.18279470
vt 0.97946050 0.18084160
vt 0.62629620 0.04781220
vt 0.97946050 0.30811430
vt 0.75552200 0.05218790
vt 0.81006750 0.08993250
vt 0.47946050 0.08279470
vt 0.23400600 0.14643110
vt 0.47175070 0.08084160
vt 0.48993250 0.08279470
vt 0.76599400 0.23734020
vt 0.99902340 0.22053950
vt 0.40235760 0.05356890
vt 0.59764240 0.20097660
vt 0.50811430 0.09326670
vt 0.67175070 0.04781220
vt 0.90235760 0.08084160
vt 0.88993250 0.70673330
vt 0.60673330 0.08279470
vt 0.32824930 0.27036960
vt 0.66363630 0.24407350
vt 0.49188570 0.21582420
vt 0.31006750 0.17946060
vt 0.57370380 0.08417580
vt 0.77370380 0.09188570
vt 0.85552200 0.08855150
vt 0.61006750 0.07370380
vt 0.87370380 0.08084160
vt 0.54309690 0.28993250
vt 0.56265980 0.22053950
vt 0.21720530 0.74643110
vt 0.63538710 0.21582420
vt 0.10673330 0.28993250
vt 0.60770990 0.28181820
vt 0.74643110 0.18417580
vt 0.59902340 0.18417580
vt 0.80235760 0.71006750
vt 0.52824930 0.65690310
vt 0.63734020 0.07508490
vt 0.05552200 0.70811440
vt 0.21720530 0.28855150
vt 0.61720530 0.07508490
vt 0.42824930 0.10811440
vt 0.45552200 0.08084160
vt 0.11006750 0.25690310
vt 0.06363640 0.28319930
vt 0.74643110 0.16599400
vt 0.10811430 0.20235760
vt 0.97175070 0.10811440
vt 0.94447800 0.32491510
vt 0.77370380 0.07370380
vt 0.82589170 0.30000000
vt 0.30811430 0.27508490
vt 0.72963040 0.27175070
vt 0.90811430 0.72491510
vt 0.43538710 0.19764240
vt 0.02053940 0.71006750
vt 0.01720530 0.67370380
vt 0.32963030 0.67370380
vt 0.46265980 0.09764240
vt 0.83872120 0.07370380
vt 0.07370380 0.06461290
vt 0.48084160 0.07370380
vt 0.29764240 0.06461290
vt 0.94309690 0.07370380
vt 0.78279480 0.08084160
vt 0.71144850 0.21720520
vt 0.31680070 0.20909090
vt 0.77036960 0.10097660
vt 0.00235760 0.18084160
vt 0.19902340 0.67370380
vt 0.15592650 0.17272730
vt 0.07508490 0.18084160
vt 0.44643110 0.09188570
vt 0.54643110 0.10097660
vt 0.40097660 0.08855150
vt 0.14643110 0.18417580
vt 0.58279470 0.08279470
vt 0.21915840 0.67508490
vt 0.08993250 0.72491510
vt 0.98084160 0.18417580
vt 0.38279470 0.05690310
vt 0.38279470 0.07036970
vt 0.76265980 0.08855150
vt 0.32824930 0.76265980
vt 0.32629620 0.68855150
vt 0.63538710 0.74309690
vt 0.39902340 0.68855150
vt 0.71144850 0.72824930
vt 0.59902340 0.74643110
vt 0.61720530 0.76127870
vt 0.60097660 0.76265980
vt 0.47370380 0.67508490
vt 0.34643110 0.67508490
vt 0.65356890 0.74643110
vt 0.65552200 0.76265980
vt 0.36265980 0.67370380
vt 0.60235760 0.72824930
vt 0.16599400 0.67370380
vt 0.41720530 0.74643110
vt 0.59902340 0.72824930
vt 0.59902340 0.74309690
vt 0.41915840 0.76265980
vt 0.09326670 0.71006750
vt 0.43538710 0.74643110
vt 0.72824930 0.74447800
vt 0.10811430 0.74309690
vt 0.07036960 0.25552200
vt 0.93636360 0.24683560
vt 0.21720530 0.19764240
vt 0.36127870 0.08993250
vt 0.11006750 0.69326670
vt 0.52824930 0.76265980
vt 0.23734020 0.67508490
vt 0.99229020 0.20909090
vt 0.51006750 0.27036960
vt 0.74643110 0.72963040
vt 0.78279480 0.72963040
vt 0.99188570 0.10811440
vt 0.59902340 0.10097660
vt 0.18417580 0.16461290
vt 0.23538710 0.68855150
vt 0.45552200 0.67508490
vt 0.05552200 0.17946060
vt 0.57946060 0.72629620
vt 0.83538710 0.72824930
vt 0.03400600 0.19902340
vt 0.57272730 0.28043720
vt 0.65552200 0.28855150
vt 0.82053940 0.18279470
vt 0.72963040 0.69188570
vt 0.37272730 0.19229010
vt 0.06265980 0.06599400
vt 0.03872130 0.72824930
vt 0.64309690 0.09902350
vt 0.31144850 0.05552200
vt 0.65356890 0.04781220
vt 0.65356890 0.09902350
vt 0.65356890 0.05218790
vt 0.53400600 0.03734020
vt 0.32053940 0.08084160
vt 0.45552200 0.72963040
vt 0.58279470 0.74447800
vt 0.51006750 0.10097660
vt 0.42824930 0.09764240
vt 0.87370380 0.18417580
vt 0.32963030 0.23538710
vt 0.38417580 0.72824930
vt 0.25218780 0.70811440
vt 0.27370380 0.76265980
vt 0.14309690 0.16265980
vt 0.46599400 0.10097660
vt 0.04309690 0.06265980
vt 0.11818180 0.24683560
vt 0.29326670 0.18084160
vt 0.66461290 0.10811440
vt 0.50811430 0.10097660
vt 0.92963030 0.74643110
vt 0.77175070 0.08993250
vt 0.47370380 0.09902350
vt 0.50811430 0.72824930
vt 0.52963030 0.04643110
vt 0.54447790 0.10673330
vt 0.87508490 0.18279470
vt 0.05356890 0.28855150
vt 0.49188570 0.09902350
vt 0.52053950 0.09902350
vt 0.52963030 0.03734020
vt 0.46501740 0.22727270
vt 0.52824930 0.03872130
vt 0.41915840 0.09902350
vt 0.47175070 0.09902350
vt 0.42629610 0.09188570
vt 0.38279470 0.74447800
vt 0.71006750 0.08084160
vt 0.69326670 0.07370380
vt 0.30673330 0.27370390
vt 0.84545450 0.26501740
vt 0.80097660 0.08855150
vt 0.51720520 0.07370380
vt 0.47370380 0.20235760
vt 0.00909090 0.26225530
vt 0.19229020 0.19090910
vt 0.94643110 0.09326670
vt 0.15690310 0.08084160
vt 0.88993250 0.21582420
vt 0.33636360 0.28319930
vt 0.06225530 0.26363640
vt 0.60909090 0.22589170
vt 0.87175070 0.25690310
vt 0.37946060 0.29188570
vt 0.78084160 0.08279470
vt 0.77946050 0.74447800
vt 0.12491510 0.21915840
vt 0.24309690 0.06265980
vt 0.52629610 0.28855150
vt 0.68993250 0.74309690
vt 0.77370380 0.08993250
vt 0.97370380 0.07946060
vt 0.48993250 0.07508490
vt 0.97370380 0.08417580
vt 0.28993250 0.68855150
vt 0.49326670 0.67370380
vt 0.12491510 0.25552200
vt 0.11006750 0.71144860
vt 0.30673330 0.23538710
vt 0.94781210 0.69188570
vt 0.67175070 0.72491510
vt 0.48993250 0.71006750
vt 0.81582420 0.74447800
vt 0.58279470 0.76265980
vt 0.62053940 0.74643110
vt 0.79902340 0.17946060
vt 0.77946050 0.19902340
vt 0.78279480 0.08855150
vt 0.54309690 0.04643110
vt 0.50097660 0.05218790
vt 0.07036960 0.14643110
vt 0.94447800 0.23400600
vt 0.38993250 0.08993250
vt 0.71720520 0.03872130
vt 0.18417580 0.14643110
vt 0.76461290 0.25218780
vt 0.54781220 0.20097660
vt 0.88855150 0.25356890
vt 0.34309690 0.16461290
vt 0.12629620 0.70673330
vt 0.58279470 0.10097660
vt 0.52824930 0.18417580
vt 0.54447790 0.04309700
vt 0.77946050 0.70811440
vt 0.68855150 0.05356890
vt 0.38084160 0.27508490
vt 0.34781220 0.21915840
vt 0.53636360 0.28319930
vt 0.72491510 0.18279470
vt 0.61720530 0.16599400
vt 0.97946050 0.18279470
vt 0.00097660 0.69326670
vt 0.52491510 0.18084160
vt 0.81720530 0.28855150
vt 0.81720530 0.27508490
vt 0.33498250 0.26363640
vt 0.18084160 0.27508490
vt 0.18084160 0.70673330
vt 0.42589160 0.20909090
vt 0.23400600 0.70811440
vt 0.48855150 0.16461290
vt 0.12963040 0.20097660
vt 0.51006750 0.23872130
vt 0.90811430 0.08279470
vt 0.06127870 0.06265980
vt 0.18993250 0.08417580
vt 0.30673330 0.08993250
vt 0.57272730 0.19229010
vt 0.18279470 0.17946060
vt 0.62824930 0.07946060
vt 0.53538700 0.08417580
vt 0.53538700 0.08993250
vt 0.80097660 0.71144860
vt 0.36599400 0.67370380
vt 0.69326670 0.09188570
vt 0.15552200 0.07946060
vt 0.79902340 0.68855150
vt 0.70811430 0.08279470
vt 0.99764240 0.72629620
vt 0.98279480 0.71144860
vt 0.30811430 0.72824930
vt 0.45356890 0.23872130
vt 0.54447790 0.27036960
vt 0.87175070 0.18417580
vt 0.02865380 0.17272730
vt 0.56265980 0.21582420
vt 0.31956290 0.20909090
vt 0.24447800 0.06127880
vt 0.21582420 0.21720520
vt 0.87370380 0.08855150
vt 0.16599400 0.20097660
vt 0.38417580 0.23538710
vt 0.21720530 0.20235760
vt 0.32629620 0.17946060
vt 0.56599400 0.25356890
vt 0.30811430 0.21582420
vt 0.83538710 0.18417580
vt 0.01720530 0.05690310
vt 0.05218780 0.07175070
vt 0.90235760 0.10097660
vt 0.76265980 0.27036960
vt 0.78084160 0.19764240
vt 0.92824930 0.30673330
vt 0.93498260 0.30000000
vt 0.07175070 0.25218780
vt 0.43538710 0.17946060
vt 0.42053940 0.16461290
vt 0.34309690 0.05552200
vt 0.33734020 0.06127880
vt 0.09188570 0.07036970
vt 0.74447800 0.23872130
vt 0.80909090 0.17410830
vt 0.03734020 0.05690310
vt 0.74309690 0.18084160
vt 0.52491510 0.70811440
vt 0.56599400 0.18084160
vt 0.48993250 0.74309690
vt 0.96265980 0.08084160
vt 0.48084160 0.09764240
vt 0.48084160 0.09188570
vt 0.00235760 0.07370380
vt 0.77272730 0.22589170
vt 0.19090910 0.24683560
vt 0.54643110 0.65690310
vt 0.18279470 0.20235760
vt 0.54643110 0.22053950
vt 0.52824930 0.04309700
vt 0.64643110 0.04309700
vt 0.46680070 0.05000000
vt 0.34447800 0.07036970
vt 0.47175070 0.23400600
vt 0.96265980 0.23872130
vt 0.47370380 0.05218790
vt 0.27175070 0.68855150
vt 0.70097660 0.05218790
vt 0.52963030 0.08993250
vt 0.48993250 0.68855150
vt 0.03734020 0.16127880
vt 0.14643110 0.16599400
vt 0.40316440 0.05000000
vt 0.34309690 0.18084160
vt 0.41582420 0.19902340
vt 0.27370380 0.18417580
vt 0.69188570 0.19764240
vt 0.85690310 0.27175070
vt 0.31144850 0.18084160
vt 0.69902340 0.04309700
vt 0.32629620 0.16599400
vt 0.65218780 0.18279470
vt 0.65218780 0.27175070
vt 0.54447790 0.23400600
vt 0.19188570 0.06127880
vt 0.42053940 0.21915840
vt 0.66461290 0.04781220
vt 0.71144850 0.67370380
vt 0.08993250 0.25218780
vt 0.08993250 0.23872130
vt 0.12963040 0.19902340
vt 0.96265980 0.07508490
vt 0.25552200 0.68993250
vt 0.10811430 0.72824930
vt 0.86265980 0.08417580
vt 0.39188560 0.07175070
vt 0.82865380 0.19090910
vt 0.10811430 0.69188570
vt 0.49188570 0.16127880
vt 0.45690310 0.71006750
vt 0.35592650 0.19090910
vt 0.50811430 0.23872130
vt 0.34309690 0.14643110
vt 0.18417580 0.69188570
vt 0.68181820 0.24683560
vt 0.68855150 0.25356890
vt 0.41720530 0.27036960
vt 0.62053940 0.20097660
vt 0.25356890 0.06461290
vt 0.07508490 0.67370380
vt 0.03400600 0.05552200
vt 0.89188560 0.68993250
vt 0.01915840 0.67175070
vt 0.31006750 0.72629620
vt 0.98084160 0.67370380
vt 0.27370380 0.72629620
vt 0.05356890 0.65552200
vt 0.00097660 0.67175070
vt 0.23538710 0.71006750
vt 0.98417580 0.69188570
vt 0.10811430 0.65552200
vt 0.03734020 0.67175070
vt 0.99902340 0.67370380
vt 0.99902340 0.19764240
vt 0.11006750 0.67175070
vt 0.99764240 0.18279470
vt 0.09188570 0.67175070
vt 0.96599390 0.69188570
vt 0.01720530 0.65552200
vt 0.23538710 0.74643110
vt 0.07036960 0.16461290
vt 0.25552200 0.72629620
vt 0.05356890 0.17946060
vt 0.01582420 0.14643110
vt 0.51956290 0.28181820
vt 0.54309690 0.19902340
vt 0.45552200 0.76265980
vt 0.31006750 0.28855150
vt 0.23538710 0.72824930
vt 0.50000000 0.26225530
vt 0.52824930 0.19764240
vt 0.51006750 0.23400600
vt 0.70811430 0.18417580
vt 0.91006750 0.22053950
vt 0.91144850 0.18279470
vt 0.81582420 0.25356890
vt 0.72824930 0.19764240
vt 0.36127870 0.76265980
vt 0.67370380 0.16599400
vt 0.36461290 0.76265980
vt 0.34781220 0.16461290
vt 0.81915840 0.18417580
vt 0.04447800 0.06127880
vt 0.21915840 0.18417580
vt 0.78993250 0.07946060
vt 0.28855150 0.27175070
vt 0.58084160 0.16599400
vt 0.34447800 0.25690310
vt 0.34447800 0.27036960
vt 0.83872120 0.72824930
vt 0.85356890 0.74309690
vt 0.00097660 0.07036970
vt 0.51915840 0.07370380
vt 0.38855140 0.08279470
vt 0.59902340 0.70673330
vt 0.16265980 0.06461290
vt 0.14447800 0.08279470
vt 0.13400600 0.06265980
vt 0.88319930 0.17272730
vt 0.40235760 0.14643110
vt 0.49188570 0.25218780
vt 0.45356890 0.08855150
vt 0.98279480 0.08855150
vt 0.52491510 0.21720520
vt 0.70811430 0.16599400
vt 0.97175070 0.08417580
vt 0.95690310 0.08279470
vt 0.97036960 0.08279470
vt 0.03538710 0.08855150
vt 0.05690310 0.05552200
vt 0.63734020 0.72963040
vt 0.88993250 0.19764240
vt 0.76461290 0.16599400
vt 0.33636360 0.22865380
vt 0.05690310 0.18084160
vt 0.97410830 0.22727270
vt 0.78279480 0.17946060
vt 0.51006750 0.72963040
vt 0.54447790 0.70673330
vt 0.46956290 0.04090910
vt 0.61006750 0.03872130
vt 0.40592650 0.05000000
vt 0.64090910 0.03952810
vt 0.69764240 0.05356890
vt 0.48417580 0.04643110
vt 0.75356890 0.03872130
vt 0.59764240 0.16461290
vt 0.69683560 0.05000000
vt 0.56461290 0.03872130
vt 0.45356890 0.71006750
vt 0.96265980 0.16599400
vt 0.17508490 0.06461290
vt 0.32629620 0.05690310
vt 0.92629620 0.16599400
vt 0.30235760 0.08279470
vt 0.23872130 0.07370380
vt 0.44643110 0.05218790
vt 0.42134620 0.04090910
vt 0.41915840 0.03872130
vt 0.67175070 0.74309690
vt 0.03400600 0.68993250
vt 0.18084160 0.07036970
vt 0.61144860 0.08279470
vt 0.61720530 0.08279470
vt 0.72491510 0.16461290
vt 0.96461290 0.17946060
vt 0.65218780 0.18084160
vt 0.70097660 0.04781220
vt 0.97508490 0.08084160
vt 0.42053940 0.31006750
vt 0.43538710 0.32491510
vt 0.98417580 0.72824930
vt 0.14309690 0.20097660
vt 0.51144850 0.67370380
vt 0.56599400 0.65552200
vt 0.47175070 0.72491510
vt 0.43872130 0.71006750
vt 0.57946060 0.68993250
vt 0.78084160 0.70673330
vt 0.36599400 0.74643110
vt 0.45356890 0.74643110
vt 0.21915840 0.65690310
vt 0.43734020 0.74781220
vt 0.45690310 0.74643110
vt 0.48993250 0.74643110
vt 0.78084160 0.76461290
vt 0.92824930 0.80235760
vt 0.28855150 0.19902340
vt 0.31582420 0.06461290
vt 0.24447800 0.08417580
vt 0.16127870 0.07175070
vt 0.31144850 0.25552200
vt 0.52629610 0.05218790
vt 0.72824930 0.04309700
vt 0.45690310 0.03734020
vt 0.46127870 0.03734020
vt 0.20235760 0.67370380
vt 0.69902340 0.10811440
vt 0.34309690 0.25552200
vt 0.71006750 0.23872130
vt 0.89902340 0.08417580
vt 0.07370380 0.06265980
vt 0.14781220 0.16265980
vt 0.44781220 0.03734020
vt 0.52053950 0.04447800
vt 0.54090910 0.04229020
vt 0.44447800 0.03872130
vt 0.57508490 0.05356890
vt 0.50673330 0.05356890
vt 0.29326670 0.21915840
vt 0.10811430 0.16127880
vt 0.88993250 0.18417580
vt 0.09188570 0.71144860
vt 0.08855150 0.18084160
vt 0.44781220 0.08084160
vt 0.65218780 0.04447800
vt 0.68279470 0.04781220
vt 0.58417580 0.04643110
vt 0.50811430 0.05218790
vt 0.54781220 0.03734020
vt 0.58993250 0.04781220
vt 0.69326670 0.03734020
vt 0.60235760 0.05356890
vt 0.67370380 0.05218790
vt 0.59902340 0.04781220
vt 0.65356890 0.03872130
vt 0.63043710 0.05000000
vt 0.73400600 0.04643110
vt 0.57727270 0.04861900
vt 0.65552200 0.04781220
vt 0.58279470 0.04781220
vt 0.62963040 0.04447800
vt 0.63400600 0.04643110
vt 0.59902340 0.03872130
vt 0.66265980 0.04309700
vt 0.61144860 0.03734020
vt 0.60097660 0.03872130
vt 0.59764240 0.04447800
vt 0.31144850 0.04447800
vt 0.32963030 0.03734020
vt 0.59326670 0.04643110
vt 0.42272730 0.05138110
vt 0.68636360 0.04229020
vt 0.49188570 0.03872130
vt 0.61144860 0.04447800
vt 0.62272730 0.03952810
vt 0.55552200 0.04309700
vt 0.22963040 0.09902350
vt 0.50097660 0.04309700
vt 0.55770990 0.04090910
vt 0.57508490 0.04447800
vt 0.58993250 0.03872130
vt 0.72491510 0.03734020
vt 0.62410840 0.04090910
vt 0.74781220 0.04447800
vt 0.03734020 0.71144860
vt 0.97946050 0.16461290
vt 0.98279480 0.17946060
vt 0.37370380 0.06599400
vt 0.67508490 0.18084160
vt 0.71915840 0.05218790
vt 0.10673330 0.70811440
vt 0.59326670 0.03734020
vt 0.64090910 0.05138110
vt 0.61501750 0.05000000
vt 0.58855150 0.05356890
vt 0.71144850 0.05356890
vt 0.56599400 0.03734020
vt 0.78279480 0.71144860
vt 0.39326670 0.08279470
vt 0.72963040 0.04447800
vt 0.23400600 0.28993250
vt 0.86363640 0.30138110
vt 0.09902340 0.08417580
vt 0.51915840 0.05218790
vt 0.85552200 0.10673330
vt 0.76127870 0.04643110
vt 0.03734020 0.06461290
vt 0.61720530 0.65552200
vt 0.36461290 0.67508490
vt 0.25552200 0.05690310
vt 0.43734020 0.67508490
vt 0.43872130 0.67370380
vt 0.43400600 0.72629620
vt 0.53734020 0.05218790
vt 0.87036970 0.70811440
vt 0.72629610 0.74309690
vt 0.64643110 0.04781220
vt 0.49902340 0.04781220
vt 0.03872130 0.30811430
vt 0.23538710 0.09326670
vt 0.22491510 0.06461290
vt 0.51006750 0.70811440
vt 0.28279470 0.10235760
vt 0.50673330 0.20097660
vt 0.97946050 0.70811440
vt 0.85356890 0.76127870
vt 0.61915840 0.71144860
vt 0.67946060 0.04447800
vt 0.54309690 0.09188570
vt 0.61915840 0.05218790
vt 0.04545450 0.28319930
vt 0.71144850 0.25356890
vt 0.03872130 0.28993250
vt 0.58084160 0.31144850
vt 0.54309690 0.25552200
vt 0.57508490 0.08084160
vt 0.40770980 0.26363640
vt 0.90673330 0.23734020
vt 0.51006750 0.04309700
vt 0.79764240 0.23538710
vt 0.31720530 0.09764240
vt 0.05552200 0.71144860
vt 0.05552200 0.72629620
vt 0.92491510 0.16461290
vt 0.52963030 0.21720520
vt 0.72824930 0.67508490
vt 0.83872120 0.19902340
vt 0.28855150 0.09188570
vt 0.84309690 0.08279470
vt 0.02491510 0.08279470
vt 0.04781220 0.08279470
vt 0.10673330 0.20097660
vt 0.63872120 0.04643110
vt 0.38279470 0.03872130
vt 0.56127880 0.31006750
vt 0.69326670 0.04643110
vt 0.81915840 0.19764240
vt 0.26127870 0.08279470
vt 0.20097660 0.31144850
vt 0.68084160 0.10811440
vt 0.81720530 0.18417580
vt 0.52491510 0.04447800
vt 0.44683560 0.24545450
vt 0.93538710 0.08417580
vt 0.29764240 0.08084160
vt 0.11915840 0.06599400
vt 0.63734020 0.09326670
vt 0.22053950 0.72824930
vt 0.47370380 0.03872130
vt 0.49902340 0.07946060
vt 0.92491510 0.08993250
vt 0.49188570 0.23872130
vt 0.69326670 0.23538710
vt 0.24309690 0.06461290
vt 0.57175070 0.04309700
vt 0.07508490 0.07175070
vt 0.53538700 0.09764240
vt 0.80235760 0.07370380
vt 0.40235760 0.28993250
vt 0.94781210 0.28993250
vt 0.95218780 0.10097660
vt 0.14309690 0.32629620
vt 0.72629610 0.04309700
vt 0.51915840 0.10235760
vt 0.81582420 0.28993250
vt 0.14309690 0.23734020
vt 0.16461290 0.30673330
vt 0.78279480 0.16599400
vt 0.73872130 0.09902350
vt 0.37370380 0.08417580
vt 0.48417580 0.09902350
vt 0.64643110 0.09764240
vt 0.67175070 0.08855150
vt 0.06461290 0.08417580
vt 0.32824930 0.05690310
vt 0.47175070 0.25690310
vt 0.43872130 0.28993250
vt 0.48993250 0.28855150
vt 0.48319920 0.28181820
vt 0.56265980 0.07508490
vt 0.62629620 0.05218790
vt 0.52491510 0.05356890
vt 0.41006750 0.07946060
vt 0.46127870 0.10097660
vt 0.70235760 0.05356890
vt 0.52963030 0.04447800
vt 0.61006750 0.04309700
vt 0.05218780 0.25552200
vt 0.04545450 0.26225530
vt 0.38993250 0.04781220
vt 0.16461290 0.70811440
vt 0.56461290 0.74447800
vt 0.56461290 0.72963040
vt 0.80097660 0.74447800
vt 0.67175070 0.16599400
vt 0.67175070 0.17946060
vt 0.32824930 0.72963040
vt 0.74447800 0.29326670
vt 0.60097660 0.30673330
vt 0.13400600 0.06461290
vt 0.60097660 0.29326670
vt 0.11006750 0.72963040
vt 0.82865380 0.31818180
vt 0.62727270 0.30138110
vt 0.25218780 0.23538710
vt 0.67508490 0.23734020
vt 0.82053940 0.25356890
vt 0.57946060 0.25552200
vt 0.68855150 0.23734020
vt 0.92629620 0.09902350
vt 0.16461290 0.74447800
vt 0.82727270 0.31956290
vt 0.48319920 0.30000000
vt 0.99764240 0.29188570
vt 0.57272730 0.28319930
vt 0.99090910 0.29861900
vt 0.36599400 0.25552200
vt 0.37272730 0.26225530
vt 0.51006750 0.67175070
vt 0.51006750 0.08084160
vt 0.54309690 0.70811440
vt 0.14781220 0.21720520
vt 0.79764240 0.30811430
vt 0.79090910 0.30138110
vt 0.36265980 0.22053950
vt 0.92824930 0.22053950
vt 0.89326670 0.29188570
vt 0.80097660 0.32491510
vt 0.03538710 0.16127880
vt 0.12629620 0.07508490
vt 0.68993250 0.07508490
vt 0.23538710 0.25690310
vt 0.43400600 0.07370380
vt 0.68084160 0.09188570
vt 0.76265980 0.29326670
vt 0.52824930 0.27508490
vt 0.06363640 0.29861900
vt 0.60235760 0.27175070
vt 0.78417580 0.28993250
vt 0.83538710 0.29326670
vt 0.47370380 0.28855150
vt 0.00909090 0.28319930
vt 0.92963030 0.29188570
vt 0.63400600 0.23734020
vt 0.53872130 0.04643110
vt 0.04545450 0.26501740
vt 0.50673330 0.25552200
vt 0.39902340 0.28855150
vt 0.39229010 0.28181820
vt 0.05690310 0.19902340
vt 0.44545450 0.26501740
vt 0.06363640 0.19229010
vt 0.55454550 0.26501740
vt 0.72629610 0.19764240
vt 0.91680080 0.26363640
vt 0.86225530 0.19090910
vt 0.16599400 0.23734020
vt 0.47036970 0.19902340
vt 0.48043710 0.17272730
vt 0.15454550 0.24407350
vt 0.87370380 0.09902350
vt 0.20235760 0.28993250
vt 0.91006750 0.10673330
vt 0.23872130 0.28993250
vt 0.56599400 0.29188570
vt 0.65690300 0.25356890
vt 0.01144850 0.06265980
vt 0.95552200 0.08417580
vt 0.27508490 0.05552200
vt 0.38084160 0.17946060
vt 0.22053950 0.28993250
vt 0.61582420 0.30811430
vt 0.70673330 0.30811430
vt 0.07175070 0.16127880
vt 0.17410830 0.28181820
vt 0.68084160 0.08417580
vt 0.96265980 0.18417580
vt 0.56461290 0.22053950
vt 0.66461290 0.04309700
vt 0.18084160 0.68855150
vt 0.14309690 0.76265980
vt 0.12824930 0.76265980
vt 0.75356890 0.07946060
vt 0.12963040 0.07175070
vt 0.32491510 0.29188570
vt 0.35552200 0.08417580
vt 0.56461290 0.23400600
vt 0.61582420 0.10811440
vt 0.16599400 0.32629620
vt 0.19764240 0.18084160
vt 0.88181820 0.28043720
vt 0.14447800 0.27508490
vt 0.00909090 0.26501740
vt 0.98417580 0.28993250
vt 0.06225530 0.28181820
vt 0.18279470 0.28855150
vt 0.02053940 0.05552200
vt 0.76461290 0.10097660
vt 0.14309690 0.27370390
vt 0.01582420 0.25356890
vt 0.92963030 0.19902340
vt 0.31144850 0.23734020
vt 0.34447800 0.30673330
vt 0.59764240 0.21915840
vt 0.12629620 0.72491510
vt 0.30811430 0.31144850
vt 0.66265980 0.09764240
vt 0.11144850 0.27175070
vt 0.51144850 0.04447800
vt 0.08993250 0.74309690
vt 0.68855150 0.30811430
vt 0.96127870 0.16461290
vt 0.71818180 0.28319930
vt 0.99326680 0.08279470
vt 0.76599400 0.76461290
vt 0.10000000 0.28043720
vt 0.38993250 0.08417580
vt 0.60811440 0.04781220
vt 0.72824930 0.34309700
vt 0.46818180 0.04229020
vt 0.27036960 0.08993250
vt 0.26461290 0.08993250
vt 0.71720520 0.07946060
vt 0.57865380 0.04090910
vt 0.59229020 0.30000000
vt 0.98993250 0.08417580
vt 0.34781220 0.72824930
vt 0.25690310 0.72824930
vt 0.43872130 0.23538710
vt 0.63538710 0.18417580
vt 0.09861890 0.28181820
vt 0.14781220 0.18279470
vt 0.34781220 0.27370390
vt 0.36599400 0.23734020
vt 0.18417580 0.30811430
vt 0.43734020 0.31144850
vt 0.76265980 0.27508490
vt 0.12824930 0.72963040
vt 0.39902340 0.74309690
vt 0.84643110 0.10235760
vt 0.63538710 0.29326670
vt 0.38417580 0.27370390
vt 0.39764240 0.27370390
vt 0.21582420 0.21915840
vt 0.54309690 0.27370390
vt 0.54309690 0.72629620
vt 0.74781220 0.31006750
vt 0.21720530 0.06461290
vt 0.90811430 0.17946060
vt 0.86265980 0.10811440
vt 0.01915840 0.05690310
vt 0.69326670 0.10811440
vt 0.09188570 0.07508490
vt 0.51720520 0.10235760
vt 0.68993250 0.28855150
vt 0.54643110 0.16599400
vt 0.92629620 0.27508490
vt 0.72824930 0.21582420
vt 0.98279480 0.18417580
vt 0.81582420 0.21720520
vt 0.80097660 0.28855150
vt 0.79764240 0.70811440
vt 0.75592650 0.19090910
vt 0.81915840 0.28855150
vt 0.08319920 0.26363640
vt 0.13498260 0.26363640
vt 0.20909090 0.26501740
vt 0.23400600 0.25552200
vt 0.83872120 0.28993250
vt 0.19090910 0.26225530
vt 0.02629620 0.06127880
vt 0.43400600 0.23734020
vt 0.12491510 0.16461290
vt 0.70811430 0.19764240
vt 0.22053950 0.67370380
vt 0.61720530 0.04309700
vt 0.96127870 0.74447800
vt 0.94643110 0.72963040
vt 0.88279470 0.09764240
vt 0.89861890 0.19090910
vt 0.47036970 0.04447800
vt 0.47508490 0.10811440
vt 0.03400600 0.23734020
vt 0.94447800 0.18417580
vt 0.49326670 0.20097660
vt 0.56127880 0.25552200
vt 0.52491510 0.30811430
vt 0.70811430 0.17946060
vt 0.72629610 0.16599400
vt 0.12491510 0.23734020
vt 0.63734020 0.25690310
vt 0.64407350 0.26363640
vt 0.58279470 0.23400600
vt 0.49188570 0.28855150
vt 0.21582420 0.18084160
vt 0.01144850 0.06461290
vt 0.39090910 0.22865380
vt 0.85218780 0.18084160
vt 0.97370380 0.09764240
vt 0.37134620 0.28181820
vt 0.84545450 0.26225530
vt 0.12629620 0.22053950
vt 0.25690310 0.25552200
vt 0.52491510 0.23734020
vt 0.92824930 0.23400600
vt 0.12629620 0.23872130
vt 0.64407350 0.24545450
vt 0.47508490 0.21915840
vt 0.34781220 0.18279470
vt 0.46363640 0.22865380
vt 0.30235760 0.06265980
vt 0.14643110 0.07036970
vt 0.98084160 0.32491510
vt 0.23872130 0.25356890
vt 0.41582420 0.28993250
vt 0.19764240 0.20097660
vt 0.42824930 0.07946060
vt 0.76461290 0.23872130
vt 0.34781220 0.03734020
vt 0.32053940 0.06461290
vt 0.21047200 0.22727270
vt 0.16461290 0.25218780
vt 0.70673330 0.20097660
vt 0.94643110 0.23400600
vt 0.77946050 0.21915840
vt 0.32491510 0.19902340
vt 0.51818180 0.26501740
vt 0.51144850 0.21720520
vt 0.40909090 0.24683560
vt 0.31006750 0.68993250
vt 0.12629620 0.16599400
vt 0.29326670 0.23538710
vt 0.52491510 0.07370380
vt 0.11720530 0.06599400
vt 0.80770990 0.22727270
vt 0.12629620 0.14781220
vt 0.61915840 0.20235760
vt 0.18952800 0.20909090
vt 0.23734020 0.08279470
vt 0.46265980 0.08993250
vt 0.94447800 0.27036960
vt 0.29326670 0.16461290
vt 0.79188570 0.08417580
vt 0.67946060 0.08279470
vt 0.36265980 0.17946060
vt 0.55316440 0.28181820
vt 0.83538710 0.08855150
vt 0.09188570 0.22053950
vt 0.69188570 0.08855150
vt 0.97175070 0.09764240
vt 0.17175070 0.07370380
vt 0.65356890 0.20235760
vt 0.87036970 0.20097660
vt 0.68855150 0.08993250
vt 0.78417580 0.21720520
vt 0.70000000 0.21047190
vt 0.76265980 0.23400600
vt 0.63400600 0.03734020
vt 0.20097660 0.07508490
vt 0.51144850 0.23734020
vt 0.93774470 0.22727270
vt 0.43538710 0.22053950
vt 0.20235760 0.07175070
vt 0.98952810 0.22727270
vt 0.72963040 0.20097660
vt 0.64781220 0.08084160
vt 0.11818180 0.18952800
vt 0.77946050 0.16461290
vt 0.45690310 0.16461290
vt 0.97508490 0.08279470
vt 0.25356890 0.19764240
vt 0.18279470 0.16599400
vt 0.54309690 0.68993250
vt 0.02727270 0.18952800
vt 0.60909090 0.17134620
vt 0.65356890 0.18417580
vt 0.13636360 0.18952800
vt 0.41720530 0.67370380
vt 0.92629620 0.74309690
vt 0.71144850 0.16461290
vt 0.26461290 0.07370380
vt 0.08417580 0.06265980
vt 0.42727270 0.19229010
vt 0.88417580 0.08279470
vt 0.20097660 0.68993250
vt 0.24545450 0.22865380
vt 0.70235760 0.08279470
vt 0.29326670 0.14643110
vt 0.09326670 0.14643110
vt 0.36461290 0.16599400
vt 0.83400600 0.18084160
vt 0.20097660 0.19764240
vt 0.27036960 0.16265980
vt 0.43400600 0.19902340
vt 0.98084160 0.08279470
vt 0.12824930 0.16127880
vt 0.85690310 0.67370380
vt 0.29326670 0.69188570
vt 0.03734020 0.65690310
vt 0.87508490 0.67370380
vt 0.91006750 0.67508490
vt 0.94447800 0.68855150
vt 0.90811430 0.68855150
vt 0.98417580 0.67370380
vt 0.36127870 0.70811440
vt 0.85552200 0.67508490
vt 0.32491510 0.70811440
vt 0.00097660 0.65690310
vt 0.00235760 0.65552200
vt 0.96265980 0.68855150
vt 0.97946050 0.68993250
vt 0.08993250 0.67036970
vt 0.05552200 0.65690310
vt 0.12491510 0.67175070
vt 0.41720530 0.70673330
vt 0.92824930 0.67508490
vt 0.88855150 0.68993250
vt 0.47036970 0.70811440
vt 0.41144850 0.06461290
vt 0.97175070 0.07946060
vt 0.27370380 0.17946060
vt 0.48993250 0.19764240
vt 0.74643110 0.67508490
vt 0.48855150 0.18279470
vt 0.19902340 0.07036970
vt 0.27175070 0.17946060
vt 0.23734020 0.16599400
vt 0.61915840 0.68993250
vt 0.60097660 0.68993250
vt 0.65552200 0.68993250
vt 0.63538710 0.67370380
vt 0.23872130 0.16461290
vt 0.43734020 0.68993250
vt 0.63734020 0.68993250
vt 0.61720530 0.67370380
vt 0.22053950 0.16461290
vt 0.59902340 0.67370380
vt 0.67370380 0.68993250
vt 0.70811430 0.67370380
vt 0.27036960 0.18084160
vt 0.25218780 0.18084160
vt 0.67175070 0.67370380
vt 0.65356890 0.67370380
vt 0.68993250 0.67370380
vt 0.69188570 0.68993250
vt 0.71006750 0.68993250
vt 0.45356890 0.67370380
vt 0.23538710 0.17946060
vt 0.25552200 0.16599400
vt 0.25356890 0.17946060
vt 0.87946060 0.08084160
vt 0.53636360 0.22589170
vt 0.46501740 0.19090910
vt 0.28993250 0.18417580
vt 0.81144860 0.08084160
vt 0.14447800 0.07036970
vt 0.01720530 0.16599400
vt 0.36599400 0.18279470
vt 0.07175070 0.14781220
vt 0.11915840 0.10235760
vt 0.92629620 0.07508490
vt 0.05356890 0.32491510
vt 0.08993250 0.16127880
vt 0.70673330 0.05356890
vt 0.99764240 0.70811440
vt 0.76599400 0.16461290
vt 0.77175070 0.07946060
vt 0.41047200 0.19090910
vt 0.76265980 0.08084160
vt 0.55454550 0.18952800
vt 0.32963030 0.04643110
vt 0.56265980 0.18417580
vt 0.68855150 0.18084160
vt 0.16599400 0.18084160
vt 0.16461290 0.20235760
vt 0.76599400 0.04447800
vt 0.67036960 0.05356890
vt 0.02053940 0.16461290
vt 0.56461290 0.17946060
vt 0.16265980 0.17946060
vt 0.47036970 0.18279470
vt 0.47370380 0.19764240
vt 0.82824930 0.08417580
vt 0.17272730 0.17410830
vt 0.20235760 0.18279470
vt 0.11144850 0.16265980
vt 0.27508490 0.07175070
vt 0.71720520 0.09188570
vt 0.61582420 0.18279470
vt 0.28084160 0.05552200
vt 0.34643110 0.18417580
vt 0.89188560 0.74781220
vt 0.82629620 0.07370380
vt 0.36599400 0.09188570
vt 0.86127880 0.08279470
vt 0.63538710 0.08279470
vt 0.14309690 0.19902340
vt 0.09188570 0.70811440
vt 0.65690300 0.19902340
vt 0.82491510 0.08279470
vt 0.21915840 0.05690310
vt 0.69326670 0.04447800
vt 0.98417580 0.19902340
vt 0.75218780 0.03734020
vt 0.35218780 0.06265980
vt 0.49326670 0.07370380
vt 0.60235760 0.04643110
vt 0.84781220 0.08279470
vt 0.75218780 0.05356890
vt 0.91915840 0.08417580
vt 0.90811430 0.08084160
vt 0.06265980 0.09764240
vt 0.83538710 0.68855150
vt 0.36127870 0.30811430
vt 0.53538700 0.10811440
vt 0.75552200 0.03872130
vt 0.61006750 0.04781220
vt 0.52629610 0.16599400
vt 0.92629620 0.08855150
vt 0.96461290 0.07508490
vt 0.97946050 0.19902340
vt 0.17175070 0.06127880
vt 0.32629620 0.27036960
vt 0.81047200 0.20909090
vt 0.05356890 0.68855150
vt 0.76599400 0.69188570
vt 0.02727270 0.15592650
vt 0.27036960 0.16461290
vt 0.36461290 0.05690310
vt 0.71144850 0.04447800
vt 0.81720530 0.31144850
vt 0.43538710 0.08084160
vt 0.05690310 0.18279470
vt 0.63872120 0.18084160
vt 0.98279480 0.32963040
vt 0.60909090 0.19229010
vt 0.14447800 0.05690310
vt 0.38084160 0.10097660
vt 0.31006750 0.67508490
vt 0.79764240 0.19902340
vt 0.43734020 0.05690310
vt 0.90097650 0.08993250
vt 0.72491510 0.19902340
vt 0.19188570 0.06599400
vt 0.86501750 0.19090910
vt 0.85690310 0.18279470
vt 0.97946050 0.08993250
vt 0.48993250 0.31144850
vt 0.67036960 0.03734020
vt 0.18417580 0.18084160
vt 0.38774470 0.05000000
vt 0.80770990 0.19090910
vt 0.25552200 0.67508490
vt 0.74090910 0.05138110
vt 0.38084160 0.32491510
vt 0.03872130 0.18084160
vt 0.91915840 0.07370380
vt 0.88855150 0.19902340
vt 0.09326670 0.18084160
vt 0.07175070 0.67370380
vt 0.78417580 0.16461290
vt 0.58084160 0.67370380
vt 0.73636360 0.18952800
vt 0.65690300 0.16461290
vt 0.73872130 0.03734020
vt 0.98279480 0.08084160
vt 0.68993250 0.03872130
vt 0.20770980 0.17272730
vt 0.07370380 0.68993250
vt 0.80097660 0.16599400
vt 0.47370380 0.17946060
vt 0.50673330 0.09188570
vt 0.66047200 0.05000000
vt 0.08319920 0.17272730
vt 0.38279470 0.68993250
vt 0.23400600 0.18084160
vt 0.49326670 0.16461290
vt 0.41915840 0.68993250
vt 0.71006750 0.17946060
vt 0.32491510 0.18279470
vt 0.15454550 0.17134620
vt 0.97175070 0.08993250
vt 0.91144850 0.08993250
vt 0.14781220 0.05552200
vt 0.63734020 0.04781220
vt 0.79902340 0.08084160
vt 0.10811430 0.14781220
vt 0.45218780 0.16461290
vt 0.67865380 0.04090910
vt 0.75316440 0.17272730
vt 0.11006750 0.16127880
vt 0.76599400 0.18084160
vt 0.96461290 0.19764240
vt 0.15218780 0.09902350
vt 0.36265980 0.18417580
vt 0.70811430 0.04309700
vt 0.42491510 0.06265980
vt 0.23734020 0.32491510
vt 0.07175070 0.06461290
vt 0.00097660 0.16127880
vt 0.12053940 0.06265980
vt 0.36599400 0.07175070
vt 0.20235760 0.16265980
vt 0.10811430 0.07036970
vt 0.05218780 0.16461290
vt 0.61915840 0.16599400
vt 0.02727270 0.17410830
vt 0.36599400 0.18084160
vt 0.49861890 0.17272730
vt 0.98993250 0.07370380
vt 0.98855150 0.08279470
vt 0.33774470 0.17272730
vt 0.01720530 0.07036970
vt 0.42727270 0.17410830
vt 0.85356890 0.17946060
vt 0.21720530 0.14781220
vt 0.65000000 0.04229020
vt 0.57272730 0.17410830
vt 0.34643110 0.05690310
vt 0.65909090 0.04229020
vt 0.42491510 0.06461290
vt 0.67589170 0.05000000
vt 0.01582420 0.16265980
vt 0.60235760 0.65552200
vt 0.30673330 0.07175070
vt 0.51006750 0.68993250
vt 0.70592650 0.05000000
vt 0.86363640 0.17134620
vt 0.19764240 0.05552200
vt 0.26363640 0.15316440
vt 0.28043710 0.15454550
vt 0.28279470 0.06127880
vt 0.10097660 0.10235760
vt 0.50592650 0.05000000
vt 0.22589170 0.17272730
vt 0.32053940 0.04447800
vt 0.60770990 0.17272730
vt 0.47175070 0.16599400
vt 0.81582420 0.18084160
vt 0.42053940 0.07175070
vt 0.74309690 0.05356890
vt 0.41582420 0.14643110
vt 0.53636360 0.17134620
vt 0.71818180 0.17410830
vt 0.66363630 0.17410830
vt 0.18084160 0.65552200
vt 0.09902340 0.07175070
vt 0.36265980 0.16127880
vt 0.70097660 0.07946060
vt 0.77410840 0.17272730
vt 0.28993250 0.14781220
vt 0.90673330 0.18084160
vt 0.68319930 0.17272730
vt 0.17410830 0.22727270
vt 0.07946060 0.06265980
vt 0.74447800 0.78279480
vt 0.33872120 0.04643110
vt 0.50673330 0.27175070
vt 0.74643110 0.79902340
vt 0.29861890 0.17272730
vt 0.76461290 0.79902340
vt 0.78084160 0.78279480
vt 0.78279480 0.79902340
vt 0.79902340 0.78279480
vt 0.80097660 0.79902340
vt 0.43538710 0.16127880
vt 0.81915840 0.68993250
vt 0.18084160 0.32491510
vt 0.83734020 0.79902340
vt 0.75454550 0.17410830
vt 0.67036960 0.67175070
vt 0.16461290 0.31144850
vt 0.73636360 0.17134620
vt 0.70454540 0.03952810
vt 0.27370380 0.06461290
vt 0.72629610 0.68855150
vt 0.72410830 0.04090910
vt 0.18417580 0.16265980
vt 0.45909090 0.03952810
vt 0.56265980 0.17946060
vt 0.38084160 0.16127880
vt 0.89188560 0.18417580
vt 0.16461290 0.06265980
vt 0.84545450 0.17410830
vt 0.56265980 0.67036970
vt 0.21144850 0.06461290
vt 0.97272720 0.17410830
vt 0.45690310 0.05356890
vt 0.77370380 0.04309700
vt 0.26265980 0.07175070
vt 0.83734020 0.68993250
vt 0.83872120 0.67370380
vt 0.40235760 0.07175070
vt 0.81582420 0.68993250
vt 0.21582420 0.67175070
vt 0.22629620 0.06599400
vt 0.17370380 0.06599400
vt 0.72410830 0.05000000
vt 0.82727270 0.17134620
vt 0.03872130 0.16265980
vt 0.94309690 0.70811440
vt 0.40097660 0.16599400
vt 0.28855150 0.07175070
vt 0.01915840 0.16127880
vt 0.50811430 0.16127880
vt 0.62134620 0.05000000
vt 0.04309690 0.06461290
vt 0.88043710 0.17272730
vt 0.51501740 0.05000000
vt 0.18993250 0.05552200
vt 0.40097660 0.16127880
vt 0.03400600 0.31006750
vt 0.05356890 0.16127880
vt 0.87036970 0.34447800
vt 0.54447790 0.04781220
vt 0.28181820 0.15316440
vt 0.75218780 0.04643110
vt 0.21915840 0.16127880
vt 0.45552200 0.17946060
vt 0.50000000 0.15592650
vt 0.62727270 0.17410830
vt 0.40097660 0.17946060
vt 0.22824930 0.05552200
vt 0.95592650 0.17272730
vt 0.24781220 0.06461290
vt 0.11818180 0.15592650
vt 0.94309690 0.18279470
vt 0.37946060 0.16461290
vt 0.30097650 0.05552200
vt 0.27175070 0.06265980
vt 0.71006750 0.70811440
vt 0.99764240 0.18084160
vt 0.45356890 0.67036970
vt 0.34447800 0.65552200
vt 0.47508490 0.65552200
vt 0.94643110 0.16599400
vt 0.47175070 0.67036970
vt 0.48855150 0.67175070
vt 0.43400600 0.67175070
vt 0.32824930 0.67175070
vt 0.47036970 0.67175070
vt 0.49326670 0.65552200
vt 0.43734020 0.65690310
vt 0.39764240 0.18084160
vt 0.38279470 0.17946060
vt 0.28993250 0.17946060
vt 0.49188570 0.65690310
vt 0.27508490 0.16461290
vt 0.43538710 0.67036970
vt 0.89326670 0.18084160
vt 0.05552200 0.14781220
vt 0.71363630 0.03952810
vt 0.41047200 0.15454550
vt 0.37272730 0.15316440
vt 0.14781220 0.25552200
vt 0.48993250 0.16127880
vt 0.30000000 0.15592650
vt 0.41915840 0.14781220
vt 0.24643110 0.05552200
vt 0.04643110 0.05552200
vt 0.74229020 0.05000000
vt 0.37272730 0.17134620
vt 0.54643110 0.28855150
vt 0.40097660 0.67175070
vt 0.67865380 0.05000000
vt 0.27175070 0.07036970
vt 0.41720530 0.65552200
vt 0.31680070 0.15454550
vt 0.40235760 0.05552200
vt 0.41006750 0.07175070
vt 0.10097660 0.03400610
vt 0.26461290 0.05552200
vt 0.28993250 0.05690310
vt 0.76599400 0.05356890
vt 0.75454550 0.17134620
vt 0.18084160 0.05690310
vt 0.25690310 0.05552200
vt 0.40811430 0.07175070
vt 0.76265980 0.04781220
vt 0.76265980 0.03872130
vt 0.77589170 0.05000000
vt 0.91720530 0.07946060
vt 0.29902340 0.07175070
vt 0.86363640 0.17410830
vt 0.31006750 0.06461290
vt 0.23538710 0.16127880
vt 0.00909090 0.30138110
vt 0.02865380 0.15454550
vt 0.15316440 0.15454550
vt 0.61363640 0.04861900
vt 0.54643110 0.17946060
vt 0.63734020 0.65690310
vt 0.08181820 0.15592650
vt 0.69407350 0.05000000
vt 0.34309690 0.16265980
vt 0.78417580 0.07370380
vt 0.75909090 0.05138110
vt 0.77508490 0.04447800
vt 0.01047200 0.15454550
vt 0.78084160 0.04781220
vt 0.39090910 0.17134620
vt 0.33538710 0.07175070
vt 0.22629620 0.05552200
vt 0.54447790 0.14781220
vt 0.09861890 0.15454550
vt 0.73319930 0.05000000
vt 0.09545450 0.02410840
vt 0.12629620 0.06461290
vt 0.34643110 0.14781220
vt 0.24545450 0.15316440
vt 0.33774470 0.15454550
vt 0.44545450 0.15592650
vt 0.04545450 0.15316440
vt 0.18279470 0.14781220
vt 0.53636360 0.15316440
vt 0.43538710 0.06461290
vt 0.51818180 0.15592650
vt 0.94447800 0.74309690
vt 0.15316440 0.22727270
vt 0.44643110 0.06127880
vt 0.76818180 0.03952810
vt 0.76956290 0.04090910
vt 0.70316440 0.05000000
vt 0.46501740 0.15454550
vt 0.31006750 0.06265980
vt 0.10673330 0.03538710
vt 0.50138110 0.17272730
vt 0.20909090 0.15316440
vt 0.68855150 0.16461290
vt 0.26225530 0.15454550
vt 0.42824930 0.07175070
vt 0.07370380 0.16127880
vt 0.44447800 0.07175070
vt 0.72134620 0.04090910
vt 0.31915840 0.05552200
vt 0.13774470 0.15454550
vt 0.99229020 0.17272730
vt 0.76818180 0.04861900
vt 0.78636370 0.04861900
vt 0.99090910 0.17134620
vt 0.03734020 0.76265980
vt 0.43734020 0.06461290
vt 0.48181820 0.17134620
vt 0.39229010 0.15454550
vt 0.36127870 0.05552200
vt 0.21144850 0.06265980
vt 0.22727270 0.15592650
vt 0.29861890 0.15454550
vt 0.20097660 0.06461290
vt 0.28181820 0.15592650
vt 0.46363640 0.15592650
vt 0.22865380 0.15454550
vt 0.52963030 0.65552200
vt 0.42727270 0.15592650
vt 0.72491510 0.04447800
vt 0.76680080 0.05000000
vt 0.71225530 0.04090910
vt 0.16265980 0.14781220
vt 0.11915840 0.07175070
vt 0.39188560 0.05552200
vt 0.71501740 0.05000000
vt 0.39902340 0.07036970
vt 0.46225530 0.15454550
vt 0.26501740 0.15454550
vt 0.46461290 0.06599400
vt 0.99902340 0.20235760
vt 0.55592660 0.15454550
vt 0.90000000 0.17134620
vt 0.20770980 0.15454550
vt 0.54643110 0.16127880
vt 0.10000000 0.15592650
vt 0.11818180 0.15316440
vt 0.38279470 0.06461290
vt 0.38279470 0.06265980
vt 0.41006750 0.05552200
vt 0.17272730 0.15316440
vt 0.54309690 0.16265980
vt 0.54781220 0.16265980
vt 0.25218780 0.07175070
vt 0.75909090 0.03952810
vt 0.43734020 0.06265980
vt 0.33538710 0.05552200
vt 0.45356890 0.06461290
vt 0.93636360 0.17134620
vt 0.43538710 0.06265980
vt 0.39090910 0.15592650
vt 0.09407350 0.02272730
vt 0.24643110 0.06599400
vt 0.33636360 0.15316440
vt 0.42727270 0.15316440
vt 0.37370380 0.06127880
vt 0.78498260 0.05000000
vt 0.44447800 0.05552200
vt 0.77865380 0.04090910
vt 0.19229020 0.15454550
vt 0.48181820 0.15592650
vt 0.31818180 0.15592650
vt 0.51818180 0.15316440
vt 0.75138110 0.05000000
vt 0.10454550 0.02410840
vt 0.39902340 0.05690310
vt 0.51956290 0.15454550
vt 0.93538710 0.08993250
vt 0.73952810 0.05000000
vt 0.45356890 0.06265980
vt 0.59902340 0.65552200
vt 0.74643110 0.04781220
vt 0.39326670 0.06461290
vt 0.17410830 0.15454550
vt 0.20811440 0.05552200
vt 0.42824930 0.05552200
vt 0.19902340 0.06461290
vt 0.44407350 0.15454550
vt 0.53498260 0.15454550
vt 0.77727270 0.03952810
vt 0.47175070 0.06265980
vt 0.45552200 0.06461290
vt 0.77727270 0.04861900
vt 0.28993250 0.06461290
vt 0.37370380 0.05552200
vt 0.46363640 0.15316440
vt 0.44545450 0.22865380
vt 0.35454540 0.15316440
vt 0.44643110 0.07175070
vt 0.63538710 0.65552200
vt 0.61915840 0.67175070
vt 0.84407350 0.17272730
vt 0.55454550 0.17410830
vt 0.33498250 0.15454550
vt 0.30811430 0.06461290
vt 0.77727270 0.05138110
vt 0.76956290 0.05000000
vt 0.37134620 0.15454550
vt 0.31818180 0.15316440
vt 0.72491510 0.67175070
vt 0.78417580 0.65552200
vt 0.78084160 0.65552200
vt 0.80235760 0.65552200
vt 0.90811430 0.65552200
vt 0.89188560 0.67175070
vt 0.92491510 0.67175070
vt 0.96461290 0.67175070
vt 0.03734020 0.65356890
vt 0.05552200 0.65356890
vt 0.07036960 0.65356890
vt 0.14643110 0.65356890
vt 0.16265980 0.63734020
vt 0.19764240 0.65356890
vt 0.21915840 0.65356890
vt 0.31144850 0.63734020
vt 0.31006750 0.65356890
vt 0.32629620 0.63734020
vt 0.40235760 0.63734020
vt 0.39902340 0.63734020
vt 0.42053940 0.63734020
vt 0.47370380 0.65356890
vt 0.56599400 0.63734020
vt 0.56461290 0.65356890
vt 0.58084160 0.63734020
vt 0.67508490 0.63734020
vt 0.67370380 0.65356890
vt 0.68993250 0.63734020
vt 0.72824930 0.65356890
vt 0.81915840 0.65356890
vt 0.80097660 0.65356890
vt 0.81915840 0.63872120
vt 0.94447800 0.65218780
vt 0.92824930 0.65356890
vt 0.94447800 0.63734020
vt 0.98279480 0.65356890
vt 0.07370380 0.63538710
vt 0.05552200 0.63538710
vt 0.07370380 0.62053940
vt 0.19902340 0.63400600
vt 0.19902340 0.61915840
vt 0.18279470 0.63538710
vt 0.23734020 0.63538710
vt 0.34447800 0.63400600
vt 0.32824930 0.63538710
vt 0.34447800 0.61915840
vt 0.41915840 0.63538710
vt 0.43734020 0.63538710
vt 0.45218780 0.63538710
vt 0.49188570 0.63538710
vt 0.58417580 0.61915840
vt 0.59902340 0.61915840
vt 0.58279470 0.63538710
vt 0.69188570 0.63538710
vt 0.67370380 0.63538710
vt 0.70673330 0.63538710
vt 0.74643110 0.63538710
vt 0.82053940 0.61915840
vt 0.81720530 0.61915840
vt 0.83872120 0.61915840
vt 0.94781210 0.61915840
vt 0.96265980 0.61915840
vt 0.94643110 0.63538710
vt 0.00097660 0.61720530
vt 0.10811430 0.61582420
vt 0.09188570 0.61720530
vt 0.10811430 0.60097660
vt 0.18279470 0.61720530
vt 0.20097660 0.61720530
vt 0.21582420 0.61720530
vt 0.25552200 0.61720530
vt 0.34781220 0.60097660
vt 0.36265980 0.60097660
vt 0.34643110 0.61720530
vt 0.47175070 0.61582420
vt 0.45552200 0.61720530
vt 0.47175070 0.60097660
vt 0.51006750 0.61720530
vt 0.58417580 0.60097660
vt 0.58084160 0.60097660
vt 0.60235760 0.60097660
vt 0.71006750 0.61720530
vt 0.69188570 0.61720530
vt 0.72491510 0.61720530
vt 0.76461290 0.61720530
vt 0.85356890 0.61582420
vt 0.83538710 0.60097660
vt 0.87175070 0.61582420
vt 0.98084160 0.61582420
vt 0.96461290 0.61720530
vt 0.98084160 0.60097660
vt 0.01915840 0.59902350
vt 0.10811430 0.58279480
vt 0.08993250 0.58279480
vt 0.14309690 0.59902350
vt 0.23538710 0.59764240
vt 0.21915840 0.59902350
vt 0.23538710 0.58279480
vt 0.27370380 0.59902350
vt 0.36265980 0.59764240
vt 0.34447800 0.58279480
vt 0.38084160 0.59764240
vt 0.47175070 0.58279480
vt 0.45552200 0.59902350
vt 0.47370380 0.58417580
vt 0.52824930 0.59902350
vt 0.62053940 0.58279480
vt 0.61915840 0.59902350
vt 0.63538710 0.58279480
vt 0.72629610 0.59764240
vt 0.70811430 0.58279480
vt 0.74447800 0.59764240
vt 0.78279480 0.59902350
vt 0.88993250 0.59764240
vt 0.87370380 0.59902350
vt 0.88993250 0.58279480
vt 0.98084160 0.58279480
vt 0.96461290 0.59902350
vt 0.99764240 0.59902350
vt 0.03734020 0.58084170
vt 0.12629620 0.56461300
vt 0.11006750 0.58084170
vt 0.14447800 0.57946060
vt 0.25356890 0.57946060
vt 0.23734020 0.58084170
vt 0.25356890 0.56461300
vt 0.29188560 0.58084170
vt 0.36461290 0.58084170
vt 0.38279470 0.58084170
vt 0.39764240 0.58084170
vt 0.48993250 0.56461300
vt 0.47370380 0.58084170
vt 0.50673330 0.58084170
vt 0.54643110 0.58084170
vt 0.63872120 0.56461300
vt 0.65356890 0.56461300
vt 0.63734020 0.58084170
vt 0.57134620 0.15454550
vt 0.70811430 0.57946060
vt 0.74643110 0.58084170
vt 0.83872120 0.56461300
vt 0.83734020 0.58084170
vt 0.85356890 0.56461300
vt 0.92824930 0.58084170
vt 0.94643110 0.58084170
vt 0.96127870 0.58084170
vt 0.00097660 0.56265980
vt 0.08993250 0.54643110
vt 0.07370380 0.56265980
vt 0.09188570 0.54781220
vt 0.14643110 0.56265980
vt 0.23872130 0.54643110
vt 0.23734020 0.56265980
vt 0.25356890 0.54643110
vt 0.36265980 0.56127880
vt 0.36265980 0.54643110
vt 0.34643110 0.56265980
vt 0.40097660 0.56265980
vt 0.49188570 0.56265980
vt 0.47370380 0.56265980
vt 0.50673330 0.56265980
vt 0.60235760 0.54643110
vt 0.61720530 0.54643110
vt 0.60097660 0.56265980
vt 0.65552200 0.56265980
vt 0.74447800 0.54643110
vt 0.72824930 0.56265980
vt 0.74643110 0.54781220
vt 0.85552200 0.56265980
vt 0.83734020 0.56265980
vt 0.87036970 0.56265980
vt 0.91006750 0.56265980
vt 0.05356890 0.54309690
vt 0.05356890 0.52824930
vt 0.03734020 0.54447790
vt 0.09188570 0.54447790
vt 0.19902340 0.54309690
vt 0.18279470 0.54447790
vt 0.19902340 0.52824930
vt 0.28993250 0.52824930
vt 0.27370380 0.54447790
vt 0.30673330 0.54447790
vt 0.34643110 0.54447790
vt 0.43872130 0.52824930
vt 0.43734020 0.54447790
vt 0.45356890 0.52824930
vt 0.54781220 0.52824930
vt 0.54643110 0.54447790
vt 0.56265980 0.52824930
vt 0.60097660 0.54447790
vt 0.69188570 0.54447790
vt 0.67370380 0.54447790
vt 0.69188570 0.52963030
vt 0.78417580 0.52824930
vt 0.78084160 0.52824930
vt 0.80235760 0.52824930
vt 0.85552200 0.54447790
vt 0.96265980 0.54309690
vt 0.94643110 0.54447790
vt 0.96265980 0.52824930
vt 0.05356890 0.52491510
vt 0.03538710 0.51006750
vt 0.07175070 0.52491510
vt 0.11006750 0.52629610
vt 0.98636360 0.04861900
vt 0.03952800 0.02272730
vt 0.87946060 0.03734020
vt 0.99764240 0.04643110
vt 0.98279480 0.04781220
vt 0.05138110 0.03181820
vt 0.87946060 0.05356890
vt 0.00097660 0.02963040
vt 0.99902340 0.03872130
vt 0.94643110 0.03872130
vt 0.88084160 0.04309700
vt 0.85690310 0.03734020
vt 0.88084160 0.05218790
vt 0.94781210 0.04447800
vt 0.98993250 0.03872130
vt 0.88279470 0.03872130
vt 0.88417580 0.03734020
vt 0.90811430 0.05218790
vt 0.89326670 0.03734020
vt 0.98279480 0.04309700
vt 0.95909090 0.05138110
vt 0.89902340 0.04309700
vt 0.89902340 0.03872130
vt 0.00235760 0.03538710
vt 0.00673330 0.03538710
vt 0.02134620 0.03181820
vt 0.95000000 0.05138110
vt 0.96265980 0.05218790
vt 0.83181820 0.03952810
vt 0.95218780 0.04643110
vt 0.82272730 0.03952810
vt 0.05770980 0.02272730
vt 0.06127870 0.02629620
vt 0.96127870 0.04643110
vt 0.93872130 0.04643110
vt 0.83734020 0.05218790
vt 0.96956290 0.05000000
vt 0.97508490 0.04447800
vt 0.82410840 0.04090910
vt 0.94643110 0.04781220
vt 0.83181820 0.04861900
vt 0.04229020 0.02272730
vt 0.07036960 0.03538710
vt 0.95909090 0.03952810
vt 0.96599390 0.05356890
vt 0.94090910 0.03952810
vt 0.88084160 0.04781220
vt 0.84781220 0.04447800
vt 0.85218780 0.04447800
vt 0.01582420 0.03538710
vt 0.01006750 0.03400610
vt 0.93734020 0.04781220
vt 0.01006750 0.02963040
vt 0.95356890 0.04781220
vt 0.95356890 0.03872130
vt 0.94447800 0.05218790
vt 0.88636360 0.04229020
vt 0.97589160 0.05000000
vt 0.03181820 0.02134630
vt 0.84781220 0.04643110
vt 0.85000000 0.04861900
vt 0.03181820 0.03043720
vt 0.07036960 0.01915840
vt 0.06599400 0.01915840
vt 0.48993250 0.06265980
vt 0.02824930 0.02491520
vt 0.83872120 0.04643110
vt 0.81225530 0.04090910
vt 0.07175070 0.02491520
vt 0.07370380 0.02963040
vt 0.12824930 0.52629610
vt 0.48084160 0.07175070
vt 0.05909090 0.03043720
vt 0.02963040 0.02629620
vt 0.99545450 0.05138110
vt 0.98279480 0.03872130
vt 0.05218780 0.03538710
vt 0.06818180 0.02410840
vt 0.98417580 0.04447800
vt 0.01363640 0.03043720
vt 0.00811430 0.02053950
vt 0.98993250 0.04309700
vt 0.05000000 0.02410840
vt 0.99326680 0.04643110
vt 0.98279480 0.05218790
vt 0.02272730 0.02410840
vt 0.02272730 0.03319930
vt 0.04643110 0.02491520
vt 0.04781220 0.01915840
vt 0.04447800 0.02053950
vt 0.05552200 0.02491520
vt 0.03319920 0.02272730
vt 0.02963040 0.02824930
vt 0.03734020 0.02053950
vt 0.04090910 0.02410840
vt 0.04309690 0.03538710
vt 0.07946060 0.02824930
vt 0.04229020 0.03181820
vt 0.02629620 0.03400610
vt 0.02824930 0.02963040
vt 0.02053940 0.02629620
vt 0.02629620 0.02491520
vt 0.04781220 0.02824930
vt 0.02491510 0.03538710
vt 0.05000000 0.02134630
vt 0.04861890 0.02272730
vt 0.04090910 0.03043720
vt 0.06956290 0.02272730
vt 0.06680080 0.03181820
vt 0.06461290 0.02491520
vt 0.07370380 0.02053950
vt 0.07946060 0.02629620
f 1/1 656/656 659/659
f 2/2 1/1 659/659
f 4/4 3/3 696/696
f 590/590 2/2 659/659
f 657/657 651/651 658/658
f 653/653 651/651 657/657
f 277/277 2/2 590/590
f 656/656 654/654 657/657
f 3/3 255/255 665/665
f 658/658 651/651 680/680
f 671/671 658/658 680/680
f 608/608 675/675 676/676
f 1/1 278/278 656/656
f 654/654 653/653 657/657
f 656/656 657/657 659/659
f 675/675 669/669 676/676
f 693/693 590/590 695/695
f 632/632 674/674 679/679
f 673/673 258/258 690/690
f 615/615 617/617 618/618
f 640/640 642/642 643/643
f 615/615 601/601 617/617
f 640/640 591/591 642/642
f 616/616 615/615 618/618
f 641/641 640/640 643/643
f 616/616 618/618 628/628
f 281/281 282/282 660/660
f 296/296 297/297 638/638
f 611/611 607/607 614/614
f 633/633 630/630 639/639
f 619/619 620/620 621/621
f 618/618 619/619 628/628
f 652/652 281/281 660/660
f 650/650 651/651 653/653
f 601/601 611/611 614/614
f 630/630 604/604 639/639
f 607/607 605/605 614/614
f 297/297 591/591 638/638
f 282/282 600/600 660/660
f 625/625 626/626 672/672
f 597/597 654/654 655/655
f 619/619 599/599 620/620
f 623/623 625/625 672/672
f 626/626 629/629 645/645
f 629/629 631/631 645/645
f 626/626 627/627 629/629
f 623/623 621/621 625/625
f 619/619 621/621 622/622
f 626/626 645/645 672/672
f 622/622 621/621 623/623
f 619/619 622/622 628/628
f 296/296 638/638 639/639
f 638/638 633/633 639/639
f 629/629 630/630 631/631
f 629/629 604/604 630/630
f 587/587 285/285 605/605
f 270/270 668/668 670/670
f 268/268 593/593 661/661
f 587/587 605/605 606/606
f 261/261 598/598 664/664
f 263/263 666/666 667/667
f 631/631 630/630 632/632
f 269/269 270/270 670/670
f 285/285 286/286 605/605
f 267/267 268/268 661/661
f 610/610 611/611 612/612
f 587/587 606/606 608/608
f 606/606 605/605 607/607
f 632/632 630/630 633/633
f 613/613 608/608 646/646
f 600/600 283/283 613/613
f 600/600 613/613 646/646
f 609/609 607/607 610/610
f 265/265 266/266 662/662
f 597/597 280/280 652/652
f 284/284 285/285 587/587
f 272/272 273/273 663/663
f 263/263 264/264 666/666
f 261/261 262/262 598/598
f 634/634 636/636 637/637
f 268/268 269/269 593/593
f 288/288 289/289 617/617
f 610/610 607/607 611/611
f 606/606 607/607 609/609
f 298/298 299/299 642/642
f 266/266 588/588 662/662
f 289/289 599/599 617/617
f 273/273 274/274 594/594
f 591/591 298/298 642/642
f 273/273 594/594 663/663
f 603/603 272/272 663/663
f 270/270 271/271 668/668
f 299/299 596/596 642/642
f 259/259 260/260 595/595
f 282/282 283/283 600/600
f 587/587 608/608 613/613
f 283/283 284/284 613/613
f 297/297 298/298 591/591
f 266/266 267/267 588/588
f 292/292 293/293 589/589
f 276/276 277/277 590/590
f 299/299 300/300 596/596
f 264/264 592/592 666/666
f 592/592 265/265 662/662
f 271/271 603/603 668/668
f 668/668 603/603 669/669
f 293/293 294/294 627/627
f 274/274 275/275 671/671
f 627/627 604/604 629/629
f 289/289 290/290 599/599
f 594/594 274/274 671/671
f 271/271 272/272 603/603
f 279/279 280/280 597/597
f 256/256 257/257 602/602
f 280/280 281/281 652/652
f 264/264 265/265 592/592
f 287/287 288/288 601/601
f 294/294 295/295 604/604
f 284/284 587/587 613/613
f 650/650 649/649 651/651
f 294/294 604/604 627/627
f 601/601 288/288 617/617
f 589/589 293/293 627/627
f 634/634 635/635 636/636
f 647/647 649/649 650/650
f 588/588 267/267 661/661
f 593/593 269/269 670/670
f 647/647 648/648 649/649
f 634/634 633/633 635/635
f 262/262 263/263 667/667
f 260/260 261/261 664/664
f 595/595 260/260 664/664
f 632/632 633/633 634/634
f 598/598 262/262 667/667
f 600/600 646/646 647/647
f 647/647 646/646 648/648
f 291/291 292/292 624/624
f 292/292 589/589 624/624
f 621/621 620/620 624/624
f 626/626 589/589 627/627
f 620/620 291/291 624/624
f 599/599 290/290 620/620
f 279/279 597/597 655/655
f 652/652 650/650 653/653
f 650/650 652/652 660/660
f 287/287 601/601 614/614
f 605/605 286/286 614/614
f 604/604 295/295 639/639
f 591/591 635/635 638/638
f 600/600 647/647 660/660
f 597/597 653/653 654/654
f 618/618 599/599 619/619
f 290/290 291/291 620/620
f 278/278 279/279 655/655
f 597/597 652/652 653/653
f 286/286 287/287 614/614
f 635/635 633/633 638/638
f 295/295 296/296 639/639
f 647/647 650/650 660/660
f 617/617 599/599 618/618
f 642/642 596/596 643/643
f 621/621 624/624 625/625
f 625/625 589/589 626/626
f 624/624 589/589 625/625
f 635/635 591/591 640/640
f 611/611 601/601 615/615
f 636/636 640/640 641/641
f 612/612 615/615 616/616
f 636/636 635/635 640/640
f 612/612 611/611 615/615
f 658/658 671/671 693/693
f 637/637 673/673 690/690
f 674/674 595/595 679/679
f 257/257 258/258 673/673
f 608/608 606/606 675/675
f 646/646 608/608 676/676
f 632/632 634/634 674/674
f 669/669 603/603 689/689
f 259/259 595/595 690/690
f 668/668 669/669 691/691
f 637/637 636/636 692/692
f 658/658 693/693 695/695
f 657/657 658/658 695/695
f 276/276 590/590 693/693
f 671/671 275/275 693/693
f 300/300 4/4 696/696
f 595/595 674/674 690/690
f 676/676 669/669 689/689
f 669/669 675/675 691/691
f 673/673 637/637 692/692
f 634/634 637/637 674/674
f 602/602 257/257 673/673
f 606/606 609/609 675/675
f 648/648 646/646 676/676
f 662/662 684/684 688/688
f 666/666 592/592 677/677
f 662/662 588/588 684/684
f 667/667 686/686 687/687
f 677/677 592/592 688/688
f 667/667 666/666 686/686
f 678/678 598/598 687/687
f 592/592 662/662 688/688
f 664/664 678/678 679/679
f 598/598 667/667 687/687
f 664/664 598/598 678/678
f 681/681 612/612 685/685
f 651/651 649/649 680/680
f 663/663 594/594 682/682
f 595/595 664/664 679/679
f 610/610 612/612 681/681
f 593/593 670/670 683/683
f 612/612 616/616 685/685
f 609/609 683/683 691/691
f 682/682 648/648 689/689
f 684/684 628/628 688/688
f 666/666 677/677 686/686
f 594/594 680/680 682/682
f 680/680 649/649 682/682
f 681/681 593/593 683/683
f 610/610 681/681 683/683
f 616/616 628/628 684/684
f 683/683 670/670 691/691
f 663/663 682/682 689/689
f 684/684 588/588 685/685
f 616/616 684/684 685/685
f 645/645 631/631 678/678
f 678/678 631/631 679/679
f 622/622 623/623 677/677
f 645/645 678/678 687/687
f 686/686 672/672 687/687
f 631/631 632/632 679/679
f 661/661 593/593 681/681
f 594/594 671/671 680/680
f 609/609 610/610 683/683
f 649/649 648/648 682/682
f 661/661 681/681 685/685
f 588/588 661/661 685/685
f 672/672 645/645 687/687
f 622/622 677/677 688/688
f 628/628 622/622 688/688
f 603/603 663/663 689/689
f 258/258 259/259 690/690
f 670/670 668/668 691/691
f 623/623 672/672 686/686
f 677/677 623/623 686/686
f 636/636 641/641 692/692
f 256/256 602/602 665/665
f 255/255 256/256 665/665
f 590/590 659/659 695/695
f 659/659 657/657 695/695
f 675/675 609/609 691/691
f 674/674 637/637 690/690
f 648/648 676/676 689/689
f 602/602 673/673 692/692
f 275/275 276/276 693/693
f 665/665 602/602 694/694
f 641/641 643/643 644/644
f 602/602 692/692 694/694
f 692/692 641/641 694/694
f 655/655 654/654 656/656
f 641/641 644/644 694/694
f 643/643 596/596 696/696
f 644/644 643/643 696/696
f 644/644 3/3 665/665
f 3/3 644/644 696/696
f 278/278 655/655 656/656
f 596/596 300/300 696/696
f 644/644 665/665 694/694
f 5/5 697/697 8/8
f 7/7 698/698 6/6
f 301/301 697/697 5/5
f 302/302 698/698 7/7
f 301/301 698/698 697/697
f 697/697 698/698 302/302
f 8/8 697/697 302/302
f 6/6 698/698 301/301
f 9/9 700/700 12/12
f 11/11 701/701 10/10
f 304/304 699/699 303/303
f 699/699 700/700 303/303
f 304/304 701/701 699/699
f 303/303 700/700 9/9
f 12/12 700/700 306/306
f 10/10 701/701 304/304
f 305/305 701/701 11/11
f 306/306 700/700 699/699
f 699/699 701/701 305/305
f 306/306 699/699 305/305
f 16/16 13/13 308/308
f 13/13 307/307 308/308
f 307/307 14/14 15/15
f 308/308 307/307 15/15
f 17/17 18/18 19/19
f 17/17 19/19 20/20
f 21/21 22/22 23/23
f 24/24 21/21 23/23
f 388/388 2383/2383 2668/2668
f 443/443 2391/2391 2674/2674
f 2390/2390 348/348 2672/2672
f 2387/2387 381/381 2675/2675
f 339/339 2395/2395 2677/2677
f 423/423 1947/1947 2552/2552
f 1948/1948 356/356 2542/2542
f 2092/2092 2093/2093 2167/2167
f 412/412 2403/2403 2679/2679
f 1426/1426 2219/2219 2360/2360
f 357/357 1798/1798 1862/1862
f 1021/1021 1847/1847 1986/1986
f 1843/1843 1479/1479 2615/2615
f 1826/1826 1055/1055 2526/2526
f 2398/2398 401/401 2684/2684
f 1055/1055 1826/1826 1945/1945
f 1802/1802 2041/2041 2315/2315
f 1862/1862 303/303 2468/2468
f 2310/2310 1650/1650 2522/2522
f 1402/1402 1933/1933 1936/1936
f 1857/1857 1734/1734 1858/1858
f 1520/1520 2097/2097 2178/2178
f 1800/1800 420/420 1980/1980
f 2222/2222 1694/1694 2560/2560
f 719/719 1971/1971 2820/2820
f 1706/1706 1940/1940 2603/2603
f 304/304 303/303 1862/1862
f 2255/2255 2259/2259 2732/2732
f 2091/2091 907/907 2093/2093
f 1828/1828 1732/1732 2757/2757
f 2091/2091 2089/2089 2377/2377
f 360/360 2392/2392 2670/2670
f 2127/2127 2126/2126 2409/2409
f 960/960 2006/2006 2008/2008
f 1421/1421 2092/2092 2167/2167
f 1715/1715 2142/2142 2545/2545
f 1515/1515 1859/1859 2858/2858
f 2093/2093 907/907 2454/2454
f 1888/1888 1361/1361 1889/1889
f 2259/2259 1057/1057 2732/2732
f 1675/1675 1864/1864 2685/2685
f 2041/2041 2042/2042 2315/2315
f 2083/2083 2082/2082 2157/2157
f 1538/1538 1559/1559 2066/2066
f 1533/1533 1604/1604 2028/2028
f 1994/1994 1995/1995 2224/2224
f 1690/1690 2359/2359 2589/2589
f 1502/1502 1742/1742 2070/2070
f 1846/1846 1898/1898 2735/2735
f 896/896 1021/1021 1986/1986
f 2175/2175 1400/1400 2176/2176
f 960/960 2008/2008 2010/2010
f 1747/1747 1829/1829 2646/2646
f 1829/1829 1747/1747 2703/2703
f 1933/1933 1402/1402 1983/1983
f 1847/1847 1021/1021 1967/1967
f 1898/1898 1551/1551 1899/1899
f 1401/1401 1961/1961 2553/2553
f 766/766 2183/2183 2196/2196
f 1861/1861 1464/1464 2030/2030
f 1390/1390 2200/2200 2202/2202
f 1360/1360 1994/1994 2224/2224
f 1996/1996 1612/1612 2553/2553
f 1961/1961 1996/1996 2553/2553
f 1109/1109 2208/2208 2510/2510
f 1815/1815 949/949 2768/2768
f 1511/1511 719/719 2820/2820
f 357/357 51/51 1798/1798
f 1553/1553 1844/1844 2840/2840
f 1962/1962 1314/1314 2247/2247
f 1859/1859 1515/1515 2624/2624
f 907/907 2091/2091 2377/2377
f 352/352 1747/1747 1973/1973
f 2193/2193 2196/2196 2813/2813
f 1058/1058 2027/2027 2506/2506
f 1804/1804 2541/2541 2700/2700
f 2307/2307 1813/1813 2313/2313
f 1964/1964 1750/1750 2146/2146
f 1836/1836 1835/1835 1937/1937
f 1585/1585 2045/2045 2407/2407
f 712/712 1935/1935 2031/2031
f 1966/1966 1690/1690 2589/2589
f 1645/1645 2222/2222 2560/2560
f 1275/1275 2199/2199 2746/2746
f 2193/2193 766/766 2196/2196
f 447/447 446/446 2267/2267
f 824/824 847/847 2284/2284
f 2452/2452 2570/2570 2754/2754
f 1828/1828 1792/1792 2638/2638
f 1019/1019 1860/1860 2011/2011
f 1989/1989 1991/1991 2480/2480
f 2506/2506 1783/1783 2572/2572
f 1872/1872 1744/1744 2641/2641
f 2126/2126 846/846 2409/2409
f 949/949 1815/1815 2407/2407
f 1419/1419 1682/1682 1804/1804
f 1587/1587 1874/1874 2650/2650
f 1744/1744 1872/1872 2168/2168
f 2357/2357 1688/1688 2737/2737
f 1479/1479 1843/1843 2783/2783
f 742/742 1901/1901 2740/2740
f 1774/1774 83/83 1884/1884
f 2082/2082 1355/1355 2157/2157
f 1361/1361 1888/1888 2012/2012
f 1314/1314 1316/1316 2247/2247
f 1893/1893 716/716 2665/2665
f 1419/1419 46/46 1682/1682
f 776/776 2253/2253 2528/2528
f 38/38 1765/1765 1892/1892
f 2208/2208 2179/2179 2510/2510
f 1485/1485 1820/1820 2642/2642
f 2131/2131 2129/2129 2411/2411
f 2027/2027 1783/1783 2506/2506
f 2241/2241 1247/1247 2320/2320
f 2186/2186 2347/2347 2509/2509
f 2178/2178 2097/2097 2442/2442
f 713/713 1909/1909 2622/2622
f 2127/2127 1066/1066 2129/2129
f 1839/1839 1696/1696 1968/1968
f 1554/1554 1569/1569 1945/1945
f 1782/1782 2242/2242 2533/2533
f 1898/1898 1846/1846 2687/2687
f 1787/1787 1651/1651 1905/1905
f 1270/1270 2307/2307 2313/2313
f 2649/2649 1506/1506 2836/2836
f 850/850 2186/2186 2509/2509
f 2057/2057 962/962 2058/2058
f 1400/1400 2175/2175 2334/2334
f 447/447 2267/2267 2724/2724
f 2691/2691 2591/2591 2840/2840
f 785/785 2116/2116 2274/2274
f 2383/2383 1774/1774 2668/2668
f 2391/2391 1763/1763 2674/2674
f 1769/1769 2387/2387 2675/2675
f 1765/1765 2390/2390 2672/2672
f 2395/2395 1767/1767 2677/2677
f 2142/2142 2143/2143 2545/2545
f 1680/1680 1864/1864 2701/2701
f 1275/1275 2197/2197 2199/2199
f 847/847 2103/2103 2284/2284
f 2037/2037 1390/1390 2202/2202
f 1592/1592 1761/1761 1976/1976
f 1702/1702 2241/2241 2320/2320
f 1138/1138 1542/1542 1985/1985
f 1844/1844 1553/1553 1985/1985
f 424/424 423/423 2552/2552
f 356/356 355/355 2542/2542
f 1993/1993 1992/1992 2104/2104
f 2501/2501 1405/1405 2507/2507
f 1405/1405 2492/2492 2507/2507
f 2062/2062 2056/2056 2869/2869
f 2403/2403 1777/1777 2679/2679
f 1935/1935 712/712 2764/2764
f 2518/2518 1471/1471 2689/2689
f 1379/1379 1557/1557 2061/2061
f 2286/2286 1737/1737 2587/2587
f 1874/1874 1587/1587 2095/2095
f 2007/2007 2501/2501 2507/2507
f 1607/1607 1686/1686 2164/2164
f 1559/1559 1831/1831 2066/2066
f 1627/1627 2230/2230 2348/2348
f 1773/1773 2398/2398 2684/2684
f 1578/1578 2056/2056 2062/2062
f 1787/1787 1971/1971 2338/2338
f 1732/1732 1828/1828 2753/2753
f 1732/1732 1457/1457 2757/2757
f 1066/1066 2127/2127 2409/2409
f 2463/2463 1832/1832 2499/2499
f 2499/2499 2357/2357 2737/2737
f 889/889 891/891 2295/2295
f 719/719 92/92 1971/1971
f 1872/1872 722/722 2168/2168
f 137/137 726/726 1885/1885
f 2243/2243 742/742 2740/2740
f 1585/1585 2407/2407 2530/2530
f 420/420 419/419 1980/1980
f 33/33 716/716 1893/1893
f 2176/2176 1400/1400 2228/2228
f 1865/1865 68/68 2714/2714
f 2570/2570 1752/1752 2754/2754
f 63/63 1867/1867 2720/2720
f 1883/1883 1927/1927 2616/2616
f 1870/1870 130/130 2719/2719
f 898/898 896/896 1986/1986
f 941/941 879/879 2228/2228
f 45/45 46/46 729/729
f 5/5 118/118 728/728
f 2212/2212 1632/1632 2324/2324
f 1845/1845 2691/2691 2840/2840
f 2131/2131 875/875 2133/2133
f 1791/1791 2648/2648 2864/2864
f 2200/2200 2201/2201 2202/2202
f 1885/1885 726/726 2883/2883
f 1681/1681 1420/1420 1827/1827
f 5/5 1420/1420 1681/1681
f 1810/1810 1043/1043 2264/2264
f 1903/1903 714/714 1904/1904
f 1991/1991 1068/1068 2480/2480
f 2167/2167 2093/2093 2743/2743
f 1992/1992 1438/1438 2104/2104
f 1734/1734 1857/1857 2496/2496
f 2219/2219 2220/2220 2360/2360
f 1707/1707 1706/1706 2603/2603
f 1551/1551 1898/1898 2687/2687
f 1389/1389 1390/1390 2037/2037
f 1464/1464 1407/1407 2030/2030
f 2118/2118 2517/2517 2539/2539
f 2242/2242 1687/1687 2533/2533
f 1852/1852 1063/1063 2271/2271
f 2680/2680 1824/1824 2741/2741
f 2196/2196 1788/1788 2813/2813
f 2164/2164 1686/1686 2655/2655
f 1826/1826 1554/1554 1945/1945
f 1063/1063 1852/1852 2367/2367
f 1956/1956 713/713 1958/1958
f 1975/1975 1899/1899 2575/2575
f 2392/2392 1768/1768 2670/2670
f 1860/1860 1019/1019 2810/2810
f 1863/1863 2047/2047 2770/2770
f 2205/2205 2356/2356 2653/2653
f 1490/1490 2002/2002 2852/2852
f 2492/2492 2341/2341 2507/2507
f 1513/1513 1502/1502 2070/2070
f 2183/2183 766/766 2207/2207
f 1989/1989 934/934 1990/1990
f 17/17 714/714 1841/1841
f 1996/1996 713/713 2622/2622
f 2198/2198 1064/1064 2199/2199
f 2168/2168 722/722 2708/2708
f 111/111 1843/1843 2615/2615
f 1934/1934 1356/1356 2660/2660
f 2160/2160 2156/2156 2805/2805
f 2541/2541 48/48 2700/2700
f 1344/1344 2236/2236 2592/2592
f 2129/2129 1066/1066 2411/2411
f 1064/1064 2198/2198 2200/2200
f 875/875 2131/2131 2411/2411
f 1836/1836 1937/1937 2549/2549
f 928/928 962/962 2057/2057
f 2027/2027 943/943 2517/2517
f 2136/2136 2189/2189 2514/2514
f 1650/1650 2464/2464 2522/2522
f 1792/1792 1828/1828 2757/2757
f 1599/1599 2032/2032 2357/2357
f 2083/2083 2157/2157 2158/2158
f 358/358 1862/1862 2468/2468
f 715/715 49/49 1842/1842
f 2146/2146 1750/1750 2634/2634
f 1891/1891 1593/1593 2154/2154
f 1919/1919 1917/1917 1963/1963
f 1970/1970 1768/1768 2601/2601
f 10/10 304/304 2859/2859
f 2175/2175 2192/2192 2334/2334
f 2491/2491 1896/1896 2567/2567
f 1978/1978 1977/1977 2227/2227
f 2019/2019 1401/1401 2553/2553
f 1926/1926 1444/1444 2293/2293
f 1978/1978 2227/2227 2779/2779
f 1883/1883 2616/2616 2660/2660
f 25/25 1472/1472 2635/2635
f 1950/1950 1592/1592 1976/1976
f 2028/2028 1604/1604 2617/2617
f 1479/1479 1458/1458 2615/2615
f 1739/1739 1875/1875 2298/2298
f 67/67 1504/1504 2638/2638
f 1043/1043 1810/1810 2588/2588
f 297/297 746/746 1981/1981
f 312/312 749/749 1928/1928
f 125/125 1485/1485 2642/2642
f 1557/1557 1707/1707 2061/2061
f 2116/2116 2214/2214 2274/2274
f 1864/1864 1789/1789 2685/2685
f 87/87 1876/1876 2648/2648
f 435/435 434/434 2399/2399
f 398/398 397/397 2400/2400
f 362/362 361/361 2392/2392
f 335/335 334/334 2386/2386
f 368/368 367/367 2394/2394
f 433/433 432/432 2396/2396
f 384/384 383/383 2401/2401
f 400/400 399/399 2398/2398
f 343/343 342/342 2402/2402
f 341/341 340/340 2395/2395
f 378/378 377/377 2382/2382
f 380/380 379/379 2387/2387
f 445/445 444/444 2391/2391
f 374/374 373/373 2385/2385
f 408/408 407/407 2389/2389
f 406/406 405/405 2393/2393
f 414/414 413/413 2403/2403
f 347/347 346/346 2390/2390
f 441/441 440/440 2384/2384
f 394/394 393/393 2388/2388
f 364/364 363/363 2397/2397
f 390/390 389/389 2383/2383
f 418/418 417/417 2404/2404
f 1875/1875 56/56 2644/2644
f 2533/2533 1687/1687 2742/2742
f 99/99 1872/1872 2641/2641
f 934/934 1989/1989 2480/2480
f 1873/1873 34/34 2649/2649
f 1902/1902 1680/1680 2701/2701
f 1592/1592 76/76 1761/1761
f 1874/1874 100/100 2650/2650
f 1796/1796 26/26 2652/2652
f 1884/1884 83/83 2788/2788
f 1867/1867 63/63 2811/2811
f 1858/1858 1734/1734 1859/1859
f 2294/2294 1965/1965 2475/2475
f 2319/2319 2697/2697 2778/2778
f 1354/1354 2179/2179 2442/2442
f 2133/2133 875/875 2279/2279
f 1783/1783 1508/1508 2572/2572
f 1958/1958 713/713 1996/1996
f 1384/1384 1880/1880 2332/2332
f 1535/1535 1389/1389 2037/2037
f 1542/1542 1844/1844 1985/1985
f 2189/2189 2136/2136 2532/2532
f 2230/2230 2231/2231 2348/2348
f 38/38 1892/1892 2798/2798
f 2253/2253 1654/1654 2528/2528
f 1997/1997 1359/1359 2301/2301
f 1497/1497 1736/1736 2731/2731
f 1507/1507 1490/1490 2852/2852
f 1577/1577 1474/1474 2201/2201
f 2637/2637 2505/2505 2779/2779
f 1504/1504 1828/1828 2638/2638
f 2162/2162 1371/1371 2443/2443
f 1744/1744 1467/1467 2641/2641
f 130/130 1870/1870 2809/2809
f 2614/2614 956/956 2639/2639
f 816/816 2294/2294 2475/2475
f 68/68 1865/1865 2802/2802
f 746/746 1925/1925 1981/1981
f 2146/2146 1369/1369 2879/2879
f 2157/2157 2156/2156 2160/2160
f 21/21 333/333 2013/2013
f 1486/1486 1506/1506 2649/2649
f 1840/1840 1349/1349 2787/2787
f 1480/1480 1587/1587 2650/2650
f 1778/1778 67/67 2638/2638
f 843/843 841/841 2662/2662
f 1772/1772 25/25 2635/2635
f 1780/1780 111/111 2615/2615
f 1771/1771 125/125 2642/2642
f 1710/1710 1533/1533 2028/2028
f 1873/1873 2649/2649 2836/2836
f 2717/2717 1866/1866 2814/2814
f 1770/1770 87/87 2648/2648
f 2204/2204 2205/2205 2653/2653
f 1786/1786 2305/2305 2778/2778
f 1650/1650 2310/2310 2630/2630
f 1020/1020 2010/2010 2343/2343
f 1820/1820 1794/1794 2642/2642
f 1766/1766 99/99 2641/2641
f 1735/1735 2614/2614 2639/2639
f 1698/1698 2262/2262 2332/2332
f 1497/1497 2731/2731 2887/2887
f 56/56 1779/1779 2644/2644
f 34/34 1764/1764 2649/2649
f 100/100 1760/1760 2650/2650
f 1791/1791 1496/1496 2648/2648
f 26/26 1776/1776 2652/2652
f 2102/2102 2502/2502 2682/2682
f 1692/1692 2680/2680 2741/2741
f 822/822 824/824 2284/2284
f 2053/2053 962/962 2239/2239
f 1979/1979 1913/1913 2744/2744
f 2640/2640 1988/1988 2744/2744
f 2615/2615 1458/1458 2729/2729
f 1886/1886 1430/1430 2232/2232
f 2298/2298 1875/1875 2644/2644
f 1919/1919 1963/1963 2026/2026
f 1968/1968 1696/1696 2304/2304
f 1349/1349 1840/1840 2534/2534
f 1927/1927 1928/1928 2616/2616
f 1923/1923 1979/1979 2744/2744
f 1546/1546 1999/1999 2000/2000
f 964/964 2286/2286 2587/2587
f 902/902 952/952 2042/2042
f 1547/1547 1988/1988 2640/2640
f 1716/1716 1553/1553 2840/2840
f 2407/2407 1815/1815 2530/2530
f 1547/1547 1987/1987 1988/1988
f 2224/2224 1995/1995 2225/2225
f 1237/1237 1965/1965 2147/2147
f 1546/1546 2000/2000 2001/2001
f 2115/2115 2116/2116 2529/2529
f 1814/1814 2037/2037 2202/2202
f 1362/1362 1946/1946 2003/2003
f 1667/1667 2162/2162 2443/2443
f 1219/1219 1221/1221 1983/1983
f 1369/1369 2516/2516 2879/2879
f 1863/1863 1447/1447 2586/2586
f 898/898 1986/1986 2266/2266
f 2165/2165 1603/1603 2195/2195
f 2349/2349 2204/2204 2653/2653
f 841/841 2221/2221 2662/2662
f 2517/2517 943/943 2539/2539
f 1905/1905 1651/1651 2265/2265
f 900/900 898/898 2266/2266
f 351/351 350/350 1973/1973
f 427/427 426/426 1974/1974
f 2616/2616 1932/1932 2660/2660
f 1592/1592 1950/1950 2069/2069
f 1882/1882 1356/1356 2226/2226
f 1342/1342 2450/2450 2514/2514
f 1687/1687 1825/1825 2742/2742
f 1863/1863 1631/1631 2047/2047
f 2190/2190 805/805 2587/2587
f 809/809 949/949 2046/2046
f 352/352 45/45 1747/1747
f 1705/1705 1936/1936 2764/2764
f 1990/1990 934/934 2233/2233
f 1829/1829 42/42 2646/2646
f 1019/1019 2011/2011 2275/2275
f 2068/2068 2067/2067 2177/2177
f 2575/2575 1899/1899 2831/2831
f 2349/2349 2653/2653 2899/2899
f 2362/2362 1647/1647 2496/2496
f 1413/1413 2340/2340 2341/2341
f 51/51 52/52 737/737
f 111/111 112/112 738/738
f 1940/1940 1706/1706 2257/2257
f 963/963 2573/2573 2612/2612
f 1598/1598 2282/2282 2751/2751
f 2697/2697 1786/1786 2778/2778
f 879/879 881/881 2228/2228
f 2572/2572 1508/1508 2619/2619
f 2450/2450 2136/2136 2514/2514
f 2635/2635 1789/1789 2724/2724
f 1800/1800 2518/2518 2689/2689
f 2638/2638 1792/1792 2728/2728
f 2641/2641 1467/1467 2722/2722
f 1474/1474 1568/1568 2201/2201
f 1458/1458 108/108 2729/2729
f 1881/1881 2491/2491 2567/2567
f 2115/2115 2529/2529 2559/2559
f 2642/2642 1794/1794 2721/2721
f 1478/1478 1599/1599 2357/2357
f 2691/2691 1846/1846 2735/2735
f 1483/1483 2644/2644 2727/2727
f 1480/1480 2650/2650 2716/2716
f 1486/1486 2649/2649 2725/2725
f 2648/2648 1496/1496 2726/2726
f 1497/1497 2652/2652 2718/2718
f 1945/1945 1569/1569 2038/2038
f 862/862 2125/2125 2827/2827
f 1820/1820 1485/1485 2605/2605
f 1951/1951 1341/1341 2600/2600
f 1798/1798 752/752 1799/1799
f 2058/2058 962/962 2761/2761
f 1359/1359 2268/2268 2301/2301
f 1880/1880 1384/1384 2807/2807
f 1508/1508 2263/2263 2619/2619
f 763/763 762/762 2207/2207
f 1998/1998 1538/1538 2066/2066
f 1356/1356 1882/1882 2660/2660
f 2103/2103 847/847 2773/2773
f 2092/2092 1421/1421 2249/2249
f 2147/2147 2148/2148 2440/2440
f 2502/2502 876/876 2682/2682
f 2067/2067 1348/1348 2177/2177
f 1413/1413 2341/2341 2492/2492
f 1928/1928 749/749 1929/1929
f 2282/2282 1598/1598 2659/2659
f 1931/1931 1933/1933 1983/1983
f 2010/2010 2008/2008 2343/2343
f 712/712 2554/2554 2764/2764
f 1789/1789 138/138 2724/2724
f 1355/1355 2082/2082 2252/2252
f 1467/1467 96/96 2722/2722
f 1316/1316 1391/1391 2247/2247
f 1792/1792 64/64 2728/2728
f 1276/1276 1532/1532 2226/2226
f 1902/1902 1674/1674 2609/2609
f 446/446 2013/2013 2267/2267
f 2452/2452 1345/1345 2570/2570
f 1794/1794 122/122 2721/2721
f 103/103 1480/1480 2716/2716
f 59/59 1483/1483 2727/2727
f 2573/2573 1756/1756 2612/2612
f 37/37 1486/1486 2725/2725
f 1496/1496 84/84 2726/2726
f 29/29 1497/1497 2718/2718
f 943/943 2027/2027 2629/2629
f 1138/1138 1985/1985 2084/2084
f 1954/1954 2015/2015 2515/2515
f 1869/1869 2715/2715 2873/2873
f 2125/2125 862/862 2835/2835
f 1832/1832 2463/2463 2679/2679
f 2340/2340 1413/1413 2536/2536
f 1950/1950 1703/1703 2695/2695
f 2272/2272 2271/2271 2379/2379
f 427/427 1974/1974 2877/2877
f 358/358 357/357 1862/1862
f 1737/1737 2190/2190 2587/2587
f 1635/1635 1737/1737 2286/2286
f 1447/1447 1863/1863 2770/2770
f 2047/2047 1420/1420 2770/2770
f 2042/2042 952/952 2315/2315
f 1952/1952 1456/1456 2169/2169
f 714/714 1903/1903 2590/2590
f 1022/1022 2043/2043 2688/2688
f 1932/1932 1934/1934 2660/2660
f 1282/1282 2165/2165 2195/2195
f 1674/1674 1902/1902 2701/2701
f 2271/2271 1063/1063 2379/2379
f 1430/1430 1886/1886 2333/2333
f 2219/2219 1426/1426 2696/2696
f 2648/2648 1876/1876 2864/2864
f 935/935 889/889 2295/2295
f 1861/1861 2030/2030 2490/2490
f 1864/1864 1675/1675 2701/2701
f 1856/1856 2075/2075 2636/2636
f 80/80 388/388 2668/2668
f 134/134 443/443 2674/2674
f 1803/1803 2017/2017 2339/2339
f 348/348 41/41 2672/2672
f 381/381 75/75 2675/2675
f 30/30 339/339 2677/2677
f 1967/1967 1879/1879 2524/2524
f 1547/1547 1339/1339 1987/1987
f 2459/2459 1895/1895 2491/2491
f 320/320 751/751 1896/1896
f 2114/2114 1560/1560 2254/2254
f 1961/1961 1401/1401 2797/2797
f 1356/1356 1934/1934 2848/2848
f 1991/1991 2167/2167 2743/2743
f 1831/1831 1830/1830 2025/2025
f 1880/1880 1698/1698 2332/2332
f 1022/1022 2688/2688 2823/2823
f 1578/1578 2062/2062 2368/2368
f 1966/1966 961/961 2759/2759
f 104/104 412/412 2679/2679
f 2179/2179 2178/2178 2442/2442
f 753/753 756/756 1982/1982
f 1983/1983 1221/1221 2848/2848
f 2182/2182 1666/1666 2183/2183
f 1807/1807 1969/1969 2537/2537
f 1500/1500 2188/2188 2737/2737
f 1787/1787 1905/1905 2820/2820
f 1934/1934 1931/1931 1983/1983
f 1886/1886 1887/1887 2333/2333
f 1341/1341 1951/1951 2643/2643
f 1241/1241 2189/2189 2535/2535
f 2338/2338 1971/1971 2684/2684
f 2213/2213 2212/2212 2324/2324
f 1402/1402 1936/1936 2772/2772
f 2051/2051 2236/2236 2613/2613
f 1889/1889 1361/1361 1890/1890
f 1546/1546 1491/1491 1999/1999
f 2333/2333 1887/1887 2892/2892
f 401/401 95/95 2684/2684
f 1972/1972 1635/1635 2286/2286
f 2189/2189 2532/2532 2535/2535
f 99/99 100/100 722/722
f 79/79 80/80 723/723
f 63/63 64/64 727/727
f 41/41 42/42 725/725
f 137/137 138/138 726/726
f 121/121 122/122 724/724
f 107/107 108/108 720/720
f 55/55 56/56 721/721
f 33/33 34/34 716/716
f 71/71 72/72 717/717
f 129/129 130/130 718/718
f 91/91 92/92 719/719
f 1270/1270 2824/2824 2850/2850
f 1438/1438 1992/1992 2280/2280
f 1331/1331 1299/1299 1998/1998
f 2720/2720 1867/1867 2912/2912
f 1444/1444 1161/1161 2293/2293
f 1456/1456 1952/1952 2558/2558
f 2715/2715 1869/1869 2913/2913
f 25/25 26/26 732/732
f 83/83 84/84 734/734
f 1864/1864 1680/1680 2556/2556
f 1400/1400 941/941 2228/2228
f 1076/1076 1080/1080 2213/2213
f 961/961 1966/1966 2589/2589
f 1936/1936 1705/1705 2772/2772
f 2021/2021 1272/1272 2344/2344
f 1870/1870 2719/2719 2914/2914
f 1845/1845 1846/1846 2691/2691
f 1935/1935 1930/1930 2031/2031
f 1548/1548 1203/1203 2005/2005
f 1865/1865 2714/2714 2918/2918
f 1756/1756 2194/2194 2612/2612
f 1866/1866 2717/2717 2919/2919
f 2108/2108 1735/1735 2639/2639
f 2135/2135 2133/2133 2279/2279
f 361/361 1768/1768 2392/2392
f 1761/1761 384/384 2401/2401
f 1769/1769 380/380 2387/2387
f 1759/1759 368/368 2394/2394
f 432/432 1771/1771 2396/2396
f 397/397 1758/1758 2400/2400
f 1776/1776 335/335 2386/2386
f 1757/1757 435/435 2399/2399
f 340/340 1767/1767 2395/2395
f 444/444 1763/1763 2391/2391
f 1765/1765 347/347 2390/2390
f 405/405 1766/1766 2393/2393
f 1764/1764 343/343 2402/2402
f 1773/1773 400/400 2398/2398
f 389/389 1774/1774 2383/2383
f 413/413 1777/1777 2403/2403
f 440/440 1775/1775 2384/2384
f 373/373 1778/1778 2385/2385
f 377/377 1762/1762 2382/2382
f 1779/1779 364/364 2397/2397
f 1760/1760 408/408 2389/2389
f 393/393 1770/1770 2388/2388
f 417/417 1780/1780 2404/2404
f 318/318 709/709 1910/1910
f 59/59 60/60 736/736
f 103/103 104/104 735/735
f 811/811 809/809 2046/2046
f 37/37 38/38 733/733
f 133/133 134/134 730/730
f 95/95 96/96 731/731
f 125/125 126/126 740/740
f 75/75 76/76 743/743
f 67/67 68/68 739/739
f 1965/1965 1237/1237 2475/2475
f 930/930 928/928 2057/2057
f 2005/2005 1379/1379 2061/2061
f 87/87 88/88 742/742
f 29/29 30/30 741/741
f 2236/2236 2483/2483 2613/2613
f 1899/1899 1551/1551 2831/2831
f 1973/1973 1747/1747 2646/2646
f 1314/1314 1962/1962 2855/2855
f 2090/2090 2185/2185 2878/2878
f 2070/2070 1742/1742 2710/2710
f 2056/2056 2059/2059 2869/2869
f 1163/1163 1552/1552 2169/2169
f 1994/1994 1360/1360 2269/2269
f 1768/1768 55/55 2601/2601
f 1954/1954 1953/1953 2015/2015
f 2135/2135 2279/2279 2915/2915
f 904/904 902/902 2042/2042
f 1272/1272 2153/2153 2163/2163
f 2305/2305 2306/2306 2778/2778
f 959/959 1578/1578 2368/2368
f 2185/2185 2174/2174 2878/2878
f 2304/2304 1697/1697 2569/2569
f 812/812 2148/2148 2149/2149
f 1709/1709 2534/2534 2706/2706
f 1955/1955 2637/2637 2779/2779
f 2017/2017 984/984 2339/2339
f 2227/2227 1955/1955 2779/2779
f 2232/2232 1430/1430 2453/2453
f 2247/2247 2312/2312 2862/2862
f 1993/1993 2104/2104 2773/2773
f 2439/2439 2373/2373 2455/2455
f 2045/2045 2046/2046 2407/2407
f 316/316 1938/1938 1939/1939
f 51/51 737/737 752/752
f 738/738 112/112 1385/1385
f 52/52 360/360 2670/2670
f 326/326 713/713 1956/1956
f 2601/2601 721/721 2742/2742
f 2342/2342 2340/2340 2536/2536
f 729/729 46/46 1419/1419
f 1934/1934 1983/1983 2848/2848
f 279/279 710/710 1953/1953
f 1082/1082 1078/1078 2231/2231
f 2158/2158 2160/2160 2559/2559
f 849/849 848/848 2107/2107
f 2534/2534 1840/1840 2706/2706
f 1402/1402 1219/1219 1983/1983
f 781/781 2119/2119 2273/2273
f 1549/1549 1143/1143 2084/2084
f 1503/1503 1885/1885 2664/2664
f 2089/2089 2295/2295 2377/2377
f 1272/1272 1261/1261 2344/2344
f 1917/1917 329/329 1963/1963
f 2153/2153 1272/1272 2891/2891
f 1490/1490 1546/1546 2002/2002
f 846/846 2126/2126 2896/2896
f 884/884 1375/1375 2143/2143
f 1666/1666 2182/2182 2908/2908
f 1609/1609 2306/2306 2345/2345
f 1641/1641 2232/2232 2453/2453
f 962/962 2053/2053 2761/2761
f 2150/2150 2151/2151 2733/2733
f 1927/1927 1883/1883 2606/2606
f 2236/2236 2235/2235 2592/2592
f 1558/1558 1306/1306 2019/2019
f 1725/1725 1526/1526 2016/2016
f 2141/2141 1788/1788 2752/2752
f 2513/2513 2303/2303 2583/2583
f 1136/1136 2362/2362 2496/2496
f 1556/1556 1213/1213 2020/2020
f 2667/2667 2406/2406 2699/2699
f 1971/1971 1787/1787 2820/2820
f 1483/1483 2298/2298 2644/2644
f 1080/1080 1085/1085 2213/2213
f 2142/2142 1715/1715 2771/2771
f 2247/2247 1391/1391 2312/2312
f 766/766 763/763 2207/2207
f 1947/1947 423/423 2610/2610
f 356/356 1948/1948 2611/2611
f 1532/1532 1882/1882 2226/2226
f 304/304 1862/1862 2859/2859
f 2071/2071 2265/2265 2363/2363
f 1274/1274 2096/2096 2376/2376
f 1910/1910 2304/2304 2569/2569
f 2267/2267 1772/1772 2724/2724
f 2214/2214 2119/2119 2274/2274
f 298/298 297/297 1981/1981
f 1784/1784 2117/2117 2120/2120
f 313/313 312/312 1928/1928
f 2295/2295 891/891 2377/2377
f 2232/2232 1641/1641 2321/2321
f 1635/1635 1972/1972 2285/2285
f 2013/2013 446/446 2784/2784
f 51/51 752/752 1798/1798
f 2156/2156 1560/1560 2805/2805
f 2113/2113 2119/2119 2214/2214
f 744/744 1899/1899 1975/1975
f 1946/1946 1362/1362 2594/2594
f 715/715 1849/1849 2318/2318
f 885/885 884/884 2143/2143
f 994/994 1019/1019 2275/2275
f 1916/1916 707/707 1977/1977
f 1930/1930 749/749 2031/2031
f 2100/2100 2103/2103 2104/2104
f 1569/1569 1571/1571 2038/2038
f 2025/2025 1830/1830 2849/2849
f 776/776 2140/2140 2253/2253
f 1839/1839 1968/1968 2792/2792
f 1384/1384 2063/2063 2065/2065
f 963/963 2034/2034 2036/2036
f 1339/1339 1157/1157 1987/1987
f 1985/1985 1549/1549 2084/2084
f 969/969 2276/2276 2277/2277
f 2175/2175 2172/2172 2192/2192
f 1913/1913 2640/2640 2744/2744
f 1493/1493 1893/1893 2766/2766
f 1019/1019 986/986 2023/2023
f 1923/1923 711/711 1979/1979
f 960/960 823/823 2018/2018
f 47/47 356/356 2611/2611
f 423/423 116/116 2610/2610
f 1002/1002 977/977 2017/2017
f 2172/2172 1146/1146 2192/2192
f 2160/2160 2115/2115 2559/2559
f 2063/2063 2064/2064 2065/2065
f 1548/1548 2005/2005 2061/2061
f 1110/1110 1082/1082 2231/2231
f 1911/1911 1913/1913 1979/1979
f 2187/2187 1136/1136 2496/2496
f 1024/1024 2048/2048 2049/2049
f 1263/1263 1272/1272 2163/2163
f 2198/2198 1577/1577 2201/2201
f 1833/1833 1648/1648 2015/2015
f 1237/1237 2147/2147 2440/2440
f 1788/1788 2141/2141 2813/2813
f 1348/1348 2067/2067 2270/2270
f 752/752 737/737 753/753
f 1871/1871 1792/1792 2757/2757
f 2012/2012 1888/1888 2329/2329
f 1432/1432 1649/1649 2110/2110
f 1279/1279 1282/1282 2195/2195
f 1875/1875 1739/1739 2666/2666
f 1231/1231 2071/2071 2363/2363
f 961/961 2073/2073 2074/2074
f 2075/2075 1856/1856 2651/2651
f 2521/2521 1344/1344 2592/2592
f 2459/2459 2491/2491 2755/2755
f 2144/2144 1249/1249 2251/2251
f 880/880 2012/2012 2329/2329
f 1197/1197 1414/1414 2024/2024
f 1968/1968 1939/1939 2617/2617
f 2069/2069 1950/1950 2695/2695
f 112/112 420/420 1800/1800
f 2278/2278 1662/1662 2309/2309
f 2446/2446 1993/1993 2773/2773
f 743/743 2070/2070 2710/2710
f 88/88 2717/2717 2814/2814
f 2034/2034 2035/2035 2036/2036
f 1419/1419 1804/1804 1964/1964
f 1800/1800 1980/1980 2518/2518
f 22/22 21/21 2013/2013
f 2499/2499 1832/1832 2789/2789
f 1632/1632 2212/2212 2790/2790
f 2148/2148 812/812 2440/2440
f 1799/1799 1982/1982 2476/2476
f 952/952 900/900 2266/2266
f 5/5 728/728 1420/1420
f 778/778 781/781 2273/2273
f 2044/2044 811/811 2046/2046
f 1545/1545 1385/1385 1751/1751
f 1953/1953 710/710 2015/2015
f 1227/1227 1276/1276 2226/2226
f 2075/2075 2072/2072 2636/2636
f 1021/1021 894/894 2033/2033
f 2119/2119 781/781 2274/2274
f 2038/2038 1571/1571 2039/2039
f 1842/1842 2730/2730 2782/2782
f 1270/1270 2313/2313 2824/2824
f 738/738 1385/1385 1544/1544
f 1910/1910 709/709 2304/2304
f 2116/2116 785/785 2529/2529
f 1552/1552 1952/1952 2169/2169
f 1904/1904 714/714 2693/2693
f 1444/1444 1926/1926 2897/2897
f 1885/1885 1503/1503 2674/2674
f 1020/1020 827/827 2010/2010
f 2138/2138 2139/2139 2347/2347
f 963/963 831/831 2034/2034
f 1874/1874 2095/2095 2708/2708
f 1982/1982 756/756 2258/2258
f 1614/1614 1716/1716 2250/2250
f 1593/1593 1891/1891 2675/2675
f 961/961 795/795 2073/2073
f 1384/1384 1295/1295 2063/2063
f 1916/1916 1977/1977 1978/1978
f 1391/1391 1318/1318 2060/2060
f 752/752 753/753 1982/1982
f 933/933 2123/2123 2697/2697
f 962/962 926/926 2239/2239
f 935/935 2295/2295 2878/2878
f 1235/1235 1498/1498 2120/2120
f 1893/1893 1493/1493 2677/2677
f 1265/1265 1263/1263 2163/2163
f 1331/1331 1998/1998 2066/2066
f 1022/1022 858/858 2043/2043
f 1203/1203 1205/1205 2005/2005
f 2083/2083 2158/2158 2159/2159
f 2069/2069 1513/1513 2070/2070
f 2830/2830 2246/2246 2838/2838
f 1625/1625 2152/2152 2568/2568
f 2188/2188 1500/1500 2643/2643
f 2306/2306 2244/2244 2345/2345
f 1694/1694 2071/2071 2560/2560
f 1299/1299 1301/1301 1998/1998
f 1708/1708 2268/2268 2471/2471
f 2040/2040 904/904 2042/2042
f 1365/1365 777/777 2248/2248
f 1139/1139 2439/2439 2455/2455
f 1024/1024 922/922 2048/2048
f 1901/1901 742/742 2814/2814
f 1460/1460 1839/1839 2165/2165
f 2655/2655 2621/2621 2754/2754
f 2194/2194 1756/1756 2709/2709
f 1118/1118 1438/1438 2280/2280
f 2076/2076 1352/1352 2077/2077
f 1334/1334 1432/1432 2110/2110
f 1369/1369 2146/2146 2634/2634
f 1327/1327 2110/2110 2462/2462
f 1164/1164 1163/1163 2169/2169
f 2201/2201 1568/1568 2202/2202
f 1593/1593 743/743 2710/2710
f 2268/2268 1708/1708 2301/2301
f 1833/1833 2015/2015 2816/2816
f 1392/1392 2086/2086 2087/2087
f 1999/1999 1491/1491 2154/2154
f 2077/2077 2081/2081 2177/2177
f 2231/2231 1078/1078 2348/2348
f 2090/2090 2087/2087 2185/2185
f 1201/1201 1548/1548 2206/2206
f 1306/1306 1307/1307 2019/2019
f 775/775 778/778 2273/2273
f 2015/2015 710/710 2816/2816
f 1498/1498 1784/1784 2120/2120
f 1213/1213 1214/1214 2020/2020
f 2055/2055 930/930 2057/2057
f 1438/1438 2099/2099 2104/2104
f 1641/1641 1642/1642 2321/2321
f 2152/2152 2445/2445 2568/2568
f 870/870 1361/1361 2012/2012
f 1980/1980 419/419 2467/2467
f 2250/2250 1716/1716 2591/2591
f 2099/2099 2100/2100 2104/2104
f 1545/1545 1751/1751 1781/1781
f 1065/1065 2513/2513 2583/2583
f 2111/2111 2113/2113 2214/2214
f 1603/1603 2165/2165 2888/2888
f 1421/1421 1183/1183 2249/2249
f 2154/2154 1593/1593 2710/2710
f 2123/2123 1065/1065 2583/2583
f 2076/2076 2077/2077 2177/2177
f 2087/2087 2086/2086 2185/2185
f 936/936 930/930 2055/2055
f 1068/1068 1991/1991 2743/2743
f 2122/2122 1785/1785 2123/2123
f 1968/1968 2617/2617 2792/2792
f 762/762 1615/1615 2207/2207
f 1404/1404 1322/1322 2155/2155
f 1735/1735 2108/2108 2785/2785
f 351/351 1973/1973 2646/2646
f 1906/1906 716/716 2909/2909
f 1829/1829 2830/2830 2838/2838
f 776/776 772/772 2140/2140
f 1360/1360 1048/1048 2269/2269
f 1663/1663 1788/1788 2196/2196
f 2493/2493 2251/2251 2555/2555
f 2281/2281 2282/2282 2659/2659
f 1961/1961 1958/1958 1996/1996
f 2318/2318 1849/1849 2857/2857
f 2097/2097 1520/1520 2861/2861
f 906/906 904/904 2040/2040
f 2015/2015 1648/1648 2515/2515
f 398/398 2400/2400 2437/2437
f 2387/2387 379/379 2427/2427
f 2401/2401 383/383 2426/2426
f 441/441 2384/2384 2435/2435
f 2389/2389 407/407 2429/2429
f 390/390 2383/2383 2418/2418
f 2398/2398 399/399 2432/2432
f 394/394 2388/2388 2417/2417
f 378/378 2382/2382 2431/2431
f 111/111 738/738 1843/1843
f 1392/1392 1179/1179 2086/2086
f 1100/1100 1352/1352 2076/2076
f 1355/1355 2156/2156 2157/2157
f 1104/1104 1355/1355 2252/2252
f 1750/1750 1964/1964 2550/2550
f 874/874 870/870 2012/2012
f 2098/2098 1243/1243 2240/2240
f 1685/1685 2308/2308 2557/2557
f 815/815 811/811 2044/2044
f 812/812 2149/2149 2447/2447
f 2557/2557 2161/2161 2584/2584
f 1284/1284 1460/1460 2165/2165
f 2109/2109 787/787 2308/2308
f 2223/2223 1360/1360 2224/2224
f 2171/2171 2174/2174 2185/2185
f 1362/1362 2003/2003 2004/2004
f 1438/1438 1116/1116 2099/2099
f 1937/1937 1835/1835 2579/2579
f 2151/2151 2540/2540 2733/2733
f 2081/2081 2769/2769 2904/2904
f 1560/1560 1133/1133 2254/2254
f 2138/2138 2347/2347 2493/2493
f 1807/1807 2537/2537 2828/2828
f 758/758 1378/1378 2258/2258
f 2104/2104 2103/2103 2773/2773
f 2144/2144 2251/2251 2493/2493
f 1567/1567 1365/1365 2248/2248
f 2295/2295 2090/2090 2878/2878
f 2081/2081 2439/2439 2769/2769
f 1526/1526 1510/1510 2016/2016
f 1445/1445 729/729 1455/1455
f 1811/1811 2521/2521 2592/2592
f 1862/1862 1798/1798 2678/2678
f 2174/2174 2256/2256 2866/2866
f 2236/2236 1344/1344 2681/2681
f 1894/1894 1895/1895 2025/2025
f 2688/2688 2043/2043 2745/2745
f 847/847 2446/2446 2773/2773
f 1517/1517 1785/1785 2122/2122
f 1825/1825 2601/2601 2742/2742
f 728/728 1446/1446 1447/1447
f 2272/2272 2370/2370 2540/2540
f 1857/1857 2187/2187 2496/2496
f 1774/1774 1884/1884 2668/2668
f 2494/2494 1351/1351 2537/2537
f 2153/2153 2022/2022 2825/2825
f 1696/1696 1697/1697 2304/2304
f 716/716 1906/1906 2665/2665
f 1827/1827 1420/1420 2047/2047
f 2308/2308 783/783 2557/2557
f 1249/1249 2144/2144 2287/2287
f 1724/1724 2215/2215 2316/2316
f 1784/1784 2027/2027 2517/2517
f 1799/1799 752/752 1982/1982
f 1892/1892 1765/1765 2672/2672
f 916/916 913/913 2108/2108
f 2009/2009 1456/1456 2558/2558
f 1432/1432 1437/1437 1648/1648
f 903/903 905/905 2233/2233
f 725/725 42/42 1829/1829
f 2174/2174 2866/2866 2878/2878
f 2073/2073 2072/2072 2075/2075
f 1355/1355 1106/1106 2156/2156
f 791/791 945/945 2072/2072
f 720/720 108/108 1458/1458
f 977/977 975/975 2017/2017
f 1914/1914 1915/1915 2250/2250
f 2111/2111 1433/1433 2113/2113
f 852/852 849/849 2107/2107
f 2376/2376 2096/2096 2561/2561
f 112/112 1800/1800 2657/2657
f 1842/1842 1470/1470 2730/2730
f 2801/2801 1267/1267 2850/2850
f 45/45 729/729 1445/1445
f 728/728 118/118 1446/1446
f 1515/1515 1869/1869 2624/2624
f 1557/1557 1705/1705 1706/1706
f 880/880 874/874 2012/2012
f 2022/2022 2153/2153 2891/2891
f 2050/2050 2053/2053 2239/2239
f 1559/1559 1612/1612 1830/1830
f 2359/2359 799/799 2589/2589
f 2281/2281 2659/2659 2777/2777
f 2094/2094 1817/1817 2633/2633
f 1440/1440 1678/1678 2211/2211
f 1192/1192 2209/2209 2734/2734
f 952/952 2266/2266 2469/2469
f 2020/2020 1402/1402 2772/2772
f 916/916 2108/2108 2639/2639
f 888/888 885/885 2143/2143
f 1014/1014 768/768 2193/2193
f 1024/1024 2050/2050 2239/2239
f 934/934 903/903 2233/2233
f 1666/1666 1663/1663 2196/2196
f 1460/1460 1461/1461 1696/1696
f 1637/1637 2225/2225 2671/2671
f 1143/1143 1018/1018 2084/2084
f 1422/1422 1421/1421 2167/2167
f 2242/2242 1595/1595 2299/2299
f 1379/1379 1556/1556 1557/1557
f 2179/2179 1354/1354 2510/2510
f 2370/2370 2272/2272 2379/2379
f 1006/1006 1043/1043 2180/2180
f 2046/2046 949/949 2407/2407
f 1334/1334 1336/1336 1432/1432
f 1233/1233 1235/1235 2120/2120
f 783/783 780/780 2161/2161
f 1616/1616 1823/1823 2126/2126
f 1557/1557 1556/1556 1705/1705
f 1559/1559 1558/1558 1612/1612
f 1965/1965 1676/1676 2147/2147
f 823/823 821/821 2018/2018
f 1419/1419 1964/1964 2145/2145
f 730/730 1503/1503 2220/2220
f 1532/1532 1353/1353 1533/1533
f 1538/1538 1558/1558 1559/1559
f 1532/1532 1533/1533 1710/1710
f 813/813 2373/2373 2484/2484
f 1552/1552 1553/1553 1614/1614
f 1576/1576 991/991 2223/2223
f 1749/1749 2263/2263 2634/2634
f 1076/1076 2213/2213 2324/2324
f 1156/1156 1157/1157 1339/1339
f 1208/1208 1213/1213 1379/1379
f 1096/1096 1348/1348 2270/2270
f 1542/1542 1596/1596 1597/1597
f 1379/1379 1213/1213 1556/1556
f 1242/1242 1241/1241 2607/2607
f 726/726 138/138 1789/1789
f 723/723 80/80 1473/1473
f 1921/1921 1922/1922 1924/1924
f 2117/2117 1784/1784 2517/2517
f 1614/1614 1553/1553 1716/1716
f 986/986 979/979 2023/2023
f 2225/2225 1637/1637 2786/2786
f 772/772 770/770 2140/2140
f 1378/1378 1722/1722 2258/2258
f 2322/2322 1551/1551 2687/2687
f 727/727 64/64 1792/1792
f 1284/1284 1287/1287 1460/1460
f 2524/2524 1879/1879 2841/2841
f 2063/2063 1331/1331 2064/2064
f 25/25 732/732 1472/1472
f 1432/1432 1336/1336 1437/1437
f 721/721 56/56 1875/1875
f 975/975 974/974 984/984
f 1544/1544 1385/1385 1545/1545
f 724/724 122/122 1794/1794
f 2050/2050 2049/2049 2051/2051
f 41/41 725/725 1484/1484
f 71/71 717/717 1489/1489
f 1538/1538 1306/1306 1558/1558
f 1615/1615 2184/2184 2207/2207
f 1129/1129 2187/2187 2886/2886
f 2170/2170 1146/1146 2172/2172
f 99/99 722/722 1872/1872
f 1684/1684 2557/2557 2584/2584
f 91/91 719/719 1494/1494
f 716/716 34/34 1873/1873
f 1232/1232 1433/1433 2111/2111
f 332/332 1772/1772 2267/2267
f 1304/1304 1306/1306 1538/1538
f 2118/2118 2117/2117 2517/2517
f 722/722 100/100 1874/1874
f 1159/1159 1161/1161 1444/1444
f 1171/1171 1167/1167 1456/1456
f 1429/1429 2171/2171 2185/2185
f 975/975 984/984 2017/2017
f 2101/2101 1434/1434 2229/2229
f 1528/1528 1526/1526 1725/1725
f 732/732 26/26 1796/1796
f 1310/1310 1312/1312 1401/1401
f 2550/2550 1804/1804 2700/2700
f 2262/2262 1291/1291 2332/2332
f 734/734 84/84 1496/1496
f 1545/1545 1781/1781 2166/2166
f 949/949 2190/2190 2768/2768
f 1026/1026 2242/2242 2299/2299
f 1024/1024 2049/2049 2050/2050
f 1907/1907 2512/2512 2750/2750
f 973/973 974/974 975/975
f 1696/1696 1461/1461 1697/1697
f 1147/1147 1146/1146 2170/2170
f 1156/1156 1155/1155 1157/1157
f 1122/1122 1581/1581 2237/2237
f 966/966 948/948 2297/2297
f 1392/1392 2088/2088 2249/2249
f 1324/1324 1327/1327 2155/2155
f 1059/1059 1000/1000 2292/2292
f 1844/1844 1597/1597 1845/1845
f 1163/1163 1549/1549 1552/1552
f 1460/1460 1287/1287 1461/1461
f 1053/1053 1155/1155 1156/1156
f 2182/2182 2181/2181 2908/2908
f 1364/1364 1265/1265 2163/2163
f 768/768 765/765 2193/2193
f 1217/1217 1219/1219 1402/1402
f 2078/2078 1352/1352 2252/2252
f 1510/1510 1547/1547 2016/2016
f 1659/1659 1661/1661 2309/2309
f 1138/1138 1541/1541 1542/1542
f 2007/2007 1584/1584 2488/2488
f 67/67 739/739 1504/1504
f 2166/2166 1781/1781 2804/2804
f 2183/2183 1666/1666 2196/2196
f 2121/2121 2322/2322 2687/2687
f 991/991 1001/1001 2223/2223
f 1087/1087 1440/1440 2211/2211
f 731/731 96/96 1467/1467
f 2061/2061 1707/1707 2361/2361
f 730/730 134/134 1503/1503
f 2043/2043 951/951 2745/2745
f 2088/2088 2092/2092 2249/2249
f 1276/1276 1353/1353 1532/1532
f 1647/1647 1734/1734 2496/2496
f 1698/1698 1461/1461 2262/2262
f 743/743 76/76 1592/1592
f 2051/2051 2235/2235 2236/2236
f 75/75 743/743 1593/1593
f 970/970 987/987 2346/2346
f 2315/2315 952/952 2469/2469
f 1649/1649 1648/1648 1833/1833
f 2115/2115 2160/2160 2805/2805
f 103/103 735/735 1480/1480
f 736/736 60/60 1481/1481
f 59/59 736/736 1483/1483
f 87/87 742/742 1876/1876
f 125/125 740/740 1485/1485
f 1552/1552 1549/1549 1553/1553
f 37/37 733/733 1486/1486
f 133/133 730/730 1488/1488
f 1123/1123 1122/1122 2237/2237
f 740/740 126/126 1492/1492
f 2082/2082 2078/2078 2252/2252
f 973/973 968/968 974/974
f 741/741 30/30 1493/1493
f 1818/1818 1431/1431 2481/2481
f 1510/1510 1339/1339 1547/1547
f 29/29 741/741 1497/1497
f 433/433 2396/2396 2428/2428
f 2386/2386 334/334 2420/2420
f 2390/2390 346/346 2421/2421
f 2402/2402 342/342 2419/2419
f 2394/2394 367/367 2422/2422
f 341/341 2395/2395 2434/2434
f 374/374 2385/2385 2414/2414
f 2399/2399 434/434 2424/2424
f 445/445 2391/2391 2430/2430
f 362/362 2392/2392 2416/2416
f 414/414 2403/2403 2425/2425
f 2397/2397 363/363 2423/2423
f 406/406 2393/2393 2436/2436
f 418/418 2404/2404 2413/2413
f 979/979 977/977 1002/1002
f 715/715 1842/1842 1849/1849
f 1768/1768 1970/1970 2670/2670
f 1193/1193 1195/1195 1522/1522
f 2206/2206 1944/1944 2673/2673
f 2211/2211 1678/1678 2212/2212
f 720/720 1458/1458 1477/1477
f 321/321 320/320 1896/1896
f 1818/1818 2494/2494 2537/2537
f 2034/2034 1020/1020 2035/2035
f 1393/1393 2473/2473 2524/2524
f 2138/2138 2493/2493 2555/2555
f 1163/1163 1143/1143 1549/1549
f 2008/2008 2007/2007 2507/2507
f 2373/2373 2080/2080 2484/2484
f 1622/1622 1753/1753 2191/2191
f 1461/1461 1287/1287 2262/2262
f 1987/1987 1444/1444 1988/1988
f 1375/1375 942/942 1668/1668
f 1016/1016 1015/1015 1138/1138
f 2056/2056 2058/2058 2059/2059
f 959/959 947/947 1578/1578
f 1724/1724 1025/1025 2215/2215
f 2150/2150 1564/1564 2151/2151
f 1896/1896 751/751 2567/2567
f 1293/1293 1295/1295 1384/1384
f 884/884 882/882 942/942
f 1879/1879 1967/1967 2795/2795
f 777/777 774/774 2248/2248
f 825/825 823/823 960/960
f 1838/1838 1836/1836 2549/2549
f 795/795 793/793 2073/2073
f 2209/2209 1192/1192 2842/2842
f 827/827 825/825 2010/2010
f 2512/2512 1640/1640 2750/2750
f 722/722 1874/1874 2708/2708
f 912/912 1746/1746 1949/1949
f 2230/2230 1627/1627 2821/2821
f 2036/2036 2035/2035 2340/2340
f 1320/1320 1404/1404 2060/2060
f 1942/1942 2361/2361 2603/2603
f 319/319 318/318 1910/1910
f 912/912 910/910 1746/1746
f 994/994 986/986 1019/1019
f 1845/1845 1597/1597 1846/1846
f 2173/2173 2176/2176 2256/2256
f 920/920 918/918 956/956
f 1560/1560 2114/2114 2805/2805
f 2335/2335 2004/2004 2774/2774
f 979/979 1002/1002 2023/2023
f 1434/1434 1112/1112 2229/2229
f 1457/1457 2477/2477 2757/2757
f 2158/2158 2157/2157 2160/2160
f 1744/1744 2168/2168 2692/2692
f 1834/1834 1833/1833 1835/1835
f 2218/2218 2801/2801 2850/2850
f 1358/1358 1061/1061 2238/2238
f 948/948 1396/1396 2297/2297
f 821/821 819/819 1337/1337
f 1276/1276 1277/1277 1353/1353
f 1941/1941 298/298 1981/1981
f 1392/1392 2087/2087 2088/2088
f 1297/1297 1331/1331 2063/2063
f 1927/1927 313/313 1928/1928
f 884/884 942/942 1375/1375
f 821/821 1337/1337 2018/2018
f 856/856 854/854 951/951
f 1293/1293 1384/1384 2332/2332
f 1688/1688 1500/1500 2737/2737
f 1483/1483 2261/2261 2298/2298
f 2268/2268 1350/1350 2471/2471
f 1250/1250 1249/1249 2287/2287
f 2074/2074 2075/2075 2162/2162
f 791/791 789/789 945/945
f 2123/2123 933/933 2661/2661
f 1316/1316 1318/1318 1391/1391
f 327/327 326/326 1956/1956
f 1318/1318 1320/1320 2060/2060
f 1662/1662 1659/1659 2309/2309
f 892/892 890/890 955/955
f 894/894 892/892 2033/2033
f 1363/1363 2114/2114 2254/2254
f 1750/1750 1749/1749 2634/2634
f 2094/2094 2633/2633 2895/2895
f 1223/1223 1225/1225 1356/1356
f 280/280 279/279 1953/1953
f 2265/2265 1188/1188 2363/2363
f 922/922 920/920 2048/2048
f 1484/1484 725/725 1671/1671
f 1736/1736 2667/2667 2699/2699
f 317/317 316/316 1939/1939
f 724/724 1794/1794 1795/1795
f 1626/1626 1853/1853 2245/2245
f 1008/1008 999/999 1015/1015
f 833/833 831/831 963/963
f 1558/1558 2019/2019 2553/2553
f 1533/1533 1603/1603 1604/1604
f 831/831 829/829 2034/2034
f 1295/1295 1297/1297 2063/2063
f 1144/1144 1143/1143 1163/1163
f 2088/2088 2087/2087 2089/2089
f 723/723 1473/1473 1474/1474
f 2101/2101 2229/2229 2230/2230
f 1214/1214 1217/1217 2020/2020
f 1509/1509 1339/1339 1510/1510
f 1328/1328 1334/1334 2110/2110
f 330/330 329/329 1917/1917
f 2143/2143 1375/1375 2545/2545
f 1441/1441 1564/1564 2150/2150
f 1195/1195 1197/1197 2024/2024
f 1711/1711 1545/1545 2166/2166
f 2074/2074 2073/2073 2075/2075
f 1495/1495 1694/1694 2222/2222
f 2216/2216 1479/1479 2217/2217
f 1676/1676 1677/1677 2147/2147
f 727/727 1792/1792 1871/1871
f 2077/2077 2078/2078 2079/2079
f 793/793 791/791 2072/2072
f 314/314 313/313 1927/1927
f 1320/1320 1322/1322 1404/1404
f 858/858 856/856 2043/2043
f 1489/1489 717/717 1490/1490
f 896/896 894/894 1021/1021
f 2077/2077 1352/1352 2078/2078
f 1576/1576 2223/2223 2224/2224
f 969/969 2277/2277 2596/2596
f 726/726 1789/1789 1864/1864
f 1282/1282 1284/1284 2165/2165
f 829/829 827/827 1020/1020
f 1307/1307 1310/1310 2019/2019
f 1322/1322 1324/1324 2155/2155
f 1546/1546 2001/2001 2002/2002
f 797/797 795/795 961/961
f 2640/2640 1912/1912 2871/2871
f 2184/2184 2183/2183 2207/2207
f 703/703 287/287 1908/1908
f 299/299 298/298 1941/1941
f 1205/1205 1208/1208 2005/2005
f 1157/1157 1159/1159 1987/1987
f 322/322 702/702 1894/1894
f 2050/2050 2051/2051 2052/2052
f 825/825 960/960 2010/2010
f 288/288 703/703 1897/1897
f 860/860 858/858 1022/1022
f 1152/1152 1363/1363 2254/2254
f 1197/1197 1199/1199 1414/1414
f 2319/2319 933/933 2697/2697
f 2551/2551 424/424 2552/2552
f 1440/1440 1573/1573 1676/1676
f 1878/1878 1643/1643 2478/2478
f 958/958 947/947 959/959
f 1494/1494 719/719 1495/1495
f 355/355 2541/2541 2542/2542
f 2065/2065 2064/2064 2459/2459
f 1304/1304 1305/1305 1306/1306
f 734/734 1496/1496 1790/1790
f 1227/1227 1229/1229 1276/1276
f 1000/1000 990/990 2292/2292
f 1504/1504 739/739 1537/1537
f 736/736 1481/1481 1482/1482
f 731/731 1467/1467 1468/1468
f 1824/1824 2577/2577 2741/2741
f 2192/2192 996/996 2334/2334
f 976/976 975/975 977/977
f 1486/1486 733/733 1487/1487
f 1167/1167 1164/1164 2169/2169
f 1038/1038 1359/1359 2337/2337
f 967/967 959/959 968/968
f 892/892 955/955 2033/2033
f 2148/2148 2068/2068 2149/2149
f 740/740 1492/1492 1514/1514
f 1480/1480 735/735 1586/1586
f 1301/1301 1304/1304 1998/1998
f 738/738 1544/1544 2317/2317
f 856/856 951/951 2043/2043
f 2189/2189 1131/1131 2514/2514
f 1617/1617 1616/1616 2126/2126
f 1208/1208 1209/1209 1213/1213
f 803/803 801/801 964/964
f 753/753 754/754 755/755
f 920/920 956/956 2048/2048
f 972/972 968/968 973/973
f 1497/1497 741/741 1736/1736
f 1488/1488 730/730 1530/1530
f 1522/1522 1195/1195 2024/2024
f 1348/1348 2076/2076 2177/2177
f 1581/1581 1417/1417 1616/1616
f 1616/1616 1618/1618 1823/1823
f 1138/1138 1015/1015 1541/1541
f 1625/1625 2150/2150 2152/2152
f 2142/2142 888/888 2143/2143
f 1342/1342 2237/2237 2290/2290
f 1542/1542 1597/1597 1844/1844
f 1575/1575 1574/1574 1989/1989
f 793/793 2072/2072 2073/2073
f 1477/1477 1479/1479 2216/2216
f 1542/1542 1541/1541 1596/1596
f 1525/1525 1510/1510 1526/1526
f 1116/1116 1114/1114 2099/2099
f 1327/1327 2462/2462 2916/2916
f 1363/1363 1232/1232 2111/2111
f 1894/1894 702/702 1895/1895
f 2347/2347 2139/2139 2509/2509
f 745/745 2250/2250 2591/2591
f 774/774 772/772 776/776
f 1796/1796 2014/2014 2571/2571
f 819/819 815/815 2044/2044
f 829/829 1020/1020 2034/2034
f 2099/2099 1434/1434 2100/2100
f 1443/1443 1709/1709 2255/2255
f 1561/1561 1516/1516 1699/1699
f 1297/1297 1299/1299 1331/1331
f 1337/1337 2044/2044 2045/2045
f 1598/1598 970/970 2346/2346
f 924/924 922/922 1024/1024
f 1071/1071 1073/1073 2324/2324
f 1898/1898 1897/1897 2735/2735
f 949/949 807/807 2190/2190
f 1087/1087 1092/1092 1440/1440
f 748/748 1955/1955 2227/2227
f 910/910 906/906 2040/2040
f 1179/1179 1177/1177 2086/2086
f 1477/1477 1458/1458 1479/1479
f 2086/2086 1429/1429 2185/2185
f 1544/1544 1712/1712 2317/2317
f 2115/2115 2112/2112 2116/2116
f 2303/2303 932/932 2457/2457
f 1599/1599 2216/2216 2218/2218
f 1347/1347 2180/2180 2181/2181
f 779/779 777/777 1365/1365
f 890/890 888/888 2142/2142
f 1912/1912 704/704 2575/2575
f 2051/2051 2049/2049 2235/2235
f 1678/1678 1676/1676 1965/1965
f 1363/1363 2111/2111 2112/2112
f 2253/2253 2141/2141 2705/2705
f 984/984 1052/1052 1053/1053
f 779/779 1365/1365 1501/1501
f 1201/1201 1203/1203 1548/1548
f 1240/1240 1170/1170 1241/1241
f 1541/1541 1015/1015 2275/2275
f 1677/1677 2068/2068 2148/2148
f 1085/1085 2211/2211 2213/2213
f 866/866 864/864 953/953
f 1501/1501 1554/1554 1826/1826
f 2147/2147 1677/1677 2148/2148
f 1482/1482 1505/1505 1523/1523
f 1506/1506 1487/1487 1639/1639
f 902/902 900/900 952/952
f 2255/2255 1709/1709 2259/2259
f 2100/2100 2102/2102 2103/2103
f 1370/1370 1372/1372 1516/1516
f 758/758 757/757 759/759
f 928/928 926/926 962/962
f 1679/1679 1523/1523 1752/1752
f 1676/1676 1573/1573 1677/1677
f 1924/1924 1922/1922 2460/2460
f 950/950 837/837 2194/2194
f 1795/1795 1820/1820 1946/1946
f 1096/1096 1098/1098 1348/1348
f 1282/1282 1283/1283 1284/1284
f 1639/1639 2178/2178 2179/2179
f 1587/1587 1586/1586 1951/1951
f 2113/2113 2118/2118 2119/2119
f 1819/1819 1671/1671 2096/2096
f 1746/1746 2040/2040 2041/2041
f 1531/1531 1530/1530 1601/1601
f 1882/1882 1710/1710 1883/1883
f 2106/2106 852/852 2107/2107
f 1938/1938 2028/2028 2617/2617
f 1118/1118 1116/1116 1438/1438
f 854/854 852/852 2106/2106
f 1181/1181 1179/1179 1392/1392
f 1177/1177 1175/1175 1429/1429
f 1668/1668 1669/1669 1886/1886
f 1122/1122 1120/1120 1417/1417
f 1053/1053 1154/1154 1155/1155
f 789/789 787/787 2109/2109
f 1442/1442 1441/1441 1625/1625
f 1469/1469 1468/1468 1650/1650
f 1152/1152 1232/1232 1363/1363
f 839/839 837/837 950/950
f 1537/1537 1821/1821 1822/1822
f 2088/2088 2089/2089 2091/2091
f 1602/1602 1601/1601 1850/1850
f 2208/2208 1109/1109 2209/2209
f 2113/2113 2117/2117 2118/2118
f 1440/1440 1092/1092 1573/1573
f 1632/1632 1071/1071 2324/2324
f 1784/1784 1783/1783 2027/2027
f 767/767 765/765 768/768
f 761/761 762/762 763/763
f 1487/1487 1520/1520 2178/2178
f 2035/2035 1020/1020 2343/2343
f 2197/2197 2198/2198 2199/2199
f 1516/1516 1517/1517 2122/2122
f 1989/1989 1574/1574 1991/1991
f 1586/1586 1588/1588 2188/2188
f 1501/1501 1365/1365 1554/1554
f 911/911 910/910 912/912
f 807/807 805/805 2190/2190
f 2171/2171 2173/2173 2174/2174
f 737/737 52/52 2381/2381
f 1527/1527 1526/1526 1528/1528
f 1114/1114 1112/1112 1434/1434
f 1640/1640 1639/1639 2208/2208
f 1100/1100 1102/1102 1352/1352
f 1217/1217 1402/1402 2020/2020
f 1668/1668 1886/1886 2232/2232
f 1284/1284 1285/1285 1287/1287
f 1054/1054 1006/1006 2180/2180
f 2306/2306 1609/1609 2508/2508
f 1098/1098 1100/1100 2076/2076
f 422/422 421/421 1980/1980
f 2011/2011 1541/1541 2275/2275
f 1347/1347 1054/1054 2180/2180
f 1555/1555 1422/1422 1574/1574
f 881/881 880/880 882/882
f 1327/1327 1328/1328 2110/2110
f 1142/1142 1018/1018 1143/1143
f 1185/1185 1183/1183 1421/1421
f 1168/1168 1167/1167 1171/1171
f 1043/1043 989/989 2264/2264
f 1857/1857 1850/1850 2187/2187
f 744/744 1897/1897 1898/1898
f 1478/1478 1477/1477 1599/1599
f 2171/2171 2172/2172 2173/2173
f 1334/1334 1335/1335 1336/1336
f 2205/2205 2203/2203 2451/2451
f 773/773 772/772 774/774
f 771/771 770/770 772/772
f 837/837 835/835 2194/2194
f 1328/1328 1333/1333 1334/1334
f 1428/1428 1364/1364 1441/1441
f 1437/1437 1594/1594 1611/1611
f 1046/1046 1048/1048 1360/1360
f 1170/1170 1131/1131 2189/2189
f 1429/1429 2170/2170 2171/2171
f 1349/1349 1036/1036 2244/2244
f 1241/1241 1170/1170 2189/2189
f 2068/2068 2177/2177 2904/2904
f 1694/1694 1905/1905 2071/2071
f 1432/1432 1648/1648 1649/1649
f 769/769 768/768 770/770
f 1157/1157 1158/1158 1159/1159
f 2067/2067 1573/1573 2270/2270
f 1475/1475 1474/1474 1577/1577
f 2100/2100 2101/2101 2102/2102
f 946/946 936/936 947/947
f 2173/2173 2175/2175 2176/2176
f 1625/1625 1441/1441 2150/2150
f 1561/1561 1994/1994 2269/2269
f 1106/1106 1108/1108 2156/2156
f 781/781 782/782 2274/2274
f 1370/1370 1561/1561 2269/2269
f 1599/1599 1477/1477 2216/2216
f 883/883 882/882 884/884
f 1108/1108 1560/1560 2156/2156
f 756/756 755/755 757/757
f 1324/1324 1326/1326 1327/1327
f 1128/1128 1126/1126 1342/1342
f 770/770 1014/1014 2140/2140
f 1814/1814 1790/1790 2037/2037
f 1159/1159 1444/1444 1987/1987
f 809/809 807/807 949/949
f 1490/1490 1491/1491 1546/1546
f 1177/1177 1429/1429 2086/2086
f 1414/1414 2206/2206 2673/2673
f 1536/1536 1495/1495 2222/2222
f 926/926 924/924 2239/2239
f 2263/2263 1749/1749 2619/2619
f 2145/2145 1964/1964 2146/2146
f 775/775 774/774 777/777
f 1703/1703 1577/1577 2197/2197
f 955/955 890/890 2142/2142
f 750/750 1894/1894 2025/2025
f 2229/2229 1110/1110 2231/2231
f 1460/1460 1696/1696 1839/1839
f 1517/1517 1613/1613 1785/1785
f 2077/2077 2079/2079 2081/2081
f 1232/1232 1233/1233 1433/1433
f 1172/1172 1171/1171 1380/1380
f 2079/2079 2078/2078 2080/2080
f 1114/1114 1434/1434 2099/2099
f 1104/1104 1106/1106 1355/1355
f 1008/1008 1015/1015 1016/1016
f 2473/2473 1848/1848 2524/2524
f 981/981 1576/1576 2355/2355
f 1152/1152 1153/1153 1232/1232
f 1126/1126 1123/1123 2237/2237
f 1529/1529 1528/1528 1551/1551
f 842/842 844/844 2279/2279
f 778/778 777/777 779/779
f 2200/2200 2198/2198 2201/2201
f 1441/1441 1364/1364 1564/1564
f 1370/1370 1516/1516 1561/1561
f 1498/1498 1783/1783 1784/1784
f 820/820 819/819 821/821
f 1561/1561 1699/1699 1700/1700
f 1261/1261 1259/1259 2344/2344
f 1653/1653 1852/1852 2271/2271
f 1973/1973 350/350 2415/2415
f 1974/1974 426/426 2433/2433
f 1573/1573 1092/1092 2270/2270
f 759/759 760/760 761/761
f 1161/1161 1193/1193 2293/2293
f 1146/1146 1004/1004 2192/2192
f 978/978 977/977 979/979
f 1001/1001 1046/1046 2223/2223
f 1926/1926 2293/2293 2460/2460
f 1946/1946 2594/2594 2595/2595
f 286/286 745/745 1908/1908
f 1310/1310 1401/1401 2019/2019
f 870/870 868/868 1361/1361
f 750/750 323/323 1894/1894
f 2064/2064 1331/1331 2066/2066
f 947/947 936/936 2055/2055
f 1085/1085 1087/1087 2211/2211
f 875/875 842/842 2279/2279
f 1348/1348 1098/1098 2076/2076
f 1616/1616 1417/1417 1618/1618
f 1277/1277 1279/1279 2195/2195
f 2342/2342 1646/1646 2573/2573
f 1495/1495 1511/1511 1694/1694
f 1572/1572 1656/1656 2234/2234
f 1544/1544 1545/1545 1711/1711
f 1581/1581 1616/1616 1617/1617
f 744/744 289/289 1897/1897
f 753/753 737/737 754/754
f 2045/2045 1585/1585 2578/2578
f 822/822 821/821 823/823
f 1617/1617 2126/2126 2127/2127
f 2224/2224 2225/2225 2786/2786
f 1050/1050 1056/1056 1370/1370
f 1486/1486 1487/1487 1506/1506
f 1590/1590 2098/2098 2240/2240
f 1482/1482 1481/1481 1505/1505
f 1504/1504 1537/1537 1828/1828
f 1853/1853 1455/1455 1854/1854
f 770/770 768/768 1014/1014
f 1468/1468 1467/1467 1744/1744
f 764/764 763/763 765/765
f 1409/1409 1408/1408 1622/1622
f 1108/1108 1133/1133 1560/1560
f 1514/1514 1492/1492 1515/1515
f 753/753 755/755 756/756
f 1578/1578 2055/2055 2056/2056
f 1530/1530 730/730 2220/2220
f 1279/1279 1281/1281 1282/1282
f 1122/1122 1417/1417 1581/1581
f 2048/2048 956/956 2565/2565
f 1036/1036 1034/1034 2244/2244
f 1589/1589 2240/2240 2241/2241
f 1557/1557 1706/1706 1707/1707
f 1175/1175 1147/1147 2170/2170
f 1728/1728 2278/2278 2309/2309
f 1823/1823 1618/1618 1984/1984
f 1244/1244 1242/1242 1245/1245
f 750/750 2025/2025 2849/2849
f 1488/1488 1530/1530 1531/1531
f 1480/1480 1586/1586 1587/1587
f 1301/1301 1303/1303 1304/1304
f 1166/1166 1164/1164 1167/1167
f 2113/2113 1433/1433 2117/2117
f 1487/1487 733/733 1520/1520
f 745/745 1914/1914 2250/2250
f 1268/1268 2669/2669 2738/2738
f 1310/1310 1311/1311 1312/1312
f 1149/1149 1151/1151 1152/1152
f 1482/1482 1523/1523 1679/1679
f 723/723 1474/1474 1475/1475
f 2056/2056 2057/2057 2058/2058
f 973/973 976/976 2203/2203
f 1586/1586 735/735 1588/1588
f 1269/1269 1265/1265 1364/1364
f 1490/1490 717/717 1491/1491
f 782/782 785/785 2274/2274
f 1205/1205 1207/1207 1208/1208
f 853/853 852/852 854/854
f 1566/1566 1848/1848 2326/2326
f 1016/1016 1138/1138 2084/2084
f 1183/1183 1181/1181 2249/2249
f 951/951 854/854 2106/2106
f 824/824 823/823 825/825
f 1653/1653 1623/1623 1852/1852
f 1552/1552 1614/1614 1952/1952
f 1639/1639 2179/2179 2208/2208
f 1951/1951 1586/1586 2188/2188
f 1346/1346 1054/1054 1347/1347
f 2112/2112 2111/2111 2214/2214
f 734/734 1790/1790 1814/1814
f 1618/1618 1417/1417 2280/2280
f 1850/1850 1601/1601 1851/1851
f 1914/1914 707/707 1915/1915
f 1112/1112 1110/1110 2229/2229
f 2477/2477 1871/1871 2757/2757
f 1795/1795 1794/1794 1820/1820
f 1639/1639 1487/1487 2178/2178
f 1484/1484 1671/1671 1819/1819
f 1537/1537 739/739 1821/1821
f 1474/1474 1473/1473 1568/1568
f 2197/2197 1577/1577 2198/2198
f 756/756 758/758 2258/2258
f 731/731 1468/1468 1469/1469
f 1159/1159 1160/1160 1161/1161
f 1263/1263 1261/1261 1272/1272
f 1523/1523 1505/1505 2164/2164
f 917/917 916/916 918/918
f 1531/1531 1601/1601 1602/1602
f 1499/1499 1813/1813 2238/2238
f 985/985 979/979 986/986
f 2089/2089 2087/2087 2090/2090
f 1697/1697 1698/1698 1731/1731
f 1992/1992 1618/1618 2280/2280
f 1699/1699 1516/1516 2122/2122
f 1255/1255 1253/1253 1408/1408
f 1876/1876 742/742 2243/2243
f 1006/1006 989/989 1043/1043
f 1483/1483 736/736 2261/2261
f 1506/1506 1639/1639 1640/1640
f 1061/1061 1499/1499 2238/2238
f 1248/1248 1246/1246 1249/1249
f 1185/1185 1421/1421 1422/1422
f 1259/1259 1256/1256 2283/2283
f 1622/1622 1624/1624 1753/1753
f 788/788 787/787 789/789
f 1555/1555 1574/1574 1575/1575
f 1559/1559 1830/1830 1831/1831
f 1456/1456 1167/1167 2169/2169
f 999/999 994/994 2275/2275
f 945/945 789/789 2109/2109
f 1489/1489 1490/1490 1507/1507
f 1240/1240 1241/1241 1242/1242
f 1822/1822 1821/1821 1900/1900
f 1495/1495 719/719 1511/1511
f 1380/1380 2085/2085 2505/2505
f 1469/1469 1650/1650 1651/1651
f 1856/1856 1636/1636 2500/2500
f 1887/1887 1889/1889 2210/2210
f 1440/1440 1676/1676 1678/1678
f 2107/2107 848/848 2602/2602
f 1575/1575 1989/1989 1990/1990
f 1969/1969 1807/1807 2688/2688
f 790/790 789/789 791/791
f 1025/1025 759/759 2215/2215
f 1494/1494 1495/1495 1536/1536
f 1533/1533 1353/1353 1603/1603
f 1686/1686 1540/1540 1745/1745
f 1790/1790 1496/1496 1791/1791
f 1156/1156 1339/1339 1509/1509
f 1516/1516 1372/1372 1517/1517
f 1276/1276 1229/1229 1277/1277
f 756/756 757/757 758/758
f 1312/1312 1313/1313 1314/1314
f 1244/1244 1245/1245 1246/1246
f 1046/1046 1360/1360 2223/2223
f 745/745 285/285 1914/1914
f 1133/1133 1149/1149 2254/2254
f 324/324 750/750 1909/1909
f 1946/1946 1820/1820 2003/2003
f 1342/1342 1126/1126 2237/2237
f 1602/1602 1850/1850 1857/1857
f 792/792 791/791 793/793
f 1409/1409 1622/1622 1623/1623
f 1437/1437 1611/1611 2515/2515
f 1920/1920 1919/1919 2312/2312
f 1447/1447 1448/1448 1589/1589
f 2222/2222 1645/1645 2628/2628
f 1505/1505 1868/1868 2164/2164
f 855/855 854/854 856/856
f 1937/1937 708/708 2549/2549
f 1665/1665 1727/1727 1728/1728
f 1217/1217 1218/1218 1219/1219
f 1414/1414 1199/1199 2206/2206
f 720/720 1477/1477 1478/1478
f 1819/1819 2096/2096 2097/2097
f 1731/1731 1880/1880 1881/1881
f 1882/1882 1883/1883 2660/2660
f 1359/1359 1997/1997 2834/2834
f 984/984 1053/1053 2339/2339
f 765/765 766/766 2193/2193
f 284/284 707/707 1914/1914
f 713/713 325/325 1909/1909
f 1472/1472 732/732 2260/2260
f 1208/1208 1379/1379 2005/2005
f 879/879 874/874 880/880
f 1255/1255 1408/1408 1409/1409
f 1370/1370 1056/1056 1372/1372
f 759/759 761/761 2215/2215
f 1921/1921 711/711 1922/1922
f 919/919 918/918 920/920
f 1475/1475 1577/1577 1703/1703
f 782/782 780/780 783/783
f 909/909 906/906 910/910
f 1911/1911 704/704 1912/1912
f 1742/1742 1999/1999 2154/2154
f 761/761 764/764 2215/2215
f 1649/1649 1833/1833 1834/1834
f 774/774 776/776 2248/2248
f 993/993 986/986 994/994
f 1442/1442 1625/1625 1719/1719
f 1695/1695 1451/1451 1811/1811
f 2138/2138 2135/2135 2139/2139
f 1498/1498 1508/1508 1783/1783
f 1102/1102 1104/1104 2252/2252
f 915/915 913/913 916/916
f 2114/2114 2112/2112 2115/2115
f 1785/1785 1613/1613 1786/1786
f 1590/1590 1809/1809 2098/2098
f 1337/1337 819/819 2044/2044
f 1623/1623 1622/1622 2191/2191
f 1428/1428 1441/1441 1442/1442
f 973/973 975/975 976/976
f 2248/2248 776/776 2528/2528
f 1214/1214 1216/1216 1217/1217
f 889/889 888/888 890/890
f 1085/1085 1086/1086 1087/1087
f 1120/1120 1118/1118 2280/2280
f 1694/1694 1511/1511 1905/1905
f 2244/2244 1034/1034 2345/2345
f 1161/1161 1162/1162 1193/1193
f 882/882 880/880 2329/2329
f 1307/1307 1309/1309 1310/1310
f 1087/1087 1088/1088 1092/1092
f 1938/1938 705/705 2028/2028
f 2000/2000 2255/2255 2732/2732
f 794/794 793/793 795/795
f 786/786 784/784 787/787
f 1111/1111 1110/1110 1112/1112
f 2298/2298 2261/2261 2707/2707
f 1465/1465 1806/1806 2331/2331
f 1113/1113 1112/1112 1114/1114
f 2100/2100 1434/1434 2101/2101
f 290/290 744/744 1975/1975
f 2116/2116 2112/2112 2214/2214
f 1429/1429 1175/1175 2170/2170
f 1048/1048 1050/1050 2269/2269
f 1852/1852 1623/1623 2191/2191
f 765/765 763/763 766/766
f 1710/1710 2028/2028 2606/2606
f 1144/1144 1163/1163 1164/1164
f 758/758 759/759 1025/1025
f 2824/2824 2218/2218 2850/2850
f 1199/1199 1201/1201 2206/2206
f 2006/2006 1584/1584 2007/2007
f 2029/2029 1380/1380 2505/2505
f 946/946 947/947 958/958
f 1304/1304 1538/1538 1998/1998
f 1753/1753 1754/1754 2186/2186
f 1589/1589 1590/1590 2240/2240
f 704/704 291/291 1975/1975
f 1385/1385 112/112 2657/2657
f 924/924 1024/1024 2239/2239
f 1668/1668 942/942 1669/1669
f 826/826 825/825 827/827
f 818/818 815/815 819/819
f 2045/2045 2044/2044 2046/2046
f 761/761 763/763 764/764
f 1644/1644 1443/1443 2255/2255
f 759/759 757/757 760/760
f 1626/1626 1455/1455 1853/1853
f 1314/1314 1315/1315 1316/1316
f 1746/1746 910/910 2040/2040
f 1219/1219 1220/1220 1221/1221
f 2738/2738 2166/2166 2804/2804
f 1225/1225 1227/1227 2226/2226
f 1755/1755 1431/1431 1818/1818
f 958/958 959/959 967/967
f 887/887 885/885 888/888
f 292/292 704/704 1911/1911
f 1142/1142 1143/1143 1144/1144
f 1246/1246 1245/1245 2251/2251
f 1905/1905 1511/1511 2820/2820
f 1269/1269 1364/1364 1428/1428
f 921/921 920/920 922/922
f 913/913 912/912 2108/2108
f 315/315 705/705 1938/1938
f 1356/1356 1225/1225 2226/2226
f 998/998 994/994 999/999
f 1347/1347 2181/2181 2182/2182
f 707/707 283/283 1977/1977
f 1011/1011 1061/1061 1358/1358
f 2174/2174 2173/2173 2256/2256
f 891/891 890/890 892/892
f 2171/2171 2170/2170 2172/2172
f 1554/1554 1567/1567 1569/1569
f 300/300 706/706 1940/1940
f 1622/1622 1408/1408 1624/1624
f 1176/1176 1175/1175 1177/1177
f 967/967 968/968 972/972
f 1291/1291 1292/1292 1293/1293
f 2140/2140 1014/1014 2141/2141
f 1967/1967 1021/1021 2795/2795
f 1851/1851 2351/2351 2886/2886
f 780/780 779/779 2161/2161
f 1834/1834 1835/1835 1836/1836
f 2122/2122 2123/2123 2583/2583
f 2000/2000 1644/1644 2255/2255
f 984/984 974/974 1052/1052
f 331/331 708/708 1937/1937
f 968/968 959/959 2368/2368
f 1677/1677 2067/2067 2068/2068
f 2187/2187 1129/1129 2748/2748
f 295/295 711/711 1921/1921
f 711/711 294/294 1979/1979
f 1574/1574 1422/1422 2167/2167
f 2173/2173 2172/2172 2175/2175
f 310/310 712/712 2031/2031
f 1193/1193 1194/1194 1195/1195
f 761/761 760/760 762/762
f 1235/1235 1368/1368 1498/1498
f 1782/1782 1418/1418 2519/2519
f 1777/1777 107/107 1832/1832
f 1115/1115 1114/1114 1116/1116
f 2689/2689 1841/1841 2794/2794
f 2053/2053 2052/2052 2054/2054
f 1152/1152 1151/1151 1153/1153
f 2194/2194 835/835 2612/2612
f 1181/1181 1392/1392 2249/2249
f 1004/1004 996/996 2192/2192
f 1509/1509 1510/1510 1525/1525
f 828/828 827/827 829/829
f 1038/1038 1042/1042 1359/1359
f 893/893 892/892 894/894
f 845/845 843/843 848/848
f 1433/1433 1233/1233 2120/2120
f 1753/1753 2186/2186 2880/2880
f 1499/1499 1591/1591 1813/1813
f 1447/1447 1589/1589 2586/2586
f 1288/1288 1290/1290 1291/1291
f 2325/2325 1646/1646 2342/2342
f 712/712 309/309 2257/2257
f 1249/1249 1246/1246 2251/2251
f 972/972 973/973 2203/2203
f 1288/1288 1291/1291 2262/2262
f 764/764 765/765 767/767
f 923/923 922/922 924/924
f 851/851 849/849 852/852
f 1013/1013 1004/1004 1146/1146
f 1040/1040 1036/1036 1349/1349
f 1728/1728 2276/2276 2278/2278
f 1174/1174 1147/1147 1175/1175
f 857/857 856/856 858/858
f 2182/2182 2183/2183 2184/2184
f 2730/2730 1799/1799 2782/2782
f 2139/2139 2135/2135 2915/2915
f 830/830 829/829 831/831
f 2119/2119 2118/2118 2273/2273
f 1877/1877 1643/1643 1878/1878
f 1080/1080 1084/1084 1085/1085
f 832/832 831/831 833/833
f 1720/1720 1025/1025 1724/1724
f 2321/2321 1642/1642 2545/2545
f 1221/1221 1222/1222 1223/1223
f 1232/1232 1153/1153 1233/1233
f 1445/1445 1455/1455 1626/1626
f 1149/1149 1152/1152 2254/2254
f 1929/1929 749/749 1930/1930
f 1352/1352 1102/1102 2252/2252
f 1178/1178 1177/1177 1179/1179
f 895/895 894/894 896/896
f 983/983 966/966 2297/2297
f 1553/1553 1549/1549 1985/1985
f 746/746 1921/1921 1924/1924
f 767/767 768/768 769/769
f 1855/1855 2636/2636 2760/2760
f 1725/1725 2016/2016 2871/2871
f 912/912 1949/1949 2108/2108
f 2140/2140 2141/2141 2253/2253
f 1304/1304 1303/1303 1305/1305
f 1091/1091 1082/1082 1110/1110
f 1195/1195 1196/1196 1197/1197
f 1447/1447 1446/1446 1448/1448
f 796/796 795/795 797/797
f 1597/1597 1596/1596 2121/2121
f 1532/1532 1710/1710 1882/1882
f 1253/1253 1250/1250 2287/2287
f 1375/1375 1668/1668 2321/2321
f 1540/1540 1059/1059 2292/2292
f 1306/1306 1305/1305 1307/1307
f 1117/1117 1116/1116 1118/1118
f 1566/1566 1847/1847 1848/1848
f 2041/2041 2040/2040 2042/2042
f 771/771 772/772 773/773
f 2281/2281 1719/1719 2282/2282
f 769/769 770/770 771/771
f 92/92 1773/1773 1971/1971
f 1247/1247 1246/1246 1248/1248
f 1213/1213 1209/1209 1214/1214
f 1661/1661 1665/1665 2309/2309
f 1046/1046 1047/1047 1048/1048
f 1946/1946 2595/2595 2837/2837
f 1180/1180 1179/1179 1181/1181
f 1119/1119 1118/1118 1120/1120
f 1811/1811 1451/1451 2479/2479
f 779/779 1501/1501 2161/2161
f 859/859 858/858 860/860
f 801/801 799/799 2359/2359
f 1763/1763 137/137 1885/1885
f 1724/1724 2506/2506 2572/2572
f 702/702 1896/1896 2491/2491
f 1624/1624 1408/1408 2287/2287
f 925/925 924/924 926/926
f 2705/2705 2141/2141 2752/2752
f 1798/1798 1799/1799 2730/2730
f 1886/1886 1669/1669 1887/1887
f 72/72 1769/1769 1891/1891
f 1316/1316 1317/1317 1318/1318
f 1767/1767 33/33 1893/1893
f 1728/1728 1727/1727 1729/1729
f 1443/1443 1399/1399 1709/1709
f 1243/1243 1242/1242 1244/1244
f 293/293 1911/1911 1979/1979
f 773/773 774/774 775/775
f 1121/1121 1120/1120 1122/1122
f 1096/1096 1097/1097 1098/1098
f 1378/1378 1025/1025 1720/1720
f 755/755 754/754 1026/1026
f 1999/1999 1644/1644 2000/2000
f 2092/2092 2091/2091 2093/2093
f 2024/2024 1414/1414 2538/2538
f 2653/2653 2278/2278 2899/2899
f 798/798 797/797 799/799
f 1293/1293 1294/1294 1295/1295
f 861/861 860/860 862/862
f 1157/1157 1155/1155 1158/1158
f 1018/1018 1016/1016 2084/2084
f 1208/1208 1207/1207 1209/1209
f 2593/2593 2747/2747 2819/2819
f 1943/1943 1941/1941 1981/1981
f 1636/1636 1397/1397 2336/2336
f 1182/1182 1181/1181 1183/1183
f 976/976 977/977 978/978
f 1994/1994 1700/1700 1995/1995
f 1128/1128 1342/1342 2514/2514
f 1505/1505 1867/1867 1868/1868
f 1753/1753 1624/1624 1754/1754
f 1471/1471 1841/1841 2689/2689
f 834/834 833/833 835/835
f 2272/2272 2540/2540 2825/2825
f 1569/1569 1570/1570 1571/1571
f 1327/1327 1326/1326 1328/1328
f 1026/1026 1687/1687 2242/2242
f 1007/1007 999/999 1008/1008
f 1098/1098 1099/1099 1100/1100
f 2186/2186 2698/2698 2880/2880
f 1468/1468 1744/1744 2464/2464
f 911/911 912/912 913/913
f 2041/2041 1802/1802 2822/2822
f 1048/1048 1049/1049 1050/1050
f 909/909 910/910 911/911
f 2128/2128 2127/2127 2129/2129
f 981/981 991/991 1576/1576
f 881/881 882/882 883/883
f 1093/1093 1095/1095 1096/1096
f 775/775 777/777 778/778
f 1578/1578 947/947 2055/2055
f 1525/1525 1526/1526 1527/1527
f 1799/1799 2476/2476 2782/2782
f 800/800 799/799 801/801
f 863/863 862/862 864/864
f 1334/1334 1333/1333 1335/1335
f 784/784 783/783 2308/2308
f 1465/1465 1797/1797 1806/1806
f 1887/1887 2210/2210 2892/2892
f 2144/2144 1624/1624 2287/2287
f 778/778 779/779 780/780
f 1254/1254 1253/1253 1255/1255
f 2305/2305 2244/2244 2306/2306
f 1053/1053 1052/1052 1154/1154
f 2538/2538 1925/1925 2544/2544
f 760/760 757/757 2299/2299
f 4/4 1940/1940 2257/2257
f 2123/2123 1785/1785 2697/2697
f 1498/1498 1368/1368 1508/1508
f 1977/1977 282/282 2227/2227
f 1001/1001 1045/1045 1046/1046
f 1456/1456 2009/2009 2683/2683
f 879/879 880/880 881/881
f 1282/1282 1281/1281 1283/1283
f 1286/1286 1280/1280 2333/2333
f 1166/1166 1167/1167 1168/1168
f 2089/2089 2090/2090 2295/2295
f 897/897 896/896 898/898
f 1601/1601 1530/1530 2219/2219
f 2039/2039 1571/1571 2234/2234
f 1239/1239 1170/1170 1240/1240
f 736/736 1482/1482 2261/2261
f 1652/1652 1623/1623 1653/1653
f 1984/1984 1992/1992 1993/1993
f 802/802 801/801 803/803
f 2565/2565 956/956 2614/2614
f 1022/1022 2124/2124 2835/2835
f 2130/2130 2129/2129 2131/2131
f 1100/1100 1101/1101 1102/1102
f 1939/1939 1938/1938 2617/2617
f 1050/1050 1370/1370 2269/2269
f 758/758 1025/1025 1378/1378
f 1284/1284 1283/1283 1285/1285
f 883/883 884/884 885/885
f 2071/2071 1905/1905 2265/2265
f 1437/1437 1336/1336 1594/1594
f 2021/2021 1653/1653 2022/2022
f 2080/2080 2082/2082 2083/2083
f 1554/1554 1365/1365 1567/1567
f 746/746 296/296 1921/1921
f 937/937 946/946 2327/2327
f 749/749 311/311 2031/2031
f 1539/1539 1464/1464 1861/1861
f 1093/1093 1096/1096 2270/2270
f 1280/1280 1430/1430 2333/2333
f 1693/1693 1187/1187 2300/2300
f 2241/2241 1702/1702 2586/2586
f 1951/1951 2600/2600 2690/2690
f 1363/1363 2112/2112 2114/2114
f 782/782 783/783 784/784
f 820/820 821/821 822/822
f 818/818 819/819 820/820
f 1589/1589 1448/1448 1590/1590
f 1015/1015 999/999 2275/2275
f 1248/1248 1249/1249 1250/1250
f 2022/2022 2271/2271 2272/2272
f 2199/2199 1064/1064 2547/2547
f 845/845 848/848 849/849
f 1260/1260 1259/1259 1261/1261
f 1233/1233 1234/1234 1235/1235
f 1168/1168 1171/1171 1172/1172
f 836/836 835/835 837/837
f 1102/1102 1103/1103 1104/1104
f 822/822 823/823 824/824
f 1630/1630 1906/1906 1907/1907
f 755/755 1026/1026 2299/2299
f 1184/1184 1183/1183 1185/1185
f 1866/1866 1536/1536 1901/1901
f 1843/1843 738/738 2317/2317
f 1466/1466 1422/1422 1555/1555
f 1933/1933 1930/1930 1935/1935
f 987/987 1011/1011 2346/2346
f 281/281 748/748 2227/2227
f 1156/1156 1509/1509 2339/2339
f 2151/2151 1564/1564 2153/2153
f 2669/2669 2166/2166 2738/2738
f 1642/1642 1715/1715 2545/2545
f 1527/1527 1528/1528 1529/1529
f 989/989 983/983 2264/2264
f 1050/1050 1051/1051 1056/1056
f 2022/2022 1653/1653 2271/2271
f 2004/2004 2335/2335 2775/2775
f 1318/1318 1319/1319 1320/1320
f 1378/1378 1721/1721 1722/1722
f 1127/1127 1126/1126 1128/1128
f 1368/1368 1369/1369 2263/2263
f 2103/2103 2102/2102 2284/2284
f 1806/1806 1807/1807 2828/2828
f 328/328 747/747 1963/1963
f 1295/1295 1296/1296 1297/1297
f 1517/1517 1518/1518 1613/1613
f 1722/1722 1721/1721 1723/1723
f 1130/1130 1128/1128 1131/1131
f 1442/1442 1719/1719 2281/2281
f 851/851 852/852 853/853
f 853/853 854/854 855/855
f 1197/1197 1198/1198 1199/1199
f 865/865 864/864 866/866
f 1287/1287 1285/1285 1288/1288
f 1104/1104 1105/1105 1106/1106
f 1669/1669 942/942 2329/2329
f 2505/2505 2085/2085 2779/2779
f 2093/2093 2454/2454 2743/2743
f 1378/1378 1720/1720 1721/1721
f 838/838 837/837 839/839
f 1223/1223 1224/1224 1225/1225
f 1728/1728 1729/1729 2276/2276
f 1125/1125 1123/1123 1126/1126
f 1169/1169 1131/1131 1170/1170
f 2056/2056 2055/2055 2057/2057
f 915/915 916/916 917/917
f 1262/1262 1261/1261 1263/1263
f 1083/1083 1079/1079 2328/2328
f 2477/2477 2763/2763 2874/2874
f 1111/1111 1112/1112 1113/1113
f 978/978 979/979 985/985
f 2162/2162 2075/2075 2651/2651
f 786/786 787/787 788/788
f 797/797 961/961 2589/2589
f 2608/2608 2756/2756 2803/2803
f 1697/1697 1461/1461 1698/1698
f 1609/1609 1027/1027 2350/2350
f 1264/1264 1263/1263 1265/1265
f 804/804 803/803 805/805
f 1013/1013 1146/1146 1147/1147
f 1087/1087 1086/1086 1088/1088
f 1564/1564 1364/1364 2163/2163
f 1106/1106 1107/1107 1108/1108
f 1781/1781 2590/2590 2804/2804
f 1417/1417 1120/1120 2280/2280
f 1677/1677 1573/1573 2067/2067
f 1724/1724 2316/2316 2506/2506
f 1576/1576 2224/2224 2786/2786
f 1159/1159 1158/1158 1160/1160
f 833/833 963/963 2612/2612
f 1359/1359 1042/1042 2268/2268
f 1085/1085 1084/1084 1086/1086
f 1235/1235 1236/1236 1368/1368
f 1551/1551 1528/1528 2831/2831
f 2007/2007 2488/2488 2501/2501
f 1611/1611 1594/1594 2029/2029
f 1091/1091 1110/1110 1111/1111
f 788/788 789/789 790/790
f 899/899 898/898 900/900
f 790/790 791/791 792/792
f 1310/1310 1309/1309 1311/1311
f 1695/1695 1811/1811 1812/1812
f 917/917 918/918 919/919
f 1065/1065 2123/2123 2661/2661
f 2132/2132 2131/2131 2133/2133
f 1619/1619 1620/1620 1903/1903
f 1149/1149 1150/1150 1151/1151
f 1342/1342 2290/2290 2450/2450
f 2180/2180 1043/1043 2818/2818
f 873/873 878/878 2352/2352
f 1368/1368 1236/1236 1369/1369
f 2027/2027 1058/1058 2629/2629
f 1073/1073 1076/1076 2324/2324
f 1113/1113 1114/1114 1115/1115
f 1266/1266 1265/1265 1269/1269
f 985/985 986/986 993/993
f 1133/1133 1148/1148 1149/1149
f 1174/1174 1175/1175 1176/1176
f 1092/1092 1088/1088 1093/1093
f 792/792 793/793 794/794
f 1108/1108 1132/1132 1133/1133
f 1595/1595 760/760 2299/2299
f 60/60 368/368 1759/1759
f 397/397 91/91 1758/1758
f 126/126 435/435 1757/1757
f 389/389 83/83 1774/1774
f 340/340 33/33 1767/1767
f 413/413 107/107 1777/1777
f 373/373 67/67 1778/1778
f 92/92 400/400 1773/1773
f 34/34 343/343 1764/1764
f 393/393 87/87 1770/1770
f 361/361 55/55 1768/1768
f 405/405 99/99 1766/1766
f 432/432 125/125 1771/1771
f 440/440 133/133 1775/1775
f 353/353 352/352 1973/1973
f 38/38 347/347 1765/1765
f 417/417 111/111 1780/1780
f 72/72 380/380 1769/1769
f 56/56 364/364 1779/1779
f 332/332 25/25 1772/1772
f 100/100 408/408 1760/1760
f 26/26 335/335 1776/1776
f 444/444 137/137 1763/1763
f 429/429 428/428 1974/1974
f 377/377 71/71 1762/1762
f 76/76 384/384 1761/1761
f 887/887 888/888 889/889
f 1991/1991 1574/1574 2167/2167
f 1818/1818 2481/2481 2494/2494
f 2852/2852 1900/1900 2867/2867
f 1287/1287 1288/1288 2262/2262
f 1544/1544 1711/1711 1712/1712
f 927/927 926/926 928/928
f 824/824 825/825 826/826
f 1367/1367 1187/1187 1693/1693
f 2038/2038 2039/2039 2408/2408
f 901/901 900/900 902/902
f 1029/1029 1609/1609 2345/2345
f 1380/1380 2029/2029 2711/2711
f 2004/2004 2003/2003 2105/2105
f 956/956 918/918 2639/2639
f 709/709 1968/1968 2304/2304
f 1919/1919 2026/2026 2312/2312
f 1312/1312 1311/1311 1313/1313
f 1244/1244 1246/1246 1247/1247
f 1997/1997 1990/1990 2713/2713
f 1225/1225 1226/1226 1227/1227
f 1252/1252 1250/1250 1253/1253
f 1017/1017 1016/1016 1018/1018
f 1508/1508 1368/1368 2263/2263
f 1569/1569 1567/1567 1570/1570
f 2088/2088 2091/2091 2092/2092
f 1217/1217 1216/1216 1218/1218
f 919/919 920/920 921/921
f 1320/1320 1321/1321 1322/1322
f 2006/2006 2007/2007 2008/2008
f 1752/1752 2655/2655 2754/2754
f 1755/1755 1818/1818 1969/1969
f 1349/1349 2244/2244 2305/2305
f 993/993 994/994 998/998
f 867/867 866/866 868/868
f 1272/1272 2021/2021 2891/2891
f 1193/1193 1522/1522 2293/2293
f 1571/1571 1572/1572 2234/2234
f 2212/2212 1678/1678 2294/2294
f 1723/1723 1721/1721 1749/1749
f 2079/2079 2373/2373 2439/2439
f 2250/2250 1915/1915 2815/2815
f 2050/2050 2052/2052 2053/2053
f 2219/2219 1530/1530 2220/2220
f 1700/1700 1699/1699 2303/2303
f 1561/1561 1700/1700 1994/1994
f 1176/1176 1177/1177 1178/1178
f 1297/1297 1298/1298 1299/1299
f 1409/1409 1623/1623 1652/1652
f 1199/1199 1200/1200 1201/1201
f 1227/1227 1228/1228 1229/1229
f 1223/1223 1356/1356 2848/2848
f 1423/1423 1606/1606 1619/1619
f 1890/1890 1361/1361 2833/2833
f 95/95 731/731 2338/2338
f 1515/1515 1492/1492 1869/1869
f 1403/1403 1059/1059 1540/1540
f 1408/1408 1253/1253 2287/2287
f 1092/1092 1093/1093 2270/2270
f 1435/1435 1410/1410 1793/1793
f 1488/1488 1531/1531 1870/1870
f 869/869 868/868 870/870
f 855/855 856/856 857/857
f 1745/1745 1540/1540 2292/2292
f 889/889 890/890 891/891
f 1505/1505 1481/1481 1867/1867
f 1235/1235 1234/1234 1236/1236
f 1337/1337 2045/2045 2885/2885
f 1846/1846 2121/2121 2687/2687
f 2137/2137 2135/2135 2138/2138
f 757/757 755/755 2299/2299
f 921/921 922/922 923/923
f 903/903 902/902 904/904
f 1700/1700 2303/2303 2457/2457
f 806/806 805/805 807/807
f 2134/2134 2133/2133 2135/2135
f 1201/1201 1202/1202 1203/1203
f 1161/1161 1160/1160 1162/1162
f 1462/1462 1418/1418 1782/1782
f 1115/1115 1116/1116 1117/1117
f 1509/1509 1803/1803 2339/2339
f 2366/2366 1628/1628 2486/2486
f 1482/1482 1679/1679 2261/2261
f 1851/1851 1601/1601 2219/2219
f 997/997 989/989 1006/1006
f 1046/1046 1045/1045 1047/1047
f 1607/1607 1540/1540 1686/1686
f 1258/1258 1256/1256 1259/1259
f 2098/2098 1809/1809 2595/2595
f 891/891 892/892 893/893
f 988/988 983/983 989/989
f 1568/1568 1473/1473 1884/1884
f 1347/1347 2182/2182 2503/2503
f 787/787 784/784 2308/2308
f 2025/2025 1895/1895 2654/2654
f 1291/1291 1290/1290 1292/1292
f 826/826 827/827 828/828
f 1396/1396 2302/2302 2851/2851
f 1178/1178 1179/1179 1180/1180
f 1353/1353 1277/1277 2195/2195
f 1052/1052 974/974 2368/2368
f 1219/1219 1218/1218 1220/1220
f 1048/1048 1047/1047 1049/1049
f 1377/1377 1346/1346 1418/1418
f 1067/1067 1054/1054 1346/1346
f 1240/1240 1242/1242 1243/1243
f 1572/1572 1655/1655 1656/1656
f 794/794 795/795 796/796
f 1514/1514 1515/1515 2863/2863
f 1009/1009 1006/1006 1054/1054
f 1484/1484 1819/1819 1892/1892
f 1314/1314 1313/1313 1315/1315
f 808/808 807/807 809/809
f 2464/2464 1621/1621 2522/2522
f 1248/1248 1250/1250 1251/1251
f 1888/1888 1669/1669 2329/2329
f 1423/1423 1271/1271 1606/1606
f 1652/1652 2021/2021 2344/2344
f 1877/1877 1878/1878 1879/1879
f 929/929 928/928 930/930
f 2230/2230 2229/2229 2231/2231
f 1252/1252 1253/1253 1254/1254
f 937/937 936/936 946/946
f 1812/1812 2235/2235 2565/2565
f 1192/1192 2366/2366 2486/2486
f 1951/1951 2188/2188 2643/2643
f 931/931 930/930 936/936
f 893/893 894/894 895/895
f 2276/2276 1729/1729 2277/2277
f 1254/1254 1255/1255 1256/1256
f 1117/1117 1118/1118 1119/1119
f 1617/1617 2127/2127 2128/2128
f 923/923 924/924 925/925
f 1424/1424 1902/1902 2456/2456
f 2182/2182 2184/2184 2503/2503
f 1981/1981 1925/1925 2817/2817
f 2080/2080 2078/2078 2082/2082
f 1494/1494 1536/1536 1866/1866
f 1731/1731 1698/1698 1880/1880
f 1602/1602 1857/1857 1858/1858
f 1469/1469 1651/1651 1787/1787
f 1180/1180 1181/1181 1182/1182
f 1489/1489 1507/1507 1865/1865
f 1158/1158 1155/1155 2369/2369
f 762/762 1595/1595 1615/1615
f 1119/1119 1120/1120 1121/1121
f 828/828 829/829 830/830
f 288/288 287/287 703/703
f 322/322 321/321 702/702
f 2211/2211 2212/2212 2213/2213
f 830/830 831/831 832/832
f 2297/2297 1396/1396 2851/2851
f 832/832 833/833 834/834
f 895/895 896/896 897/897
f 2215/2215 764/764 2316/2316
f 948/948 939/939 1396/1396
f 1984/1984 1618/1618 1992/1992
f 1665/1665 1728/1728 2309/2309
f 1424/1424 1680/1680 1902/1902
f 1657/1657 1659/1659 1662/1662
f 1096/1096 1095/1095 1097/1097
f 2030/2030 1407/1407 2711/2711
f 1233/1233 1153/1153 1234/1234
f 1848/1848 1847/1847 1967/1967
f 1251/1251 1252/1252 1271/1271
f 1619/1619 1606/1606 1620/1620
f 2258/2258 1722/1722 2476/2476
f 2061/2061 2361/2361 2749/2749
f 2351/2351 1851/1851 2696/2696
f 1665/1665 1726/1726 1727/1727
f 1193/1193 1162/1162 1194/1194
f 1273/1273 1083/1083 2328/2328
f 1630/1630 1907/1907 2486/2486
f 1098/1098 1097/1097 1099/1099
f 1652/1652 1653/1653 2021/2021
f 1050/1050 1049/1049 1051/1051
f 1908/1908 2591/2591 2691/2691
f 1151/1151 1150/1150 1343/1343
f 1543/1543 1427/1427 1816/1816
f 1855/1855 1636/1636 1856/1856
f 2204/2204 2203/2203 2205/2205
f 857/857 858/858 859/859
f 1475/1475 1703/1703 1950/1950
f 1121/1121 1122/1122 1123/1123
f 998/998 999/999 1007/1007
f 1141/1141 1018/1018 1142/1142
f 1793/1793 1410/1410 2354/2354
f 982/982 966/966 983/983
f 951/951 2106/2106 2704/2704
f 735/735 104/104 2463/2463
f 1254/1254 1256/1256 1257/1257
f 1241/1241 2535/2535 2607/2607
f 1673/1673 1672/1672 1674/1674
f 1512/1512 1273/1273 1672/1672
f 1606/1606 1271/1271 2296/2296
f 1846/1846 1597/1597 2121/2121
f 1746/1746 2041/2041 2758/2758
f 1251/1251 1271/1271 1373/1373
f 1277/1277 1278/1278 1279/1279
f 1069/1069 1071/1071 1632/1632
f 1316/1316 1315/1315 1317/1317
f 1259/1259 2283/2283 2344/2344
f 1373/1373 1271/1271 1423/1423
f 50/50 358/358 2468/2468
f 2283/2283 1652/1652 2344/2344
f 1678/1678 1965/1965 2294/2294
f 1221/1221 1220/1220 1222/1222
f 1100/1100 1099/1099 1101/1101
f 1247/1247 2241/2241 2627/2627
f 859/859 860/860 861/861
f 796/796 797/797 798/798
f 1256/1256 1255/1255 2283/2283
f 1185/1185 1422/1422 1466/1466
f 840/840 839/839 841/841
f 1661/1661 1664/1664 1665/1665
f 1151/1151 1343/1343 2311/2311
f 834/834 835/835 836/836
f 1204/1204 1202/1202 2479/2479
f 1539/1539 1861/1861 1972/1972
f 1436/1436 1718/1718 2289/2289
f 861/861 862/862 863/863
f 1517/1517 1372/1372 1518/1518
f 1195/1195 1194/1194 1196/1196
f 1436/1436 1717/1717 1718/1718
f 798/798 799/799 800/800
f 1596/1596 1541/1541 2011/2011
f 419/419 113/113 2467/2467
f 1293/1293 1292/1292 1294/1294
f 939/939 937/937 2327/2327
f 1069/1069 1632/1632 2482/2482
f 2032/2032 1599/1599 2824/2824
f 1562/1562 1397/1397 1636/1636
f 2016/2016 2640/2640 2871/2871
f 1254/1254 1257/1257 2296/2296
f 1042/1042 1350/1350 2268/2268
f 1182/1182 1183/1183 1184/1184
f 1271/1271 1252/1252 2296/2296
f 2117/2117 1433/1433 2120/2120
f 1062/1062 1436/1436 2289/2289
f 873/873 870/870 874/874
f 1806/1806 1797/1797 1807/1807
f 1258/1258 1259/1259 1260/1260
f 2128/2128 2129/2129 2130/2130
f 1754/1754 1624/1624 2144/2144
f 863/863 864/864 865/865
f 1255/1255 1409/1409 2283/2283
f 1247/1247 1248/1248 2320/2320
f 1723/1723 1749/1749 1750/1750
f 800/800 801/801 802/802
f 2356/2356 2205/2205 2520/2520
f 2080/2080 2083/2083 2484/2484
f 1579/1579 1416/1416 1801/1801
f 1102/1102 1101/1101 1103/1103
f 925/925 926/926 927/927
f 1418/1418 1346/1346 2503/2503
f 2045/2045 2578/2578 2885/2885
f 1518/1518 2663/2663 2706/2706
f 2220/2220 1503/1503 2664/2664
f 1590/1590 1808/1808 1809/1809
f 836/836 837/837 838/838
f 1386/1386 1439/1439 1670/1670
f 1887/1887 1888/1888 1889/1889
f 1299/1299 1300/1300 1301/1301
f 1575/1575 1990/1990 1997/1997
f 2130/2130 2131/2131 2132/2132
f 838/838 839/839 840/840
f 1260/1260 1261/1261 1262/1262
f 1165/1165 1164/1164 1166/1166
f 850/850 849/849 851/851
f 1026/1026 1521/1521 1687/1687
f 1125/1125 1126/1126 1127/1127
f 1073/1073 1075/1075 1076/1076
f 1322/1322 1323/1323 1324/1324
f 802/802 803/803 804/804
f 2340/2340 2035/2035 2341/2341
f 1428/1428 1442/1442 1608/1608
f 1056/1056 1051/1051 1057/1057
f 995/995 971/971 996/996
f 954/954 970/970 1598/1598
f 957/957 941/941 1400/1400
f 1033/1033 1031/1031 1034/1034
f 2296/2296 1257/1257 2330/2330
f 1871/1871 2477/2477 2874/2874
f 1571/1571 1570/1570 1572/1572
f 905/905 904/904 906/906
f 1130/1130 1131/1131 1169/1169
f 1104/1104 1103/1103 1105/1105
f 1663/1663 1660/1660 1788/1788
f 878/878 954/954 2352/2352
f 1705/1705 1556/1556 2772/2772
f 2177/2177 2081/2081 2904/2904
f 1003/1003 996/996 1004/1004
f 1149/1149 1148/1148 1150/1150
f 1011/1011 1060/1060 1061/1061
f 1203/1203 1204/1204 1205/1205
f 1463/1463 1739/1739 1741/1741
f 1076/1076 1079/1079 1080/1080
f 767/767 769/769 1058/1058
f 1328/1328 1332/1332 1333/1333
f 1169/1169 1170/1170 1239/1239
f 1409/1409 1652/1652 2283/2283
f 710/710 278/278 2579/2579
f 810/810 809/809 811/811
f 1028/1028 1030/1030 1600/1600
f 1251/1251 1250/1250 1252/1252
f 781/781 780/780 782/782
f 1029/1029 1027/1027 1609/1609
f 2110/2110 1649/1649 2462/2462
f 851/851 853/853 871/871
f 2014/2014 1605/1605 2571/2571
f 1127/1127 1128/1128 1130/1130
f 1032/1032 1037/1037 1038/1038
f 1591/1591 2032/2032 2313/2313
f 1262/1262 1263/1263 1264/1264
f 1606/1606 2296/2296 2330/2330
f 987/987 1010/1010 1011/1011
f 1466/1466 1555/1555 1708/1708
f 1106/1106 1105/1105 1107/1107
f 1613/1613 1518/1518 1840/1840
f 1031/1031 1029/1029 2345/2345
f 2225/2225 1995/1995 2527/2527
f 1035/1035 1034/1034 1036/1036
f 1197/1197 1196/1196 1198/1198
f 914/914 913/913 915/915
f 897/897 898/898 899/899
f 848/848 843/843 2662/2662
f 1264/1264 1265/1265 1266/1266
f 1061/1061 1340/1340 1499/1499
f 1324/1324 1325/1325 1326/1326
f 1395/1395 1634/1634 1635/1635
f 1021/1021 2033/2033 2795/2795
f 1091/1091 1111/1111 2291/2291
f 771/771 773/773 943/943
f 1291/1291 1293/1293 2332/2332
f 1173/1173 1147/1147 1174/1174
f 1295/1295 1294/1294 1296/1296
f 1709/1709 1399/1399 2534/2534
f 1038/1038 1041/1041 1042/1042
f 1077/1077 1074/1074 1078/1078
f 2047/2047 1631/1631 2566/2566
f 1591/1591 1688/1688 2032/2032
f 845/845 849/849 850/850
f 1499/1499 1500/1500 1591/1591
f 415/415 109/109 2413/2413
f 110/110 418/418 2413/2413
f 66/66 374/374 2414/2414
f 106/106 414/414 2425/2425
f 128/128 437/437 2424/2424
f 346/346 39/39 2421/2421
f 28/28 337/337 2420/2420
f 426/426 119/119 2433/2433
f 442/442 135/135 2430/2430
f 44/44 353/353 2415/2415
f 338/338 31/31 2434/2434
f 342/342 35/35 2419/2419
f 367/367 61/61 2422/2422
f 359/359 53/53 2416/2416
f 62/62 370/370 2422/2422
f 98/98 406/406 2436/2436
f 403/403 97/97 2436/2436
f 434/434 127/127 2424/2424
f 430/430 123/123 2428/2428
f 120/120 429/429 2433/2433
f 334/334 27/27 2420/2420
f 136/136 445/445 2430/2430
f 363/363 57/57 2423/2423
f 58/58 366/366 2423/2423
f 371/371 65/65 2414/2414
f 54/54 362/362 2416/2416
f 124/124 433/433 2428/2428
f 32/32 341/341 2434/2434
f 411/411 105/105 2425/2425
f 350/350 43/43 2415/2415
f 36/36 345/345 2419/2419
f 40/40 349/349 2421/2421
f 287/287 286/286 1908/1908
f 1459/1459 1189/1189 1621/1621
f 942/942 882/882 2329/2329
f 323/323 322/322 1894/1894
f 860/860 1022/1022 2835/2835
f 1837/1837 1836/1836 1838/1838
f 1223/1223 1222/1222 1224/1224
f 1384/1384 2065/2065 2807/2807
f 289/289 288/288 1897/1897
f 1548/1548 2061/2061 2749/2749
f 1039/1039 1036/1036 1040/1040
f 1108/1108 1107/1107 1132/1132
f 1248/1248 1251/1251 2320/2320
f 2515/2515 1611/1611 2637/2637
f 703/703 2691/2691 2735/2735
f 1012/1012 1004/1004 1013/1013
f 785/785 784/784 786/786
f 1301/1301 1302/1302 1303/1303
f 2062/2062 1052/1052 2368/2368
f 1915/1915 1916/1916 2558/2558
f 1950/1950 1976/1976 2739/2739
f 1608/1608 1442/1442 2281/2281
f 2237/2237 1581/1581 2290/2290
f 1133/1133 1132/1132 1148/1148
f 1252/1252 1254/1254 2296/2296
f 1072/1072 1070/1070 1627/1627
f 1081/1081 1078/1078 1082/1082
f 2114/2114 2115/2115 2805/2805
f 1395/1395 1635/1635 2285/2285
f 2264/2264 983/983 2297/2297
f 1257/1257 1256/1256 1258/1258
f 1742/1742 1644/1644 1999/1999
f 886/886 885/885 887/887
f 1318/1318 1317/1317 1319/1319
f 1619/1619 1903/1903 1904/1904
f 1266/1266 1269/1269 1270/1270
f 2145/2145 1854/1854 2911/2911
f 1008/1008 1016/1016 1017/1017
f 2263/2263 1369/1369 2634/2634
f 1080/1080 1083/1083 1084/1084
f 2036/2036 2342/2342 2573/2573
f 878/878 874/874 879/879
f 965/965 980/980 981/981
f 1236/1236 1234/1234 1610/1610
f 1090/1090 1082/1082 1091/1091
f 2134/2134 2135/2135 2137/2137
f 2702/2702 1920/1920 2799/2799
f 1502/1502 1443/1443 1644/1644
f 1042/1042 1212/1212 1350/1350
f 2121/2121 1596/1596 2893/2893
f 762/762 760/760 1595/1595
f 1425/1425 1238/1238 1426/1426
f 1230/1230 1040/1040 1399/1399
f 899/899 900/900 901/901
f 1011/1011 1358/1358 2346/2346
f 938/938 944/944 1637/1637
f 865/865 866/866 867/867
f 1307/1307 1308/1308 1309/1309
f 1531/1531 1602/1602 2288/2288
f 2079/2079 2080/2080 2373/2373
f 1053/1053 1156/1156 2339/2339
f 90/90 398/398 2437/2437
f 383/383 77/77 2426/2426
f 395/395 89/89 2437/2437
f 102/102 410/410 2429/2429
f 407/407 101/101 2429/2429
f 70/70 378/378 2431/2431
f 391/391 85/85 2417/2417
f 74/74 382/382 2427/2427
f 86/86 394/394 2417/2417
f 94/94 402/402 2432/2432
f 132/132 441/441 2435/2435
f 387/387 81/81 2418/2418
f 78/78 386/386 2426/2426
f 438/438 131/131 2435/2435
f 82/82 390/390 2418/2418
f 379/379 73/73 2427/2427
f 375/375 69/69 2431/2431
f 399/399 93/93 2432/2432
f 1816/1816 1427/1427 2448/2448
f 1279/1279 1280/1280 1281/1281
f 1870/1870 1531/1531 2288/2288
f 2176/2176 2228/2228 2618/2618
f 1398/1398 1563/1563 1683/1683
f 2002/2002 2495/2495 2852/2852
f 1813/1813 1591/1591 2313/2313
f 1406/1406 1399/1399 1443/1443
f 1387/1387 1605/1605 1701/1701
f 901/901 902/902 903/903
f 1040/1040 1349/1349 2534/2534
f 1350/1350 1389/1389 1534/1534
f 2132/2132 2133/2133 2134/2134
f 958/958 967/967 969/969
f 702/702 321/321 1896/1896
f 1729/1729 1727/1727 1810/1810
f 1534/1534 1535/1535 1824/1824
f 1403/1403 1540/1540 1607/1607
f 1257/1257 1258/1258 1268/1268
f 1214/1214 1215/1215 1216/1216
f 324/324 323/323 750/750
f 286/286 285/285 745/745
f 1381/1381 1158/1158 2369/2369
f 908/908 906/906 909/909
f 804/804 805/805 806/806
f 964/964 801/801 2359/2359
f 290/290 289/289 744/744
f 320/320 319/319 751/751
f 1580/1580 1431/1431 1755/1755
f 2101/2101 2230/2230 2502/2502
f 1581/1581 1617/1617 2290/2290
f 1450/1450 1210/1210 1451/1451
f 981/981 990/990 991/991
f 318/318 317/317 709/709
f 292/292 291/291 704/704
f 331/331 330/330 708/708
f 279/279 278/278 710/710
f 326/326 325/325 713/713
f 310/310 309/309 712/712
f 300/300 299/299 706/706
f 315/315 314/314 705/705
f 284/284 283/283 707/707
f 295/295 294/294 711/711
f 867/867 868/868 869/869
f 1630/1630 1689/1689 1906/1906
f 1205/1205 1206/1206 1207/1207
f 2083/2083 2159/2159 2484/2484
f 1704/1704 1584/1584 2006/2006
f 931/931 936/936 937/937
f 1093/1093 1094/1094 1095/1095
f 842/842 841/841 843/843
f 1628/1628 1629/1629 1630/1630
f 1662/1662 2278/2278 2653/2653
f 1656/1656 2356/2356 2520/2520
f 1922/1922 1926/1926 2460/2460
f 814/814 811/811 815/815
f 1602/1602 1858/1858 2288/2288
f 869/869 870/870 873/873
f 988/988 989/989 997/997
f 1396/1396 939/939 2327/2327
f 1524/1524 1451/1451 1695/1695
f 731/731 1469/1469 2338/2338
f 1062/1062 2289/2289 2364/2364
f 927/927 928/928 929/929
f 1878/1878 2478/2478 2489/2489
f 929/929 930/930 931/931
f 2105/2105 1514/1514 2863/2863
f 1668/1668 2232/2232 2321/2321
f 1/1 1937/1937 2579/2579
f 1297/1297 1296/1296 1298/1298
f 2186/2186 1754/1754 2347/2347
f 1257/1257 1268/1268 2330/2330
f 1394/1394 1330/1330 1431/1431
f 1190/1190 1457/1457 1732/1732
f 982/982 983/983 988/988
f 1933/1933 1935/1935 1936/1936
f 1838/1838 2549/2549 2865/2865
f 1134/1134 1411/1411 1628/1628
f 903/903 904/904 905/905
f 1343/1343 1550/1550 2245/2245
f 2715/2715 129/129 2873/2873
f 991/991 1000/1000 1001/1001
f 806/806 807/807 808/808
f 1001/1001 1044/1044 1045/1045
f 1708/1708 1555/1555 2301/2301
f 1184/1184 1185/1185 2300/2300
f 285/285 284/284 1914/1914
f 1523/1523 2164/2164 2655/2655
f 1656/1656 1655/1655 1657/1657
f 325/325 324/324 1909/1909
f 1745/1745 2292/2292 2523/2523
f 1583/1583 1383/1383 1584/1584
f 817/817 815/815 818/818
f 2322/2322 2121/2121 2893/2893
f 1617/1617 2128/2128 2290/2290
f 1144/1144 1164/1164 1165/1165
f 997/997 1006/1006 1009/1009
f 808/808 809/809 810/810
f 1186/1186 1366/1366 1645/1645
f 1673/1673 1674/1674 1675/1675
f 1608/1608 2777/2777 2872/2872
f 1512/1512 1672/1672 1673/1673
f 844/844 843/843 845/845
f 2187/2187 1850/1850 2886/2886
f 1320/1320 1319/1319 1321/1321
f 1665/1665 1664/1664 1726/1726
f 1612/1612 1996/1996 2622/2622
f 1463/1463 1741/1741 2466/2466
f 1009/1009 1054/1054 1067/1067
f 2081/2081 2079/2079 2439/2439
f 1651/1651 1650/1650 2630/2630
f 2165/2165 1839/1839 2888/2888
f 1225/1225 1224/1224 1226/1226
f 1879/1879 1878/1878 2841/2841
f 1067/1067 1346/1346 1377/1377
f 1714/1714 1529/1529 1860/1860
f 1377/1377 1418/1418 1462/1462
f 1672/1672 1273/1273 2328/2328
f 2277/2277 1729/1729 2302/2302
f 2326/2326 1848/1848 2473/2473
f 1234/1234 1153/1153 2311/2311
f 2153/2153 1564/1564 2163/2163
f 1916/1916 1978/1978 2009/2009
f 1976/1976 79/79 2739/2739
f 1657/1657 1662/1662 2356/2356
f 1277/1277 1229/1229 1278/1278
f 2373/2373 813/813 2455/2455
f 1227/1227 1226/1226 1228/1228
f 972/972 2203/2203 2204/2204
f 1590/1590 1448/1448 1808/1808
f 2833/2833 953/953 2895/2895
f 1199/1199 1198/1198 1200/1200
f 2017/2017 1803/1803 2903/2903
f 911/911 913/913 914/914
f 1357/1357 1565/1565 1566/1566
f 775/775 2273/2273 2539/2539
f 840/840 841/841 842/842
f 1013/1013 1147/1147 1173/1173
f 1915/1915 707/707 1916/1916
f 2293/2293 1522/1522 2460/2460
f 2356/2356 1662/1662 2653/2653
f 974/974 968/968 2368/2368
f 1718/1718 1717/1717 2095/2095
f 1007/1007 1008/1008 2314/2314
f 778/778 780/780 781/781
f 291/291 290/290 1975/1975
f 1210/1210 1204/1204 2479/2479
f 1642/1642 1382/1382 1643/1643
f 1187/1187 1184/1184 2300/2300
f 1017/1017 1018/1018 1141/1141
f 1555/1555 1575/1575 2301/2301
f 1251/1251 1373/1373 2320/2320
f 1270/1270 1269/1269 2307/2307
f 1715/1715 1643/1643 1877/1877
f 1723/1723 1750/1750 2318/2318
f 1288/1288 1289/1289 1290/1290
f 1076/1076 1075/1075 1079/1079
f 1124/1124 1123/1123 1125/1125
f 1412/1412 1519/1519 1646/1646
f 1361/1361 868/868 2833/2833
f 1543/1543 1816/1816 1817/1817
f 1124/1124 1191/1191 1647/1647
f 744/744 1898/1898 1899/1899
f 805/805 803/803 2587/2587
f 1588/1588 735/735 2463/2463
f 2059/2059 2369/2369 2869/2869
f 1019/1019 2023/2023 2810/2810
f 1026/1026 754/754 1521/1521
f 1153/1153 1151/1151 2311/2311
f 782/782 784/784 785/785
f 1647/1647 1733/1733 1734/1734
f 293/293 292/292 1911/1911
f 883/883 885/885 886/886
f 1733/1733 1191/1191 1743/1743
f 1350/1350 1534/1534 2471/2471
f 996/996 971/971 2334/2334
f 995/995 996/996 1003/1003
f 1174/1174 1176/1176 1188/1188
f 1260/1260 1262/1262 1388/1388
f 1269/1269 1428/1428 2307/2307
f 1023/1023 1945/1945 2038/2038
f 1887/1887 1669/1669 1888/1888
f 1515/1515 2645/2645 2863/2863
f 316/316 315/315 1938/1938
f 1562/1562 1636/1636 1855/1855
f 767/767 1058/1058 2316/2316
f 1186/1186 1184/1184 1187/1187
f 908/908 909/909 1027/1027
f 333/333 332/332 2267/2267
f 1299/1299 1298/1298 1300/1300
f 1201/1201 1200/1200 1202/1202
f 1044/1044 1000/1000 1059/1059
f 1038/1038 1037/1037 1041/1041
f 283/283 282/282 1977/1977
f 2071/2071 1231/1231 2560/2560
f 1566/1566 1638/1638 1847/1847
f 1113/1113 1115/1115 1129/1129
f 1322/1322 1321/1321 1323/1323
f 1343/1343 1150/1150 1550/1550
f 2576/2576 1005/1005 2621/2621
f 1366/1366 1187/1187 1367/1367
f 1307/1307 1305/1305 1308/1308
f 1691/1691 1367/1367 1692/1692
f 1373/1373 1631/1631 1702/1702
f 1741/1741 1739/1739 2298/2298
f 4/4 300/300 1940/1940
f 1741/1741 2298/2298 2707/2707
f 1376/1376 1172/1172 1407/1407
f 1033/1033 1034/1034 1035/1035
f 1922/1922 711/711 1923/1923
f 2303/2303 1699/1699 2583/2583
f 842/842 843/843 844/844
f 1011/1011 1010/1010 1060/1060
f 2184/2184 1615/1615 2519/2519
f 1190/1190 1059/1059 1403/1403
f 1469/1469 1787/1787 2338/2338
f 1178/1178 1180/1180 1231/1231
f 1/1 331/331 1937/1937
f 1389/1389 1212/1212 1390/1390
f 1003/1003 1004/1004 1012/1012
f 296/296 295/295 1921/1921
f 294/294 293/293 1979/1979
f 764/764 767/767 2316/2316
f 1398/1398 1683/1683 2504/2504
f 1911/1911 1912/1912 1913/1913
f 1203/1203 1202/1202 1204/1204
f 1051/1051 1049/1049 1145/1145
f 1090/1090 1238/1238 1424/1424
f 1047/1047 1045/1045 1374/1374
f 1529/1529 1551/1551 2322/2322
f 1093/1093 1088/1088 1094/1094
f 1023/1023 1007/1007 1055/1055
f 1329/1329 1454/1454 1465/1465
f 1670/1670 1439/1439 1730/1730
f 818/818 820/820 876/876
f 1426/1426 1238/1238 2291/2291
f 311/311 310/310 2031/2031
f 1042/1042 1041/1041 1212/1212
f 1061/1061 1060/1060 1340/1340
f 1077/1077 1078/1078 1081/1081
f 1406/1406 1502/1502 1513/1513
f 2457/2457 932/932 2470/2470
f 1689/1689 1629/1629 2323/2323
f 1080/1080 1079/1079 1083/1083
f 873/873 874/874 878/878
f 864/864 862/862 2827/2827
f 1035/1035 1036/1036 1039/1039
f 1141/1141 1142/1142 1397/1397
f 1502/1502 1644/1644 1742/1742
f 1476/1476 1464/1464 1539/1539
f 1620/1620 1606/1606 2330/2330
f 957/957 1400/1400 2334/2334
f 840/840 842/842 875/875
f 1373/1373 1423/1423 1631/1631
f 1032/1032 1038/1038 2337/2337
f 1499/1499 1340/1340 1500/1500
f 1591/1591 1500/1500 1688/1688
f 2551/2551 1827/1827 2693/2693
f 1039/1039 1040/1040 1230/1230
f 1997/1997 2713/2713 2834/2834
f 2203/2203 976/976 2451/2451
f 1822/1822 1900/1900 2543/2543
f 1336/1336 1335/1335 2490/2490
f 1424/1424 1425/1425 1680/1680
f 1081/1081 1082/1082 1090/1090
f 1089/1089 1083/1083 1273/1273
f 855/855 857/857 1063/1063
f 915/915 917/917 933/933
f 2847/2847 2412/2412 2896/2896
f 1650/1650 1468/1468 2464/2464
f 1350/1350 1212/1212 1389/1389
f 1090/1090 1091/1091 1238/1238
f 301/301 5/5 1681/1681
f 46/46 354/354 1682/1682
f 2284/2284 2102/2102 2682/2682
f 1980/1980 421/421 2518/2518
f 309/309 4/4 2257/2257
f 1598/1598 2346/2346 2659/2659
f 861/861 863/863 872/872
f 751/751 319/319 1910/1910
f 1534/1534 1389/1389 1535/1535
f 1963/1963 747/747 2870/2870
f 1034/1034 1031/1031 2345/2345
f 1039/1039 1230/1230 1275/1275
f 908/908 1027/1027 1028/1028
f 1386/1386 1670/1670 2380/2380
f 1575/1575 1997/1997 2301/2301
f 1626/1626 2245/2245 2830/2830
f 938/938 1637/1637 2465/2465
f 1610/1610 1234/1234 2311/2311
f 1121/1121 1123/1123 1124/1124
f 1406/1406 1443/1443 1502/1502
f 1099/1099 1097/1097 1192/1192
f 905/905 906/906 908/908
f 1687/1687 1521/1521 1825/1825
f 282/282 281/281 2227/2227
f 1002/1002 2017/2017 2903/2903
f 1579/1579 1801/1801 1802/1802
f 746/746 1924/1924 1925/1925
f 981/981 980/980 990/990
f 978/978 985/985 992/992
f 2361/2361 1707/1707 2603/2603
f 1230/1230 1399/1399 1406/1406
f 951/951 2704/2704 2745/2745
f 1055/1055 1007/1007 2314/2314
f 1446/1446 118/118 1748/1748
f 45/45 1445/1445 1747/1747
f 878/878 879/879 941/941
f 1155/1155 1154/1154 2369/2369
f 786/786 788/788 877/877
f 1701/1701 1605/1605 2014/2014
f 1117/1117 1119/1119 1136/1136
f 1214/1214 1209/1209 1215/1215
f 1333/1333 1332/1332 1395/1395
f 792/792 794/794 813/813
f 1084/1084 1083/1083 1089/1089
f 1465/1465 1582/1582 1797/1797
f 1238/1238 1091/1091 2291/2291
f 1134/1134 1628/1628 2366/2366
f 312/312 311/311 749/749
f 297/297 296/296 746/746
f 281/281 280/280 748/748
f 328/328 327/327 747/747
f 1173/1173 1174/1174 2310/2310
f 2235/2235 2049/2049 2565/2565
f 2161/2161 1501/1501 2584/2584
f 866/866 953/953 2833/2833
f 329/329 328/328 1963/1963
f 1411/1411 1410/1410 1435/1435
f 1134/1134 1094/1094 1410/1410
f 810/810 811/811 814/814
f 1328/1328 1326/1326 1332/1332
f 931/931 937/937 938/938
f 1301/1301 1300/1300 1302/1302
f 1828/1828 1537/1537 2753/2753
f 1436/1436 1459/1459 1717/1717
f 954/954 1598/1598 2352/2352
f 824/824 826/826 847/847
f 893/893 895/895 907/907
f 1801/1801 1416/1416 2371/2371
f 1995/1995 1700/1700 2457/2457
f 1630/1630 1629/1629 1689/1689
f 2341/2341 2035/2035 2343/2343
f 1509/1509 1525/1525 1803/1803
f 1683/1683 1563/1563 1684/1684
f 887/887 889/889 935/935
f 1182/1182 1184/1184 1186/1186
f 1387/1387 1273/1273 1512/1512
f 1078/1078 1074/1074 2348/2348
f 1428/1428 1608/1608 2307/2307
f 991/991 990/990 1000/1000
f 1635/1635 1634/1634 1737/1737
f 1062/1062 1189/1189 1436/1436
f 923/923 925/925 932/932
f 1600/1600 1030/1030 2337/2337
f 2577/2577 1791/1791 2741/2741
f 1572/1572 1570/1570 1654/1654
f 1603/1603 1353/1353 2195/2195
f 1264/1264 1266/1266 1267/1267
f 938/938 937/937 939/939
f 1103/1103 1101/1101 1109/1109
f 1001/1001 1000/1000 1044/1044
f 878/878 941/941 954/954
f 1148/1148 1132/1132 1274/1274
f 392/392 391/391 2388/2388
f 370/370 369/369 2394/2394
f 349/349 348/348 2390/2390
f 388/388 387/387 2383/2383
f 376/376 375/375 2382/2382
f 402/402 401/401 2398/2398
f 439/439 438/438 2384/2384
f 443/443 442/442 2391/2391
f 412/412 411/411 2403/2403
f 386/386 385/385 2401/2401
f 410/410 409/409 2389/2389
f 366/366 365/365 2397/2397
f 396/396 395/395 2400/2400
f 404/404 403/403 2393/2393
f 345/345 344/344 2402/2402
f 382/382 381/381 2387/2387
f 437/437 436/436 2399/2399
f 337/337 336/336 2386/2386
f 339/339 338/338 2395/2395
f 360/360 359/359 2392/2392
f 431/431 430/430 2396/2396
f 372/372 371/371 2385/2385
f 416/416 415/415 2404/2404
f 1340/1340 1060/1060 1341/1341
f 2360/2360 2220/2220 2664/2664
f 1702/1702 1631/1631 1863/1863
f 1041/1041 1037/1037 1064/1064
f 1130/1130 1169/1169 1362/1362
f 2457/2457 2470/2470 2527/2527
f 1476/1476 1690/1690 1966/1966
f 814/814 815/815 817/817
f 1168/1168 1172/1172 1376/1376
f 1243/1243 2098/2098 2884/2884
f 1003/1003 1012/1012 1062/1062
f 709/709 317/317 1939/1939
f 1436/1436 1189/1189 1459/1459
f 1107/1107 1105/1105 1354/1354
f 1659/1659 1660/1660 1661/1661
f 1185/1185 1466/1466 2300/2300
f 1373/1373 1702/1702 2320/2320
f 1572/1572 1654/1654 1655/1655
f 1628/1628 1411/1411 1629/1629
f 1186/1186 1187/1187 1366/1366
f 1012/1012 1013/1013 2372/2372
f 1077/1077 1081/1081 1135/1135
f 1032/1032 1031/1031 1033/1033
f 2212/2212 2294/2294 2790/2790
f 988/988 997/997 1005/1005
f 1657/1657 1658/1658 1659/1659
f 1324/1324 1323/1323 1325/1325
f 1661/1661 1660/1660 1663/1663
f 1680/1680 1425/1425 1713/1713
f 944/944 939/939 948/948
f 303/303 9/9 2468/2468
f 1449/1449 1407/1407 1464/1464
f 1659/1659 1658/1658 1660/1660
f 871/871 853/853 2367/2367
f 814/814 817/817 1069/1069
f 965/965 948/948 966/966
f 1424/1424 1238/1238 1425/1425
f 1095/1095 1094/1094 1134/1134
f 721/721 1875/1875 2666/2666
f 1717/1717 1459/1459 2168/2168
f 987/987 971/971 995/995
f 980/980 966/966 982/982
f 725/725 1829/1829 2838/2838
f 1366/1366 1367/1367 1691/1691
f 1335/1335 1333/1333 2285/2285
f 708/708 330/330 1917/1917
f 1661/1661 1663/1663 1664/1664
f 1071/1071 1072/1072 1073/1073
f 800/800 802/802 812/812
f 919/919 921/921 1065/1065
f 1075/1075 1074/1074 1077/1077
f 1412/1412 1308/1308 1453/1453
f 1073/1073 1074/1074 1075/1075
f 1729/1729 1810/1810 2302/2302
f 1032/1032 1033/1033 1037/1037
f 832/832 834/834 846/846
f 1664/1664 1663/1663 1666/1666
f 1190/1190 1403/1403 1457/1457
f 1657/1657 1655/1655 1658/1658
f 705/705 314/314 1927/1927
f 1030/1030 1031/1031 1032/1032
f 2233/2233 905/905 2546/2546
f 1044/1044 1059/1059 1190/1190
f 1279/1279 1278/1278 1280/1280
f 1030/1030 1029/1029 1031/1031
f 828/828 830/830 1137/1137
f 1621/1621 1189/1189 2372/2372
f 1073/1073 1072/1072 1074/1074
f 965/965 966/966 980/980
f 938/938 939/939 944/944
f 970/970 957/957 971/971
f 998/998 1007/1007 1023/1023
f 1684/1684 1563/1563 1685/1685
f 944/944 948/948 965/965
f 1154/1154 1052/1052 2062/2062
f 1165/1165 1166/1166 1371/1371
f 1982/1982 2258/2258 2476/2476
f 1009/1009 1067/1067 1345/1345
f 2758/2758 2041/2041 2822/2822
f 954/954 957/957 970/970
f 1062/1062 1012/1012 1189/1189
f 901/901 903/903 934/934
f 1311/1311 1309/1309 2325/2325
f 1124/1124 1125/1125 1191/1191
f 1089/1089 1273/1273 1387/1387
f 706/706 299/299 1941/1941
f 2032/2032 1688/1688 2357/2357
f 1028/1028 1027/1027 1029/1029
f 970/970 971/971 987/987
f 1387/1387 1512/1512 1605/1605
f 987/987 995/995 1010/1010
f 1069/1069 1070/1070 1071/1071
f 1647/1647 1191/1191 1733/1733
f 1326/1326 1325/1325 2438/2438
f 1072/1072 1627/1627 2348/2348
f 867/867 869/869 940/940
f 2130/2130 2132/2132 2136/2136
f 1028/1028 1029/1029 1030/1030
f 1071/1071 1070/1070 1072/1072
f 954/954 941/941 957/957
f 808/808 810/810 816/816
f 1288/1288 1285/1285 1289/1289
f 1205/1205 1204/1204 1206/1206
f 836/836 838/838 1066/1066
f 965/965 981/981 2355/2355
f 1303/1303 1302/1302 2380/2380
f 422/422 1980/1980 2467/2467
f 2245/2245 1550/1550 2246/2246
f 1924/1924 2460/2460 2544/2544
f 1377/1377 1462/1462 1463/1463
f 1834/1834 1836/1836 1837/1837
f 1527/1527 1529/1529 1714/1714
f 796/796 798/798 1139/1139
f 1567/1567 2248/2248 2528/2528
f 817/817 818/818 2444/2444
f 1023/1023 1055/1055 1945/1945
f 1519/1519 1453/1453 1740/1740
f 1725/1725 2575/2575 2831/2831
f 1811/1811 2479/2479 2521/2521
f 1463/1463 1462/1462 1738/1738
f 2109/2109 2308/2308 2910/2910
f 1134/1134 1410/1410 1411/1411
f 2337/2337 1359/1359 2834/2834
f 2124/2124 1582/1582 2125/2125
f 804/804 806/806 1237/1237
f 2096/2096 1671/1671 2561/2561
f 914/914 915/915 2319/2319
f 1648/1648 1437/1437 2515/2515
f 2026/2026 1963/1963 2870/2870
f 1141/1141 1397/1397 1398/1398
f 1804/1804 1682/1682 2541/2541
f 114/114 422/422 2467/2467
f 1281/1281 1280/1280 1286/1286
f 1174/1174 1188/1188 2310/2310
f 1986/1986 1638/1638 2266/2266
f 1394/1394 1431/1431 1580/1580
f 1309/1309 1308/1308 1412/1412
f 1813/1813 2307/2307 2872/2872
f 1463/1463 1738/1738 1739/1739
f 2495/2495 2002/2002 2839/2839
f 1860/1860 1529/1529 2322/2322
f 747/747 327/327 1956/1956
f 1398/1398 1397/1397 1562/1562
f 2245/2245 1853/1853 2658/2658
f 748/748 280/280 1953/1953
f 927/927 929/929 1140/1140
f 1027/1027 909/909 2350/2350
f 1395/1395 1332/1332 1633/1633
f 1627/1627 1070/1070 2444/2444
f 1333/1333 1395/1395 2285/2285
f 1218/1218 1216/1216 2326/2326
f 2331/2331 1806/1806 2485/2485
f 726/726 2556/2556 2883/2883
f 1476/1476 1539/1539 1690/1690
f 1634/1634 1633/1633 1815/1815
f 1425/1425 1426/1426 2360/2360
f 960/960 2018/2018 2844/2844
f 1583/1583 1584/1584 1704/1704
f 2781/2781 1714/1714 2810/2810
f 1069/1069 817/817 1070/1070
f 1398/1398 1562/1562 1563/1563
f 1895/1895 702/702 2491/2491
f 1450/1450 1451/1451 1524/1524
f 897/897 899/899 1068/1068
f 1814/1814 2202/2202 2854/2854
f 1524/1524 1695/1695 1735/1735
f 1646/1646 1519/1519 1756/1756
f 1929/1929 1931/1931 1932/1932
f 1681/1681 1827/1827 2551/2551
f 1160/1160 1158/1158 1381/1381
f 2181/2181 1726/1726 2908/2908
f 1278/1278 1229/1229 2453/2453
f 1608/1608 2281/2281 2777/2777
f 1637/1637 944/944 2355/2355
f 1830/1830 1612/1612 2622/2622
f 1292/1292 1290/1290 2331/2331
f 1412/1412 1646/1646 2325/2325
f 1376/1376 1449/1449 1667/1667
f 1395/1395 1633/1633 1634/1634
f 1125/1125 1127/1127 2335/2335
f 1543/1543 1817/1817 2094/2094
f 1730/1730 1439/1439 1805/1805
f 2036/2036 2340/2340 2342/2342
f 1674/1674 1672/1672 2574/2574
f 1957/1957 1959/1959 1960/1960
f 1216/1216 1215/1215 1357/1357
f 79/79 723/723 2739/2739
f 1675/1675 1674/1674 2701/2701
f 2200/2200 1390/1390 2791/2791
f 1931/1931 1930/1930 1933/1933
f 1841/1841 714/714 2590/2590
f 1008/1008 1017/1017 2314/2314
f 1454/1454 1427/1427 1543/1543
f 1397/1397 1142/1142 2336/2336
f 1579/1579 1802/1802 2315/2315
f 1730/1730 1805/1805 2221/2221
f 1111/1111 1113/1113 2351/2351
f 1566/1566 1565/1565 1638/1638
f 1222/1222 1220/1220 1393/1393
f 909/909 911/911 2350/2350
f 2009/2009 1978/1978 2085/2085
f 1847/1847 1638/1638 1986/1986
f 1315/1315 1313/1313 1413/1413
f 1825/1825 1521/1521 1970/1970
f 1642/1642 1643/1643 1715/1715
f 1742/1742 2154/2154 2710/2710
f 1302/1302 1300/1300 1330/1330
f 853/853 855/855 2367/2367
f 1049/1049 1047/1047 2358/2358
f 2024/2024 2538/2538 2544/2544
f 1960/1960 1962/1962 2247/2247
f 717/717 72/72 2894/2894
f 1386/1386 1394/1394 1439/1439
f 1013/1013 1173/1173 2372/2372
f 748/748 1954/1954 1955/1955
f 1206/1206 1204/1204 1210/1210
f 1229/1229 1228/1228 2453/2453
f 1565/1565 1416/1416 1579/1579
f 2029/2029 1594/1594 2030/2030
f 2186/2186 850/850 2698/2698
f 2291/2291 1111/1111 2351/2351
f 1329/1329 1289/1289 1427/1427
f 1190/1190 1732/1732 2410/2410
f 1357/1357 1215/1215 1416/1416
f 844/844 845/845 2509/2509
f 1656/1656 1657/1657 2356/2356
f 2369/2369 2059/2059 2808/2808
f 1415/1415 1583/1583 1585/1585
f 2273/2273 2118/2118 2539/2539
f 1142/1142 1144/1144 2336/2336
f 1302/1302 1330/1330 1386/1386
f 1929/1929 1930/1930 1931/1931
f 1357/1357 1566/1566 2326/2326
f 1296/1296 1294/1294 1351/1351
f 1412/1412 1453/1453 1519/1519
f 1228/1228 1382/1382 1641/1641
f 969/969 967/967 2349/2349
f 915/915 933/933 2319/2319
f 729/729 1419/1419 2911/2911
f 2347/2347 1754/1754 2493/2493
f 1993/1993 2446/2446 2860/2860
f 1325/1325 1323/1323 1383/1383
f 1449/1449 1464/1464 1476/1476
f 712/712 2257/2257 2554/2554
f 967/967 972/972 2349/2349
f 1465/1465 1454/1454 1582/1582
f 1194/1194 1162/1162 1338/1338
f 1180/1180 1182/1182 2365/2365
f 83/83 734/734 2788/2788
f 1290/1290 1289/1289 1329/1329
f 1228/1228 1226/1226 1382/1382
f 1325/1325 1383/1383 1415/1415
f 971/971 957/957 2334/2334
f 1088/1088 1086/1086 2354/2354
f 1332/1332 1326/1326 2438/2438
f 2206/2206 1548/1548 2749/2749
f 1797/1797 1582/1582 2124/2124
f 2234/2234 1656/1656 2520/2520
f 1186/1186 1645/1645 2365/2365
f 2731/2731 2014/2014 2887/2887
f 1260/1260 1388/1388 2375/2375
f 1189/1189 1012/1012 2372/2372
f 2260/2260 732/732 2571/2571
f 1536/1536 2222/2222 2843/2843
f 1119/1119 1121/1121 2362/2362
f 1743/1743 1191/1191 2335/2335
f 1176/1176 1178/1178 2363/2363
f 1376/1376 1407/1407 1449/1449
f 1200/1200 1198/1198 1344/1344
f 1319/1319 1317/1317 1405/1405
f 911/911 914/914 2350/2350
f 1964/1964 1804/1804 2550/2550
f 773/773 775/775 2539/2539
f 1386/1386 1330/1330 1394/1394
f 1280/1280 1278/1278 1430/1430
f 1556/1556 2020/2020 2772/2772
f 1693/1693 2300/2300 2458/2458
f 1030/1030 1032/1032 2337/2337
f 1403/1403 1607/1607 2477/2477
f 1855/1855 1856/1856 2636/2636
f 1611/1611 2029/2029 2505/2505
f 1854/1854 1455/1455 2911/2911
f 1097/1097 1095/1095 2366/2366
f 1206/1206 1210/1210 1211/1211
f 1959/1959 1958/1958 1961/1961
f 1686/1686 2621/2621 2655/2655
f 1346/1346 1347/1347 2503/2503
f 1211/1211 1210/1210 1450/1450
f 1357/1357 1416/1416 1565/1565
f 1211/1211 1450/1450 1452/1452
f 2240/2240 1243/1243 2627/2627
f 859/859 861/861 2370/2370
f 1374/1374 1045/1045 2410/2410
f 1258/1258 1260/1260 2375/2375
f 1431/1431 1330/1330 2481/2481
f 1144/1144 1165/1165 2336/2336
f 1415/1415 1383/1383 1583/1583
f 1074/1074 1072/1072 2348/2348
f 1070/1070 817/817 2444/2444
f 1957/1957 1956/1956 1958/1958
f 1150/1150 1148/1148 2376/2376
f 1391/1391 2060/2060 2799/2799
f 1045/1045 1044/1044 2410/2410
f 818/818 876/876 2444/2444
f 1124/1124 1647/1647 2362/2362
f 855/855 1063/1063 2367/2367
f 1268/1268 1258/1258 2375/2375
f 857/857 859/859 2379/2379
f 1451/1451 1210/1210 2479/2479
f 865/865 867/867 2445/2445
f 1305/1305 1303/1303 2353/2353
f 2102/2102 2101/2101 2502/2502
f 1641/1641 1382/1382 1642/1642
f 1584/1584 1383/1383 2488/2488
f 1329/1329 1427/1427 1454/1454
f 1343/1343 2245/2245 2658/2658
f 2085/2085 1380/1380 2683/2683
f 1419/1419 2145/2145 2911/2911
f 1329/1329 1465/1465 2331/2331
f 1457/1457 1403/1403 2477/2477
f 1754/1754 2144/2144 2493/2493
f 121/121 724/724 2631/2631
f 1191/1191 1125/1125 2335/2335
f 2562/2562 1286/1286 2625/2625
f 972/972 2204/2204 2349/2349
f 1095/1095 1134/1134 2366/2366
f 2066/2066 1831/1831 2881/2881
f 1418/1418 2503/2503 2519/2519
f 1236/1236 1610/1610 2516/2516
f 1262/1262 1264/1264 2374/2374
f 891/891 893/893 2377/2377
f 1988/1988 1444/1444 2897/2897
f 993/993 998/998 2408/2408
f 1628/1628 1630/1630 2486/2486
f 1113/1113 1129/1129 2351/2351
f 838/838 840/840 2411/2411
f 944/944 965/965 2355/2355
f 1713/1713 1425/1425 2360/2360
f 2242/2242 1782/1782 2632/2632
f 834/834 836/836 2409/2409
f 1309/1309 1412/1412 2325/2325
f 1743/1743 2335/2335 2774/2774
f 733/733 38/38 2798/2798
f 1028/1028 1600/1600 2546/2546
f 1918/1918 1917/1917 1919/1919
f 1047/1047 1374/1374 2358/2358
f 1777/1777 1832/1832 2679/2679
f 2028/2028 705/705 2606/2606
f 830/830 832/832 2412/2412
f 1145/1145 1049/1049 2358/2358
f 1023/1023 2038/2038 2408/2408
f 1643/1643 1382/1382 2478/2478
f 798/798 800/800 2447/2447
f 109/109 110/110 2413/2413
f 135/135 136/136 2430/2430
f 61/61 62/62 2422/2422
f 53/53 54/54 2416/2416
f 27/27 28/28 2420/2420
f 119/119 120/120 2433/2433
f 31/31 32/32 2434/2434
f 57/57 58/58 2423/2423
f 127/127 128/128 2424/2424
f 65/65 66/66 2414/2414
f 97/97 98/98 2436/2436
f 105/105 106/106 2425/2425
f 43/43 44/44 2415/2415
f 35/35 36/36 2419/2419
f 123/123 124/124 2428/2428
f 39/39 40/40 2421/2421
f 783/783 2161/2161 2557/2557
f 1188/1188 1176/1176 2363/2363
f 1302/1302 1386/1386 2380/2380
f 754/754 737/737 2381/2381
f 1231/1231 1180/1180 2365/2365
f 739/739 68/68 2802/2802
f 1308/1308 1305/1305 2353/2353
f 895/895 897/897 2454/2454
f 826/826 828/828 2446/2446
f 79/79 1976/1976 2723/2723
f 2098/2098 2595/2595 2884/2884
f 1507/1507 2852/2852 2867/2867
f 2323/2323 1629/1629 2406/2406
f 1388/1388 1262/1262 2374/2374
f 1325/1325 1415/1415 2438/2438
f 2525/2525 1089/1089 2580/2580
f 861/861 872/872 2370/2370
f 1132/1132 1107/1107 2441/2441
f 2052/2052 2051/2051 2613/2613
f 2124/2124 2125/2125 2835/2835
f 741/741 1493/1493 2667/2667
f 2636/2636 945/945 2760/2760
f 1182/1182 1186/1186 2365/2365
f 1094/1094 1088/1088 2354/2354
f 1178/1178 1231/1231 2363/2363
f 1851/1851 2219/2219 2696/2696
f 995/995 1003/1003 2364/2364
f 728/728 1447/1447 2770/2770
f 2328/2328 1079/1079 2498/2498
f 802/802 804/804 2440/2440
f 1406/1406 1513/1513 2449/2449
f 1121/1121 1124/1124 2362/2362
f 932/932 2303/2303 2513/2513
f 2128/2128 2130/2130 2450/2450
f 1719/1719 1625/1625 2568/2568
f 2353/2353 1303/1303 2380/2380
f 1411/1411 1435/1435 2406/2406
f 709/709 1939/1939 1968/1968
f 1131/1131 1128/1128 2514/2514
f 2351/2351 1129/1129 2886/2886
f 1971/1971 1773/1773 2684/2684
f 1216/1216 1357/1357 2326/2326
f 2657/2657 1800/1800 2689/2689
f 1636/1636 2336/2336 2500/2500
f 2458/2458 1708/1708 2471/2471
f 1136/1136 1119/1119 2362/2362
f 2106/2106 2107/2107 2686/2686
f 1090/1090 1424/1424 2456/2456
f 2096/2096 1274/1274 2780/2780
f 1064/1064 2200/2200 2791/2791
f 1192/1192 1097/1097 2366/2366
f 1410/1410 1094/1094 2354/2354
f 1960/1960 1959/1959 1962/1962
f 1550/1550 1150/1150 2376/2376
f 2540/2540 2151/2151 2825/2825
f 794/794 796/796 2455/2455
f 1063/1063 857/857 2379/2379
f 1954/1954 2515/2515 2637/2637
f 1922/1922 1923/1923 1926/1926
f 925/925 927/927 2470/2470
f 1609/1609 2350/2350 2508/2508
f 1430/1430 1278/1278 2453/2453
f 1010/1010 995/995 2364/2364
f 1932/1932 1931/1931 1934/1934
f 704/704 1975/1975 2575/2575
f 1745/1745 2523/2523 2576/2576
f 1079/1079 1075/1075 2498/2498
f 1264/1264 1267/1267 2374/2374
f 1209/1209 1207/1207 2371/2371
f 1942/1942 1941/1941 1943/1943
f 1057/1057 2259/2259 2663/2663
f 1466/1466 1708/1708 2458/2458
f 1077/1077 1135/1135 2498/2498
f 2011/2011 1860/1860 2893/2893
f 1148/1148 1274/1274 2376/2376
f 1043/1043 2588/2588 2818/2818
f 1763/1763 1885/1885 2674/2674
f 747/747 1956/1956 1957/1957
f 2567/2567 751/751 2569/2569
f 1300/1300 1298/1298 2481/2481
f 1290/1290 1329/1329 2331/2331
f 785/785 786/786 2529/2529
f 1731/1731 1881/1881 2567/2567
f 1003/1003 1062/1062 2364/2364
f 1891/1891 1769/1769 2675/2675
f 1453/1453 1308/1308 2353/2353
f 1275/1275 1230/1230 2449/2449
f 1044/1044 1190/1190 2410/2410
f 1908/1908 745/745 2591/2591
f 840/840 875/875 2411/2411
f 2441/2441 1354/1354 2442/2442
f 118/118 427/427 2877/2877
f 708/708 1917/1917 1918/1918
f 1312/1312 1314/1314 2855/2855
f 1767/1767 1893/1893 2677/2677
f 1570/1570 1567/1567 2528/2528
f 893/893 907/907 2377/2377
f 1913/1913 1912/1912 2640/2640
f 1957/1957 1958/1958 1959/1959
f 2470/2470 1140/1140 2527/2527
f 718/718 130/130 2809/2809
f 1166/1166 1168/1168 2443/2443
f 1633/1633 1332/1332 2438/2438
f 1172/1172 1380/1380 2711/2711
f 1856/1856 2500/2500 2651/2651
f 1629/1629 1411/1411 2406/2406
f 1685/1685 1563/1563 2405/2405
f 2316/2316 1058/1058 2506/2506
f 845/845 850/850 2509/2509
f 2290/2290 2128/2128 2450/2450
f 929/929 931/931 2465/2465
f 748/748 1953/1953 1954/1954
f 1562/1562 1855/1855 2405/2405
f 1793/1793 2354/2354 2525/2525
f 1274/1274 1132/1132 2441/2441
f 1075/1075 1077/1077 2498/2498
f 998/998 1023/1023 2408/2408
f 1243/1243 1244/1244 2627/2627
f 1371/1371 1166/1166 2443/2443
f 1226/1226 1224/1224 2478/2478
f 2205/2205 2451/2451 2875/2875
f 2476/2476 1722/1722 2857/2857
f 2228/2228 881/881 2618/2618
f 1521/1521 754/754 2381/2381
f 706/706 1941/1941 1942/1942
f 1107/1107 1354/1354 2441/2441
f 2445/2445 2152/2152 2585/2585
f 1369/1369 1236/1236 2516/2516
f 1105/1105 1103/1103 2510/2510
f 2292/2292 990/990 2523/2523
f 2305/2305 1786/1786 2787/2787
f 1323/1323 1321/1321 2488/2488
f 997/997 1009/1009 2452/2452
f 867/867 940/940 2445/2445
f 1831/1831 2025/2025 2654/2654
f 1171/1171 1456/1456 2683/2683
f 931/931 938/938 2465/2465
f 1230/1230 1406/1406 2449/2449
f 1084/1084 1089/1089 2525/2525
f 907/907 895/895 2454/2454
f 847/847 826/826 2446/2446
f 813/813 794/794 2455/2455
f 1740/1740 2563/2563 2608/2608
f 1285/1285 1283/1283 2448/2448
f 1081/1081 1090/1090 2456/2456
f 1849/1849 2476/2476 2857/2857
f 976/976 978/978 2451/2451
f 800/800 812/812 2447/2447
f 1942/1942 1944/1944 2361/2361
f 1563/1563 1562/1562 2405/2405
f 1525/1525 1527/1527 2461/2461
f 1745/1745 2576/2576 2621/2621
f 832/832 846/846 2412/2412
f 899/899 901/901 2480/2480
f 1137/1137 830/830 2412/2412
f 706/706 1942/1942 2603/2603
f 1135/1135 1081/1081 2456/2456
f 1918/1918 1919/1919 1920/1920
f 1220/1220 1218/1218 2473/2473
f 1215/1215 1209/1209 2371/2371
f 828/828 1137/1137 2446/2446
f 2747/2747 2217/2217 2819/2819
f 1005/1005 997/997 2452/2452
f 921/921 923/923 2513/2513
f 812/812 802/802 2440/2440
f 1749/1749 1721/1721 2619/2619
f 1009/1009 1345/1345 2452/2452
f 1976/1976 1761/1761 2723/2723
f 846/846 834/834 2409/2409
f 932/932 925/925 2470/2470
f 859/859 2370/2370 2379/2379
f 1446/1446 1748/1748 2378/2378
f 1136/1136 2187/2187 2748/2748
f 1294/1294 1292/1292 2485/2485
f 107/107 720/720 2917/2917
f 905/905 908/908 2546/2546
f 1349/1349 2305/2305 2787/2787
f 1103/1103 1109/1109 2510/2510
f 1067/1067 1377/1377 2466/2466
f 1354/1354 1105/1105 2510/2510
f 1196/1196 1194/1194 2483/2483
f 1448/1448 1446/1446 2378/2378
f 1139/1139 798/798 2447/2447
f 806/806 808/808 2475/2475
f 1228/1228 1641/1641 2453/2453
f 1476/1476 1966/1966 2497/2497
f 1782/1782 2519/2519 2632/2632
f 2060/2060 2702/2702 2799/2799
f 2130/2130 2136/2136 2450/2450
f 2300/2300 1466/1466 2458/2458
f 804/804 1237/1237 2440/2440
f 9/9 50/50 2468/2468
f 836/836 1066/1066 2409/2409
f 1066/1066 838/838 2411/2411
f 2158/2158 2559/2559 2868/2868
f 1654/1654 2253/2253 2705/2705
f 1942/1942 1943/1943 1944/1944
f 1377/1377 1463/1463 2466/2466
f 1345/1345 1067/1067 2466/2466
f 1387/1387 1701/1701 2580/2580
f 1588/1588 2463/2463 2499/2499
f 1649/1649 1834/1834 2462/2462
f 814/814 1069/1069 2482/2482
f 2490/2490 1335/1335 2812/2812
f 55/55 721/721 2601/2601
f 923/923 932/932 2513/2513
f 1786/1786 1613/1613 2787/2787
f 2327/2327 946/946 2596/2596
f 115/115 2551/2551 2693/2693
f 1317/1317 1315/1315 2492/2492
f 1162/1162 1160/1160 2487/2487
f 1907/1907 1906/1906 2512/2512
f 1168/1168 1376/1376 2443/2443
f 901/901 934/934 2480/2480
f 1145/1145 2358/2358 2495/2495
f 808/808 816/816 2475/2475
f 2125/2125 1582/1582 2474/2474
f 873/873 2352/2352 2511/2511
f 1912/1912 2575/2575 2871/2871
f 1543/1543 2094/2094 2474/2474
f 897/897 1068/1068 2454/2454
f 1065/1065 921/921 2513/2513
f 796/796 1139/1139 2455/2455
f 1803/1803 1525/1525 2461/2461
f 822/822 2284/2284 2682/2682
f 2266/2266 1638/1638 2469/2469
f 1579/1579 2315/2315 2469/2469
f 978/978 992/992 2451/2451
f 1805/1805 1439/1439 2472/2472
f 1594/1594 1336/1336 2490/2490
f 2741/2741 1791/1791 2864/2864
f 810/810 814/814 2482/2482
f 1140/1140 929/929 2465/2465
f 1454/1454 1543/1543 2474/2474
f 1056/1056 1057/1057 2663/2663
f 2049/2049 2048/2048 2565/2565
f 2006/2006 960/960 2844/2844
f 869/869 873/873 2511/2511
f 1588/1588 2499/2499 2737/2737
f 1706/1706 1705/1705 2554/2554
f 1224/1224 1222/1222 2489/2489
f 990/990 980/980 2523/2523
f 1823/1823 2847/2847 2896/2896
f 1565/1565 1579/1579 2469/2469
f 1640/1640 2208/2208 2750/2750
f 927/927 1140/1140 2470/2470
f 355/355 48/48 2541/2541
f 1289/1289 1285/1285 2448/2448
f 1439/1439 1394/1394 2472/2472
f 940/940 869/869 2511/2511
f 1237/1237 806/806 2475/2475
f 816/816 810/810 2482/2482
f 914/914 2319/2319 2508/2508
f 115/115 424/424 2551/2551
f 63/63 727/727 2811/2811
f 2503/2503 2184/2184 2519/2519
f 2664/2664 1885/1885 2883/2883
f 1376/1376 1667/1667 2443/2443
f 963/963 2036/2036 2573/2573
f 1915/1915 2558/2558 2815/2815
f 1341/1341 1060/1060 2531/2531
f 1394/1394 1580/1580 2472/2472
f 2364/2364 2289/2289 2531/2531
f 1064/1064 1037/1037 2547/2547
f 1416/1416 1215/1215 2371/2371
f 382/382 2387/2387 2427/2427
f 2384/2384 438/438 2435/2435
f 2388/2388 391/391 2417/2417
f 410/410 2389/2389 2429/2429
f 2383/2383 387/387 2418/2418
f 386/386 2401/2401 2426/2426
f 2400/2400 395/395 2437/2437
f 402/402 2398/2398 2432/2432
f 2382/2382 375/375 2431/2431
f 1810/1810 1727/1727 2588/2588
f 714/714 115/115 2693/2693
f 1330/1330 1300/1300 2481/2481
f 2154/2154 1491/1491 2894/2894
f 1218/1218 2326/2326 2473/2473
f 1527/1527 1714/1714 2461/2461
f 1298/1298 1296/1296 2494/2494
f 1638/1638 1565/1565 2469/2469
f 1141/1141 1398/1398 2504/2504
f 1068/1068 899/899 2480/2480
f 2350/2350 914/914 2508/2508
f 1535/1535 2037/2037 2806/2806
f 1819/1819 2097/2097 2861/2861
f 1382/1382 1226/1226 2478/2478
f 1970/1970 1521/1521 2381/2381
f 1033/1033 1035/1035 2547/2547
f 2756/2756 950/950 2803/2803
f 1292/1292 2331/2331 2485/2485
f 1427/1427 1289/1289 2448/2448
f 1859/1859 1734/1734 2858/2858
f 1582/1582 1454/1454 2474/2474
f 1393/1393 1220/1220 2473/2473
f 2288/2288 2623/2623 2809/2809
f 1383/1383 1323/1323 2488/2488
f 1808/1808 1448/1448 2378/2378
f 2341/2341 2343/2343 2507/2507
f 1522/1522 2024/2024 2544/2544
f 2190/2190 1737/1737 2768/2768
f 1058/1058 769/769 2629/2629
f 1667/1667 1449/1449 2497/2497
f 6/6 301/301 2829/2829
f 354/354 14/14 2826/2826
f 2460/2460 1522/1522 2544/2544
f 1619/1619 1904/1904 2566/2566
f 1281/1281 1286/1286 2562/2562
f 13/13 47/47 2611/2611
f 116/116 117/117 2610/2610
f 1940/1940 706/706 2603/2603
f 1017/1017 1141/1141 2504/2504
f 1723/1723 2318/2318 2857/2857
f 1883/1883 1710/1710 2606/2606
f 1738/1738 1462/1462 2533/2533
f 2327/2327 2596/2596 2853/2853
f 2354/2354 1086/1086 2525/2525
f 2372/2372 1173/1173 2522/2522
f 1160/1160 1381/1381 2487/2487
f 721/721 2666/2666 2742/2742
f 1371/1371 2162/2162 2651/2651
f 1086/1086 1084/1084 2525/2525
f 2136/2136 2132/2132 2532/2532
f 2325/2325 2342/2342 2536/2536
f 1321/1321 1319/1319 2501/2501
f 2141/2141 1014/1014 2813/2813
f 2257/2257 1706/1706 2554/2554
f 2235/2235 1812/1812 2592/2592
f 72/72 1891/1891 2894/2894
f 1351/1351 1294/1294 2485/2485
f 1311/1311 2325/2325 2536/2536
f 1375/1375 2321/2321 2545/2545
f 1834/1834 1837/1837 2462/2462
f 1788/1788 1660/1660 2752/2752
f 2438/2438 1415/1415 2530/2530
f 1960/1960 2026/2026 2870/2870
f 1222/1222 1393/1393 2489/2489
f 1801/1801 2371/2371 2548/2548
f 1165/1165 1371/1371 2500/2500
f 1513/1513 2069/2069 2695/2695
f 726/726 1864/1864 2556/2556
f 1449/1449 1476/1476 2497/2497
f 1631/1631 1423/1423 2566/2566
f 1315/1315 1413/1413 2492/2492
f 2072/2072 945/945 2636/2636
f 1697/1697 1731/1731 2569/2569
f 1748/1748 118/118 2877/2877
f 2548/2548 1211/1211 2604/2604
f 1194/1194 1338/1338 2483/2483
f 1889/1889 1890/1890 2633/2633
f 1848/1848 1967/1967 2524/2524
f 2245/2245 2246/2246 2830/2830
f 1405/1405 1317/1317 2492/2492
f 1338/1338 1162/1162 2487/2487
f 1633/1633 2438/2438 2530/2530
f 2483/2483 2236/2236 2681/2681
f 1738/1738 2533/2533 2742/2742
f 2314/2314 1017/1017 2504/2504
f 1595/1595 2242/2242 2632/2632
f 1245/1245 1242/1242 2607/2607
f 133/133 1488/1488 2914/2914
f 1481/1481 60/60 2912/2912
f 1492/1492 126/126 2913/2913
f 1493/1493 2323/2323 2667/2667
f 1296/1296 1351/1351 2494/2494
f 2030/2030 1594/1594 2490/2490
f 958/958 969/969 2596/2596
f 1621/1621 2372/2372 2522/2522
f 1341/1341 2531/2531 2600/2600
f 1240/1240 1243/1243 2884/2884
f 2563/2563 1670/1670 2608/2608
f 2208/2208 2209/2209 2750/2750
f 732/732 1796/1796 2571/2571
f 1816/1816 2448/2448 2562/2562
f 980/980 982/982 2523/2523
f 1726/1726 2181/2181 2818/2818
f 1731/1731 2567/2567 2569/2569
f 2336/2336 1165/1165 2500/2500
f 872/872 2585/2585 2733/2733
f 2343/2343 2008/2008 2507/2507
f 2132/2132 2134/2134 2532/2532
f 1399/1399 1040/1040 2534/2534
f 2256/2256 886/886 2866/2866
f 1692/1692 1367/1367 2680/2680
f 771/771 943/943 2629/2629
f 2014/2014 1796/1796 2887/2887
f 1010/1010 2364/2364 2531/2531
f 2498/2498 1135/1135 2574/2574
f 1751/1751 1385/1385 2657/2657
f 2769/2769 2149/2149 2904/2904
f 2590/2590 1903/1903 2804/2804
f 1173/1173 2310/2310 2522/2522
f 1404/1404 2155/2155 2762/2762
f 792/792 813/813 2564/2564
f 1313/1313 1311/1311 2536/2536
f 1362/1362 2004/2004 2775/2775
f 1518/1518 1372/1372 2663/2663
f 1969/1969 1818/1818 2537/2537
f 1900/1900 2495/2495 2543/2543
f 988/988 1005/1005 2576/2576
f 1413/1413 1313/1313 2536/2536
f 2663/2663 2259/2259 2706/2706
f 1319/1319 1405/1405 2501/2501
f 1612/1612 1558/1558 2553/2553
f 2134/2134 2137/2137 2535/2535
f 820/820 822/822 2682/2682
f 1654/1654 1570/1570 2528/2528
f 992/992 985/985 2582/2582
f 1673/1673 2260/2260 2793/2793
f 1891/1891 2154/2154 2894/2894
f 2371/2371 1207/1207 2548/2548
f 1691/1691 2740/2740 2843/2843
f 1843/1843 2317/2317 2783/2783
f 786/786 877/877 2529/2529
f 2021/2021 2022/2022 2891/2891
f 1534/1534 1824/1824 2598/2598
f 943/943 773/773 2539/2539
f 1812/1812 2565/2565 2614/2614
f 2246/2246 1550/1550 2561/2561
f 2512/2512 1906/1906 2909/2909
f 1900/1900 1821/1821 2867/2867
f 1747/1747 1445/1445 2703/2703
f 71/71 1489/1489 2918/2918
f 1206/1206 1211/1211 2548/2548
f 2481/2481 1298/1298 2494/2494
f 872/872 863/863 2585/2585
f 91/91 1494/1494 2919/2919
f 1884/1884 1473/1473 2668/2668
f 1793/1793 2525/2525 2580/2580
f 1740/1740 1453/1453 2563/2563
f 2323/2323 2406/2406 2667/2667
f 2124/2124 1022/1022 2823/2823
f 1202/1202 1200/1200 2521/2521
f 881/881 883/883 2618/2618
f 1611/1611 2505/2505 2637/2637
f 703/703 1908/1908 2691/2691
f 1484/1484 1892/1892 2672/2672
f 2478/2478 1224/1224 2489/2489
f 1060/1060 1010/1010 2531/2531
f 2222/2222 2628/2628 2843/2843
f 1735/1735 1695/1695 2614/2614
f 1200/1200 1344/1344 2521/2521
f 1861/1861 2490/2490 2812/2812
f 1712/1712 1711/1711 2656/2656
f 2591/2591 1716/1716 2840/2840
f 1614/1614 2250/2250 2815/2815
f 1462/1462 1782/1782 2533/2533
f 2210/2210 1817/1817 2625/2625
f 2479/2479 1202/1202 2521/2521
f 1645/1645 1366/1366 2628/2628
f 850/850 851/851 2698/2698
f 2265/2265 1651/1651 2630/2630
f 1815/1815 1633/1633 2530/2530
f 1423/1423 1619/1619 2566/2566
f 1679/1679 1752/1752 2570/2570
f 2152/2152 2150/2150 2733/2733
f 2488/2488 1321/1321 2501/2501
f 1362/1362 1169/1169 2594/2594
f 1415/1415 1585/1585 2530/2530
f 2155/2155 1327/1327 2916/2916
f 1475/1475 1950/1950 2739/2739
f 1816/1816 2562/2562 2625/2625
f 2251/2251 1245/1245 2555/2555
f 2593/2593 1712/1712 2656/2656
f 2288/2288 1858/1858 2623/2623
f 1858/1858 1859/1859 2623/2623
f 1720/1720 1724/1724 2572/2572
f 2209/2209 1109/1109 2734/2734
f 2502/2502 2230/2230 2821/2821
f 2353/2353 2380/2380 2563/2563
f 2328/2328 2498/2498 2574/2574
f 1589/1589 2241/2241 2586/2586
f 813/813 2484/2484 2564/2564
f 2197/2197 1275/1275 2694/2694
f 1812/1812 1811/1811 2592/2592
f 1775/1775 133/133 2914/2914
f 126/126 1757/1757 2913/2913
f 60/60 1759/1759 2912/2912
f 1585/1585 1583/1583 2578/2578
f 1380/1380 1171/1171 2683/2683
f 1832/1832 107/107 2917/2917
f 2001/2001 2000/2000 2732/2732
f 1037/1037 1033/1033 2547/2547
f 2095/2095 1587/1587 2690/2690
f 1703/1703 2694/2694 2695/2695
f 1599/1599 2218/2218 2824/2824
f 1925/1925 1924/1924 2544/2544
f 1231/1231 2365/2365 2560/2560
f 865/865 2445/2445 2585/2585
f 1207/1207 1206/1206 2548/2548
f 2365/2365 1645/1645 2560/2560
f 2137/2137 2138/2138 2555/2555
f 1607/1607 2164/2164 2763/2763
f 908/908 1028/1028 2546/2546
f 1751/1751 2689/2689 2794/2794
f 1699/1699 2122/2122 2583/2583
f 1895/1895 2459/2459 2654/2654
f 950/950 2194/2194 2803/2803
f 1655/1655 1654/1654 2705/2705
f 2464/2464 1744/1744 2692/2692
f 933/933 917/917 2661/2661
f 2532/2532 2134/2134 2535/2535
f 803/803 964/964 2587/2587
f 1817/1817 2210/2210 2633/2633
f 1506/1506 1640/1640 2836/2836
f 1897/1897 703/703 2735/2735
f 993/993 2408/2408 2582/2582
f 2126/2126 1823/1823 2896/2896
f 1514/1514 2105/2105 2796/2796
f 2408/2408 2039/2039 2582/2582
f 1758/1758 91/91 2919/2919
f 1762/1762 71/71 2918/2918
f 353/353 1973/1973 2415/2415
f 429/429 1974/1974 2433/2433
f 2168/2168 1459/1459 2692/2692
f 1928/1928 1929/1929 2616/2616
f 1781/1781 1751/1751 2794/2794
f 799/799 797/797 2589/2589
f 2456/2456 1902/1902 2609/2609
f 2645/2645 1515/1515 2858/2858
f 2370/2370 872/872 2540/2540
f 1801/1801 2548/2548 2604/2604
f 1692/1692 2243/2243 2740/2740
f 1501/1501 1826/1826 2584/2584
f 1790/1790 1791/1791 2806/2806
f 2448/2448 1283/1283 2562/2562
f 278/278 1/1 2579/2579
f 1500/1500 1340/1340 2643/2643
f 2531/2531 2289/2289 2600/2600
f 1188/1188 2265/2265 2630/2630
f 1039/1039 1275/1275 2746/2746
f 2202/2202 1568/1568 2854/2854
f 708/708 1918/1918 2549/2549
f 2106/2106 2686/2686 2704/2704
f 2699/2699 2620/2620 2731/2731
f 1916/1916 2009/2009 2558/2558
f 2023/2023 2781/2781 2810/2810
f 425/425 6/6 1947/1947
f 14/14 307/307 1948/1948
f 1610/1610 2311/2311 2658/2658
f 1485/1485 740/740 2796/2796
f 1390/1390 1212/1212 2791/2791
f 2547/2547 1035/1035 2746/2746
f 2590/2590 1781/1781 2794/2794
f 1283/1283 1281/1281 2562/2562
f 1995/1995 2457/2457 2527/2527
f 1453/1453 2353/2353 2563/2563
f 1717/1717 2168/2168 2708/2708
f 1862/1862 2678/2678 2859/2859
f 2234/2234 2520/2520 2765/2765
f 1470/1470 10/10 2859/2859
f 2282/2282 1719/1719 2581/2581
f 790/790 792/792 2564/2564
f 724/724 1795/1795 2626/2626
f 1129/1129 1115/1115 2748/2748
f 919/919 1065/1065 2661/2661
f 1674/1674 2574/2574 2609/2609
f 877/877 788/788 2736/2736
f 2381/2381 52/52 2670/2670
f 1704/1704 2844/2844 2885/2885
f 2458/2458 2471/2471 2598/2598
f 2218/2218 2216/2216 2801/2801
f 2620/2620 1701/1701 2731/2731
f 2256/2256 2176/2176 2902/2902
f 1099/1099 1192/1192 2734/2734
f 113/113 114/114 2467/2467
f 2523/2523 982/982 2576/2576
f 2596/2596 2277/2277 2853/2853
f 2774/2774 2105/2105 2863/2863
f 1109/1109 1101/1101 2734/2734
f 1944/1944 2206/2206 2749/2749
f 1646/1646 1756/1756 2573/2573
f 1637/1637 2355/2355 2786/2786
f 2162/2162 1667/1667 2889/2889
f 886/886 887/887 2866/2866
f 2097/2097 2096/2096 2780/2780
f 2016/2016 1547/1547 2640/2640
f 1680/1680 1713/1713 2556/2556
f 1969/1969 2688/2688 2745/2745
f 1684/1684 1685/1685 2557/2557
f 1117/1117 1136/1136 2748/2748
f 1512/1512 1673/1673 2793/2793
f 1957/1957 1960/1960 2870/2870
f 2318/2318 1750/1750 2550/2550
f 2291/2291 2351/2351 2696/2696
f 751/751 1910/1910 2569/2569
f 1130/1130 1362/1362 2775/2775
f 1690/1690 1539/1539 2856/2856
f 22/22 2013/2013 2784/2784
f 2380/2380 1670/1670 2563/2563
f 2598/2598 1824/1824 2680/2680
f 835/835 833/833 2612/2612
f 1824/1824 1535/1535 2577/2577
f 2358/2358 1374/1374 2543/2543
f 839/839 950/950 2900/2900
f 2176/2176 2618/2618 2902/2902
f 2276/2276 969/969 2899/2899
f 89/89 90/90 2437/2437
f 101/101 102/102 2429/2429
f 73/73 74/74 2427/2427
f 69/69 70/70 2431/2431
f 81/81 82/82 2418/2418
f 85/85 86/86 2417/2417
f 131/131 132/132 2435/2435
f 77/77 78/78 2426/2426
f 93/93 94/94 2432/2432
f 2623/2623 718/718 2809/2809
f 1974/1974 428/428 2647/2647
f 2406/2406 1435/1435 2699/2699
f 844/844 2509/2509 2915/2915
f 2495/2495 2358/2358 2543/2543
f 2330/2330 1268/1268 2738/2738
f 982/982 988/988 2576/2576
f 2714/2714 1762/1762 2918/2918
f 918/918 916/916 2639/2639
f 2717/2717 1758/1758 2919/2919
f 1550/1550 2376/2376 2561/2561
f 2259/2259 1709/1709 2706/2706
f 1727/1727 1726/1726 2588/2588
f 1797/1797 2124/2124 2823/2823
f 1726/1726 1664/1664 2908/2908
f 1344/1344 1198/1198 2681/2681
f 2054/2054 2052/2052 2599/2599
f 1737/1737 1634/1634 2768/2768
f 1041/1041 1064/1064 2791/2791
f 2059/2059 2058/2058 2676/2676
f 985/985 993/993 2582/2582
f 2454/2454 1068/1068 2743/2743
f 2243/2243 1692/1692 2741/2741
f 1720/1720 2572/2572 2619/2619
f 1756/1756 1519/1519 2709/2709
f 1267/1267 1266/1266 2850/2850
f 2516/2516 1610/1610 2906/2906
f 1866/1866 1901/1901 2814/2814
f 1711/1711 2166/2166 2669/2669
f 2335/2335 1127/1127 2775/2775
f 1795/1795 1946/1946 2837/2837
f 2543/2543 1374/1374 2597/2597
f 863/863 865/865 2585/2585
f 946/946 958/958 2596/2596
f 1192/1192 2486/2486 2842/2842
f 1854/1854 2145/2145 2879/2879
f 2060/2060 1404/1404 2702/2702
f 2260/2260 1673/1673 2882/2882
f 1583/1583 1704/1704 2578/2578
f 1759/1759 2720/2720 2912/2912
f 2151/2151 2153/2153 2825/2825
f 337/337 2386/2386 2420/2420
f 349/349 2390/2390 2421/2421
f 2396/2396 430/430 2428/2428
f 2395/2395 338/338 2434/2434
f 437/437 2399/2399 2424/2424
f 2385/2385 371/371 2414/2414
f 2392/2392 359/359 2416/2416
f 345/345 2402/2402 2419/2419
f 370/370 2394/2394 2422/2422
f 2403/2403 411/411 2425/2425
f 2391/2391 442/442 2430/2430
f 2404/2404 415/415 2413/2413
f 2393/2393 403/403 2436/2436
f 366/366 2397/2397 2423/2423
f 1757/1757 2715/2715 2913/2913
f 2355/2355 1576/1576 2786/2786
f 2719/2719 1775/1775 2914/2914
f 1920/1920 2312/2312 2799/2799
f 2538/2538 2673/2673 2817/2817
f 1089/1089 1387/1387 2580/2580
f 1679/1679 2570/2570 2707/2707
f 1693/1693 2458/2458 2598/2598
f 129/129 718/718 2873/2873
f 2241/2241 2240/2240 2627/2627
f 1169/1169 1239/1239 2594/2594
f 301/301 1681/1681 2829/2829
f 1682/1682 354/354 2826/2826
f 1686/1686 1745/1745 2621/2621
f 1970/1970 2381/2381 2670/2670
f 2191/2191 1753/1753 2880/2880
f 1734/1734 1733/1733 2858/2858
f 2568/2568 940/940 2581/2581
f 1752/1752 1523/1523 2655/2655
f 2740/2740 1901/1901 2843/2843
f 1703/1703 2197/2197 2694/2694
f 2445/2445 940/940 2568/2568
f 1672/1672 2328/2328 2574/2574
f 1721/1721 1720/1720 2619/2619
f 2352/2352 1598/1598 2751/2751
f 1640/1640 2512/2512 2836/2836
f 2137/2137 2555/2555 2607/2607
f 1826/1826 2526/2526 2876/2876
f 2216/2216 2217/2217 2801/2801
f 2003/2003 1820/1820 2605/2605
f 2585/2585 2152/2152 2733/2733
f 2602/2602 848/848 2662/2662
f 1452/1452 1450/1450 2800/2800
f 1196/1196 2483/2483 2681/2681
f 2617/2617 1604/1604 2792/2792
f 2580/2580 1701/1701 2620/2620
f 2221/2221 841/841 2900/2900
f 961/961 2074/2074 2759/2759
f 1702/1702 1863/1863 2586/2586
f 1736/1736 741/741 2667/2667
f 2410/2410 1732/1732 2597/2597
f 1014/1014 2193/2193 2813/2813
f 2033/2033 955/955 2832/2832
f 2633/2633 1890/1890 2895/2895
f 2529/2529 877/877 2559/2559
f 2029/2029 2030/2030 2711/2711
f 2289/2289 1718/1718 2600/2600
f 2369/2369 1154/1154 2869/2869
f 2484/2484 2159/2159 2564/2564
f 2541/2541 1682/1682 2542/2542
f 1621/1621 2464/2464 2692/2692
f 1714/1714 1860/1860 2810/2810
f 1681/1681 2551/2551 2552/2552
f 742/742 88/88 2814/2814
f 2459/2459 2064/2064 2881/2881
f 1822/1822 2543/2543 2597/2597
f 1835/1835 1833/1833 2816/2816
f 1959/1959 1961/1961 2797/2797
f 1435/1435 1793/1793 2620/2620
f 1825/1825 1970/1970 2601/2601
f 1695/1695 1812/1812 2614/2614
f 1909/1909 750/750 2849/2849
f 2210/2210 1889/1889 2633/2633
f 940/940 2511/2511 2581/2581
f 1374/1374 2410/2410 2597/2597
f 2105/2105 2003/2003 2605/2605
f 1670/1670 1730/1730 2608/2608
f 1358/1358 2238/2238 2777/2777
f 1802/1802 1801/1801 2604/2604
f 1388/1388 2593/2593 2656/2656
f 2673/2673 1943/1943 2817/2817
f 769/769 771/771 2629/2629
f 1244/1244 1247/1247 2627/2627
f 1503/1503 134/134 2674/2674
f 2777/2777 2238/2238 2872/2872
f 1587/1587 1951/1951 2690/2690
f 1838/1838 2702/2702 2762/2762
f 1455/1455 729/729 2911/2911
f 1473/1473 80/80 2668/2668
f 2659/2659 1358/1358 2777/2777
f 2311/2311 1343/1343 2658/2658
f 2188/2188 1588/1588 2737/2737
f 2465/2465 1637/1637 2671/2671
f 75/75 1593/1593 2675/2675
f 42/42 351/351 2646/2646
f 428/428 121/121 2647/2647
f 1929/1929 1932/1932 2616/2616
f 1211/1211 1452/1452 2604/2604
f 2294/2294 816/816 2790/2790
f 705/705 1927/1927 2606/2606
f 1493/1493 30/30 2677/2677
f 1693/1693 2598/2598 2680/2680
f 1785/1785 1786/1786 2697/2697
f 117/117 425/425 2610/2610
f 307/307 13/13 2611/2611
f 1949/1949 1746/1746 2758/2758
f 718/718 2623/2623 2624/2624
f 2286/2286 964/964 2712/2712
f 710/710 2579/2579 2816/2816
f 2308/2308 1685/1685 2910/2910
f 41/41 1484/1484 2672/2672
f 883/883 886/886 2618/2618
f 1055/1055 2314/2314 2901/2901
f 1615/1615 1595/1595 2632/2632
f 2844/2844 2018/2018 2885/2885
f 1388/1388 2374/2374 2593/2593
f 2555/2555 1245/1245 2607/2607
f 2037/2037 1790/1790 2806/2806
f 1472/1472 2260/2260 2882/2882
f 1051/1051 1145/1145 2776/2776
f 2495/2495 1900/1900 2852/2852
f 969/969 2349/2349 2899/2899
f 2199/2199 2547/2547 2746/2746
f 2023/2023 1002/1002 2781/2781
f 1817/1817 1816/1816 2625/2625
f 1528/1528 1725/1725 2831/2831
f 2654/2654 2459/2459 2881/2881
f 2795/2795 2033/2033 2832/2832
f 2074/2074 2162/2162 2889/2889
f 1401/1401 1312/1312 2855/2855
f 2765/2765 2520/2520 2875/2875
f 1809/1809 1808/1808 2626/2626
f 1854/1854 2516/2516 2906/2906
f 740/740 1514/1514 2796/2796
f 2382/2382 1762/1762 2714/2714
f 2397/2397 365/365 2727/2727
f 2399/2399 436/436 2715/2715
f 2389/2389 409/409 2716/2716
f 392/392 2388/2388 2726/2726
f 1779/1779 2397/2397 2727/2727
f 1757/1757 2399/2399 2715/2715
f 2384/2384 1775/1775 2719/2719
f 404/404 2393/2393 2722/2722
f 1760/1760 2389/2389 2716/2716
f 1761/1761 2401/2401 2723/2723
f 2393/2393 1766/1766 2722/2722
f 376/376 2382/2382 2714/2714
f 2394/2394 369/369 2720/2720
f 2385/2385 1778/1778 2728/2728
f 396/396 2400/2400 2717/2717
f 439/439 2384/2384 2719/2719
f 2402/2402 344/344 2725/2725
f 2400/2400 1758/1758 2717/2717
f 1759/1759 2394/2394 2720/2720
f 1764/1764 2402/2402 2725/2725
f 1776/1776 2386/2386 2718/2718
f 2396/2396 1771/1771 2721/2721
f 431/431 2396/2396 2721/2721
f 2388/2388 1770/1770 2726/2726
f 372/372 2385/2385 2728/2728
f 2401/2401 385/385 2723/2723
f 2386/2386 336/336 2718/2718
f 416/416 2404/2404 2729/2729
f 2404/2404 1780/1780 2729/2729
f 2688/2688 1807/1807 2823/2823
f 1372/1372 1056/1056 2663/2663
f 2584/2584 1826/1826 2876/2876
f 1366/1366 1691/1691 2628/2628
f 992/992 2582/2582 2765/2765
f 1719/1719 2568/2568 2581/2581
f 945/945 2109/2109 2760/2760
f 2159/2159 2158/2158 2868/2868
f 2444/2444 876/876 2821/2821
f 2546/2546 1600/1600 2713/2713
f 2069/2069 2070/2070 2907/2907
f 1810/1810 2264/2264 2851/2851
f 2018/2018 1337/1337 2885/2885
f 2064/2064 2066/2066 2881/2881
f 2449/2449 1513/1513 2695/2695
f 2509/2509 2139/2139 2915/2915
f 48/48 715/715 2700/2700
f 1936/1936 1935/1935 2764/2764
f 2307/2307 1608/1608 2872/2872
f 2600/2600 1718/1718 2690/2690
f 2246/2246 2561/2561 2838/2838
f 2310/2310 1188/1188 2630/2630
f 1135/1135 2456/2456 2609/2609
f 2367/2367 1852/1852 2905/2905
f 955/955 2142/2142 2771/2771
f 1972/1972 2286/2286 2856/2856
f 1860/1860 2322/2322 2893/2893
f 1805/1805 2472/2472 2602/2602
f 876/876 2502/2502 2821/2821
f 716/716 1873/1873 2909/2909
f 1733/1733 1743/1743 2645/2645
f 2471/2471 1534/1534 2598/2598
f 1879/1879 2795/2795 2832/2832
f 1805/1805 2602/2602 2662/2662
f 1340/1340 1341/1341 2643/2643
f 2595/2595 1239/1239 2884/2884
f 2441/2441 2442/2442 2780/2780
f 790/790 2564/2564 2736/2736
f 1718/1718 2095/2095 2690/2690
f 2519/2519 1615/1615 2632/2632
f 2260/2260 2571/2571 2793/2793
f 2707/2707 2570/2570 2845/2845
f 1537/1537 1822/1822 2753/2753
f 886/886 2256/2256 2902/2902
f 1952/1952 1614/1614 2815/2815
f 1338/1338 2487/2487 2599/2599
f 1367/1367 1693/1693 2680/2680
f 1955/1955 1954/1954 2637/2637
f 1673/1673 1675/1675 2882/2882
f 2181/2181 2180/2180 2818/2818
f 917/917 919/919 2661/2661
f 1827/1827 2047/2047 2890/2890
f 1470/1470 2678/2678 2730/2730
f 2164/2164 1868/1868 2763/2763
f 1943/1943 1981/1981 2817/2817
f 953/953 864/864 2827/2827
f 743/743 1592/1592 2907/2907
f 2542/2542 1682/1682 2826/2826
f 1681/1681 2552/2552 2829/2829
f 1592/1592 2069/2069 2907/2907
f 2776/2776 1145/1145 2839/2839
f 2758/2758 1452/1452 2800/2800
f 1780/1780 2615/2615 2729/2729
f 1221/1221 1223/1223 2848/2848
f 1849/1849 1842/1842 2782/2782
f 2504/2504 1683/1683 2901/2901
f 1844/1844 1845/1845 2840/2840
f 2026/2026 1960/1960 2862/2862
f 2261/2261 1679/1679 2707/2707
f 2559/2559 877/877 2868/2868
f 1906/1906 1689/1689 2665/2665
f 1338/1338 2599/2599 2613/2613
f 2527/2527 1140/1140 2671/2671
f 1823/1823 1984/1984 2847/2847
f 2483/2483 1338/1338 2613/2613
f 1671/1671 725/725 2838/2838
f 2108/2108 1949/1949 2785/2785
f 876/876 820/820 2682/2682
f 2574/2574 1135/1135 2609/2609
f 2594/2594 1239/1239 2595/2595
f 2346/2346 1358/1358 2659/2659
f 2412/2412 846/846 2896/2896
f 2070/2070 743/743 2907/2907
f 2486/2486 1907/1907 2842/2842
f 1420/1420 728/728 2770/2770
f 851/851 871/871 2698/2698
f 2375/2375 1388/1388 2656/2656
f 862/862 860/860 2835/2835
f 2608/2608 1730/1730 2756/2756
f 1739/1739 1738/1738 2666/2666
f 68/68 376/376 2714/2714
f 409/409 103/103 2716/2716
f 96/96 404/404 2722/2722
f 88/88 396/396 2717/2717
f 436/436 129/129 2715/2715
f 130/130 439/439 2719/2719
f 385/385 79/79 2723/2723
f 122/122 431/431 2721/2721
f 138/138 447/447 2724/2724
f 336/336 29/29 2718/2718
f 64/64 372/372 2728/2728
f 84/84 392/392 2726/2726
f 365/365 59/59 2727/2727
f 369/369 63/63 2720/2720
f 344/344 37/37 2725/2725
f 108/108 416/416 2729/2729
f 2520/2520 2205/2205 2875/2875
f 2535/2535 2137/2137 2607/2607
f 1459/1459 1621/1621 2692/2692
f 1890/1890 2833/2833 2895/2895
f 1198/1198 1196/1196 2681/2681
f 723/723 1475/1475 2739/2739
f 1057/1057 1051/1051 2776/2776
f 2526/2526 1055/1055 2901/2901
f 2477/2477 1607/1607 2763/2763
f 2221/2221 1805/1805 2662/2662
f 1407/1407 1172/1172 2711/2711
f 1445/1445 1626/1626 2703/2703
f 1850/1850 1851/1851 2886/2886
f 1604/1604 1603/1603 2888/2888
f 2626/2626 1808/1808 2631/2631
f 2145/2145 2146/2146 2879/2879
f 727/727 1871/1871 2874/2874
f 724/724 2626/2626 2631/2631
f 2359/2359 1690/1690 2712/2712
f 1984/1984 1993/1993 2860/2860
f 1990/1990 2233/2233 2713/2713
f 2482/2482 1632/1632 2790/2790
f 2278/2278 2276/2276 2899/2899
f 2564/2564 2159/2159 2736/2736
f 2217/2217 1479/1479 2783/2783
f 2702/2702 1404/1404 2762/2762
f 964/964 2359/2359 2712/2712
f 2317/2317 1712/1712 2819/2819
f 2225/2225 2527/2527 2671/2671
f 1793/1793 2580/2580 2620/2620
f 2442/2442 2097/2097 2780/2780
f 816/816 2482/2482 2790/2790
f 1772/1772 2635/2635 2724/2724
f 2009/2009 2085/2085 2683/2683
f 1791/1791 2577/2577 2806/2806
f 1580/1580 1755/1755 2704/2704
f 1658/1658 1655/1655 2705/2705
f 1766/1766 2641/2641 2722/2722
f 2002/2002 2001/2001 2839/2839
f 2644/2644 1779/1779 2727/2727
f 2650/2650 1760/1760 2716/2716
f 2649/2649 1764/1764 2725/2725
f 1345/1345 2466/2466 2845/2845
f 1778/1778 2638/2638 2728/2728
f 2652/2652 1776/1776 2718/2718
f 2439/2439 1139/1139 2769/2769
f 1771/1771 2642/2642 2721/2721
f 868/868 866/866 2833/2833
f 1268/1268 2375/2375 2669/2669
f 1770/1770 2648/2648 2726/2726
f 2039/2039 2234/2234 2765/2765
f 2238/2238 1813/1813 2872/2872
f 1808/1808 2378/2378 2631/2631
f 1426/1426 2291/2291 2696/2696
f 1852/1852 2191/2191 2905/2905
f 1853/1853 1854/1854 2906/2906
f 1713/1713 2360/2360 2664/2664
f 1901/1901 1536/1536 2843/2843
f 2095/2095 1717/1717 2708/2708
f 1840/1840 1518/1518 2706/2706
f 2233/2233 2546/2546 2713/2713
f 14/14 1948/1948 2826/2826
f 1947/1947 6/6 2829/2829
f 1948/1948 2542/2542 2826/2826
f 877/877 2736/2736 2868/2868
f 2552/2552 1947/1947 2829/2829
f 1701/1701 2014/2014 2731/2731
f 2013/2013 333/333 2267/2267
f 2866/2866 935/935 2878/2878
f 2704/2704 1755/1755 2745/2745
f 2053/2053 2054/2054 2761/2761
f 2605/2605 1485/1485 2796/2796
f 2476/2476 1849/1849 2782/2782
f 2549/2549 1918/1918 2865/2865
f 2558/2558 1952/1952 2815/2815
f 2357/2357 2499/2499 2789/2789
f 95/95 2338/2338 2684/2684
f 1658/1658 2705/2705 2752/2752
f 1972/1972 1861/1861 2812/2812
f 2306/2306 2508/2508 2778/2778
f 2004/2004 2105/2105 2774/2774
f 734/734 1814/1814 2788/2788
f 2463/2463 104/104 2679/2679
f 1519/1519 1740/1740 2709/2709
f 841/841 839/839 2900/2900
f 1101/1101 1099/1099 2734/2734
f 788/788 790/790 2736/2736
f 1620/1620 2738/2738 2804/2804
f 1520/1520 733/733 2798/2798
f 1140/1140 2465/2465 2671/2671
f 2623/2623 1859/1859 2624/2624
f 1115/1115 1117/1117 2748/2748
f 1944/1944 1943/1943 2673/2673
f 1275/1275 2449/2449 2694/2694
f 1755/1755 1969/1969 2745/2745
f 2712/2712 1690/1690 2856/2856
f 2447/2447 2149/2149 2769/2769
f 1821/1821 739/739 2802/2802
f 2500/2500 1371/1371 2651/2651
f 2713/2713 1600/1600 2834/2834
f 2561/2561 1671/1671 2838/2838
f 1876/1876 2243/2243 2864/2864
f 1660/1660 1658/1658 2752/2752
f 1613/1613 1840/1840 2787/2787
f 1730/1730 2221/2221 2756/2756
f 1620/1620 2330/2330 2738/2738
f 1903/1903 1620/1620 2804/2804
f 2686/2686 1580/1580 2704/2704
f 1145/1145 2495/2495 2839/2839
f 2566/2566 1904/1904 2890/2890
f 1925/1925 2538/2538 2817/2817
f 2665/2665 1689/1689 2766/2766
f 1691/1691 1692/1692 2740/2740
f 1722/1722 1723/1723 2857/2857
f 2656/2656 1711/1711 2669/2669
f 2472/2472 1580/1580 2686/2686
f 1035/1035 1039/1039 2746/2746
f 1478/1478 2357/2357 2789/2789
f 715/715 2318/2318 2700/2700
f 2323/2323 1493/1493 2766/2766
f 1881/1881 1880/1880 2807/2807
f 1868/1868 1867/1867 2811/2811
f 2582/2582 2039/2039 2765/2765
f 2375/2375 2656/2656 2669/2669
f 2085/2085 1978/1978 2779/2779
f 2313/2313 2032/2032 2824/2824
f 2022/2022 2272/2272 2825/2825
f 1960/1960 2247/2247 2862/2862
f 2149/2149 2068/2068 2904/2904
f 2570/2570 1345/1345 2845/2845
f 2125/2125 2474/2474 2846/2846
f 2599/2599 2052/2052 2613/2613
f 718/718 2624/2624 2873/2873
f 1568/1568 1884/1884 2854/2854
f 950/950 2756/2756 2900/2900
f 1127/1127 1130/1130 2775/2775
f 1892/1892 1819/1819 2861/2861
f 2285/2285 1972/1972 2812/2812
f 2593/2593 2374/2374 2747/2747
f 1689/1689 2323/2323 2766/2766
f 1452/1452 2758/2758 2822/2822
f 1596/1596 2011/2011 2893/2893
f 2466/2466 1741/1741 2845/2845
f 1865/1865 1507/1507 2867/2867
f 1837/1837 1838/1838 2762/2762
f 2602/2602 2472/2472 2686/2686
f 1712/1712 2593/2593 2819/2819
f 2302/2302 1810/1810 2851/2851
f 2676/2676 2767/2767 2808/2808
f 1715/1715 1877/1877 2771/2771
f 1634/1634 1815/1815 2768/2768
f 1974/1974 2647/2647 2877/2877
f 1870/1870 2288/2288 2809/2809
f 1491/1491 717/717 2894/2894
f 720/720 1478/1478 2917/2917
f 1610/1610 2658/2658 2906/2906
f 1212/1212 1041/1041 2791/2791
f 1239/1239 1240/1240 2884/2884
f 2194/2194 2709/2709 2803/2803
f 2065/2065 2459/2459 2755/2755
f 2374/2374 1267/1267 2747/2747
f 2279/2279 844/844 2915/2915
f 2264/2264 2297/2297 2851/2851
f 1335/1335 2285/2285 2812/2812
f 2771/2771 1877/1877 2832/2832
f 1605/1605 1512/1512 2793/2793
f 1683/1683 2526/2526 2901/2901
f 1524/1524 1735/1735 2785/2785
f 1893/1893 2665/2665 2766/2766
f 1713/1713 2664/2664 2883/2883
f 2597/2597 1732/1732 2753/2753
f 2405/2405 1855/1855 2760/2760
f 2361/2361 1944/1944 2749/2749
f 1600/1600 2337/2337 2834/2834
f 2277/2277 2302/2302 2853/2853
f 1005/1005 2452/2452 2754/2754
f 1450/1450 1524/1524 2800/2800
f 1807/1807 1797/1797 2823/2823
f 1962/1962 1959/1959 2797/2797
f 1877/1877 1879/1879 2832/2832
f 2497/2497 1966/1966 2759/2759
f 2001/2001 2776/2776 2839/2839
f 2302/2302 1396/1396 2853/2853
f 2538/2538 1414/1414 2673/2673
f 1396/1396 2327/2327 2853/2853
f 2571/2571 1605/1605 2793/2793
f 1627/1627 2444/2444 2821/2821
f 2676/2676 2054/2054 2767/2767
f 2378/2378 1748/1748 2898/2898
f 425/425 1947/1947 2610/2610
f 1948/1948 307/307 2611/2611
f 1471/1471 17/17 1841/1841
f 1381/1381 2369/2369 2808/2808
f 1524/1524 2785/2785 2800/2800
f 1266/1266 1270/1270 2850/2850
f 1704/1704 2006/2006 2844/2844
f 2540/2540 872/872 2733/2733
f 1683/1683 1684/1684 2876/2876
f 1154/1154 2062/2062 2869/2869
f 1920/1920 2702/2702 2865/2865
f 1274/1274 2441/2441 2780/2780
f 2491/2491 1881/1881 2755/2755
f 1539/1539 1972/1972 2856/2856
f 2312/2312 1391/1391 2799/2799
f 49/49 1470/1470 1842/1842
f 1926/1926 1923/1923 2897/2897
f 1488/1488 1870/1870 2914/2914
f 1869/1869 1492/1492 2913/2913
f 1867/1867 1481/1481 2912/2912
f 2599/2599 2487/2487 2767/2767
f 2107/2107 2602/2602 2686/2686
f 2880/2880 871/871 2905/2905
f 1139/1139 2447/2447 2769/2769
f 1286/1286 2333/2333 2892/2892
f 1494/1494 1866/1866 2919/2919
f 1489/1489 1865/1865 2918/2918
f 2508/2508 2319/2319 2778/2778
f 2846/2846 2094/2094 2895/2895
f 2487/2487 1381/1381 2767/2767
f 1822/1822 2597/2597 2753/2753
f 955/955 2771/2771 2832/2832
f 887/887 935/935 2866/2866
f 2647/2647 1748/1748 2877/2877
f 2511/2511 2352/2352 2751/2751
f 2312/2312 2026/2026 2862/2862
f 2785/2785 1949/1949 2800/2800
f 1789/1789 2635/2635 2685/2685
f 2635/2635 1472/1472 2685/2685
f 2581/2581 2511/2511 2751/2751
f 121/121 2631/2631 2898/2898
f 2461/2461 1714/1714 2781/2781
f 2685/2685 1472/1472 2882/2882
f 2694/2694 2449/2449 2695/2695
f 2054/2054 2676/2676 2761/2761
f 1664/1664 1666/1666 2908/2908
f 871/871 2367/2367 2905/2905
f 1393/1393 2524/2524 2841/2841
f 2191/2191 2880/2880 2905/2905
f 1918/1918 1920/1920 2865/2865
f 1435/1435 2620/2620 2699/2699
f 747/747 1957/1957 2870/2870
f 2489/2489 1393/1393 2841/2841
f 1751/1751 2657/2657 2689/2689
f 2678/2678 1470/1470 2859/2859
f 2578/2578 1704/1704 2885/2885
f 1740/1740 2608/2608 2803/2803
f 1137/1137 2847/2847 2860/2860
f 2537/2537 1351/1351 2828/2828
f 2767/2767 1381/1381 2808/2808
f 2762/2762 2155/2155 2916/2916
f 953/953 2846/2846 2895/2895
f 2621/2621 1005/1005 2754/2754
f 2628/2628 1691/1691 2843/2843
f 2474/2474 2094/2094 2846/2846
f 1841/1841 2590/2590 2794/2794
f 1137/1137 2412/2412 2847/2847
f 2318/2318 2550/2550 2700/2700
f 1837/1837 2762/2762 2916/2916
f 1351/1351 2485/2485 2828/2828
f 2047/2047 2566/2566 2890/2890
f 2054/2054 2599/2599 2767/2767
f 2446/2446 1137/1137 2860/2860
f 2575/2575 1725/1725 2871/2871
f 2763/2763 1868/1868 2874/2874
f 2282/2282 2581/2581 2751/2751
f 2217/2217 2747/2747 2801/2801
f 2676/2676 2058/2058 2761/2761
f 1736/1736 2699/2699 2731/2731
f 2702/2702 1838/1838 2865/2865
f 1675/1675 2685/2685 2882/2882
f 2485/2485 1806/1806 2828/2828
f 1878/1878 2489/2489 2841/2841
f 1685/1685 2405/2405 2910/2910
f 2451/2451 992/992 2875/2875
f 2732/2732 1057/1057 2776/2776
f 1667/1667 2497/2497 2889/2889
f 2847/2847 1984/1984 2860/2860
f 2405/2405 2760/2760 2910/2910
f 2604/2604 1452/1452 2822/2822
f 1809/1809 2626/2626 2837/2837
f 1802/1802 2604/2604 2822/2822
f 2625/2625 1286/1286 2892/2892
f 992/992 2765/2765 2875/2875
f 2577/2577 1535/1535 2806/2806
f 1803/1803 2461/2461 2903/2903
f 2666/2666 1738/1738 2742/2742
f 2554/2554 1705/1705 2764/2764
f 1949/1949 2758/2758 2800/2800
f 2526/2526 1683/1683 2876/2876
f 1748/1748 2647/2647 2898/2898
f 2827/2827 2125/2125 2846/2846
f 2516/2516 1854/1854 2879/2879
f 2462/2462 1837/1837 2916/2916
f 2736/2736 2159/2159 2868/2868
f 2314/2314 2504/2504 2901/2901
f 2588/2588 1726/1726 2818/2818
f 1796/1796 2652/2652 2887/2887
f 2497/2497 2759/2759 2889/2889
f 2105/2105 2605/2605 2796/2796
f 2760/2760 2109/2109 2910/2910
f 2626/2626 1795/1795 2837/2837
f 2210/2210 2625/2625 2892/2892
f 2678/2678 1798/1798 2730/2730
f 2595/2595 1809/1809 2837/2837
f 2461/2461 2781/2781 2903/2903
f 2759/2759 2074/2074 2889/2889
f 2658/2658 1853/1853 2906/2906
f 1830/1830 2622/2622 2849/2849
f 1741/1741 2707/2707 2845/2845
f 2243/2243 2741/2741 2864/2864
f 2556/2556 1713/1713 2883/2883
f 2781/2781 1002/1002 2903/2903
f 2622/2622 1909/1909 2849/2849
f 1684/1684 2584/2584 2876/2876
f 2059/2059 2676/2676 2808/2808
f 2579/2579 1835/1835 2816/2816
f 2709/2709 1740/1740 2803/2803
f 2645/2645 1743/1743 2863/2863
f 2001/2001 2732/2732 2776/2776
f 2792/2792 1604/1604 2888/2888
f 1829/1829 2703/2703 2830/2830
f 1923/1923 2744/2744 2897/2897
f 2747/2747 1267/1267 2801/2801
f 2624/2624 1869/1869 2873/2873
f 2647/2647 121/121 2898/2898
f 1904/1904 2693/2693 2890/2890
f 1733/1733 2645/2645 2858/2858
f 2703/2703 1626/1626 2830/2830
f 139/139 22/22 2784/2784
f 1868/1868 2811/2811 2874/2874
f 2693/2693 1827/1827 2890/2890
f 1907/1907 2750/2750 2842/2842
f 2755/2755 1881/1881 2807/2807
f 2618/2618 886/886 2902/2902
f 2811/2811 727/727 2874/2874
f 2783/2783 2317/2317 2819/2819
f 2797/2797 1401/1401 2855/2855
f 2652/2652 1497/1497 2887/2887
f 2750/2750 2209/2209 2842/2842
f 2217/2217 2783/2783 2819/2819
f 2631/2631 2378/2378 2898/2898
f 1831/1831 2654/2654 2881/2881
f 1743/1743 2774/2774 2863/2863
f 2286/2286 2712/2712 2856/2856
f 2698/2698 871/871 2880/2880
f 2065/2065 2755/2755 2807/2807
f 953/953 2827/2827 2846/2846
f 2788/2788 1814/1814 2854/2854
f 1520/1520 2798/2798 2861/2861
f 1962/1962 2797/2797 2855/2855
f 1478/1478 2789/2789 2917/2917
f 1821/1821 2802/2802 2867/2867
f 1884/1884 2788/2788 2854/2854
f 2798/2798 1892/1892 2861/2861
f 2802/2802 1865/1865 2867/2867
f 2836/2836 2512/2512 2909/2909
f 18/18 17/17 1471/1471
f 49/49 10/10 1470/1470
f 2756/2756 2221/2221 2900/2900
f 2744/2744 1988/1988 2897/2897
f 1839/1839 2792/2792 2888/2888
f 2789/2789 1832/1832 2917/2917
f 1873/1873 2836/2836 2909/2909
f 446/446 139/139 2784/2784
f 17/17 115/115 714/714
f 421/421 18/18 2518/2518
f 18/18 1471/1471 2518/2518
f 48/48 49/49 715/715
f 23/23 22/22 140/140
f 22/22 139/139 140/140
f 28/28 2920/2920 142/142
f 141/141 2920/2920 27/27
f 27/27 2920/2920 28/28
f 142/142 2920/2920 141/141
f 144/144 2921/2921 135/135
f 136/136 2921/2921 143/143
f 135/135 2921/2921 136/136
f 143/143 2921/2921 144/144
f 146/146 2922/2922 131/131
f 132/132 2922/2922 145/145
f 145/145 2922/2922 146/146
f 131/131 2922/2922 132/132
f 148/148 2923/2923 127/127
f 128/128 2923/2923 147/147
f 127/127 2923/2923 128/128
f 147/147 2923/2923 148/148
f 150/150 2924/2924 116/116
f 117/117 2924/2924 149/149
f 149/149 2924/2924 150/150
f 116/116 2924/2924 117/117
f 120/120 2925/2925 152/152
f 151/151 2925/2925 119/119
f 119/119 2925/2925 120/120
f 152/152 2925/2925 151/151
f 154/154 2926/2926 123/123
f 124/124 2926/2926 153/153
f 153/153 2926/2926 154/154
f 123/123 2926/2926 124/124
f 12/12 2927/2927 9/9
f 50/50 2927/2927 155/155
f 155/155 2927/2927 12/12
f 9/9 2927/2927 50/50
f 54/54 2928/2928 157/157
f 156/156 2928/2928 53/53
f 53/53 2928/2928 54/54
f 157/157 2928/2928 156/156
f 16/16 2929/2929 13/13
f 47/47 2929/2929 158/158
f 158/158 2929/2929 16/16
f 13/13 2929/2929 47/47
f 40/40 2930/2930 159/159
f 160/160 2930/2930 39/39
f 159/159 2930/2930 160/160
f 39/39 2930/2930 40/40
f 161/161 2931/2931 43/43
f 44/44 2931/2931 162/162
f 162/162 2931/2931 161/161
f 43/43 2931/2931 44/44
f 164/164 2932/2932 31/31
f 32/32 2932/2932 163/163
f 31/31 2932/2932 32/32
f 163/163 2932/2932 164/164
f 165/165 2933/2933 35/35
f 36/36 2933/2933 166/166
f 166/166 2933/2933 165/165
f 35/35 2933/2933 36/36
f 78/78 2934/2934 167/167
f 168/168 2934/2934 77/77
f 167/167 2934/2934 168/168
f 77/77 2934/2934 78/78
f 169/169 2935/2935 81/81
f 82/82 2935/2935 170/170
f 170/170 2935/2935 169/169
f 81/81 2935/2935 82/82
f 172/172 2936/2936 73/73
f 74/74 2936/2936 171/171
f 171/171 2936/2936 172/172
f 73/73 2936/2936 74/74
f 174/174 2937/2937 65/65
f 66/66 2937/2937 173/173
f 65/65 2937/2937 66/66
f 173/173 2937/2937 174/174
f 175/175 2938/2938 69/69
f 70/70 2938/2938 176/176
f 176/176 2938/2938 175/175
f 69/69 2938/2938 70/70
f 178/178 2939/2939 57/57
f 58/58 2939/2939 177/177
f 57/57 2939/2939 58/58
f 177/177 2939/2939 178/178
f 179/179 2940/2940 61/61
f 62/62 2940/2940 180/180
f 180/180 2940/2940 179/179
f 61/61 2940/2940 62/62
f 182/182 2941/2941 97/97
f 98/98 2941/2941 181/181
f 97/97 2941/2941 98/98
f 181/181 2941/2941 182/182
f 183/183 2942/2942 101/101
f 102/102 2942/2942 184/184
f 101/101 2942/2942 102/102
f 184/184 2942/2942 183/183
f 186/186 2943/2943 93/93
f 94/94 2943/2943 185/185
f 185/185 2943/2943 186/186
f 93/93 2943/2943 94/94
f 187/187 2944/2944 105/105
f 106/106 2944/2944 188/188
f 105/105 2944/2944 106/106
f 188/188 2944/2944 187/187
f 189/189 2945/2945 109/109
f 110/110 2945/2945 190/190
f 190/190 2945/2945 189/189
f 109/109 2945/2945 110/110
f 90/90 2946/2946 191/191
f 192/192 2946/2946 89/89
f 89/89 2946/2946 90/90
f 191/191 2946/2946 192/192
f 194/194 2947/2947 85/85
f 86/86 2947/2947 193/193
f 193/193 2947/2947 194/194
f 85/85 2947/2947 86/86
f 4636/4636 512/512 4920/4920
f 4634/4634 520/520 4921/4921
f 4627/4627 524/524 4923/4923
f 3982/3982 2985/2985 4236/4236
f 565/565 4196/4196 4799/4799
f 4195/4195 497/497 4790/4790
f 3267/3267 4093/4093 4233/4233
f 4346/4346 4347/4347 4418/4418
f 4177/4177 2958/2958 4178/4178
f 140/140 474/474 5029/5029
f 500/500 4046/4046 4109/4109
f 4042/4042 562/562 4108/4108
f 4076/4076 3974/3974 4992/4992
f 2976/2976 4130/4130 5047/5047
f 4559/4559 3900/3900 4768/4768
f 4109/4109 499/499 4710/4710
f 306/306 4108/4108 4711/4711
f 3949/3949 4189/4189 4849/4849
f 4051/4051 4290/4290 4562/4562
f 3649/3649 4185/4185 4188/4188
f 4468/4468 3938/3938 4807/4807
f 4170/4170 4239/4239 4508/4508
f 4345/4345 3153/3153 4347/4347
f 542/542 4644/4644 4930/4930
f 498/498 499/499 4109/4109
f 306/306 305/305 4108/4108
f 3777/3777 2976/2976 5047/5047
f 4345/4345 4343/4343 4621/4621
f 4498/4498 4509/4509 4982/4982
f 3381/3381 4506/4506 4507/4507
f 4378/4378 4377/4377 4651/4651
f 4347/4347 3153/3153 4699/4699
f 3957/3957 4393/4393 4792/4792
f 3667/3667 4346/4346 4418/4418
f 3934/3934 4592/4592 4834/4834
f 3779/3779 3855/3855 4278/4278
f 4138/4138 3608/3608 4139/4139
f 3206/3206 4258/4258 4260/4260
f 3142/3142 3267/3267 4233/4233
f 4338/4338 4337/4337 4411/4411
f 4290/4290 4291/4291 4562/4562
f 3786/3786 3807/3807 4316/4316
f 4246/4246 4247/4247 4471/4471
f 4509/4509 3303/3303 4982/4982
f 4093/4093 3267/3267 4212/4212
f 4425/4425 3645/3645 4426/4426
f 4647/4647 504/504 4910/4910
f 3992/3992 4077/4077 4896/4896
f 4077/4077 3992/3992 4949/4949
f 3012/3012 4432/4432 4448/4448
f 4097/4097 4145/4145 4994/4994
f 3746/3746 3986/3986 4325/4325
f 3206/3206 4260/4260 4268/4268
f 4185/4185 3649/3649 4229/4229
f 3606/3606 4246/4246 4471/4471
f 4467/4467 3671/3671 4943/4943
f 3153/3153 4345/4345 4621/4621
f 3751/3751 4124/4124 4444/4444
f 500/500 210/210 4046/4046
f 241/241 562/562 4042/4042
f 3801/3801 4095/4095 5084/5084
f 4208/4208 3934/3934 4834/4834
f 4145/4145 3802/3802 4146/4146
f 4066/4066 3195/3195 5012/5012
f 4083/4083 4082/4082 4158/4158
f 3670/3670 3671/3671 4467/4467
f 4442/4442 4448/4448 5056/5056
f 493/493 3992/3992 4222/4222
f 3304/3304 4277/4277 4752/4752
f 4053/4053 4789/4789 4940/4940
f 4557/4557 4062/4062 4561/4561
f 4107/4107 3710/3710 4280/4280
f 4210/4210 3994/3994 4400/4400
f 3998/3998 4112/4112 4914/4914
f 3895/3895 4468/4468 4807/4807
f 3835/3835 4295/4295 4689/4689
f 2951/2951 4187/4187 4284/4284
f 4178/4178 2958/2958 4780/4780
f 4442/4442 3012/3012 4448/4448
f 4240/4240 4242/4242 4728/4728
f 3070/3070 3093/3093 4534/4534
f 3265/3265 4106/4106 4262/4262
f 3844/3844 4098/4098 4323/4323
f 4076/4076 4036/4036 4888/4888
f 3955/3955 4118/4118 4893/4893
f 4752/4752 4026/4026 4822/4822
f 3723/3723 4225/4225 5047/5047
f 4377/4377 3092/3092 4651/4651
f 4118/4118 3955/3955 4527/4527
f 4121/4121 3831/3831 4885/4885
f 3666/3666 3928/3928 4053/4053
f 3837/3837 4122/4122 4898/4898
f 3521/3521 4459/4459 4980/4980
f 4459/4459 4460/4460 4980/4980
f 3799/3799 3816/3816 4153/4153
f 3974/3974 3702/3702 4992/4992
f 4337/4337 3601/3601 4411/4411
f 3608/3608 4138/4138 4264/4264
f 3195/3195 4066/4066 4689/4689
f 3666/3666 8/8 3928/3928
f 3022/3022 4497/4497 4774/4774
f 2964/2964 231/231 4504/4504
f 4755/4755 3936/3936 4924/4924
f 4112/4112 3998/3998 5022/5022
f 4161/4161 4206/4206 4453/4453
f 4087/4087 3940/3940 4213/4213
f 4382/4382 4380/4380 4653/4653
f 4277/4277 4026/4026 4752/4752
f 4124/4124 3751/3751 4890/4890
f 219/219 4018/4018 4141/4141
f 3782/3782 4125/4125 4891/4891
f 4488/4488 3493/3493 4567/4567
f 3727/3727 4069/4069 4894/4894
f 4437/4437 4591/4591 4757/4757
f 4126/4126 3752/3752 4892/4892
f 4378/4378 3313/3313 4380/4380
f 4322/4322 4321/4321 4606/4606
f 3516/3516 4557/4557 4561/4561
f 4024/4024 4489/4489 4782/4782
f 3645/3645 4425/4425 4581/4581
f 4307/4307 3208/3208 4308/4308
f 3096/3096 4437/4437 4757/4757
f 3355/3355 4321/4321 4323/4323
f 3031/3031 4369/4369 4523/4523
f 4393/4393 4394/4394 4792/4792
f 473/473 4007/4007 4350/4350
f 4544/4544 3651/3651 4740/4740
f 474/474 473/473 4350/4350
f 4145/4145 4097/4097 4938/4938
f 4020/4020 4636/4636 4920/4920
f 4002/4002 4627/4627 4923/4923
f 4018/4018 4634/4634 4921/4921
f 4944/4944 4846/4846 5084/5084
f 3845/3845 4016/4016 4234/4234
f 4541/4541 3983/3983 4839/4839
f 3093/3093 4356/4356 4534/4534
f 3946/3946 4488/4488 4567/4567
f 3384/3384 3791/3791 4232/4232
f 4095/4095 3801/3801 4232/4232
f 3847/3847 4008/4008 4224/4224
f 564/564 565/565 4799/4799
f 4130/4130 3723/3723 5047/5047
f 497/497 496/496 4790/4790
f 3974/3974 4076/4076 4997/4997
f 4098/4098 3844/3844 4444/4444
f 4245/4245 4244/4244 4357/4357
f 4312/4312 4306/4306 5111/5111
f 3625/3625 3805/3805 4311/4311
f 3901/3901 4151/4151 5105/5105
f 4187/4187 2951/2951 5010/5010
f 4122/4122 3837/3837 4348/4348
f 3807/3807 4079/4079 4316/4316
f 3880/3880 4475/4475 4594/4594
f 4231/4231 4125/4125 4899/4899
f 3355/3355 4323/4323 4650/4650
f 3825/3825 4306/4306 4312/4312
f 4943/4943 4115/4115 5042/5042
f 226/226 4113/4113 4977/4977
f 3795/3795 4897/4897 5097/5097
f 2988/2988 4125/4125 4231/4231
f 3313/3313 4378/4378 4651/4651
f 3135/3135 3137/3137 4542/4542
f 3988/3988 4114/4114 4152/4152
f 4209/4209 4170/4170 4508/4508
f 234/234 4114/4114 4974/4974
f 254/254 4115/4115 4973/4973
f 3835/3835 4689/4689 4776/4776
f 3144/3144 3142/3142 4233/4233
f 3759/3759 4901/4901 5101/5101
f 4426/4426 3645/3645 4473/4473
f 4134/4134 4179/4179 4865/4865
f 4072/4072 4755/4755 4924/4924
f 4148/4148 2961/2961 4149/4149
f 3950/3950 3949/3949 4849/4849
f 3187/3187 3125/3125 4473/4473
f 3651/3651 4741/4741 4749/4749
f 3634/3634 3635/3635 4281/4281
f 244/244 245/245 2974/2974
f 206/206 8/8 2975/2975
f 4463/4463 3884/3884 4570/4570
f 4382/4382 3121/3121 4384/4384
f 4242/4242 3314/3314 4728/4728
f 4125/4125 3782/3782 4899/4899
f 3927/3927 3665/3665 4075/4075
f 242/242 2961/2961 4091/4091
f 244/244 3665/3665 3927/3927
f 2976/2976 215/215 4130/4130
f 4418/4418 4347/4347 4989/4989
f 4072/4072 3781/3781 4755/4755
f 4096/4096 4944/4944 5084/5084
f 4644/4644 4004/4004 4930/4930
f 4068/4068 3799/3799 4153/4153
f 4244/4244 3684/3684 4357/4357
f 4371/4371 4764/4764 4787/4787
f 4103/4103 3310/3310 4520/4520
f 4741/4741 4259/4259 4749/4749
f 4063/4063 3289/3289 4517/4517
f 4448/4448 4034/4034 5056/5056
f 4489/4489 3932/3932 4782/4782
f 3651/3651 4544/4544 4741/4741
f 4106/4106 3265/3265 5052/5052
f 3310/3310 4103/4103 4609/4609
f 4186/4186 3602/3602 4908/4908
f 4321/4321 3355/3355 4606/4606
f 4452/4452 4586/4586 4887/4887
f 4240/4240 3180/3180 4241/4241
f 4456/4456 4458/4458 4461/4461
f 4111/4111 4297/4297 5013/5013
f 4083/4083 4158/4158 4796/4796
f 4432/4432 3012/3012 4454/4454
f 3732/3732 4254/4254 5095/5095
f 4162/4162 4159/4159 4177/4177
f 3710/3710 3653/3653 4280/4280
f 4414/4414 4410/4410 5048/5048
f 4789/4789 207/207 4940/4940
f 3590/3590 4483/4483 4840/4840
f 3802/3802 4145/4145 4938/4938
f 4380/4380 3313/3313 4653/4653
f 3121/3121 4382/4382 4653/4653
f 3757/3757 3746/3746 4325/4325
f 3174/3174 3208/3208 4307/4307
f 4277/4277 3189/3189 4764/4764
f 3900/3900 4707/4707 4768/4768
f 4031/4031 3901/3901 5105/5105
f 4387/4387 4439/4439 4762/4762
f 4338/4338 4411/4411 4412/4412
f 4036/4036 4076/4076 4992/4992
f 4108/4108 563/563 4711/4711
f 501/501 4109/4109 4710/4710
f 2960/2960 20/20 4090/4090
f 4400/4400 3994/3994 4883/4883
f 4135/4135 3846/3846 4409/4409
f 3756/3756 2964/2964 4504/4504
f 305/305 11/11 5103/5103
f 19/19 498/498 5102/5102
f 3438/3438 4322/4322 4606/4606
f 4425/4425 4440/4440 4581/4581
f 4278/4278 3855/3855 4863/4863
f 4827/4827 3861/3861 4880/4880
f 4736/4736 4147/4147 4814/4814
f 4755/4755 3781/3781 4950/4950
f 4022/4022 4647/4647 4910/4910
f 4117/4117 3936/3936 4755/4755
f 4134/4134 4865/4865 4908/4908
f 3982/3982 4236/4236 4819/4819
f 4088/4088 4115/4115 4943/4943
f 196/196 4121/4121 4885/4885
f 4152/4152 4114/4114 4991/4991
f 4114/4114 234/234 4991/4991
f 451/451 2995/2995 4438/4438
f 3309/3309 4457/4457 4461/4461
f 274/274 2992/2992 4227/4227
f 258/258 2994/2994 4180/4180
f 202/202 4124/4124 4890/4890
f 4125/4125 229/229 4891/4891
f 3180/3180 4240/4240 4728/4728
f 252/252 4126/4126 4892/4892
f 4207/4207 3847/3847 4224/4224
f 4036/4036 217/217 4888/4888
f 4110/4110 3516/3516 4561/4561
f 238/238 4025/4025 4881/4881
f 4886/4886 4735/4735 5035/5035
f 3805/3805 3950/3950 4311/4311
f 4369/4369 4465/4465 4523/4523
f 478/478 477/477 4633/4633
f 490/490 489/489 4643/4643
f 583/583 584/584 4645/4645
f 514/514 515/515 4637/4637
f 538/538 539/539 4642/4642
f 546/546 547/547 4641/4641
f 550/550 551/551 4635/4635
f 518/518 519/519 4634/4634
f 530/530 531/531 4632/4632
f 582/582 581/581 4638/4638
f 522/522 523/523 4627/4627
f 578/578 577/577 4640/4640
f 479/479 480/480 4630/4630
f 545/545 544/544 4644/4644
f 486/486 485/485 4626/4626
f 510/510 511/511 4636/4636
f 526/526 527/527 4639/4639
f 534/534 535/535 4629/4629
f 506/506 507/507 4631/4631
f 571/571 572/572 4628/4628
f 557/557 556/556 4646/4646
f 502/502 503/503 4647/4647
f 4118/4118 213/213 4893/4893
f 4038/4038 247/247 4894/4894
f 3781/3781 3634/3634 4281/4281
f 198/198 3741/3741 4900/4900
f 204/204 4119/4119 4897/4897
f 4122/4122 235/235 4898/4898
f 3845/3845 199/199 4016/4016
f 3847/3847 223/223 4008/4008
f 250/250 4123/4123 4901/4901
f 4457/4457 3309/3309 4460/4460
f 2985/2985 3845/3845 4236/4236
f 4396/4396 3617/3617 4684/4684
f 4545/4545 4211/4211 4718/4718
f 4566/4566 4941/4941 5024/5024
f 4113/4113 226/226 5033/5033
f 4782/4782 3932/3932 4987/4987
f 4384/4384 3121/3121 4529/4529
f 4026/4026 3750/3750 4822/4822
f 3289/3289 4063/4063 4841/4841
f 4207/4207 3947/3947 4942/4942
f 4023/4023 4943/4943 5042/5042
f 3630/3630 4131/4131 4580/4580
f 2958/2958 4223/4223 4918/4918
f 3791/3791 4095/4095 4232/4232
f 4439/4439 4387/4387 4781/4781
f 4458/4458 3635/3635 4461/4461
f 4475/4475 4476/4476 4594/4594
f 4497/4497 3905/3905 4774/4774
f 3918/3918 4225/4225 4715/4715
f 4249/4249 3604/3604 4553/4553
f 3749/3749 3732/3732 5095/5095
f 219/219 4141/4141 5044/5044
f 3747/3747 4076/4076 4888/4888
f 4115/4115 254/254 5042/5042
f 4862/4862 3202/3202 4889/4889
f 3726/3726 3955/3955 4893/4893
f 2992/2992 4169/4169 4227/4227
f 3062/3062 4545/4545 4718/4718
f 4162/4162 4177/4177 4178/4178
f 4235/4235 3882/3882 4236/4236
f 3795/3795 3729/3729 4897/4897
f 4400/4400 3615/3615 5119/5119
f 4411/4411 4410/4410 4414/4414
f 472/472 24/24 4265/4265
f 3954/3954 3779/3779 4278/4278
f 4451/4451 4452/4452 4887/4887
f 4544/4544 3660/3660 4723/4723
f 3724/3724 3837/3837 4898/4898
f 3759/3759 3730/3730 4901/4901
f 4007/4007 196/196 4885/4885
f 4116/4116 4975/4975 5058/5058
f 4000/4000 202/202 4890/4890
f 229/229 4015/4015 4891/4891
f 4017/4017 252/252 4892/4892
f 4029/4029 4555/4555 5024/5024
f 4506/4506 3381/3381 4882/4882
f 3831/3831 3719/3719 4885/4885
f 3900/3900 4559/4559 4873/4873
f 3844/3844 3751/3751 4444/4444
f 4011/4011 198/198 4900/4900
f 4089/4089 3595/3595 5034/5034
f 3089/3089 3087/3087 4915/4915
f 4009/4009 238/238 4881/4881
f 3210/3210 4541/4541 4839/4839
f 3936/3936 4117/4117 5152/5152
f 4700/4700 3769/3769 4870/4870
f 3980/3980 4862/4862 4889/4889
f 217/217 4006/4006 4888/4888
f 4213/4213 3940/3940 4548/4548
f 3739/3739 3782/3782 4891/4891
f 3751/3751 3734/3734 4890/4890
f 3942/3942 4511/4511 4580/4580
f 213/213 4005/4005 4893/4893
f 247/247 4010/4010 4894/4894
f 3752/3752 3737/3737 4892/4892
f 4013/4013 204/204 4897/4897
f 235/235 4003/4003 4898/4898
f 4001/4001 250/250 4901/4901
f 4069/4069 4038/4038 4894/4894
f 4355/4355 4750/4750 4928/4928
f 4780/4780 2958/2958 4918/4918
f 3068/3068 3070/3070 4534/4534
f 4303/4303 3208/3208 4486/4486
f 3919/3919 4396/4396 4684/4684
f 3637/3637 4209/4209 4508/4508
f 4179/4179 4180/4180 4865/4865
f 4136/4136 3676/3676 4481/4481
f 3647/3647 4214/4214 4479/4479
f 3148/3148 3198/3198 4291/4291
f 3792/3792 4251/4251 4252/4252
f 3961/3961 3801/3801 5084/5084
f 2986/2986 3768/3768 4444/4444
f 3595/3595 4089/4089 4784/4784
f 3794/3794 4238/4238 4248/4248
f 4689/4689 4066/4066 4776/4776
f 4226/4226 3694/3694 4436/4436
f 4471/4471 4247/4247 4472/4472
f 3465/3465 3467/3467 4229/4229
f 3483/3483 4211/4211 4401/4401
f 4085/4085 3923/3923 4507/4507
f 3792/3792 4252/4252 4253/4253
f 3144/3144 4233/4233 4514/4514
f 4595/4595 4451/4451 4887/4887
f 4368/4368 4369/4369 4775/4775
f 3607/3607 4194/4194 4255/4255
f 3615/3615 4763/4763 5119/5119
f 3146/3146 3144/3144 4514/4514
f 4111/4111 3691/3691 4838/4838
f 4417/4417 3854/3854 4446/4446
f 4764/4764 3189/3189 4787/4787
f 4151/4151 3901/3901 4513/4513
f 561/561 560/560 4220/4220
f 567/567 568/568 4221/4221
f 491/491 492/492 4222/4222
f 3831/3831 4121/4121 5096/5096
f 4865/4865 4184/4184 4908/4908
f 3087/3087 4477/4477 4915/4915
f 4133/4133 3602/3602 4469/4469
f 3588/3588 4691/4691 4762/4762
f 4206/4206 4161/4161 4700/4700
f 4445/4445 3051/3051 4839/4839
f 4241/4241 3180/3180 4478/4478
f 4111/4111 3883/3883 4297/4297
f 3055/3055 3195/3195 4296/4296
f 493/493 206/206 3992/3992
f 4595/4595 4887/4887 5139/5139
f 4077/4077 205/205 4896/4896
f 3265/3265 4262/4262 4528/4528
f 4153/4153 3816/3816 4282/4282
f 4318/4318 4317/4317 4428/4428
f 3209/3209 4823/4823 4864/4864
f 4189/4189 3949/3949 4505/4505
f 3847/3847 4207/4207 4324/4324
f 4697/4697 4779/4779 4956/4956
f 210/210 211/211 2984/2984
f 240/240 241/241 2983/2983
f 3853/3853 4532/4532 4999/4999
f 3125/3125 3127/3127 4473/4473
f 4941/4941 4029/4029 5024/5024
f 3932/3932 4074/4074 4987/4987
f 4822/4822 3750/3750 4867/4867
f 4691/4691 4387/4387 4762/4762
f 4885/4885 3719/3719 4968/4968
f 3516/3516 4110/4110 4810/4810
f 3747/3747 4888/4888 4978/4978
f 3782/3782 4468/4468 4875/4875
f 3703/3703 4199/4199 4759/4759
f 4132/4132 4736/4736 4814/4814
f 4368/4368 4775/4775 4806/4806
f 4890/4890 3734/3734 4964/4964
f 3739/3739 4891/4891 4976/4976
f 4892/4892 3737/3737 4971/4971
f 3726/3726 4893/4893 4972/4972
f 3727/3727 4894/4894 4962/4962
f 4881/4881 3725/3725 4979/4979
f 4897/4897 3729/3729 4970/4970
f 4112/4112 239/239 4914/4914
f 3724/3724 4898/4898 4966/4966
f 4900/4900 4040/4040 4965/4965
f 4901/4901 3730/3730 4967/4967
f 3948/3948 4188/4188 5010/5010
f 4069/4069 3727/3727 4852/4852
f 4944/4944 4097/4097 4994/4994
f 4046/4046 2998/2998 4047/4047
f 4308/4308 3208/3208 5007/5007
f 3604/3604 4516/4516 4553/4553
f 4131/4131 3630/3630 5055/5055
f 3009/3009 3008/3008 4454/4454
f 3750/3750 4512/4512 4867/4867
f 3108/3108 4398/4398 5071/5071
f 4220/4220 560/560 5126/5126
f 4777/4777 4536/4536 4832/4832
f 4250/4250 3786/3786 4316/4316
f 4356/4356 3093/3093 5016/5016
f 4346/4346 3667/3667 4494/4494
f 3602/3602 4133/4133 4908/4908
f 3671/3671 4905/4905 4943/4943
f 4401/4401 4402/4402 4682/4682
f 4750/4750 3122/3122 4928/4928
f 4317/4317 3594/3594 4428/4428
f 2961/2961 4148/4148 4826/4826
f 3660/3660 4544/4544 4740/4740
f 4180/4180 2994/2994 4181/4181
f 4532/4532 3853/3853 4909/4909
f 3752/3752 4126/4126 4805/4805
f 4206/4206 4700/4700 4870/4870
f 4823/4823 3999/3999 4864/4864
f 218/218 3747/3747 4978/4978
f 3601/3601 4337/4337 4496/4496
f 3719/3719 195/195 4968/4968
f 4457/4457 4456/4456 4461/4461
f 3381/3381 4507/4507 4874/4874
f 3887/3887 3983/3983 4541/4541
f 4035/4035 3784/3784 4243/4243
f 3522/3522 3778/3778 4469/4469
f 4202/4202 4263/4263 4761/4761
f 236/236 3724/3724 4966/4966
f 3725/3725 237/237 4979/4979
f 214/214 3726/3726 4972/4972
f 248/248 3727/3727 4962/4962
f 3729/3729 203/203 4970/4970
f 3734/3734 201/201 4964/4964
f 230/230 3739/3739 4976/4976
f 3737/3737 251/251 4971/4971
f 3730/3730 249/249 4967/4967
f 4040/4040 197/197 4965/4965
f 4183/4183 4185/4185 4229/4229
f 3189/3189 4277/4277 4876/4876
f 3384/3384 4232/4232 4339/4339
f 3782/3782 4875/4875 4899/4899
f 4521/4521 4520/4520 4623/4623
f 3983/3983 4445/4445 4839/4839
f 567/567 4221/4221 5118/5118
f 4398/4398 3108/3108 5078/5078
f 501/501 500/500 4109/4109
f 562/562 563/563 4108/4108
f 4184/4184 4186/4186 4908/4908
f 4208/4208 3207/3207 5003/5003
f 4291/4291 3198/3198 4562/4562
f 2951/2951 4802/4802 5010/5010
f 3691/3691 4111/4111 5013/5013
f 4297/4297 3665/3665 5013/5013
f 4199/4199 3703/3703 4427/4427
f 3586/3586 4198/4198 4702/4702
f 3268/3268 4293/4293 4936/4936
f 3528/3528 4417/4417 4446/4446
f 3181/3181 3135/3135 4542/4542
f 4520/4520 3310/3310 4623/4623
f 4268/4268 4260/4260 4543/4543
f 4693/4693 4143/4143 4736/4736
f 4102/4102 4330/4330 4878/4878
f 3602/3602 4186/4186 5090/5090
f 3676/3676 4136/4136 4579/4579
f 4901/4901 4123/4123 5101/5101
f 4052/4052 4267/4267 4588/4588
f 4212/4212 4129/4129 4771/4771
f 512/512 216/216 4920/4920
f 520/520 220/220 4921/4921
f 524/524 222/222 4923/4923
f 4079/4079 4078/4078 4271/4271
f 4242/4242 4418/4418 4989/4989
f 4229/4229 3467/3467 5090/5090
f 3794/3794 3587/3587 4238/4238
f 266/266 2996/2996 4147/4147
f 4897/4897 4119/4119 5097/5097
f 4367/4367 3808/3808 4499/4499
f 2995/2995 4203/4203 4438/4438
f 2953/2953 4155/4155 4746/4746
f 4131/4131 3942/3942 4580/4580
f 3825/3825 4312/4312 4610/4610
f 4200/4200 3736/3736 4721/4721
f 4148/4148 4045/4045 4826/4826
f 3268/3268 4936/4936 5064/5064
f 4322/4322 3438/3438 4727/4727
f 4458/4458 4059/4059 5151/5151
f 4508/4508 4239/4239 5086/5086
f 2999/2999 3002/3002 4228/4228
f 3694/3694 4226/4226 5128/5128
f 4056/4056 4216/4216 4786/4786
f 4219/4219 3887/3887 4541/4541
f 3207/3207 4208/4208 4834/4834
f 3266/3266 4268/4268 4543/4543
f 3487/3487 4439/4439 4785/4785
f 3649/3649 4188/4188 5019/5019
f 4301/4301 4483/4483 4861/4861
f 4974/4974 4114/4114 5154/5154
f 4464/4464 4463/4463 4570/4570
f 4139/4139 3608/3608 4140/4140
f 4136/4136 4137/4137 4579/4579
f 4977/4977 4113/4113 5158/5158
f 4973/4973 4115/4115 5155/5155
f 4107/4107 4280/4280 4739/4739
f 3792/3792 3733/3733 4251/4251
f 4439/4439 4781/4781 4785/4785
f 216/216 217/217 2968/2968
f 234/234 235/235 2973/2973
f 204/204 205/205 2972/2972
f 226/226 227/227 2970/2970
f 246/246 247/247 2969/2969
f 254/254 195/195 2971/2971
f 4186/4186 4183/4183 4229/4229
f 212/212 213/213 2966/2966
f 238/238 239/239 2967/2967
f 200/200 201/201 2962/2962
f 230/230 231/231 2964/2964
f 220/220 221/221 2965/2965
f 250/250 251/251 2963/2963
f 3684/3684 4244/4244 4530/4530
f 4579/4579 4137/4137 5134/5134
f 3577/3577 3545/3545 4250/4250
f 4265/4265 474/474 4350/4350
f 224/224 225/225 2982/2982
f 196/196 197/197 2979/2979
f 4431/4431 3917/3917 4432/4432
f 3645/3645 3187/3187 4473/4473
f 3322/3322 3326/3326 4464/4464
f 4203/4203 4886/4886 5035/5035
f 4025/4025 4827/4827 4880/4880
f 4272/4272 3518/3518 4589/4589
f 4187/4187 4182/4182 4284/4284
f 3796/3796 3450/3450 4257/4257
f 4178/4178 4319/4319 4851/4851
f 4975/4975 4116/4116 5163/5163
f 4361/4361 3980/3980 4889/4889
f 4085/4085 4507/4507 5053/5053
f 4096/4096 4097/4097 4944/4944
f 4386/4386 4384/4384 4529/4529
f 4003/4003 550/550 4635/4635
f 4006/4006 514/514 4637/4637
f 477/477 4011/4011 4633/4633
f 489/489 4013/4013 4643/4643
f 4021/4021 530/530 4632/4632
f 4019/4019 534/534 4629/4629
f 581/581 4017/4017 4638/4638
f 485/485 4000/4000 4626/4626
f 4008/4008 526/526 4639/4639
f 4010/4010 571/571 4628/4628
f 577/577 4001/4001 4640/4640
f 4012/4012 583/583 4645/4645
f 4002/4002 522/522 4627/4627
f 4014/4014 546/546 4641/4641
f 544/544 4004/4004 4644/4644
f 4018/4018 518/518 4634/4634
f 4016/4016 479/479 4630/4630
f 4020/4020 510/510 4636/4636
f 4015/4015 538/538 4642/4642
f 4005/4005 506/506 4631/4631
f 556/556 4009/4009 4646/4646
f 4022/4022 502/502 4647/4647
f 264/264 2952/2952 4156/4156
f 4188/4188 3948/3948 5019/5019
f 236/236 237/237 2981/2981
f 214/214 215/215 2976/2976
f 3057/3057 3055/3055 4296/4296
f 218/218 219/219 2977/2977
f 248/248 249/249 2978/2978
f 232/232 233/233 2980/2980
f 202/202 203/203 2986/2986
f 228/228 229/229 2988/2988
f 252/252 253/253 2987/2987
f 4211/4211 3483/3483 4718/4718
f 3176/3176 3174/3174 4307/4307
f 4483/4483 4731/4731 4861/4861
f 4257/4257 3625/3625 4311/4311
f 4344/4344 4435/4435 5117/5117
f 198/198 199/199 2985/2985
f 222/222 223/223 2989/2989
f 3999/3999 4443/4443 4864/4864
f 4222/4222 3992/3992 4896/4896
f 4306/4306 4309/4309 5111/5111
f 4555/4555 4556/4556 5024/5024
f 3411/3411 3800/3800 4427/4427
f 4548/4548 3941/3941 4818/4818
f 4246/4246 3606/3606 4515/4515
f 4853/4853 2966/2966 4987/4987
f 4202/4202 4201/4201 4263/4263
f 231/231 542/542 4930/4930
f 3150/3150 3148/3148 4291/4291
f 4386/4386 4529/4529 5159/5159
f 4435/4435 4424/4424 5117/5117
f 3518/3518 4407/4407 4416/4416
f 3205/3205 3825/3825 4610/4610
f 3058/3058 4402/4402 4403/4403
f 4324/4324 4207/4207 4942/4942
f 4267/4267 3230/3230 4588/4588
f 4186/4186 4229/4229 5090/5090
f 4481/4481 3676/3676 4698/4698
f 3953/3953 4784/4784 4953/4953
f 4245/4245 4357/4357 5016/5016
f 4681/4681 4615/4615 4701/4701
f 4023/4023 4467/4467 4943/4943
f 4159/4159 463/463 4177/4177
f 474/474 4265/4265 5029/5029
f 262/262 4157/4157 4176/4176
f 2983/2983 241/241 3631/3631
f 210/210 2984/2984 2998/2998
f 4325/4325 3986/3986 4960/4960
f 4035/4035 4243/4243 4270/4270
f 4295/4295 4296/4296 4689/4689
f 2975/2975 8/8 3666/3666
f 449/449 2956/2956 4201/4201
f 3328/3328 3324/3324 4476/4476
f 4226/4226 4436/4436 4700/4700
f 4412/4412 4414/4414 4806/4806
f 3095/3095 3094/3094 4360/4360
f 4343/4343 4542/4542 4621/4621
f 4163/4163 4204/4204 5136/5136
f 3649/3649 3465/3465 4229/4229
f 3027/3027 4372/4372 4522/4522
f 3784/3784 2983/2983 4243/4243
f 3797/3797 3389/3389 4339/4339
f 3518/3518 3507/3507 4589/4589
f 4059/4059 4458/4458 5099/5099
f 3859/3859 4556/4556 4593/4593
f 4209/4209 3637/3637 4794/4794
f 4407/4407 3518/3518 5132/5132
f 4179/4179 4134/4134 4856/4856
f 3768/3768 4098/4098 4444/4444
f 4784/4784 4089/4089 4953/4953
f 4218/4218 4120/4120 5083/5083
f 3130/3130 3623/3623 4394/4394
f 3092/3092 4377/4377 5141/5141
f 4163/4163 468/468 4204/4204
f 3732/3732 3792/3792 4254/4254
f 3208/3208 4303/4303 5007/5007
f 4044/4044 4092/4092 4270/4270
f 3891/3891 4481/4481 4698/4698
f 4404/4404 4405/4405 4986/4986
f 3968/3968 3772/3772 4319/4319
f 4237/4237 3703/3703 4759/4759
f 4483/4483 4482/4482 4840/4840
f 504/504 212/212 4910/4910
f 4393/4393 3957/3957 5014/5014
f 3694/3694 3407/3407 4436/4436
f 4281/4281 3635/3635 5151/5151
f 4392/4392 4034/4034 5001/5001
f 4760/4760 4554/4554 4836/4836
f 4715/4715 4225/4225 4955/4955
f 3804/3804 3459/3459 4269/4269
f 3012/3012 3009/3009 4454/4454
f 4146/4146 3802/3802 5068/5068
f 3816/3816 3818/3818 4282/4282
f 4326/4326 4513/4513 4603/4603
f 3326/3326 3331/3331 4464/4464
f 3631/3631 4042/4042 4043/4043
f 497/497 4195/4195 4859/4859
f 4196/4196 565/565 4860/4860
f 4156/4156 4548/4548 4818/4818
f 4449/4449 4175/4175 4510/4510
f 3778/3778 4133/4133 4469/4469
f 498/498 4109/4109 5102/5102
f 4108/4108 305/305 5103/5103
f 4465/4465 4372/4372 4523/4523
f 3887/3887 4219/4219 4540/4540
f 3917/3917 4431/4431 5162/5162
f 275/275 274/274 4227/4227
f 4542/4542 3137/3137 4621/4621
f 452/452 451/451 4438/4438
f 4027/4027 4370/4370 4373/4373
f 259/259 258/258 4180/4180
f 4087/4087 4213/4213 5036/5036
f 210/210 2998/2998 4046/4046
f 3631/3631 241/241 4042/4042
f 4124/4124 2986/2986 4444/4444
f 4410/4410 3808/3808 5048/5048
f 4366/4366 4372/4372 4465/4465
f 3215/3215 4524/4524 4525/4525
f 2990/2990 4146/4146 4223/4223
f 4194/4194 3607/3607 4843/4843
f 4481/4481 3891/3891 4568/4568
f 2960/2960 4100/4100 4565/4565
f 3131/3131 3130/3130 4394/4394
f 3240/3240 3265/3265 4528/4528
f 4182/4182 2994/2994 4284/4284
f 4353/4353 4356/4356 4357/4357
f 4695/4695 4049/4049 5021/5021
f 3586/3586 4777/4777 4832/4832
f 3022/3022 4391/4391 4497/4497
f 4118/4118 4527/4527 4913/4913
f 3630/3630 4313/4313 4315/4315
f 3209/3209 4286/4286 4287/4287
f 3587/3587 3403/3403 4238/4238
f 4232/4232 3797/3797 4339/4339
f 4425/4425 4422/4422 4440/4440
f 4080/4080 3896/3896 4263/4263
f 4198/4198 3586/3586 4832/4832
f 3265/3265 3232/3232 4274/4274
f 3759/3759 4726/4726 4902/4902
f 3206/3206 3069/3069 4275/4275
f 565/565 158/158 4860/4860
f 150/150 497/497 4859/4859
f 3248/3248 3223/3223 4267/4267
f 4422/4422 3392/3392 4440/4440
f 4414/4414 4368/4368 4806/4806
f 4330/4330 4102/4102 4904/4904
f 4693/4693 4736/4736 5000/5000
f 3796/3796 4257/4257 4311/4311
f 4313/4313 4314/4314 4315/4315
f 3356/3356 3328/3328 4476/4476
f 3270/3270 4298/4298 4299/4299
f 2953/2953 4746/4746 5116/5116
f 3509/3509 3518/3518 4416/4416
f 3483/3483 4401/4401 4682/4682
f 3594/3594 4317/4317 4519/4519
f 4034/4034 4392/4392 5056/5056
f 3477/3477 4326/4326 4603/4603
f 2998/2998 2984/2984 2999/2999
f 4264/4264 4138/4138 4577/4577
f 4045/4045 4148/4148 5046/5046
f 3677/3677 3897/3897 4363/4363
f 3525/3525 3528/3528 4446/4446
f 3207/3207 4328/4328 4329/4329
f 4767/4767 3590/3590 4840/4840
f 3126/3126 4264/4264 4577/4577
f 4395/4395 3495/3495 4495/4495
f 4697/4697 3591/3591 4779/4779
f 3444/3444 3659/3659 4276/4276
f 4282/4282 3818/3818 4283/4283
f 4213/4213 4176/4176 4863/4863
f 3723/3723 4130/4130 4920/4920
f 2989/2989 4325/4325 4960/4960
f 4687/4687 4245/4245 5016/5016
f 4975/4975 228/228 5058/5058
f 4243/4243 4044/4044 4270/4270
f 4526/4526 3913/3913 4558/4558
f 4171/4171 4215/4215 4935/4935
f 3666/3666 4053/4053 4210/4210
f 4225/4225 3918/3918 5047/5047
f 4206/4206 2993/2993 4453/4453
f 24/24 23/23 4265/4265
f 3198/3198 3146/3146 4514/4514
f 3884/3884 4463/4463 5032/5032
f 4402/4402 3058/3058 4682/4682
f 4047/4047 4228/4228 4720/4720
f 244/244 2974/2974 3665/3665
f 4248/4248 3694/3694 5128/5128
f 3024/3024 3027/3027 4522/4522
f 4294/4294 3057/3057 4296/4296
f 4330/4330 4327/4327 4878/4878
f 4201/4201 2956/2956 4263/4263
f 4156/4156 2952/2952 4548/4548
f 3473/3473 3522/3522 4469/4469
f 4372/4372 3027/3027 4523/4523
f 3267/3267 3140/3140 4285/4285
f 4149/4149 2961/2961 4934/4934
f 4090/4090 4984/4984 5028/5028
f 4369/4369 3031/3031 4775/4775
f 4231/4231 3936/3936 5152/5152
f 3800/3800 4199/4199 4427/4427
f 4122/4122 4348/4348 4957/4957
f 3266/3266 3073/3073 4268/4268
f 4389/4389 4390/4390 4591/4591
f 3209/3209 3077/3077 4286/4286
f 4228/4228 3002/3002 4501/4501
f 3207/3207 3041/3041 4328/4328
f 3630/3630 3541/3541 4313/4313
f 3637/3637 3564/3564 4310/4310
f 2998/2998 2999/2999 4228/4228
f 3846/3846 4135/4135 4923/4923
f 3181/3181 4542/4542 5117/5117
f 3179/3179 4376/4376 4941/4941
f 4049/4049 4261/4261 5021/5021
f 3208/3208 3172/3172 4486/4486
f 3481/3481 3742/3742 4373/4373
f 4905/4905 4088/4088 4943/4943
f 3968/3968 4319/4319 4780/4780
f 3511/3511 3509/3509 4416/4416
f 3577/3577 4250/4250 4316/4316
f 4167/4167 2953/2953 4778/4778
f 3268/3268 3104/3104 4293/4293
f 4556/4556 4490/4490 4593/4593
f 3450/3450 3452/3452 4257/4257
f 4338/4338 4412/4412 4413/4413
f 5070/5070 4492/4492 5082/5082
f 3938/3938 4326/4326 4807/4807
f 3878/3878 4406/4406 4817/4817
f 4324/4324 3757/3757 4325/4325
f 3545/3545 3547/3547 4250/4250
f 4289/4289 3150/3150 4291/4291
f 3952/3952 4516/4516 4713/4713
f 3611/3611 3023/3023 4493/4493
f 3385/3385 4681/4681 4701/4701
f 3270/3270 3168/3168 4298/4298
f 4271/4271 4078/4078 5023/5023
f 3708/3708 4087/4087 4417/4417
f 3364/3364 3684/3684 4530/4530
f 4331/4331 3598/3598 4332/4332
f 3580/3580 3677/3677 4363/4363
f 4575/4575 4036/4036 4992/4992
f 3615/3615 4400/4400 4883/4883
f 3412/3412 3411/3411 4427/4427
f 3573/3573 4363/4363 4706/4706
f 4319/4319 3794/3794 4851/4851
f 240/240 2983/2983 3704/3704
f 3845/3845 4234/4234 4235/4235
f 3846/3846 2989/2989 4960/4960
f 3556/3556 3647/3647 4479/4479
f 4516/4516 3952/3952 4553/4553
f 3866/3866 3961/3961 4510/4510
f 4443/4443 3999/3999 4958/4958
f 3638/3638 4340/4340 4341/4341
f 4332/4332 4336/4336 4428/4428
f 2988/2988 4231/4231 5152/5152
f 4080/4080 4263/4263 5051/5051
f 4251/4251 3733/3733 4409/4409
f 4476/4476 3324/3324 4594/4594
f 3448/3448 3796/3796 4447/4447
f 4344/4344 4341/4341 4435/4435
f 3021/3021 3024/3024 4522/4522
f 4723/4723 3660/3660 4724/4724
f 3314/3314 4242/4242 4989/4989
f 3742/3742 4027/4027 4373/4373
f 3459/3459 3460/3460 4269/4269
f 4305/4305 3176/3176 4307/4307
f 3684/3684 4352/4352 4357/4357
f 4406/4406 4686/4686 4817/4817
f 3116/3116 3608/3608 4264/4264
f 3891/3891 3892/3892 4568/4568
f 3725/3725 4694/4694 4809/4809
f 4263/4263 2956/2956 5051/5051
f 4352/4352 4353/4353 4357/4357
f 4120/4120 4218/4218 5097/5097
f 4364/4364 4366/4366 4465/4465
f 3311/3311 4760/4760 4836/4836
f 3854/3854 4417/4417 5129/5129
f 3667/3667 3429/3429 4494/4494
f 3008/3008 3871/3871 4454/4454
f 4214/4214 3647/3647 4935/4935
f 4341/4341 4340/4340 4435/4435
f 4213/4213 4863/4863 5036/5036
f 4331/4331 4332/4332 4428/4428
f 3980/3980 4361/4361 5031/5031
f 3182/3182 3176/3176 4305/4305
f 4376/4376 3311/3311 4836/4836
f 4375/4375 4028/4028 4376/4376
f 3882/3882 4235/4235 5072/5072
f 4263/4263 3896/3896 4761/4761
f 2983/2983 3631/3631 4243/4243
f 3650/3650 3568/3568 4408/4408
f 4319/4319 4178/4178 4780/4780
f 491/491 4222/4222 4896/4896
f 4077/4077 5070/5070 5082/5082
f 3022/3022 3018/3018 4391/4391
f 4409/4409 3846/3846 4960/4960
f 5025/5025 4091/4091 5112/5112
f 3736/3736 4200/4200 5072/5072
f 3606/3606 3294/3294 4515/4515
f 4531/4531 4532/4532 4909/4909
f 4743/4743 4495/4495 4800/4800
f 4565/4565 4100/4100 5100/5100
f 3152/3152 3150/3150 4289/4289
f 4074/4074 4853/4853 4987/4987
f 4642/4642 539/539 4669/4669
f 4635/4635 551/551 4661/4661
f 4631/4631 507/507 4665/4665
f 4634/4634 519/519 4677/4677
f 4637/4637 515/515 4670/4670
f 4632/4632 531/531 4679/4679
f 4636/4636 511/511 4656/4656
f 4647/4647 503/503 4655/4655
f 4510/4510 3961/3961 4846/4846
f 3914/3914 4034/4034 4448/4448
f 3638/3638 3425/3425 4340/4340
f 3346/3346 3598/3598 4331/4331
f 3931/3931 4546/4546 4801/4801
f 4215/4215 4171/4171 4778/4778
f 4362/4362 3033/3033 4546/4546
f 3794/3794 4248/4248 4851/4851
f 3601/3601 4410/4410 4411/4411
f 3350/3350 3601/3601 4496/4496
f 3994/3994 4210/4210 4797/4797
f 3120/3120 3116/3116 4264/4264
f 4351/4351 3489/3489 4487/4487
f 3061/3061 3057/3057 4294/4294
f 3058/3058 4403/4403 4688/4688
f 4158/4158 4082/4082 4825/4825
f 3530/3530 3708/3708 4417/4417
f 4470/4470 3606/3606 4471/4471
f 4421/4421 4424/4424 4435/4435
f 3607/3607 4255/4255 4256/4256
f 3684/3684 3362/3362 4352/4352
f 4405/4405 4788/4788 4986/4986
f 4336/4336 5011/5011 5148/5148
f 3808/3808 3379/3379 4499/4499
f 4389/4389 4591/4591 4743/4743
f 3772/3772 3754/3754 4319/4319
f 4056/4056 4786/4786 5067/5067
f 4801/4801 4415/4415 4833/4833
f 3004/3004 3624/3624 4501/4501
f 3736/3736 3735/3735 4721/4721
f 4357/4357 4356/4356 5016/5016
f 4395/4395 4495/4495 4743/4743
f 3815/3815 3611/3611 4493/4493
f 4542/4542 4344/4344 5117/5117
f 4336/4336 4681/4681 5011/5011
f 4726/4726 3759/3759 5101/5101
f 4424/4424 4500/4500 5108/5108
f 3693/3693 2975/2975 3701/3701
f 4068/4068 4153/4153 5161/5161
f 3670/3670 4467/4467 4506/4506
f 4109/4109 4046/4046 4926/4926
f 4042/4042 4108/4108 4925/4925
f 4060/4060 4767/4767 4840/4840
f 4142/4142 4143/4143 4271/4271
f 4616/4616 4723/4723 4724/4724
f 4286/4286 3266/3266 4288/4288
f 3093/3093 4687/4687 5016/5016
f 3940/3940 3941/3941 4548/4548
f 4936/4936 4293/4293 4995/4995
f 3763/3763 4028/4028 4375/4375
f 4483/4483 3590/3590 4927/4927
f 4214/4214 3806/3806 4479/4479
f 2974/2974 3690/3690 3691/3691
f 3736/3736 4235/4235 4996/4996
f 4521/4521 4612/4612 4788/4788
f 4161/4161 4226/4226 4700/4700
f 4744/4744 3597/3597 4786/4786
f 4546/4546 3029/3029 4801/4801
f 4407/4407 4273/4273 5065/5065
f 4075/4075 3665/3665 4297/4297
f 3495/3495 4395/4395 4535/4535
f 3966/3966 4466/4466 4564/4564
f 4027/4027 4277/4277 4764/4764
f 4047/4047 2998/2998 4228/4228
f 3162/3162 3159/3159 4361/4361
f 4424/4424 5108/5108 5117/5117
f 3149/3149 3151/3151 4478/4478
f 3677/3677 3683/3683 3896/3896
f 2972/2972 205/205 4077/4077
f 4141/4141 4018/4018 4921/4921
f 3741/3741 3982/3982 5061/5061
f 4328/4328 4327/4327 4330/4330
f 3601/3601 3352/3352 4410/4410
f 3037/3037 3191/3191 4327/4327
f 3223/3223 3221/3221 4267/4267
f 4364/4364 3679/3679 4366/4366
f 3098/3098 3095/3095 4360/4360
f 4090/4090 3717/3717 4984/4984
f 4349/4349 4065/4065 4884/4884
f 206/206 2975/2975 3693/3693
f 2974/2974 245/245 3690/3690
f 3716/3716 4091/4091 5025/5025
f 3805/3805 3948/3948 3949/3949
f 3126/3126 3120/3120 4264/4264
f 4273/4273 4407/4407 5132/5132
f 4300/4300 4303/4303 4486/4486
f 4165/4165 4163/4163 5136/5136
f 3704/3704 2983/2983 3784/3784
f 3807/3807 3862/3862 4078/4078
f 4779/4779 3985/3985 4956/4956
f 3198/3198 4514/4514 4712/4712
f 4531/4531 4909/4909 5020/5020
f 3686/3686 3926/3926 4462/4462
f 4269/4269 3649/3649 5019/5019
f 3180/3180 3149/3149 4478/4478
f 3162/3162 4361/4361 4889/4889
f 3260/3260 3014/3014 4442/4442
f 3134/3134 3131/3131 4394/4394
f 3270/3270 4300/4300 4486/4486
f 4592/4592 3045/3045 4834/4834
f 4222/4222 492/492 4678/4678
f 3708/3708 3709/3709 3940/3940
f 3389/3389 3264/3264 4339/4339
f 2967/2967 239/239 4112/4112
f 3890/3890 4472/4472 4919/4919
f 3668/3668 3667/3667 4418/4418
f 3806/3806 3552/3552 4479/4479
f 4489/4489 3848/3848 4551/4551
f 3917/3917 3914/3914 4448/4448
f 3625/3625 3804/3804 3805/3805
f 3254/3254 3289/3289 4429/4429
f 4612/4612 4521/4521 4623/4623
f 3580/3580 3582/3582 3677/3677
f 3479/3479 3481/3481 4373/4373
f 3029/3029 3026/3026 4415/4415
f 3867/3867 4073/4073 4377/4377
f 3805/3805 3804/3804 3948/3948
f 3807/3807 3806/3806 3862/3862
f 4211/4211 3924/3924 4401/4401
f 3069/3069 3067/3067 4275/4275
f 3666/3666 4210/4210 4399/4399
f 4296/4296 3195/3195 4689/4689
f 3778/3778 3599/3599 3779/3779
f 3786/3786 3806/3806 3807/3807
f 3778/3778 3779/3779 3954/3954
f 3059/3059 4615/4615 4732/4732
f 3871/3871 4433/4433 4454/4454
f 3800/3800 3801/3801 3866/3866
f 3824/3824 3237/3237 4470/4470
f 3993/3993 4512/4512 4883/4883
f 3402/3402 3403/3403 3587/3587
f 3322/3322 4464/4464 4570/4570
f 3455/3455 3459/3459 3625/3625
f 3342/3342 3594/3594 4519/4519
f 3562/3562 3637/3637 4508/4508
f 3791/3791 3850/3850 3851/3851
f 3625/3625 3459/3459 3804/3804
f 3488/3488 3487/3487 4857/4857
f 4235/4235 3736/3736 5072/5072
f 4771/4771 4129/4129 5085/5085
f 2971/2971 195/195 3719/3719
f 4370/4370 4027/4027 4764/4764
f 3866/3866 3801/3801 3961/3961
f 3232/3232 3225/3225 4274/4274
f 3018/3018 3016/3016 4391/4391
f 3624/3624 3964/3964 4501/4501
f 4472/4472 3890/3890 5030/5030
f 4721/4721 4322/4322 4727/4727
f 2968/2968 217/217 4036/4036
f 3530/3530 3533/3533 3708/3708
f 4313/4313 3577/3577 4314/4314
f 2982/2982 225/225 3720/3720
f 3677/3677 3582/3582 3683/3683
f 3221/3221 3220/3220 3230/3230
f 4300/4300 4299/4299 4301/4301
f 2969/2969 247/247 4038/4038
f 2966/2966 213/213 4118/4118
f 216/216 2968/2968 3723/3723
f 2970/2970 227/227 3728/3728
f 234/234 2973/2973 4991/4991
f 4420/4420 3392/3392 4422/4422
f 220/220 2965/2965 3731/3731
f 2962/2962 201/201 3734/3734
f 2963/2963 251/251 3737/3737
f 230/230 2964/2964 3739/3739
f 3786/3786 3552/3552 3806/3806
f 196/196 2979/2979 4121/4121
f 204/204 2972/2972 4119/4119
f 238/238 2967/2967 4025/4025
f 3478/3478 3679/3679 4364/4364
f 4810/4810 4110/4110 4933/4933
f 3550/3550 3552/3552 3786/3786
f 4371/4371 4370/4370 4764/4764
f 3405/3405 3407/3407 3694/3694
f 2973/2973 235/235 4122/4122
f 3417/3417 3415/3415 3703/3703
f 3675/3675 4421/4421 4435/4435
f 3221/3221 3230/3230 4267/4267
f 4447/4447 4166/4166 4917/4917
f 3774/3774 3772/3772 3968/3968
f 3754/3754 3794/3794 4319/4319
f 4354/4354 3680/3680 4474/4474
f 250/250 2963/2963 4123/4123
f 2979/2979 197/197 4040/4040
f 3556/3556 3558/3558 3647/3647
f 4311/4311 3950/3950 4587/4587
f 4797/4797 4053/4053 4940/4940
f 4511/4511 3537/3537 4580/4580
f 3272/3272 4489/4489 4551/4551
f 3270/3270 4299/4299 4300/4300
f 3219/3219 3220/3220 3221/3221
f 3393/3393 3392/3392 4420/4420
f 3940/3940 3709/3709 3941/3941
f 3402/3402 3401/3401 3403/3403
f 3368/3368 3828/3828 4484/4484
f 3638/3638 4342/4342 4494/4494
f 3212/3212 3194/3194 4550/4550
f 3570/3570 3573/3573 4408/4408
f 4048/4048 4049/4049 5038/5038
f 3305/3305 3246/3246 4539/4539
f 4095/4095 3851/3851 4096/4096
f 3411/3411 3797/3797 3800/3800
f 3708/3708 3533/3533 3709/3709
f 3299/3299 3401/3401 3402/3402
f 3610/3610 3511/3511 4416/4416
f 3014/3014 3011/3011 4442/4442
f 4333/4333 3598/3598 4496/4496
f 3463/3463 3465/3465 3649/3649
f 4562/4562 3198/3198 4712/4712
f 3910/3910 3912/3912 4558/4558
f 4239/4239 3647/3647 5086/5086
f 3384/3384 3790/3790 3791/3791
f 3776/3776 3902/3902 4419/4419
f 4259/4259 3834/3834 4737/4737
f 218/218 2977/2977 3747/3747
f 3237/3237 3247/3247 4470/4470
f 3333/3333 3686/3686 4462/4462
f 2980/2980 233/233 3713/3713
f 2987/2987 253/253 3748/3748
f 3930/3930 4801/4801 4833/4833
f 4342/4342 4346/4346 4494/4494
f 3522/3522 3599/3599 3778/3778
f 3942/3942 3709/3709 4511/4511
f 4293/4293 3197/3197 4995/4995
f 202/202 2986/2986 4124/4124
f 2988/2988 229/229 4125/4125
f 252/252 2987/2987 4126/4126
f 4301/4301 4482/4482 4483/4483
f 4030/4030 4575/4575 4584/4584
f 3216/3216 3233/3233 4590/4590
f 2985/2985 199/199 3845/3845
f 3897/3897 3896/3896 4080/4080
f 4368/4368 4414/4414 5048/5048
f 236/236 2981/2981 3724/3724
f 214/214 2976/2976 3726/3726
f 2981/2981 237/237 3725/3725
f 2989/2989 223/223 3847/3847
f 222/222 2989/2989 3846/3846
f 248/248 2978/2978 3727/3727
f 2986/2986 203/203 3729/3729
f 3800/3800 3797/3797 3801/3801
f 4783/4783 4917/4917 5136/5136
f 2978/2978 249/249 3730/3730
f 3369/3369 3368/3368 4484/4484
f 4337/4337 4333/4333 4496/4496
f 4432/4432 3917/3917 4448/4448
f 4569/4569 3802/3802 4938/4938
f 3219/3219 3214/3214 3220/3220
f 4067/4067 3678/3678 4729/4729
f 3754/3754 3587/3587 3794/3794
f 198/198 2985/2985 3741/3741
f 3195/3195 4445/4445 5012/5012
f 582/582 4638/4638 4671/4671
f 478/478 4633/4633 4660/4660
f 4627/4627 523/523 4659/4659
f 490/490 4643/4643 4673/4673
f 4641/4641 547/547 4675/4675
f 4628/4628 572/572 4666/4666
f 578/578 4640/4640 4663/4663
f 4645/4645 584/584 4668/4668
f 4630/4630 480/480 4672/4672
f 486/486 4626/4626 4664/4664
f 4639/4639 527/527 4657/4657
f 4629/4629 535/535 4658/4658
f 557/557 4646/4646 4667/4667
f 545/545 4644/4644 4674/4674
f 3225/3225 3223/3223 3248/3248
f 2960/2960 4090/4090 4100/4100
f 4086/4086 4083/4083 4796/4796
f 2957/2957 4175/4175 4449/4449
f 3440/3440 3442/3442 3769/3769
f 4462/4462 3926/3926 4463/4463
f 3760/3760 4048/4048 4434/4434
f 267/267 266/266 4147/4147
f 4067/4067 4744/4744 4786/4786
f 4389/4389 4743/4743 4800/4800
f 3639/3639 4717/4717 4771/4771
f 3411/3411 3389/3389 3797/3797
f 4287/4287 4286/4286 4288/4288
f 3741/3741 5061/5061 5127/5127
f 4615/4615 4335/4335 4732/4732
f 4238/4238 3694/3694 4248/4248
f 3875/3875 3995/3995 4441/4441
f 4164/4164 4587/4587 4849/4849
f 2967/2967 4112/4112 4320/4320
f 3709/3709 3533/3533 4511/4511
f 3623/3623 3188/3188 3921/3921
f 3262/3262 3261/3261 3384/3384
f 4323/4323 4098/4098 5092/5092
f 4129/4129 4212/4212 5037/5037
f 4147/4147 2996/2996 4814/4814
f 4306/4306 4308/4308 4309/4309
f 3205/3205 3193/3193 3825/3825
f 3966/3966 3271/3271 4466/4466
f 4404/4404 3812/3812 4405/4405
f 3539/3539 3541/3541 3630/3630
f 3130/3130 3128/3128 3188/3188
f 3023/3023 3020/3020 4493/4493
f 3071/3071 3069/3069 3206/3206
f 3041/3041 3039/3039 4328/4328
f 4431/4431 4430/4430 5162/5162
f 4374/4374 4569/4569 4938/4938
f 3215/3215 4525/4525 4842/4842
f 4288/4288 3266/3266 4543/4543
f 3073/3073 3071/3071 4268/4268
f 2973/2973 4122/4122 4957/4957
f 3158/3158 3990/3990 4197/4197
f 4475/4475 3880/3880 5059/5059
f 3842/3842 4110/4110 4561/4561
f 3566/3566 3650/3650 4310/4310
f 265/265 264/264 4156/4156
f 4110/4110 4804/4804 4933/4933
f 3158/3158 3156/3156 3990/3990
f 3240/3240 3232/3232 3265/3265
f 2950/2950 4161/4161 4453/4453
f 3671/3671 3672/3672 4905/4905
f 4096/4096 3851/3851 4097/4097
f 4423/4423 4426/4426 4500/4500
f 4172/4172 452/452 4438/4438
f 3166/3166 3164/3164 3202/3202
f 3808/3808 4367/4367 5048/5048
f 4582/4582 4256/4256 5017/5017
f 4349/4349 4884/4884 5137/5137
f 3225/3225 3248/3248 4274/4274
f 3680/3680 3358/3358 4474/4474
f 4412/4412 4411/4411 4414/4414
f 3605/3605 3307/3307 4485/4485
f 4190/4190 275/275 4227/4227
f 4081/4081 4080/4080 4082/4082
f 3194/3194 3642/3642 4550/4550
f 3638/3638 4341/4341 4342/4342
f 3067/3067 3065/3065 3583/3583
f 3988/3988 4152/4152 4937/4937
f 3845/3845 4235/4235 4236/4236
f 3522/3522 3523/3523 3599/3599
f 4179/4179 259/259 4180/4180
f 3543/3543 3577/3577 4313/4313
f 3130/3130 3188/3188 3623/3623
f 3067/3067 3583/3583 4275/4275
f 3102/3102 3100/3100 3197/3197
f 3539/3539 3630/3630 4580/4580
f 5038/5038 4049/4049 5115/5115
f 4516/4516 3596/3596 4713/4713
f 3496/3496 3495/3495 4535/4535
f 3830/3830 3865/3865 4467/4467
f 4329/4329 4330/4330 4396/4396
f 4513/4513 3434/3434 4603/4603
f 3037/3037 3035/3035 3191/3191
f 3562/3562 3564/3564 3637/3637
f 3564/3564 3566/3566 4310/4310
f 3913/3913 3910/3910 4558/4558
f 3407/3407 3440/3440 4436/4436
f 3140/3140 3138/3138 4285/4285
f 3138/3138 3136/3136 3201/3201
f 4078/4078 3862/3862 4746/4746
f 3609/3609 4367/4367 4499/4499
f 3994/3994 3993/3993 4883/4883
f 4376/4376 3179/3179 4912/4912
f 450/450 449/449 4201/4201
f 3469/3469 3471/3471 3602/3602
f 3168/3168 3166/3166 4298/4298
f 4119/4119 2972/2972 4120/4120
f 464/464 463/463 4159/4159
f 263/263 262/262 4176/4176
f 2969/2969 4038/4038 4039/4039
f 3879/3879 4104/4104 4491/4491
f 3253/3253 3245/3245 3261/3261
f 3079/3079 3077/3077 3209/3209
f 453/453 452/452 4172/4172
f 3077/3077 3075/3075 4286/4286
f 4394/4394 3623/3623 4792/4792
f 3779/3779 3854/3854 3855/3855
f 3541/3541 3543/3543 4313/4313
f 3390/3390 3389/3389 3411/3411
f 4342/4342 4341/4341 4343/4343
f 4354/4354 4474/4474 4475/4475
f 3753/3753 3587/3587 3754/3754
f 3460/3460 3463/3463 4269/4269
f 3574/3574 3580/3580 4363/4363
f 3740/3740 3938/3938 4468/4468
f 4433/4433 4432/4432 4454/4454
f 3687/3687 3812/3812 4404/4404
f 4329/4329 4328/4328 4330/4330
f 3442/3442 3444/3444 4276/4276
f 4200/4200 4721/4721 4727/4727
f 3924/3924 3925/3925 4401/4401
f 2982/2982 3720/3720 3721/3721
f 4332/4332 4333/4333 4334/4334
f 469/469 468/468 4163/4163
f 3039/3039 3037/3037 4327/4327
f 260/260 259/259 4179/4179
f 3566/3566 3568/3568 3650/3650
f 3104/3104 3102/3102 4293/4293
f 3731/3731 2965/2965 3732/3732
f 4332/4332 3598/3598 4333/4333
f 3824/3824 4470/4470 4471/4471
f 3142/3142 3140/3140 3267/3267
f 2971/2971 3719/3719 3830/3830
f 3528/3528 3530/3530 4417/4417
f 3723/3723 2968/2968 4030/4030
f 3075/3075 3073/3073 3266/3266
f 3568/3568 3570/3570 4408/4408
f 3043/3043 3041/3041 3207/3207
f 276/276 275/275 4190/4190
f 3792/3792 4253/4253 4254/4254
f 2948/2948 457/457 4154/4154
f 4350/4350 4007/4007 4968/4968
f 4315/4315 4314/4314 4693/4693
f 2962/2962 3734/3734 3735/3735
f 3403/3403 3405/3405 4238/4238
f 268/268 2949/2949 4142/4142
f 3452/3452 3455/3455 4257/4257
f 4300/4300 4301/4301 4302/4302
f 2970/2970 3728/3728 4032/4032
f 3071/3071 3206/3206 4268/4268
f 458/458 2948/2948 4144/4144
f 3106/3106 3104/3104 3268/3268
f 2963/2963 3737/3737 3738/3738
f 3769/3769 4276/4276 4870/4870
f 4261/4261 3976/3976 5021/5021
f 3398/3398 3609/3609 4499/4499
f 4128/4128 3893/3893 4722/4722
f 3444/3444 3446/3446 3659/3659
f 4798/4798 564/564 4799/4799
f 3739/3739 2964/2964 3740/3740
f 3686/3686 3821/3821 3924/3924
f 3204/3204 3193/3193 3205/3205
f 496/496 4789/4789 4790/4790
f 3550/3550 3551/3551 3552/3552
f 3246/3246 3236/3236 4539/4539
f 3747/3747 2977/2977 3783/3783
f 3473/3473 3475/3475 3522/3522
f 3726/3726 2976/2976 3776/3776
f 4566/4566 3179/3179 4941/4941
f 2980/2980 3713/3713 3714/3714
f 4440/4440 3243/3243 4581/4581
f 3222/3222 3221/3221 3223/3223
f 2986/2986 3729/3729 3768/3768
f 3284/3284 3604/3604 4585/4585
f 3415/3415 3412/3412 4427/4427
f 3213/3213 3205/3205 3214/3214
f 3138/3138 3201/3201 4285/4285
f 4402/4402 4318/4318 4403/4403
f 2978/2978 3730/3730 3758/3758
f 3724/3724 2981/2981 3836/3836
f 3547/3547 3550/3550 4250/4250
f 3102/3102 3197/3197 4293/4293
f 2987/2987 3748/3748 3976/3976
f 4439/4439 3377/3377 4762/4762
f 3868/3868 3867/3867 4377/4377
f 3455/3455 3456/3456 3459/3459
f 3049/3049 3047/3047 3210/3210
f 2999/2999 3000/3000 3001/3001
f 3166/3166 3202/3202 4298/4298
f 3218/3218 3214/3214 3219/3219
f 3741/3741 2985/2985 3982/3982
f 3769/3769 3442/3442 4276/4276
f 4683/4683 4855/4855 5004/5004
f 3594/3594 4331/4331 4428/4428
f 3828/3828 3663/3663 3867/3867
f 3867/3867 3869/3869 4073/4073
f 3384/3384 3261/3261 3790/3790
f 3878/3878 4404/4404 4406/4406
f 3791/3791 3851/3851 4095/4095
f 3588/3588 4484/4484 4537/4537
f 3039/3039 4327/4327 4328/4328
f 4393/4393 3134/3134 4394/4394
f 3823/3823 3822/3822 4240/4240
f 3791/3791 3790/3790 3850/3850
f 3771/3771 3754/3754 3772/3772
f 3362/3362 3360/3360 4352/4352
f 4608/4608 3881/3881 4727/4727
f 3609/3609 3478/3478 4364/4364
f 4288/4288 4544/4544 4723/4723
f 4142/4142 2949/2949 4143/4143
f 3573/3573 4706/4706 5160/5160
f 3689/3689 3953/3953 4498/4498
f 3862/3862 4214/4214 4215/4215
f 4591/4591 4390/4390 4757/4757
f 4467/4467 3865/3865 4506/4506
f 3020/3020 3018/3018 3022/3022
f 3065/3065 3061/3061 4294/4294
f 3075/3075 3266/3266 4286/4286
f 4352/4352 3680/3680 4353/4353
f 3811/3811 3762/3762 3943/3943
f 2991/2991 4510/4510 4846/4846
f 3543/3543 3545/3545 3577/3577
f 3583/3583 4294/4294 4295/4295
f 3853/3853 3216/3216 4590/4590
f 3170/3170 3168/3168 3270/3270
f 4504/4504 231/231 4930/4930
f 4694/4694 3725/3725 4880/4880
f 3317/3317 3319/3319 4570/4570
f 4145/4145 4144/4144 4994/4994
f 3425/3425 3423/3423 4340/4340
f 4040/4040 4266/4266 4821/4821
f 3333/3333 3338/3338 3686/3686
f 3156/3156 3152/3152 4289/4289
f 4340/4340 3675/3675 4435/4435
f 3955/3955 3776/3776 4419/4419
f 4368/4368 4365/4365 4369/4369
f 3593/3593 4429/4429 4430/4430
f 3702/3702 4584/4584 4992/4992
f 4554/4554 3178/3178 4704/4704
f 3025/3025 3023/3023 3611/3611
f 3136/3136 3134/3134 4393/4393
f 4497/4497 4392/4392 4952/4952
f 3926/3926 3924/3924 4211/4211
f 4301/4301 4299/4299 4482/4482
f 3609/3609 4364/4364 4365/4365
f 3768/3768 3795/3795 3967/3967
f 3230/3230 3298/3298 3299/3299
f 3025/3025 3611/3611 3745/3745
f 3448/3448 3450/3450 3796/3796
f 3486/3486 3410/3410 3487/3487
f 3790/3790 3261/3261 4528/4528
f 3925/3925 4318/4318 4402/4402
f 3331/3331 4462/4462 4464/4464
f 3628/3628 4292/4292 4735/4735
f 3112/3112 3110/3110 3199/3199
f 3195/3195 3053/3053 4445/4445
f 3745/3745 3799/3799 4068/4068
f 4401/4401 3925/3925 4402/4402
f 3776/3776 3777/3777 3902/3902
f 4353/4353 4355/4355 4356/4356
f 3148/3148 3146/3146 3198/3198
f 3616/3616 3618/3618 3762/3762
f 3004/3004 3003/3003 3005/3005
f 3174/3174 3172/3172 3208/3208
f 3924/3924 3821/3821 3925/3925
f 3196/3196 3083/3083 4443/4443
f 4039/4039 4069/4069 4194/4194
f 3342/3342 3344/3344 3594/3594
f 3528/3528 3529/3529 3530/3530
f 3837/3837 3836/3836 4198/4198
f 4366/4366 4371/4371 4372/4372
f 3990/3990 4289/4289 4290/4290
f 4157/4157 4278/4278 4863/4863
f 4133/4133 3954/3954 4134/4134
f 4359/4359 3098/3098 4360/4360
f 3364/3364 3362/3362 3684/3684
f 3423/3423 3421/3421 3675/3675
f 3979/3979 4726/4726 4754/4754
f 3100/3100 3098/3098 4359/4359
f 3427/3427 3425/3425 3638/3638
f 3921/3921 3922/3922 4136/4136
f 3440/3440 3769/3769 4436/4436
f 3368/3368 3366/3366 3663/3663
f 3299/3299 3400/3400 3401/3401
f 3035/3035 3033/3033 4362/4362
f 3688/3688 3687/3687 3878/3878
f 3902/3902 3918/3918 3985/3985
f 3715/3715 3714/3714 3900/3900
f 3398/3398 3478/3478 3609/3609
f 3085/3085 3083/3083 3196/3196
f 4342/4342 4343/4343 4345/4345
f 3783/3783 4070/4070 4071/4071
f 4366/4366 4370/4370 4371/4371
f 3686/3686 3338/3338 3821/3821
f 4556/4556 3859/3859 4756/4756
f 3884/3884 3317/3317 4570/4570
f 4027/4027 4026/4026 4277/4277
f 3013/3013 3011/3011 3014/3014
f 3007/3007 3008/3008 3009/3009
f 3843/3843 3844/3844 4321/4321
f 4498/4498 3953/3953 4509/4509
f 3762/3762 3763/3763 4375/4375
f 4240/4240 3822/3822 4242/4242
f 3745/3745 3611/3611 3799/3799
f 3157/3157 3156/3156 3158/3158
f 3735/3735 3751/3751 3843/3843
f 4421/4421 4423/4423 4424/4424
f 3773/3773 3772/3772 3774/3774
f 3360/3360 3358/3358 3680/3680
f 3830/3830 3831/3831 3865/3865
f 3346/3346 3348/3348 3598/3598
f 3659/3659 4447/4447 4917/4917
f 3300/3300 3254/3254 4429/4429
f 3463/3463 3649/3649 4269/4269
f 3530/3530 3531/3531 3533/3533
f 3344/3344 3346/3346 4331/4331
f 4262/4262 3790/3790 4528/4528
f 3593/3593 3300/3300 4429/4429
f 3127/3127 3126/3126 3128/3128
f 3803/3803 3668/3668 3822/3822
f 3573/3573 3574/3574 4363/4363
f 4459/4459 4457/4457 4460/4460
f 3388/3388 3264/3264 3389/3389
f 3431/3431 3429/3429 3667/3667
f 3416/3416 3415/3415 3417/3417
f 2990/2990 4144/4144 4145/4145
f 3827/3827 4456/4456 4457/4457
f 3977/3977 3784/3784 4035/4035
f 4452/4452 4450/4450 4696/4696
f 3580/3580 3581/3581 3582/3582
f 3053/3053 3051/3051 4445/4445
f 4421/4421 4422/4422 4423/4423
f 3760/3760 3761/3761 4048/4048
f 3019/3019 3018/3018 3020/3020
f 3017/3017 3016/3016 3018/3018
f 3083/3083 3081/3081 4443/4443
f 3921/3921 4136/4136 4481/4481
f 3574/3574 3579/3579 3580/3580
f 3674/3674 3610/3610 3687/3687
f 3410/3410 3377/3377 4439/4439
f 3292/3292 3294/3294 3606/3606
f 3683/3683 3849/3849 3864/3864
f 3675/3675 4420/4420 4421/4421
f 3595/3595 3282/3282 4490/4490
f 4419/4419 3902/3902 4779/4779
f 3722/3722 3721/3721 3827/3827
f 3487/3487 3410/3410 4439/4439
f 3938/3938 4151/4151 4326/4326
f 2984/2984 211/211 4625/4625
f 4318/4318 4428/4428 5148/5148
f 3015/3015 3014/3014 3016/3016
f 3677/3677 3896/3896 3897/3897
f 3403/3403 3404/3404 3405/3405
f 4317/4317 3821/3821 4519/4519
f 3289/3289 3235/3235 4517/4517
f 4023/4023 3830/3830 4467/4467
f 4456/4456 3820/3820 4458/4458
f 3192/3192 3182/3182 3193/3193
f 4353/4353 4354/4354 4355/4355
f 4510/4510 4175/4175 5063/5063
f 3811/3811 4246/4246 4515/4515
f 3738/3738 3752/3752 3760/3760
f 3878/3878 3687/3687 4404/4404
f 3616/3616 3811/3811 4515/4515
f 4423/4423 4425/4425 4426/4426
f 3027/3027 3028/3028 4523/4523
f 3352/3352 3354/3354 4410/4410
f 3129/3129 3128/3128 3130/3130
f 3354/3354 3808/3808 4410/4410
f 3002/3002 3001/3001 3003/3003
f 3570/3570 3572/3572 3573/3573
f 3374/3374 3372/3372 3588/3588
f 3016/3016 3260/3260 4391/4391
f 3405/3405 3694/3694 4238/4238
f 3782/3782 3740/3740 4468/4468
f 3423/3423 3675/3675 4340/4340
f 3055/3055 3053/3053 3195/3195
f 3172/3172 3170/3170 4486/4486
f 3732/3732 3733/3733 3792/3792
f 4399/4399 4210/4210 4400/4400
f 4512/4512 3993/3993 4867/4867
f 3021/3021 3020/3020 3023/3023
f 2997/2997 4142/4142 4271/4271
f 4474/4474 3356/3356 4476/4476
f 3201/3201 3136/3136 4393/4393
f 3708/3708 3940/3940 4087/4087
f 3763/3763 3863/3863 4028/4028
f 3765/3765 3760/3760 4434/4434
f 4332/4332 4334/4334 4336/4336
f 3478/3478 3479/3479 3679/3679
f 3418/3418 3417/3417 3628/3628
f 4334/4334 4333/4333 4335/4335
f 3360/3360 3680/3680 4352/4352
f 3350/3350 3352/3352 3601/3601
f 3253/3253 3261/3261 3262/3262
f 3775/3775 3774/3774 3802/3802
f 3227/3227 3824/3824 4601/4601
f 4059/4059 4032/4032 4281/4281
f 3398/3398 3399/3399 3478/3478
f 3372/3372 3369/3369 4484/4484
f 4717/4717 4094/4094 4771/4771
f 3088/3088 3090/3090 4529/4529
f 3024/3024 3023/3023 3025/3025
f 3781/3781 4281/4281 4950/4950
f 3687/3687 3610/3610 3812/3812
f 3616/3616 3762/3762 3811/3811
f 3742/3742 4026/4026 4027/4027
f 3811/3811 3943/3943 3944/3944
f 3066/3066 3065/3065 3067/3067
f 3947/3947 3827/3827 4459/4459
f 3507/3507 3505/3505 4589/4589
f 3904/3904 4103/4103 4520/4520
f 561/561 4220/4220 4662/4662
f 4221/4221 568/568 4676/4676
f 3821/3821 3338/3338 4519/4519
f 3005/3005 3006/3006 3007/3007
f 3392/3392 3250/3250 4440/4440
f 3224/3224 3223/3223 3225/3225
f 3726/3726 3776/3776 3955/3955
f 3247/3247 3292/3292 4470/4470
f 3721/3721 3820/3820 4456/4456
f 3703/3703 4237/4237 4906/4906
f 4194/4194 4843/4843 4844/4844
f 456/456 2991/2991 4154/4154
f 3116/3116 3114/3114 3608/3608
f 2997/2997 269/269 4142/4142
f 4314/4314 3577/3577 4316/4316
f 3193/3193 3182/3182 4305/4305
f 3331/3331 3333/3333 4462/4462
f 3121/3121 3088/3088 4529/4529
f 3594/3594 3344/3344 4331/4331
f 3867/3867 3663/3663 3869/3869
f 3740/3740 3756/3756 3938/3938
f 4683/4683 3600/3600 4855/4855
f 3523/3523 3525/3525 4446/4446
f 3828/3828 3867/3867 3868/3868
f 2990/2990 459/459 4144/4144
f 2999/2999 2984/2984 3000/3000
f 3768/3768 3729/3729 3795/3795
f 3068/3068 3067/3067 3069/3069
f 3868/3868 4377/4377 4378/4378
f 4471/4471 4472/4472 5030/5030
f 4227/4227 4169/4169 5026/5026
f 3296/3296 3302/3302 3616/3616
f 4288/4288 4543/4543 4544/4544
f 3839/3839 4351/4351 4487/4487
f 3747/3747 3783/3783 4076/4076
f 4044/4044 4043/4043 4045/4045
f 4104/4104 3701/3701 4105/4105
f 3714/3714 3713/3713 3988/3988
f 3016/3016 3014/3014 3260/3260
f 3010/3010 3009/3009 3011/3011
f 3655/3655 3654/3654 3875/3875
f 3354/3354 3379/3379 3808/3808
f 2999/2999 3001/3001 3002/3002
f 3819/3819 3907/3907 4480/4480
f 3825/3825 4305/4305 4306/4306
f 3525/3525 3527/3527 3528/3528
f 3282/3282 3280/3280 4490/4490
f 3368/3368 3663/3663 3828/3828
f 3967/3967 3795/3795 4218/4218
f 4298/4298 3202/3202 4815/4815
f 3838/3838 4487/4487 4488/4488
f 3971/3971 4526/4526 4558/4558
f 3976/3976 3748/3748 4088/4088
f 3805/3805 3949/3949 3950/3950
f 3553/3553 3556/3556 4479/4479
f 3421/3421 3393/3393 4420/4420
f 4073/4073 3869/3869 4230/4230
f 3490/3490 3488/3488 3491/3491
f 3843/3843 4321/4321 4322/4322
f 3724/3724 3836/3836 3837/3837
f 3547/3547 3549/3549 3550/3550
f 3414/3414 3412/3412 3415/3415
f 3776/3776 2976/2976 3777/3777
f 2962/2962 3735/3735 3736/3736
f 4366/4366 3679/3679 4370/4370
f 3556/3556 3557/3557 3558/3558
f 3395/3395 3397/3397 3398/3398
f 3219/3219 3222/3222 4450/4450
f 3758/3758 3730/3730 3759/3759
f 4306/4306 4307/4307 4308/4308
f 3515/3515 3511/3511 3610/3610
f 3028/3028 3031/3031 4523/4523
f 3732/3732 2965/2965 3733/3733
f 3452/3452 3454/3454 3455/3455
f 3099/3099 3098/3098 3100/3100
f 3814/3814 4094/4094 4573/4573
f 3262/3262 3384/3384 4339/4339
f 3429/3429 3427/3427 4494/4494
f 3197/3197 3100/3100 4359/4359
f 3070/3070 3069/3069 3071/3071
f 2982/2982 3721/3721 3722/3722
f 3721/3721 3720/3720 3820/3820
f 3904/3904 3876/3876 4103/4103
f 3800/3800 3866/3866 4199/4199
f 2971/2971 3830/3830 4023/4023
f 4917/4917 4165/4165 5136/5136
f 3592/3592 3300/3300 3593/3593
f 4365/4365 4364/4364 4465/4465
f 3869/3869 3663/3663 4530/4530
f 3785/3785 3784/3784 3977/3977
f 3358/3358 3356/3356 4474/4474
f 4039/4039 4038/4038 4069/4069
f 3783/3783 2977/2977 4070/4070
f 2970/2970 4032/4032 4059/4059
f 4584/4584 4575/4575 4992/4992
f 3002/3002 3004/3004 4501/4501
f 3768/3768 3967/3967 4098/4098
f 2980/2980 3714/3714 3715/3715
f 3405/3405 3406/3406 3407/3407
f 3509/3509 3507/3507 3518/3518
f 4295/4295 3835/3835 4828/4828
f 3163/3163 3162/3162 3164/3164
f 3830/3830 3719/3719 3831/3831
f 3743/3743 4062/4062 4485/4485
f 3231/3231 3225/3225 3232/3232
f 4343/4343 4341/4341 4344/4344
f 3941/3941 3942/3942 3975/3975
f 4244/4244 3869/3869 4530/4530
f 4320/4320 3873/3873 4827/4827
f 3943/3943 3762/3762 4375/4375
f 3501/3501 3499/3499 3654/3654
f 3254/3254 3235/3235 3289/3289
f 2991/2991 4449/4449 4510/4510
f 3307/3307 3743/3743 4485/4485
f 3494/3494 3492/3492 3495/3495
f 3431/3431 3667/3667 3668/3668
f 3505/3505 3502/3502 4533/4533
f 3875/3875 3877/3877 3995/3995
f 3034/3034 3033/3033 3035/3035
f 4468/4468 3895/3895 4875/4875
f 3902/3902 3777/3777 3918/3918
f 3803/3803 3822/3822 3823/3823
f 3807/3807 4078/4078 4079/4079
f 3703/3703 3415/3415 4427/4427
f 3245/3245 3240/3240 4528/4528
f 3191/3191 3035/3035 4362/4362
f 3731/3731 3732/3732 3749/3749
f 3486/3486 3487/3487 3488/3488
f 4071/4071 4070/4070 4150/4150
f 3723/3723 4030/4030 4225/4225
f 3740/3740 2964/2964 3756/3756
f 3827/3827 3721/3721 4456/4456
f 3735/3735 3734/3734 3751/3751
f 3715/3715 3900/3900 3901/3901
f 3827/3827 4457/4457 4459/4459
f 4102/4102 3888/3888 4748/4748
f 4137/4137 4139/4139 4455/4455
f 3686/3686 3924/3924 3926/3926
f 3823/3823 4240/4240 4241/4241
f 3739/3739 3740/3740 3782/3782
f 4260/4260 4259/4259 4741/4741
f 4216/4216 4056/4056 4936/4936
f 3036/3036 3035/3035 3037/3037
f 3659/3659 3446/3446 4447/4447
f 3738/3738 3737/3737 3752/3752
f 3271/3271 3005/3005 4466/4466
f 3402/3402 3587/3587 3753/3753
f 3779/3779 3599/3599 3854/3854
f 3762/3762 3618/3618 3763/3763
f 3002/3002 3003/3003 3004/3004
f 3933/3933 3788/3788 3989/3989
f 3522/3522 3475/3475 3523/3523
f 3683/3683 3864/3864 4761/4761
f 3558/3558 3559/3559 3560/3560
f 3292/3292 3606/3606 4470/4470
f 3490/3490 3491/3491 3492/3492
f 4032/4032 3728/3728 4033/4033
f 3379/3379 3395/3395 4499/4499
f 4321/4321 3844/3844 4323/4323
f 270/270 2997/2997 4155/4155
f 4194/4194 4069/4069 4255/4255
f 3588/3588 3372/3372 4484/4484
f 3843/3843 3751/3751 3844/3844
f 3038/3038 3037/3037 3039/3039
f 3655/3655 3875/3875 3876/3876
f 3738/3738 3760/3760 3765/3765
f 2997/2997 4271/4271 5023/5023
f 3691/3691 3692/3692 3838/3838
f 4360/4360 3094/3094 4854/4854
f 4158/4158 2954/2954 4796/4796
f 3101/3101 3100/3100 3102/3102
f 3916/3916 3970/3970 3971/3971
f 4048/4048 3761/3761 4049/4049
f 3463/3463 3464/3464 3465/3465
f 3604/3604 4249/4249 5076/5076
f 4133/4133 4134/4134 4908/4908
f 3975/3975 4131/4131 4132/4132
f 3230/3230 3299/3299 4588/4588
f 3011/3011 3012/3012 4442/4442
f 2953/2953 271/271 4155/4155
f 3455/3455 3625/3625 4257/4257
f 3125/3125 3120/3120 3126/3126
f 3501/3501 3654/3654 3655/3655
f 3722/3722 3827/3827 3947/3947
f 3165/3165 3164/3164 3166/3166
f 3005/3005 3007/3007 4466/4466
f 4218/4218 3520/3520 5004/5004
f 3616/3616 3302/3302 3618/3618
f 3028/3028 3026/3026 3029/3029
f 4121/4121 2979/2979 4502/4502
f 3155/3155 3152/3152 3156/3156
f 3631/3631 4043/4043 4044/4044
f 3007/3007 3010/3010 4466/4466
f 4503/4503 4031/4031 4504/4504
f 3020/3020 3022/3022 4493/4493
f 3239/3239 3232/3232 3240/3240
f 3897/3897 4080/4080 4081/4081
f 3939/3939 3697/3697 4060/4060
f 3688/3688 3878/3878 3960/3960
f 4389/4389 4386/4386 4390/4390
f 3760/3760 3752/3752 3761/3761
f 3986/3986 4251/4251 4409/4409
f 3742/3742 3750/3750 4026/4026
f 3161/3161 3159/3159 3162/3162
f 3348/3348 3350/3350 4496/4496
f 4367/4367 4365/4365 4368/4368
f 4028/4028 3863/3863 4029/4029
f 3954/3954 4278/4278 4856/4856
f 3839/3839 4058/4058 4351/4351
f 4490/4490 3280/3280 4593/4593
f 3583/3583 3065/3065 4294/4294
f 3876/3876 3875/3875 4441/4441
f 3674/3674 3687/3687 3688/3688
f 3219/3219 3221/3221 3222/3222
f 4493/4493 3022/3022 4774/4774
f 3135/3135 3134/3134 3136/3136
f 3460/3460 3462/3462 3463/3463
f 3331/3331 3332/3332 3333/3333
f 3446/3446 3448/3448 4447/4447
f 3938/3938 3756/3756 4151/4151
f 3366/3366 3364/3364 4530/4530
f 3407/3407 3408/3408 3440/3440
f 3438/3438 4608/4608 4727/4727
f 3128/3128 3126/3126 4577/4577
f 3553/3553 3555/3555 3556/3556
f 4252/4252 4498/4498 4982/4982
f 3333/3333 3334/3334 3338/3338
f 4157/4157 2955/2955 4278/4278
f 3040/3040 3039/3039 3041/3041
f 3032/3032 3030/3030 3033/3033
f 3357/3357 3356/3356 3358/3358
f 4279/4279 3628/3628 4735/4735
f 3712/3712 4055/4055 4578/4578
f 3359/3359 3358/3358 3360/3360
f 4353/4353 3680/3680 4354/4354
f 460/460 2990/2990 4223/4223
f 4123/4123 2963/2963 4518/4518
f 4369/4369 4365/4365 4465/4465
f 3294/3294 3296/3296 4515/4515
f 3675/3675 3421/3421 4420/4420
f 4212/4212 3267/3267 5037/5037
f 4103/4103 3876/3876 4441/4441
f 3011/3011 3009/3009 3012/3012
f 3390/3390 3411/3411 3412/3412
f 3004/3004 3005/3005 3271/3271
f 2991/2991 455/455 4449/4449
f 4258/4258 3834/3834 4259/4259
f 3192/3192 3193/3193 3204/3204
f 3550/3550 3786/3786 4250/4250
f 4735/4735 4292/4292 5035/5035
f 3838/3838 3839/3839 4487/4487
f 3995/3995 3996/3996 4437/4437
f 2958/2958 461/461 4223/4223
f 3170/3170 3270/3270 4486/4486
f 3894/3894 3689/3689 4498/4498
f 3072/3072 3071/3071 3073/3073
f 3921/3921 3188/3188 3922/3922
f 3064/3064 3061/3061 3065/3065
f 4295/4295 4294/4294 4296/4296
f 3007/3007 3009/3009 3010/3010
f 3005/3005 3003/3003 3006/3006
f 3990/3990 3156/3156 4289/4289
f 3879/3879 3701/3701 4104/4104
f 3560/3560 3561/3561 3562/3562
f 3465/3465 3466/3466 3467/3467
f 3471/3471 3473/3473 4469/4469
f 462/462 2958/2958 4177/4177
f 3997/3997 3678/3678 4067/4067
f 3204/3204 3205/3205 3213/3213
f 3133/3133 3131/3131 3134/3134
f 454/454 2957/2957 4449/4449
f 3918/3918 3777/3777 5047/5047
f 3388/3388 3389/3389 3390/3390
f 3492/3492 3491/3491 4495/4495
f 4506/4506 3865/3865 4507/4507
f 3515/3515 3610/3610 3674/3674
f 3167/3167 3166/3166 3168/3168
f 3159/3159 3158/3158 4361/4361
f 3602/3602 3471/3471 4469/4469
f 261/261 2955/2955 4157/4157
f 4424/4424 4423/4423 4500/4500
f 3244/3244 3240/3240 3245/3245
f 3593/3593 4430/4430 4431/4431
f 3137/3137 3136/3136 3138/3138
f 3257/3257 3307/3307 3605/3605
f 4421/4421 4420/4420 4422/4422
f 4536/4536 3959/3959 4832/4832
f 3799/3799 3815/3815 3816/3816
f 470/470 2959/2959 4189/4189
f 3875/3875 3654/3654 3877/3877
f 3422/3422 3421/3421 3423/3423
f 4252/4252 3894/3894 4498/4498
f 3213/3213 3214/3214 3218/3218
f 3537/3537 3538/3538 3539/3539
f 4391/4391 3260/3260 4392/4392
f 3026/3026 3025/3025 4415/4415
f 4081/4081 4082/4082 4083/4083
f 3704/3704 3784/3784 3785/3785
f 465/465 2950/2950 4453/4453
f 3230/3230 3220/3220 3298/3298
f 277/277 2954/2954 4158/4158
f 4375/4375 4376/4376 4836/4836
f 3214/3214 3205/3205 4610/4610
f 3971/3971 4524/4524 4526/4526
f 3925/3925 4317/4317 4318/4318
f 3822/3822 3668/3668 4418/4418
f 272/272 2953/2953 4167/4167
f 3862/3862 3806/3806 4214/4214
f 4423/4423 4422/4422 4425/4425
f 256/256 2951/2951 4284/4284
f 3440/3440 3441/3441 3442/3442
f 3007/3007 3006/3006 3008/3008
f 3481/3481 3614/3614 3742/3742
f 3361/3361 3360/3360 3362/3362
f 4303/4303 4302/4302 4304/4304
f 3398/3398 3397/3397 3399/3399
f 3552/3552 3553/3553 4479/4479
f 3427/3427 3638/3638 4494/4494
f 3250/3250 3243/3243 4440/4440
f 3520/3520 4218/4218 5083/5083
f 3139/3139 3138/3138 3140/3140
f 3753/3753 3754/3754 3771/3771
f 3074/3074 3073/3073 3075/3075
f 3091/3091 3089/3089 3094/3094
f 3284/3284 3288/3288 3604/3604
f 4443/4443 3081/3081 4864/4864
f 3679/3679 3479/3479 4373/4373
f 3898/3898 3979/3979 4754/4754
f 3995/3995 4437/4437 5120/5120
f 3743/3743 3840/3840 4062/4062
f 3842/3842 3873/3873 4110/4110
f 3691/3691 3838/3838 4838/4838
f 3534/3534 3536/3536 3537/3537
f 2951/2951 255/255 4505/4505
f 3218/3218 3219/3219 4450/4450
f 3495/3495 3492/3492 4495/4495
f 3010/3010 3011/3011 3013/3013
f 3534/3534 3537/3537 4511/4511
f 3169/3169 3168/3168 3170/3170
f 3286/3286 3282/3282 3595/3595
f 3097/3097 3095/3095 3098/3098
f 3259/3259 3250/3250 3392/3392
f 4174/4174 4172/4172 4438/4438
f 3420/3420 3393/3393 3421/3421
f 3103/3103 3102/3102 3104/3104
f 4984/4984 4047/4047 5028/5028
f 4127/4127 3893/3893 4128/4128
f 4390/4390 4386/4386 5159/5159
f 3076/3076 3075/3075 3077/3077
f 4372/4372 4371/4371 4522/4522
f 3326/3326 3330/3330 3331/3331
f 3078/3078 3077/3077 3079/3079
f 3962/3962 3271/3271 3966/3966
f 3467/3467 3468/3468 3469/3469
f 3978/3978 4804/4804 5043/5043
f 3478/3478 3399/3399 3479/3479
f 4181/4181 2994/2994 4182/4182
f 3693/3693 3701/3701 3879/3879
f 3395/3395 3398/3398 4499/4499
f 3424/3424 3423/3423 3425/3425
f 3598/3598 3348/3348 4496/4496
f 3141/3141 3140/3140 3142/3142
f 4024/4024 3664/3664 4765/4765
f 3229/3229 3212/3212 4550/4550
f 3801/3801 3797/3797 4232/4232
f 3013/3013 3014/3014 3015/3015
f 3158/3158 4197/4197 4361/4361
f 2992/2992 4167/4167 4168/4168
f 4391/4391 4392/4392 4497/4497
f 3550/3550 3549/3549 3551/3551
f 3337/3337 3328/3328 3356/3356
f 3442/3442 3443/3443 3444/3444
f 4431/4431 4432/4432 4433/4433
f 3691/3691 3690/3690 3692/3692
f 4568/4568 3892/3892 4792/4792
f 3042/3042 3041/3041 3043/3043
f 3560/3560 3562/3562 4508/4508
f 3778/3778 3954/3954 4133/4133
f 3851/3851 3850/3850 4374/4374
f 3047/3047 3045/3045 4592/4592
f 3499/3499 3496/3496 4535/4535
f 3788/3788 3305/3305 4539/4539
f 3552/3552 3551/3551 3553/3553
f 4290/4290 4289/4289 4291/4291
f 4436/4436 3769/3769 4700/4700
f 3363/3363 3362/3362 3364/3364
f 3814/3814 4093/4093 4094/4094
f 3623/3623 3921/3921 4568/4568
f 3017/3017 3018/3018 3019/3019
f 4531/4531 3960/3960 4532/4532
f 3015/3015 3016/3016 3017/3017
f 4044/4044 4045/4045 4092/4092
f 3459/3459 3456/3456 3460/3460
f 3493/3493 3492/3492 3494/3494
f 3912/3912 3916/3916 4558/4558
f 2949/2949 4147/4147 4736/4736
f 3292/3292 3293/3293 3294/3294
f 4194/4194 4844/4844 5080/5080
f 3426/3426 3425/3425 3427/3427
f 4060/4060 3697/3697 4725/4725
f 3365/3365 3364/3364 3366/3366
f 3025/3025 3745/3745 4415/4415
f 3105/3105 3104/3104 3106/3106
f 3785/3785 3977/3977 3978/3978
f 3966/3966 4752/4752 4822/4822
f 215/215 4020/4020 4130/4130
f 4952/4952 4392/4392 5001/5001
f 3877/3877 3654/3654 4535/4535
f 3171/3171 3170/3170 3172/3172
f 4046/4046 4047/4047 4984/4984
f 4136/4136 3922/3922 4137/4137
f 3562/3562 3563/3563 3564/3564
f 221/221 4002/4002 4135/4135
f 3971/3971 3970/3970 3972/3972
f 3689/3689 3646/3646 3953/3953
f 4276/4276 3659/3659 4783/4783
f 4192/4192 4190/4190 4227/4227
f 3489/3489 3488/3488 3490/3490
f 4251/4251 3894/3894 4252/4252
f 3019/3019 3020/3020 3021/3021
f 3367/3367 3366/3366 3368/3368
f 3342/3342 3343/3343 3344/3344
f 3624/3624 3271/3271 3962/3962
f 3001/3001 3000/3000 3272/3272
f 4346/4346 4345/4345 4347/4347
f 4204/4204 2993/2993 4205/4205
f 3044/3044 3043/3043 3045/3045
f 3539/3539 3540/3540 3541/3541
f 3107/3107 3106/3106 3108/3108
f 3455/3455 3454/3454 3456/3456
f 3264/3264 3262/3262 4339/4339
f 3403/3403 3401/3401 3404/3404
f 3888/3888 3643/3643 4583/4583
f 3428/3428 3427/3427 3429/3429
f 3030/3030 3029/3029 4546/4546
f 3222/3222 3223/3223 3224/3224
f 4246/4246 3944/3944 4247/4247
f 3374/3374 3588/3588 4762/4762
f 3995/3995 3877/3877 3996/3996
f 3080/3080 3079/3079 3081/3081
f 4101/4101 4878/4878 4998/4998
f 4521/4521 4788/4788 5065/5065
f 3816/3816 3817/3817 3818/3818
f 3573/3573 3572/3572 3574/3574
f 3272/3272 3932/3932 4489/4489
f 3714/3714 3988/3988 4707/4707
f 3252/3252 3245/3245 3253/3253
f 3344/3344 3345/3345 3346/3346
f 3157/3157 3158/3158 3159/3159
f 4437/4437 4939/4939 5120/5120
f 3294/3294 3295/3295 3296/3296
f 3155/3155 3156/3156 3157/3157
f 4379/4379 4378/4378 4380/4380
f 3227/3227 3237/3237 3824/3824
f 3127/3127 3128/3128 3129/3129
f 3339/3339 3341/3341 3342/3342
f 3771/3771 3772/3772 3773/3773
f 3021/3021 3023/3023 3024/3024
f 3825/3825 3193/3193 4305/4305
f 3580/3580 3579/3579 3581/3581
f 4047/4047 4720/4720 5028/5028
f 3046/3046 3045/3045 3047/3047
f 4290/4290 4051/4051 5060/5060
f 3109/3109 3108/3108 3110/3110
f 4283/4283 3818/3818 4480/4480
f 3712/3712 4041/4041 4055/4055
f 4343/4343 4344/4344 4542/4542
f 4395/4395 3877/3877 4535/4535
f 4137/4137 4455/4455 5134/5134
f 3024/3024 3025/3025 3026/3026
f 3500/3500 3499/3499 3501/3501
f 4887/4887 4526/4526 5139/5139
f 3299/3299 3298/3298 3400/3400
f 3006/3006 3003/3003 4551/4551
f 3/3 4189/4189 4505/4505
f 4376/4376 4028/4028 4941/4941
f 3742/3742 3614/3614 3750/3750
f 4555/4555 4490/4490 4556/4556
f 3247/3247 3291/3291 3292/3292
f 3125/3125 3126/3126 3127/3127
f 3532/3532 3526/3526 4579/4579
f 3528/3528 3527/3527 3529/3529
f 3143/3143 3142/3142 3144/3144
f 3414/3414 3415/3415 3416/3416
f 3485/3485 3410/3410 3486/3486
f 3903/3903 3876/3876 3904/3904
f 4230/4230 4244/4244 4245/4245
f 4176/4176 4157/4157 4863/4863
f 3048/3048 3047/3047 3049/3049
f 4326/4326 4151/4151 4513/4513
f 4815/4815 3202/3202 4862/4862
f 4381/4381 4380/4380 4382/4382
f 3346/3346 3347/3347 3348/3348
f 3296/3296 3616/3616 4515/4515
f 3129/3129 3130/3130 3131/3131
f 3004/3004 3271/3271 3624/3624
f 3530/3530 3529/3529 3531/3531
f 4396/4396 4330/4330 4904/4904
f 2993/2993 466/466 4453/4453
f 3683/3683 3582/3582 3849/3849
f 4272/4272 3904/3904 4273/4273
f 3268/3268 4397/4397 5078/5078
f 4335/4335 4337/4337 4338/4338
f 3799/3799 3611/3611 3815/3815
f 2992/2992 273/273 4167/4167
f 3183/3183 3192/3192 4576/4576
f 2994/2994 257/257 4284/4284
f 3339/3339 3342/3342 4519/4519
f 3787/3787 3710/3710 4107/4107
f 4347/4347 4699/4699 4989/4989
f 3526/3526 3676/3676 4579/4579
f 2963/2963 3738/3738 4518/4518
f 3937/3937 3433/3433 4552/4552
f 3609/3609 4365/4365 4367/4367
f 4488/4488 3946/3946 4838/4838
f 3028/3028 3029/3029 3030/3030
f 3066/3066 3067/3067 3068/3068
f 3064/3064 3065/3065 3066/3066
f 3838/3838 3692/3692 3839/3839
f 3261/3261 3245/3245 4528/4528
f 3494/3494 3495/3495 3496/3496
f 4030/4030 2968/2968 4575/4575
f 4273/4273 4520/4520 4521/4521
f 3971/3971 3972/3972 4524/4524
f 3091/3091 3094/3094 3095/3095
f 4434/4434 4048/4048 4929/4929
f 3506/3506 3505/3505 3507/3507
f 3479/3479 3480/3480 3481/3481
f 3647/3647 3558/3558 5086/5086
f 3416/3416 3417/3417 3418/3418
f 3647/3647 4239/4239 4935/4935
f 3082/3082 3081/3081 3083/3083
f 3348/3348 3349/3349 3350/3350
f 3068/3068 3069/3069 3070/3070
f 3001/3001 3272/3272 4551/4551
f 3430/3430 3429/3429 3431/3431
f 4033/4033 4116/4116 4117/4117
f 3711/3711 3668/3668 3803/3803
f 4185/4185 4182/4182 4187/4187
f 3402/3402 3753/3753 4588/4588
f 3233/3233 3257/3257 4590/4590
f 4405/4405 3812/3812 4407/4407
f 3773/3773 3774/3774 3775/3775
f 4256/4256 4582/4582 5018/5018
f 4273/4273 3904/3904 4520/4520
f 3296/3296 3297/3297 3302/3302
f 3564/3564 3565/3565 3566/3566
f 3624/3624 3963/3963 3964/3964
f 3373/3373 3372/3372 3374/3374
f 3614/3614 3615/3615 4512/4512
f 4356/4356 4355/4355 4534/4534
f 4858/4858 5002/5002 5049/5049
f 3541/3541 3542/3542 3543/3543
f 4055/4055 4056/4056 5067/5067
f 3964/3964 3963/3963 3965/3965
f 3376/3376 3374/3374 3377/3377
f 3688/3688 3960/3960 4531/4531
f 3763/3763 3764/3764 3863/3863
f 3892/3892 3957/3957 4792/4792
f 467/467 2993/2993 4204/4204
f 3097/3097 3098/3098 3099/3099
f 4248/4248 4162/4162 4851/4851
f 3099/3099 3100/3100 3101/3101
f 3444/3444 3445/3445 3446/3446
f 3111/3111 3110/3110 3112/3112
f 3533/3533 3531/3531 3534/3534
f 4282/4282 4283/4283 4649/4649
f 3350/3350 3351/3351 3352/3352
f 3922/3922 3188/3188 4577/4577
f 4804/4804 4320/4320 5043/5043
f 3624/3624 3962/3962 3963/3963
f 3043/3043 3207/3207 4834/4834
f 3084/3084 3083/3083 3085/3085
f 4004/4004 232/232 4503/4503
f 3870/3870 3872/3872 4148/4148
f 3469/3469 3470/3470 3471/3471
f 3371/3371 3369/3369 3372/3372
f 3329/3329 3325/3325 4574/4574
f 2968/2968 4036/4036 4575/4575
f 3409/3409 3377/3377 3410/3410
f 4306/4306 4305/4305 4307/4307
f 3161/3161 3162/3162 3163/3163
f 3508/3508 3507/3507 3509/3509
f 3235/3235 3229/3229 4517/4517
f 3224/3224 3225/3225 3231/3231
f 3357/3357 3358/3358 3359/3359
f 3032/3032 3033/3033 3034/3034
f 3941/3941 3709/3709 3942/3942
f 3859/3859 3273/3273 4596/4596
f 3510/3510 3509/3509 3511/3511
f 4174/4174 4438/4438 5035/5035
f 3050/3050 3049/3049 3051/3051
f 3259/3259 3392/3392 3393/3393
f 3333/3333 3332/3332 3334/3334
f 3812/3812 3610/3610 4416/4416
f 3352/3352 3353/3353 3354/3354
f 3663/3663 3366/3366 4530/4530
f 3925/3925 3821/3821 4317/4317
f 3966/3966 4564/4564 4752/4752
f 3824/3824 4471/4471 5030/5030
f 3604/3604 3288/3288 4516/4516
f 3405/3405 3404/3404 3406/3406
f 3331/3331 3330/3330 3332/3332
f 3481/3481 3482/3482 3614/3614
f 4259/4259 4737/4737 4749/4749
f 3337/3337 3356/3356 3357/3357
f 3864/3864 3849/3849 4279/4279
f 3034/3034 3035/3035 3036/3036
f 3079/3079 3209/3209 4864/4864
f 3036/3036 3037/3037 3038/3038
f 3556/3556 3555/3555 3557/3557
f 3939/3939 4060/4060 4061/4061
f 3163/3163 3164/3164 3165/3165
f 3145/3145 3144/3144 3146/3146
f 4098/4098 4855/4855 5092/5092
f 4383/4383 4382/4382 4384/4384
f 3395/3395 3396/3396 3397/3397
f 3588/3588 4537/4537 4691/4691
f 3614/3614 3482/3482 3615/3615
f 3119/3119 3124/3124 4598/4598
f 4277/4277 3304/3304 4876/4876
f 3319/3319 3322/3322 4570/4570
f 3359/3359 3360/3360 3361/3361
f 3420/3420 3421/3421 3422/3422
f 3512/3512 3511/3511 3515/3515
f 3231/3231 3232/3232 3239/3239
f 3379/3379 3394/3394 3395/3395
f 3338/3338 3334/3334 3339/3339
f 3133/3133 3134/3134 3135/3135
f 3038/3038 3039/3039 3040/3040
f 3311/3311 4376/4376 4912/4912
f 4242/4242 3822/3822 4418/4418
f 3354/3354 3378/3378 3379/3379
f 5095/5095 4150/4150 5107/5107
f 3848/3848 3006/3006 4551/4551
f 558/558 559/559 4220/4220
f 229/229 538/538 4015/4015
f 485/485 202/202 4000/4000
f 489/489 204/204 4013/4013
f 473/473 196/196 4007/4007
f 235/235 550/550 4003/4003
f 556/556 238/238 4009/4009
f 215/215 510/510 4020/4020
f 213/213 506/506 4005/4005
f 544/544 232/232 4004/4004
f 223/223 526/526 4008/4008
f 233/233 546/546 4014/4014
f 570/570 569/569 4221/4221
f 221/221 522/522 4002/4002
f 477/477 198/198 4011/4011
f 199/199 479/479 4016/4016
f 577/577 250/250 4001/4001
f 581/581 252/252 4017/4017
f 253/253 583/583 4012/4012
f 227/227 534/534 4019/4019
f 217/217 514/514 4006/4006
f 225/225 530/530 4021/4021
f 211/211 502/502 4022/4022
f 219/219 518/518 4018/4018
f 247/247 571/571 4010/4010
f 494/494 493/493 4222/4222
f 4067/4067 4729/4729 4744/4744
f 3173/3173 3172/3172 3174/3174
f 3533/3533 3534/3534 4511/4511
f 3070/3070 3071/3071 3072/3072
f 3613/3613 3433/3433 3937/3937
f 4249/4249 4241/4241 4961/4961
f 2952/2952 4213/4213 4548/4548
f 4429/4429 3289/3289 5062/5062
f 3628/3628 4279/4279 4981/4981
f 3147/3147 3146/3146 3148/3148
f 4256/4256 4255/4255 4358/4358
f 4311/4311 4587/4587 4990/4990
f 3202/3202 3164/3164 4889/4889
f 3275/3275 3859/3859 4593/4593
f 3558/3558 3557/3557 3559/3559
f 3490/3490 3492/3492 3493/3493
f 3498/3498 3496/3496 3499/3499
f 3263/3263 3262/3262 3264/3264
f 3471/3471 3472/3472 3473/3473
f 3750/3750 3614/3614 4512/4512
f 3816/3816 3815/3815 3817/3817
f 4342/4342 4345/4345 4346/4346
f 4868/4868 4956/4956 5077/5077
f 3463/3463 3462/3462 3464/3464
f 3165/3165 3166/3166 3167/3167
f 3566/3566 3567/3567 3568/3568
f 4258/4258 4259/4259 4260/4260
f 3997/3997 4067/4067 4216/4216
f 3239/3239 3240/3240 3244/3244
f 3518/3518 4272/4272 5132/5132
f 3113/3113 3112/3112 3114/3114
f 3033/3033 3030/3030 4546/4546
f 4463/4463 3926/3926 4545/4545
f 3595/3595 4490/4490 4555/4555
f 3818/3818 3819/3819 4480/4480
f 3965/3965 3963/3963 3993/3993
f 4300/4300 4302/4302 4303/4303
f 4334/4334 4615/4615 4681/4681
f 3978/3978 3977/3977 4947/4947
f 4438/4438 4203/4203 5035/5035
f 3422/3422 3423/3423 3424/3424
f 3811/3811 3944/3944 4246/4246
f 3543/3543 3544/3544 3545/3545
f 3944/3944 3943/3943 4554/4554
f 3655/3655 3876/3876 3903/3903
f 3446/3446 3447/3447 3448/3448
f 3473/3473 3474/3474 3475/3475
f 3669/3669 3857/3857 3870/3870
f 3469/3469 3602/3602 5090/5090
f 4140/4140 3608/3608 5075/5075
f 4097/4097 4374/4374 4938/4938
f 4088/4088 3748/3748 4115/4115
f 3642/3642 4549/4549 5098/5098
f 3648/3648 3305/3305 3788/3788
f 3654/3654 3499/3499 4535/4535
f 3338/3338 3339/3339 4519/4519
f 3681/3681 3656/3656 4037/4037
f 3988/3988 3713/3713 4114/4114
f 3135/3135 3136/3136 3137/3137
f 3115/3115 3114/3114 3116/3116
f 3101/3101 3102/3102 3103/3103
f 3583/3583 4295/4295 5130/5130
f 3989/3989 3788/3788 4539/4539
f 3481/3481 3480/3480 3482/3482
f 3870/3870 3857/3857 3872/3872
f 4388/4388 4386/4386 4389/4389
f 3003/3003 3001/3001 4551/4551
f 3167/3167 3168/3168 3169/3169
f 3052/3052 3051/3051 3053/3053
f 4385/4385 4384/4384 4386/4386
f 4524/4524 3972/3972 4525/4525
f 4271/4271 4143/4143 4903/4903
f 3944/3944 4554/4554 4704/4704
f 3149/3149 3148/3148 3150/3150
f 3789/3789 3788/3788 3933/3933
f 3448/3448 3449/3449 3450/3450
f 3407/3407 3406/3406 3408/3408
f 3705/3705 3664/3664 4024/4024
f 3361/3361 3362/3362 3363/3363
f 3753/3753 4052/4052 4588/4588
f 3873/3873 4320/4320 4804/4804
f 3735/3735 3843/3843 4721/4721
f 3241/3241 3235/3235 3254/3254
f 3137/3137 3138/3138 3139/3139
f 3292/3292 3291/3291 3293/3293
f 4351/4351 4058/4058 4844/4844
f 3504/3504 3502/3502 3505/3505
f 3234/3234 3229/3229 3235/3235
f 3424/3424 3425/3425 3426/3426
f 3072/3072 3073/3073 3074/3074
f 3537/3537 3536/3536 3538/3538
f 4544/4544 4543/4543 4741/4741
f 4707/4707 3874/3874 4768/4768
f 3298/3298 3220/3220 4610/4610
f 3599/3599 3523/3523 4446/4446
f 3465/3465 3464/3464 3466/3466
f 3622/3622 3592/3592 3664/3664
f 3731/3731 3749/3749 4141/4141
f 3312/3312 3300/3300 3592/3592
f 3294/3294 3293/3293 3295/3295
f 4162/4162 4248/4248 5128/5128
f 3486/3486 3488/3488 3489/3489
f 3819/3819 3906/3906 3907/3907
f 3040/3040 3041/3041 3042/3042
f 3255/3255 3254/3254 3300/3300
f 3054/3054 3053/3053 3055/3055
f 3560/3560 3559/3559 3561/3561
f 3494/3494 3496/3496 3497/3497
f 4127/4127 4128/4128 4129/4129
f 3669/3669 3517/3517 3857/3857
f 3903/3903 4272/4272 4589/4589
f 4138/4138 3922/3922 4577/4577
f 3820/3820 3720/3720 4113/4113
f 3175/3175 3174/3174 3176/3176
f 4475/4475 4474/4474 4476/4476
f 3498/3498 3499/3499 3500/3500
f 4550/4550 3642/3642 5098/5098
f 3183/3183 3182/3182 3192/3192
f 3139/3139 3140/3140 3141/3141
f 3593/3593 4431/4431 4753/4753
f 3177/3177 3176/3176 3182/3182
f 3500/3500 3501/3501 3502/3502
f 3363/3363 3364/3364 3365/3365
f 3868/3868 4378/4378 4379/4379
f 3169/3169 3170/3170 3171/3171
f 4061/4061 4482/4482 4815/4815
f 4335/4335 4333/4333 4337/4337
f 3738/3738 3765/3765 4518/4518
f 3975/3975 3942/3942 4131/4131
f 3715/3715 3901/3901 4031/4031
f 3426/3426 3427/3427 3428/3428
f 4033/4033 3728/3728 4116/4116
f 3404/3404 3401/3401 4611/4611
f 3008/3008 3848/3848 3871/3871
f 3365/3365 3366/3366 3367/3367
f 3074/3074 3075/3075 3076/3076
f 3758/3758 3759/3759 5106/5106
f 3141/3141 3142/3142 3143/3143
f 458/458 457/457 2948/2948
f 268/268 267/267 2949/2949
f 4462/4462 4463/4463 4464/4464
f 3076/3076 3077/3077 3078/3078
f 3078/3078 3079/3079 3080/3080
f 3194/3194 3185/3185 3642/3642
f 4466/4466 3010/3010 4564/4564
f 4230/4230 3869/3869 4244/4244
f 3916/3916 3971/3971 4558/4558
f 4215/4215 4214/4214 4935/4935
f 3908/3908 3910/3910 3913/3913
f 3342/3342 3341/3341 3343/3343
f 4431/4431 4433/4433 4753/4753
f 3479/3479 3399/3399 3480/3480
f 4094/4094 4093/4093 4212/4212
f 3497/3497 3498/3498 3517/3517
f 3519/3519 3329/3329 4574/4574
f 4501/4501 3964/3964 4720/4720
f 3755/3755 3519/3519 3923/3923
f 3916/3916 3969/3969 3970/3970
f 3440/3440 3408/3408 3441/3441
f 3903/3903 3904/3904 4272/4272
f 3344/3344 3343/3343 3345/3345
f 4049/4049 3761/3761 4261/4261
f 3296/3296 3295/3295 3297/3297
f 3397/3397 3396/3396 3589/3589
f 3793/3793 3673/3673 4064/4064
f 4451/4451 4450/4450 4452/4452
f 4101/4101 3888/3888 4102/4102
f 3722/3722 3947/3947 4207/4207
f 3103/3103 3104/3104 3105/3105
f 3367/3367 3368/3368 3369/3369
f 3244/3244 3245/3245 3252/3252
f 3387/3387 3264/3264 3388/3388
f 4037/4037 3656/3656 4600/4600
f 3228/3228 3212/3212 3229/3229
f 3500/3500 3502/3502 3503/3503
f 3487/3487 4785/4785 4857/4857
f 4059/4059 4281/4281 5151/5151
f 3857/3857 3517/3517 4547/4547
f 4097/4097 3851/3851 4374/4374
f 3990/3990 4290/4290 5005/5005
f 3497/3497 3517/3517 3619/3619
f 3315/3315 3317/3317 3884/3884
f 3523/3523 3524/3524 3525/3525
f 3562/3562 3561/3561 3563/3563
f 3505/3505 4533/4533 4589/4589
f 3197/3197 4359/4359 4954/4954
f 3619/3619 3517/3517 3669/3669
f 563/563 155/155 4711/4711
f 209/209 501/501 4710/4710
f 4533/4533 3903/3903 4589/4589
f 3926/3926 4211/4211 4545/4545
f 3493/3493 4488/4488 4872/4872
f 3346/3346 3345/3345 3347/3347
f 3467/3467 3466/3466 3468/3468
f 3105/3105 3106/3106 3107/3107
f 3042/3042 3043/3043 3044/3044
f 3502/3502 3501/3501 4533/4533
f 3431/3431 3668/3668 3711/3711
f 4586/4586 4452/4452 4766/4766
f 4154/4154 4846/4846 4944/4944
f 3086/3086 3085/3085 3087/3087
f 3912/3912 3915/3915 3916/3916
f 3397/3397 3589/3589 4560/4560
f 3080/3080 3081/3081 3082/3082
f 3451/3451 3449/3449 4725/4725
f 3787/3787 4107/4107 4219/4219
f 3107/3107 3108/3108 3109/3109
f 3682/3682 3959/3959 4536/4536
f 4236/4236 3882/3882 5079/5079
f 3796/3796 4311/4311 4990/4990
f 3763/3763 3618/3618 3764/3764
f 3442/3442 3441/3441 3443/3443
f 3044/3044 3045/3045 3046/3046
f 3682/3682 3958/3958 3959/3959
f 3850/3850 3790/3790 4262/4262
f 4295/4295 4828/4828 5130/5130
f 3185/3185 3183/3183 4576/4576
f 3539/3539 3538/3538 3540/3540
f 3315/3315 3884/3884 4730/4730
f 3809/3809 3643/3643 3888/3888
f 3288/3288 3596/3596 4516/4516
f 3500/3500 3503/3503 4547/4547
f 3631/3631 4044/4044 4243/4243
f 3428/3428 3429/3429 3430/3430
f 3517/3517 3498/3498 4547/4547
f 4370/4370 3679/3679 4373/4373
f 3308/3308 3682/3682 4536/4536
f 3119/3119 3116/3116 3120/3120
f 4547/4547 3503/3503 4571/4571
f 3504/3504 3505/3505 3506/3506
f 4055/4055 4041/4041 4056/4056
f 240/240 3704/3704 3998/3998
f 4379/4379 4380/4380 4381/4381
f 3996/3996 3877/3877 4395/4395
f 3109/3109 3110/3110 3111/3111
f 3501/3501 3655/3655 4533/4533
f 3493/3493 3494/3494 4567/4567
f 3965/3965 3993/3993 3994/3994
f 3046/3046 3047/3047 3048/3048
f 4335/4335 4338/4338 4732/4732
f 3171/3171 3172/3172 3173/3173
f 3348/3348 3347/3347 3349/3349
f 3826/3826 3661/3661 4050/4050
f 3839/3839 4057/4057 4058/4058
f 3082/3082 3083/3083 3084/3084
f 3632/3632 3685/3685 3920/3920
f 4280/4280 3653/3653 4981/4981
f 4137/4137 4138/4138 4139/4139
f 3545/3545 3546/3546 3547/3547
f 3823/3823 4241/4241 4249/4249
f 4381/4381 4382/4382 4383/4383
f 3084/3084 3085/3085 3086/3086
f 3506/3506 3507/3507 3508/3508
f 3413/3413 3412/3412 3414/3414
f 3096/3096 3095/3095 3097/3097
f 3272/3272 3766/3766 3932/3932
f 3371/3371 3372/3372 3373/3373
f 3319/3319 3321/3321 3322/3322
f 3568/3568 3569/3569 3570/3570
f 3664/3664 3592/3592 4753/4753
f 3048/3048 3049/3049 3050/3050
f 3674/3674 3688/3688 3858/3858
f 3857/3857 4547/4547 4571/4571
f 3242/3242 3217/3217 3243/3243
f 3200/3200 3216/3216 3853/3853
f 3203/3203 3187/3187 3645/3645
f 3302/3302 3297/3297 3303/3303
f 3764/3764 4911/4911 4953/4953
f 3818/3818 3817/3817 3819/3819
f 3376/3376 3377/3377 3409/3409
f 3350/3350 3349/3349 3351/3351
f 3151/3151 3150/3150 3152/3152
f 3914/3914 3911/3911 4034/4034
f 3124/3124 3200/3200 4598/4598
f 3279/3279 3277/3277 3280/3280
f 2956/2956 448/448 4825/4825
f 3948/3948 3804/3804 5019/5019
f 3249/3249 3243/3243 3250/3250
f 4428/4428 4336/4336 5148/5148
f 3395/3395 3394/3394 3396/3396
f 3450/3450 3451/3451 3452/3452
f 3257/3257 3306/3306 3307/3307
f 3322/3322 3325/3325 3326/3326
f 3013/3013 3015/3015 3304/3304
f 3274/3274 3276/3276 3852/3852
f 3574/3574 3578/3578 3579/3579
f 3409/3409 3410/3410 3485/3485
f 3655/3655 3903/3903 4533/4533
f 3278/3278 3283/3283 3284/3284
f 3056/3056 3055/3055 3057/3057
f 3497/3497 3496/3496 3498/3498
f 3027/3027 3026/3026 3028/3028
f 3275/3275 3273/3273 3859/3859
f 3630/3630 4315/4315 5055/5055
f 4363/4363 3897/3897 4706/4706
f 3097/3097 3099/3099 3117/3117
f 3840/3840 3842/3842 4561/4561
f 3373/3373 3374/3374 3376/3376
f 3508/3508 3509/3509 3510/3510
f 3233/3233 3256/3256 3257/3257
f 3711/3711 3803/3803 3952/3952
f 3352/3352 3351/3351 3353/3353
f 3842/3842 3861/3861 3873/3873
f 4472/4472 4247/4247 4773/4773
f 3863/3863 3764/3764 4089/4089
f 3281/3281 3280/3280 3282/3282
f 4266/4266 3856/3856 4821/4821
f 3444/3444 3443/3443 3445/3445
f 3160/3160 3159/3159 3161/3161
f 3267/3267 4285/4285 5037/5037
f 4223/4223 4146/4146 4918/4918
f 3510/3510 3511/3511 3512/3512
f 3307/3307 3585/3585 3743/3743
f 3143/3143 3144/3144 3145/3145
f 3570/3570 3571/3571 3572/3572
f 3641/3641 3886/3886 3887/3887
f 3337/3337 3357/3357 4538/4538
f 3017/3017 3019/3019 3189/3189
f 3419/3419 3393/3393 3420/3420
f 3541/3541 3540/3540 3542/3542
f 3953/3953 3646/3646 4784/4784
f 4460/4460 3309/3309 4803/4803
f 3284/3284 3287/3287 3288/3288
f 3537/3537 3539/3539 4580/4580
f 3840/3840 3841/3841 3842/3842
f 3743/3743 3744/3744 3840/3840
f 3277/3277 3275/3275 4593/4593
f 4297/4297 3883/3883 4816/4816
f 3323/3323 3320/3320 3324/3324
f 3091/3091 3095/3095 3096/3096
f 164/164 582/582 4671/4671
f 476/476 143/143 4660/4660
f 568/568 162/162 4676/4676
f 194/194 529/529 4657/4657
f 156/156 561/561 4662/4662
f 584/584 142/142 4668/4668
f 484/484 147/147 4664/4664
f 559/559 157/157 4662/4662
f 576/576 166/166 4663/4663
f 178/178 557/557 4667/4667
f 547/547 173/173 4675/4675
f 527/527 193/193 4657/4657
f 141/141 586/586 4668/4668
f 543/543 176/176 4674/4674
f 146/146 482/482 4672/4672
f 175/175 545/545 4674/4674
f 161/161 570/570 4676/4676
f 148/148 486/486 4664/4664
f 144/144 478/478 4660/4660
f 523/523 191/191 4659/4659
f 168/168 537/537 4658/4658
f 154/154 490/490 4673/4673
f 165/165 578/578 4663/4663
f 160/160 574/574 4666/4666
f 555/555 177/177 4667/4667
f 488/488 153/153 4673/4673
f 535/535 167/167 4658/4658
f 480/480 145/145 4672/4672
f 192/192 525/525 4659/4659
f 580/580 163/163 4671/4671
f 174/174 549/549 4675/4675
f 572/572 159/159 4666/4666
f 457/457 456/456 4154/4154
f 3707/3707 3436/3436 3874/3874
f 3106/3106 3268/3268 5078/5078
f 269/269 268/268 4142/4142
f 4084/4084 4083/4083 4086/4086
f 3188/3188 3128/3128 4577/4577
f 3469/3469 3468/3468 3470/3470
f 3285/3285 3282/3282 3286/3286
f 459/459 458/458 4144/4144
f 3354/3354 3353/3353 3378/3378
f 3494/3494 3497/3497 4567/4567
f 4761/4761 3864/3864 4886/4886
f 3258/3258 3250/3250 3259/3259
f 3031/3031 3030/3030 3032/3032
f 3547/3547 3548/3548 3549/3549
f 4312/4312 3298/3298 4610/4610
f 3858/3858 3688/3688 4531/4531
f 4484/4484 3828/3828 4537/4537
f 3379/3379 3378/3378 3394/3394
f 3498/3498 3500/3500 4547/4547
f 3318/3318 3316/3316 3880/3880
f 3327/3327 3324/3324 3328/3328
f 4367/4367 4368/4368 5048/5048
f 3094/3094 3089/3089 4915/4915
f 3641/3641 3887/3887 4540/4540
f 3986/3986 3894/3894 4251/4251
f 4207/4207 4224/4224 4993/4993
f 3503/3503 3502/3502 3504/3504
f 3132/3132 3131/3131 3133/3133
f 2948/2948 4944/4944 4994/4994
f 3564/3564 3563/3563 3565/3565
f 3210/3210 3047/3047 4592/4592
f 3512/3512 3515/3515 3516/3516
f 4399/4399 4105/4105 5157/5157
f 3253/3253 3262/3262 3263/3263
f 4512/4512 3615/3615 4883/4883
f 3124/3124 3120/3120 3125/3125
f 3326/3326 3329/3329 3330/3330
f 4235/4235 4234/4234 4996/4996
f 3482/3482 3480/3480 3860/3860
f 3211/3211 3226/3226 3227/3227
f 3288/3288 3439/3439 3596/3596
f 3336/3336 3328/3328 3337/3337
f 3746/3746 3689/3689 3894/3894
f 4385/4385 4386/4386 4388/4388
f 4517/4517 3229/3229 4550/4550
f 4426/4426 4473/4473 4866/4866
f 4374/4374 3850/3850 5133/5133
f 3476/3476 3286/3286 3646/3646
f 3008/3008 3006/3006 3848/3848
f 3671/3671 3484/3484 3672/3672
f 3257/3257 3605/3605 4590/4590
f 4064/4064 3673/3673 4690/4690
f 3184/3184 3190/3190 3890/3890
f 3553/3553 3554/3554 3555/3555
f 3111/3111 3112/3112 3113/3113
f 4334/4334 4335/4335 4615/4615
f 3299/3299 3402/3402 4588/4588
f 189/189 505/505 4655/4655
f 503/503 190/190 4655/4655
f 511/511 184/184 4656/4656
f 169/169 533/533 4679/4679
f 179/179 553/553 4661/4661
f 507/507 188/188 4665/4665
f 172/172 541/541 4669/4669
f 151/151 494/494 4678/4678
f 187/187 509/509 4665/4665
f 183/183 513/513 4656/4656
f 551/551 180/180 4661/4661
f 531/531 170/170 4679/4679
f 515/515 181/181 4670/4670
f 492/492 152/152 4678/4678
f 182/182 517/517 4670/4670
f 519/519 185/185 4677/4677
f 186/186 521/521 4677/4677
f 539/539 171/171 4669/4669
f 3525/3525 3526/3526 3527/3527
f 4254/4254 4742/4742 5095/5095
f 3644/3644 3810/3810 3929/3929
f 4086/4086 4796/4796 5109/5109
f 3145/3145 3146/3146 3147/3147
f 4062/4062 3840/3840 4561/4561
f 3652/3652 3646/3646 3689/3689
f 3802/3802 3774/3774 5068/5068
f 3286/3286 3595/3595 4784/4784
f 3596/3596 3634/3634 3780/3780
f 3870/3870 4148/4148 4149/4149
f 4383/4383 4384/4384 4385/4385
f 3648/3648 3788/3788 3789/3789
f 3204/3204 3213/3213 3215/3215
f 2949/2949 267/267 4147/4147
f 3907/3907 4586/4586 4766/4766
f 3972/3972 3970/3970 4063/4063
f 3147/3147 3148/3148 3149/3149
f 3633/3633 3856/3856 3945/3945
f 3780/3780 3781/3781 4072/4072
f 3460/3460 3461/3461 3462/3462
f 3503/3503 3504/3504 3514/3514
f 270/270 269/269 2997/2997
f 456/456 455/455 2991/2991
f 3154/3154 3152/3152 3155/3155
f 3626/3626 3404/3404 4611/4611
f 3503/3503 3514/3514 4571/4571
f 3050/3050 3051/3051 3052/3052
f 460/460 459/459 2990/2990
f 266/266 265/265 2996/2996
f 3829/3829 3678/3678 3997/3997
f 4354/4354 4475/4475 4750/4750
f 3828/3828 3868/3868 4537/4537
f 3696/3696 3457/3457 3697/3697
f 3227/3227 3236/3236 3237/3237
f 264/264 263/263 2952/2952
f 470/470 469/469 2959/2959
f 449/449 448/448 2956/2956
f 465/465 464/464 2950/2950
f 256/256 255/255 2951/2951
f 462/462 461/461 2958/2958
f 277/277 276/276 2954/2954
f 454/454 453/453 2957/2957
f 261/261 260/260 2955/2955
f 272/272 271/271 2953/2953
f 3452/3452 3453/3453 3454/3454
f 3113/3113 3114/3114 3115/3115
f 4338/4338 4413/4413 4732/4732
f 3951/3951 3834/3834 4258/4258
f 3177/3177 3182/3182 3183/3183
f 3339/3339 3340/3340 3341/3341
f 3913/3913 4526/4526 4887/4887
f 3088/3088 3087/3087 3089/3089
f 2/2 4158/4158 4825/4825
f 4128/4128 4722/4722 4738/4738
f 3060/3060 3057/3057 3061/3061
f 4292/4292 3628/3628 4906/4906
f 3115/3115 3116/3116 3119/3119
f 3234/3234 3235/3235 3241/3241
f 3642/3642 3185/3185 4576/4576
f 3770/3770 3697/3697 3939/3939
f 3308/3308 4536/4536 4605/4605
f 3173/3173 3174/3174 3175/3175
f 3175/3175 3176/3176 3177/3177
f 3881/3881 3882/3882 4200/4200
f 4358/4358 3758/3758 5106/5106
f 3543/3543 3542/3542 3544/3544
f 4437/4437 3996/3996 4591/4591
f 3640/3640 3576/3576 3678/3678
f 3435/3435 3702/3702 3974/3974
f 3228/3228 3229/3229 3234/3234
f 4185/4185 4187/4187 4188/4188
f 3635/3635 4458/4458 5151/5151
f 3589/3589 3798/3798 4491/4491
f 3237/3237 3246/3246 3247/3247
f 3380/3380 3657/3657 3881/3881
f 3052/3052 3053/3053 3054/3054
f 3149/3149 3150/3150 3151/3151
f 3989/3989 4539/4539 4769/4769
f 3952/3952 3803/3803 4553/4553
f 3247/3247 3290/3290 3291/3291
f 3430/3430 3431/3431 4552/4552
f 3907/3907 3906/3906 3908/3908
f 271/271 270/270 4155/4155
f 3833/3833 3629/3629 3834/3834
f 3063/3063 3061/3061 3064/3064
f 4778/4778 2953/2953 5116/5116
f 3921/3921 4481/4481 4568/4568
f 4569/4569 4374/4374 5133/5133
f 3868/3868 4379/4379 4537/4537
f 3872/3872 3857/3857 4571/4571
f 3390/3390 3412/3412 3413/3413
f 3241/3241 3254/3254 3255/3255
f 3054/3054 3055/3055 3056/3056
f 3755/3755 3923/3923 4085/4085
f 3432/3432 3612/3612 3895/3895
f 3908/3908 3913/3913 4586/4586
f 4030/4030 4584/4584 4955/4955
f 3858/3858 5020/5020 5113/5113
f 3090/3090 3089/3089 3091/3091
f 3566/3566 3565/3565 3567/3567
f 3916/3916 3915/3915 3969/3969
f 4417/4417 4087/4087 5129/5129
f 4129/4129 4128/4128 5085/5085
f 3255/3255 3300/3300 3312/3312
f 3901/3901 3900/3900 4873/4873
f 3923/3923 3519/3519 4574/4574
f 4525/4525 3972/3972 4549/4549
f 4336/4336 4334/4334 4681/4681
f 4942/4942 3947/3947 4945/4945
f 3312/3312 3592/3592 3622/3622
f 3956/3956 3775/3775 4106/4106
f 3471/3471 3470/3470 3472/3472
f 3622/3622 3664/3664 3705/3705
f 4573/4573 4094/4094 4717/4717
f 3480/3480 3399/3399 4560/4560
f 4407/4407 3812/3812 4416/4416
f 4615/4615 3059/3059 4701/4701
f 3523/3523 3475/3475 3524/3524
f 4267/4267 4052/4052 5147/5147
f 3473/3473 3472/3472 3474/3474
f 3218/3218 4450/4450 4451/4451
f 3839/3839 3692/3692 4057/4057
f 3446/3446 3445/3445 3447/3447
f 3603/3603 3813/3813 3814/3814
f 3157/3157 3159/3159 3160/3160
f 3021/3021 4522/4522 4787/4787
f 3086/3086 3087/3087 3088/3088
f 3259/3259 3393/3393 3419/3419
f 4071/4071 4150/4150 4791/4791
f 3873/3873 3861/3861 4827/4827
f 4287/4287 4288/4288 4723/4723
f 4433/4433 3871/3871 4765/4765
f 5075/5075 3199/3199 5137/5137
f 3220/3220 3214/3214 4610/4610
f 3959/3959 3958/3958 4348/4348
f 3252/3252 3253/3253 4563/4563
f 3024/3024 3026/3026 3027/3027
f 461/461 460/460 4223/4223
f 3892/3892 3627/3627 3893/3893
f 3457/3457 3451/3451 4725/4725
f 3433/3433 3430/3430 4552/4552
f 4809/4809 4099/4099 5040/5040
f 3263/3263 3264/3264 3387/3387
f 3803/3803 3823/3823 4553/4553
f 3957/3957 3893/3893 4127/4127
f 3497/3497 3619/3619 4567/4567
f 3516/3516 3515/3515 4557/4557
f 3965/3965 3994/3994 4565/4565
f 3534/3534 3535/3535 3536/3536
f 4224/4224 224/224 4993/4993
f 3322/3322 3321/3321 3325/3325
f 3370/3370 3369/3369 3371/3371
f 3370/3370 3437/3437 3898/3898
f 3608/3608 3114/3114 5075/5075
f 3793/3793 4064/4064 4065/4065
f 3658/3658 3767/3767 3899/3899
f 463/463 462/462 4177/4177
f 2990/2990 4145/4145 4146/4146
f 4309/4309 4611/4611 5111/5111
f 3265/3265 4274/4274 5052/5052
f 3272/3272 3000/3000 3766/3766
f 3051/3051 3049/3049 4839/4839
f 3596/3596 3780/3780 4713/4713
f 4326/4326 3477/3477 4807/4807
f 4091/4091 2961/2961 4826/4826
f 3399/3399 3397/3397 4560/4560
f 455/455 454/454 4449/4449
f 3028/3028 3030/3030 3031/3031
f 3129/3129 3131/3131 3132/3132
f 3243/3243 3217/3217 4581/4581
f 3242/3242 3243/3243 3249/3249
f 3420/3420 3422/3422 3434/3434
f 3506/3506 3508/3508 3636/3636
f 3979/3979 3437/3437 3987/3987
f 3515/3515 3674/3674 4557/4557
f 3269/3269 4153/4153 4282/4282
f 3284/3284 3283/3283 3287/3287
f 262/262 261/261 4157/4157
f 4137/4137 3922/3922 4138/4138
f 4933/4933 3978/3978 4947/4947
f 3809/3809 3888/3888 4101/4101
f 3432/3432 3430/3430 3433/3433
f 3013/3013 3304/3304 4564/4564
f 4824/4824 3251/3251 4868/4868
f 3545/3545 3544/3544 3546/3546
f 3290/3290 3246/3246 3305/3305
f 3448/3448 3447/3447 3449/3449
f 3814/3814 3889/3889 4093/4093
f 3154/3154 3155/3155 3273/3273
f 3359/3359 3361/3361 3375/3375
f 3568/3568 3567/3567 3569/3569
f 3589/3589 3396/3396 3798/3798
f 3612/3612 3433/3433 3613/3613
f 3935/3935 3613/3613 3936/3936
f 3553/3553 3551/3551 3554/3554
f 3619/3619 3883/3883 3946/3946
f 3/3 470/470 4189/4189
f 3621/3621 3418/3418 3653/3653
f 4798/4798 4075/4075 4934/4934
f 4586/4586 3913/3913 4887/4887
f 3088/3088 3089/3089 3090/3090
f 3257/3257 3256/3256 3306/3306
f 3279/3279 3280/3280 3281/3281
f 4543/4543 4260/4260 4741/4741
f 3435/3435 3305/3305 3648/3648
f 4554/4554 3943/3943 4836/4836
f 3634/3634 3439/3439 3635/3635
f 3424/3424 3426/3426 3477/3477
f 466/466 465/465 4453/4453
f 2/2 277/277 4158/4158
f 4249/4249 4961/4961 5076/5076
f 3249/3249 3250/3250 3258/3258
f 3288/3288 3287/3287 3439/3439
f 273/273 272/272 4167/4167
f 3010/3010 3013/3013 4564/4564
f 3644/3644 3929/3929 4751/4751
f 3450/3450 3449/3449 3451/3451
f 3297/3297 3295/3295 3391/3391
f 3336/3336 3484/3484 3670/3670
f 3775/3775 3802/3802 4569/4569
f 3293/3293 3291/3291 3620/3620
f 3339/3339 3334/3334 3340/3340
f 3269/3269 3252/3252 3301/3301
f 3575/3575 3700/3700 3712/3712
f 3920/3920 3685/3685 3973/3973
f 257/257 256/256 4284/4284
f 3064/3064 3066/3066 3122/3122
f 3672/3672 3484/3484 4538/4538
f 3323/3323 3324/3324 3327/3327
f 3307/3307 3306/3306 3585/3585
f 3119/3119 3120/3120 3124/3124
f 3326/3326 3325/3325 3329/3329
f 3110/3110 3108/3108 5071/5071
f 3881/3881 4200/4200 4727/4727
f 3278/3278 3284/3284 4585/4585
f 3746/3746 3894/3894 3986/3986
f 3652/3652 3746/3746 3757/3757
f 3281/3281 3282/3282 3285/3285
f 3387/3387 3388/3388 3643/3643
f 4704/4704 3178/3178 4714/4714
f 4205/4205 2993/2993 4206/4206
f 3203/3203 3645/3645 4581/4581
f 3718/3718 3710/3710 3787/3787
f 3842/3842 3841/3841 3861/3861
f 3086/3086 3088/3088 3121/3121
f 4587/4587 3950/3950 4849/4849
f 3840/3840 3744/3744 3841/3841
f 3743/3743 3585/3585 3744/3744
f 3619/3619 3669/3669 3883/3883
f 3285/3285 3286/3286 3476/3476
f 3596/3596 3439/3439 3634/3634
f 4450/4450 3222/3222 4696/4696
f 3582/3582 3581/3581 4739/4739
f 3759/3759 4902/4902 5106/5106
f 3900/3900 3714/3714 4707/4707
f 3327/3327 3328/3328 3336/3336
f 3335/3335 3329/3329 3519/3519
f 3101/3101 3103/3103 3310/3310
f 5089/5089 4654/4654 5141/5141
f 4281/4281 4032/4032 4950/4950
f 3161/3161 3163/3163 3179/3179
f 3780/3780 3634/3634 3781/3781
f 3336/3336 3337/3337 3484/3484
f 566/566 244/244 3927/3927
f 8/8 302/302 3928/3928
f 4534/4534 4355/4355 4928/4928
f 255/255 3/3 4505/4505
f 3107/3107 3109/3109 3118/3118
f 2996/2996 265/265 4156/4156
f 3853/3853 4590/4590 4909/4909
f 2967/2967 4320/4320 4827/4827
f 3154/3154 3273/3273 3274/3274
f 3632/3632 3920/3920 4624/4624
f 3823/3823 4249/4249 4553/4553
f 3879/3879 4491/4491 5070/5070
f 2992/2992 4168/4168 4169/4169
f 3184/3184 3890/3890 4708/4708
f 3860/3860 3480/3480 4560/4560
f 3367/3367 3369/3369 3370/3370
f 3652/3652 3689/3689 3746/3746
f 3345/3345 3343/3343 3438/3438
f 3285/3285 3476/3476 3521/3521
f 3248/3248 4267/4267 5147/5147
f 3932/3932 3766/3766 4074/4074
f 3151/3151 3152/3152 3154/3154
f 3280/3280 3277/3277 4593/4593
f 3826/3826 4050/4050 4051/4051
f 3227/3227 3226/3226 3236/3236
f 3224/3224 3231/3231 3238/3238
f 4415/4415 3745/3745 4833/4833
f 3476/3476 3646/3646 3652/3652
f 3301/3301 3252/3252 4563/4563
f 3124/3124 3125/3125 3187/3187
f 206/206 3693/3693 3992/3992
f 3690/3690 245/245 3991/3991
f 3032/3032 3034/3034 3123/3123
f 3401/3401 3400/3400 4611/4611
f 3862/3862 4215/4215 4746/4746
f 3363/3363 3365/3365 3382/3382
f 3460/3460 3456/3456 3461/3461
f 3633/3633 3519/3519 3755/3755
f 3579/3579 3578/3578 3641/3641
f 3038/3038 3040/3040 3059/3059
f 3945/3945 3856/3856 4266/4266
f 3330/3330 3329/3329 3335/3335
f 3712/3712 3832/3832 4041/4041
f 3484/3484 3337/3337 4538/4538
f 451/451 450/450 2995/2995
f 274/274 273/273 2992/2992
f 258/258 257/257 2994/2994
f 467/467 466/466 2993/2993
f 3419/3419 3420/3420 4559/4559
f 3380/3380 3881/3881 4608/4608
f 3112/3112 3199/3199 5075/5075
f 4482/4482 4299/4299 4815/4815
f 3197/3197 4954/4954 4995/4995
f 2966/2966 4118/4118 4913/4913
f 3657/3657 3656/3656 3681/3681
f 3380/3380 3340/3340 3656/3656
f 3056/3056 3057/3057 3060/3060
f 4076/4076 3783/3783 4997/4997
f 3574/3574 3572/3572 3578/3578
f 3177/3177 3183/3183 3184/3184
f 3547/3547 3546/3546 3548/3548
f 3841/3841 3744/3744 4099/4099
f 468/468 467/467 4204/4204
f 3682/3682 3707/3707 3958/3958
f 3139/3139 3141/3141 3153/3153
f 3200/3200 3853/3853 4598/4598
f 3070/3070 3072/3072 3093/3093
f 3133/3133 3135/3135 3181/3181
f 4050/4050 3661/3661 4613/4613
f 3753/3753 3771/3771 4052/4052
f 3428/3428 3430/3430 3432/3432
f 3929/3929 3810/3810 3930/3930
f 4247/4247 3944/3944 4704/4704
f 3324/3324 3320/3320 4594/4594
f 3674/3674 3858/3858 4557/4557
f 3852/3852 3276/3276 4585/4585
f 3887/3887 3886/3886 3983/3983
f 3237/3237 3236/3236 3246/3246
f 3169/3169 3171/3171 3178/3178
f 3308/3308 3436/3436 3682/3682
f 3976/3976 4261/4261 5087/5087
f 3819/3819 3817/3817 3905/3905
f 3854/3854 3599/3599 4446/4446
f 3510/3510 3512/3512 3513/3513
f 3184/3184 3183/3183 3185/3185
f 3349/3349 3347/3347 3355/3355
f 3247/3247 3246/3246 3290/3290
f 3124/3124 3187/3187 3200/3200
f 3394/3394 3378/3378 3520/3520
f 509/509 508/508 4631/4631
f 537/537 536/536 4629/4629
f 482/482 481/481 4630/4630
f 483/483 484/484 4626/4626
f 525/525 524/524 4627/4627
f 513/513 512/512 4636/4636
f 575/575 576/576 4640/4640
f 574/574 573/573 4628/4628
f 549/549 548/548 4641/4641
f 521/521 520/520 4634/4634
f 553/553 552/552 4635/4635
f 517/517 516/516 4637/4637
f 541/541 540/540 4642/4642
f 529/529 528/528 4639/4639
f 533/533 532/532 4632/4632
f 579/579 580/580 4638/4638
f 542/542 543/543 4644/4644
f 554/554 555/555 4646/4646
f 586/586 585/585 4645/4645
f 487/487 488/488 4643/4643
f 475/475 476/476 4633/4633
f 505/505 504/504 4647/4647
f 3585/3585 3306/3306 3586/3586
f 3881/3881 3657/3657 3882/3882
f 3946/3946 3883/3883 4111/4111
f 3560/3560 4508/4508 5086/5086
f 3376/3376 3409/3409 3607/3607
f 3287/3287 3283/3283 3309/3309
f 3718/3718 3934/3934 4208/4208
f 3060/3060 3061/3061 3063/3063
f 3416/3416 3418/3418 3621/3621
f 2950/2950 464/464 4159/4159
f 3489/3489 4351/4351 5124/5124
f 2952/2952 263/263 4176/4176
f 3249/3249 3258/3258 3308/3308
f 3682/3682 3436/3436 3707/3707
f 4704/4704 4714/4714 4773/4773
f 3353/3353 3351/3351 3600/3600
f 3431/3431 3711/3711 4552/4552
f 3910/3910 3911/3911 3912/3912
f 3619/3619 3946/3946 4567/4567
f 3819/3819 3905/3905 3906/3906
f 3432/3432 3433/3433 3612/3612
f 3258/3258 3259/3259 4614/4614
f 3323/3323 3327/3327 3381/3381
f 3935/3935 3936/3936 4231/4231
f 4463/4463 4545/4545 5032/5032
f 3234/3234 3241/3241 3251/3251
f 3908/3908 3909/3909 3910/3910
f 3570/3570 3569/3569 3571/3571
f 3912/3912 3911/3911 3914/3914
f 2957/2957 453/453 4172/4172
f 3190/3190 3185/3185 3194/3194
f 499/499 208/208 4710/4710
f 12/12 306/306 4711/4711
f 3695/3695 3653/3653 3710/3710
f 3910/3910 3909/3909 3911/3911
f 3278/3278 3277/3277 3279/3279
f 3117/3117 3099/3099 4609/4609
f 3060/3060 3063/3063 3315/3315
f 3211/3211 3194/3194 3212/3212
f 3670/3670 3484/3484 3671/3671
f 3341/3341 3340/3340 3380/3380
f 471/471 4350/4350 4968/4968
f 2972/2972 4077/4077 5082/5082
f 3233/3233 3217/3217 3242/3242
f 3226/3226 3212/3212 3228/3228
f 3612/3612 3613/3613 3935/3935
f 3581/3581 3579/3579 4540/4540
f 3912/3912 3914/3914 3915/3915
f 3317/3317 3318/3318 3319/3319
f 3046/3046 3048/3048 3058/3058
f 3165/3165 3167/3167 3311/3311
f 3958/3958 3707/3707 4152/4152
f 3278/3278 3279/3279 3283/3283
f 3321/3321 3320/3320 3323/3323
f 3972/3972 4063/4063 4549/4549
f 3658/3658 3554/3554 3699/3699
f 3319/3319 3320/3320 3321/3321
f 4234/4234 200/200 4996/4996
f 2959/2959 469/469 4163/4163
f 3078/3078 3080/3080 3092/3092
f 3915/3915 3914/3914 3917/3917
f 3276/3276 3277/3277 3278/3278
f 3435/3435 3648/3648 3702/3702
f 2955/2955 260/260 4179/4179
f 4478/4478 3151/3151 4793/4793
f 3908/3908 3906/3906 3909/3909
f 3290/3290 3305/3305 3435/3435
f 3525/3525 3524/3524 3526/3526
f 3074/3074 3076/3076 3383/3383
f 3874/3874 3436/3436 4614/4614
f 3319/3319 3318/3318 3320/3320
f 3211/3211 3212/3212 3226/3226
f 3216/3216 3203/3203 3217/3217
f 3184/3184 3185/3185 3190/3190
f 3276/3276 3275/3275 3277/3277
f 3244/3244 3252/3252 3269/3269
f 3190/3190 3194/3194 3211/3211
f 3930/3930 3810/3810 3931/3931
f 3400/3400 3298/3298 4312/4312
f 3413/3413 3414/3414 3617/3617
f 4228/4228 4501/4501 4720/4720
f 3255/3255 3312/3312 3591/3591
f 3200/3200 3203/3203 3216/3216
f 5005/5005 4290/4290 5060/5060
f 3308/3308 3258/3258 3436/3436
f 3557/3557 3555/3555 4572/4572
f 2954/2954 276/276 4190/4190
f 3147/3147 3149/3149 3180/3180
f 3370/3370 3371/3371 3437/3437
f 3335/3335 3519/3519 3633/3633
f 3633/3633 3755/3755 3856/3856
f 3274/3274 3273/3273 3275/3275
f 3216/3216 3217/3217 3233/3233
f 3315/3315 3316/3316 3317/3317
f 3233/3233 3242/3242 3256/3256
f 3274/3274 3275/3275 3276/3276
f 3572/3572 3571/3571 4680/4680
f 3318/3318 3880/3880 4594/4594
f 3113/3113 3115/3115 3186/3186
f 4381/4381 4383/4383 4387/4387
f 3317/3317 3316/3316 3318/3318
f 3200/3200 3187/3187 3203/3203
f 3054/3054 3056/3056 3062/3062
f 3896/3896 3683/3683 4761/4761
f 3534/3534 3531/3531 3535/3535
f 3898/3898 3437/3437 3979/3979
f 3452/3452 3451/3451 3453/3453
f 3082/3082 3084/3084 3313/3313
f 3211/3211 3227/3227 4601/4601
f 4362/4362 4546/4546 5153/5153
f 3549/3549 3548/3548 4624/4624
f 2981/2981 3725/3725 4809/4809
f 4491/4491 3798/3798 4492/4492
f 3622/3622 3705/3705 3706/3706
f 4081/4081 4083/4083 4084/4084
f 4572/4572 3899/3899 4616/4616
f 3773/3773 3775/3775 3956/3956
f 3042/3042 3044/3044 3385/3385
f 3815/3815 4493/4493 4774/4774
f 3063/3063 3064/3064 4685/4685
f 3767/3767 3699/3699 3984/3984
f 3269/3269 3301/3301 4153/4153
f 4060/4060 4725/4725 4767/4767
f 3706/3706 3705/3705 3981/3981
f 4585/4585 3604/3604 5076/5076
f 3380/3380 3656/3656 3657/3657
f 4397/4397 3832/3832 4398/4398
f 3050/3050 3052/3052 3483/3483
f 3160/3160 3161/3161 4566/4566
f 3387/3387 3643/3643 3644/3644
f 4053/4053 3928/3928 4789/4789
f 3527/3527 3526/3526 3532/3532
f 4233/4233 3889/3889 4514/4514
f 3420/3420 3434/3434 4559/4559
f 3640/3640 3678/3678 3829/3829
f 4062/4062 4557/4557 5113/5113
f 3555/3555 3554/3554 3658/3658
f 3706/3706 3981/3981 4527/4527
f 4106/4106 3775/3775 4569/4569
f 3644/3644 3643/3643 3809/3809
f 2995/2995 450/450 4201/4201
f 4491/4491 4104/4104 4907/4907
f 3173/3173 3175/3175 3386/3386
f 4170/4170 4168/4168 4171/4171
f 4742/4742 4254/4254 5081/5081
f 4143/4143 2949/2949 4736/4736
f 3206/3206 4275/4275 5088/5088
f 3641/3641 3578/3578 3885/3885
f 3273/3273 3155/3155 4596/4596
f 3464/3464 3462/3462 4573/4573
f 3880/3880 3316/3316 4685/4685
f 3579/3579 3641/3641 4540/4540
f 3886/3886 3885/3885 4066/4066
f 4578/4578 4055/4055 4733/4733
f 3718/3718 3787/3787 3934/3934
f 5027/5027 3956/3956 5052/5052
f 3833/3833 3834/3834 3951/3951
f 3315/3315 3063/3063 3316/3316
f 3644/3644 3809/3809 3810/3810
f 3696/3696 3697/3697 3770/3770
f 3770/3770 3939/3939 3980/3980
f 3899/3899 3767/3767 3999/3999
f 3143/3143 3145/3145 3314/3314
f 3907/3907 3908/3908 4586/4586
f 2957/2957 4173/4173 4175/4175
f 4181/4181 4183/4183 4184/4184
f 3927/3927 4075/4075 4798/4798
f 3406/3406 3404/3404 3626/3626
f 3858/3858 4531/4531 5020/5020
f 3524/3524 3475/3475 4698/4698
f 3890/3890 3190/3190 4601/4601
f 3538/3538 3536/3536 4578/4578
f 3658/3658 3899/3899 4572/4572
f 3621/3621 3695/3695 3919/3919
f 3864/3864 4279/4279 4735/4735
f 3641/3641 3885/3885 3886/3886
f 3371/3371 3373/3373 4582/4582
f 3973/3973 3685/3685 4054/4054
f 3793/3793 4065/4065 4349/4349
f 4078/4078 4746/4746 5023/5023
f 3462/3462 3461/3461 3603/3603
f 4183/4183 4182/4182 4185/4185
f 3253/3253 3263/3263 4563/4563
f 3700/3700 3673/3673 3793/3793
f 3643/3643 3388/3388 4583/4583
f 3814/3814 3813/3813 3889/3889
f 3826/3826 4051/4051 4562/4562
f 3973/3973 4054/4054 4477/4477
f 3357/3357 3359/3359 4597/4597
f 3468/3468 3466/3466 3639/3639
f 2950/2950 4160/4160 4161/4161
f 4093/4093 3889/3889 4233/4233
f 3561/3561 3559/3559 3660/3660
f 3155/3155 3157/3157 4596/4596
f 3892/3892 3893/3893 3957/3957
f 3843/3843 4322/4322 4721/4721
f 3548/3548 3546/3546 3576/3576
f 3099/3099 3101/3101 4609/4609
f 3295/3295 3293/3293 4602/4602
f 3632/3632 3640/3640 3685/3685
f 2965/2965 221/221 5135/5135
f 3259/3259 3419/3419 4614/4614
f 3453/3453 3451/3451 3457/3457
f 3475/3475 3474/3474 4698/4698
f 224/224 2982/2982 4993/4993
f 3813/3813 3661/3661 3826/3826
f 200/200 2962/2962 4996/4996
f 3648/3648 3789/3789 4584/4584
f 4279/4279 3849/3849 4280/4280
f 4447/4447 3796/3796 4990/4990
f 4437/4437 3096/3096 4939/4939
f 4538/4538 3357/3357 4597/4597
f 3575/3575 3535/3535 3673/3673
f 3435/3435 3974/3974 4652/4652
f 3603/3603 3461/3461 3661/3661
f 3090/3090 3091/3091 4757/4757
f 226/226 2970/2970 5033/5033
f 4611/4611 4309/4309 5050/5050
f 3662/3662 3833/3833 3835/3835
f 4522/4522 4371/4371 4787/4787
f 3603/3603 3814/3814 4573/4573
f 4181/4181 4182/4182 4183/4183
f 3388/3388 3390/3390 4583/4583
f 3548/3548 3576/3576 3632/3632
f 3542/3542 3540/3540 3597/3597
f 3658/3658 3699/3699 3767/3767
f 3474/3474 3627/3627 3891/3891
f 3161/3161 3179/3179 4566/4566
f 3215/3215 3213/3213 4595/4595
f 2975/2975 3666/3666 5157/5157
f 254/254 2971/2971 5042/5042
f 4245/4245 4687/4687 5104/5104
f 4591/4591 3996/3996 4743/4743
f 3571/3571 3569/3569 3629/3629
f 4726/4726 3765/3765 4754/4754
f 3789/3789 3933/3933 4715/4715
f 3695/3695 3710/3710 3718/3718
f 3213/3213 3218/3218 4595/4595
f 3712/3712 3700/3700 3832/3832
f 3426/3426 3428/3428 4607/4607
f 3441/3441 3408/3408 3584/3584
f 3536/3536 3535/3535 3575/3575
f 3474/3474 3472/3472 3627/3627
f 3571/3571 3629/3629 3662/3662
f 3217/3217 3203/3203 4581/4581
f 3334/3334 3332/3332 4600/4600
f 3578/3578 3572/3572 4680/4680
f 2951/2951 4505/4505 4802/4802
f 4041/4041 3832/3832 4397/4397
f 3432/3432 3895/3895 4607/4607
f 4502/4502 2979/2979 4821/4821
f 3506/3506 3636/3636 4619/4619
f 3436/3436 3258/3258 4614/4614
f 3986/3986 4409/4409 4960/4960
f 4074/4074 3766/3766 4217/4217
f 2995/2995 4202/4202 4203/4203
f 4480/4480 3907/3907 4766/4766
f 3987/3987 3437/3437 4582/4582
f 3365/3365 3367/3367 4604/4604
f 3422/3422 3424/3424 4603/4603
f 4430/4430 3969/3969 5162/5162
f 3621/3621 3653/3653 3695/3695
f 3447/3447 3445/3445 3590/3590
f 3565/3565 3563/3563 3651/3651
f 4210/4210 4053/4053 4797/4797
f 3347/3347 3345/3345 4606/4606
f 3019/3019 3021/3021 4787/4787
f 3632/3632 3576/3576 3640/3640
f 3276/3276 3278/3278 4585/4585
f 3526/3526 3524/3524 3676/3676
f 3157/3157 3160/3160 4596/4596
f 3937/3937 4552/4552 4703/4703
f 471/471 472/472 4350/4350
f 3765/3765 4434/4434 4754/4754
f 3804/3804 4269/4269 5019/5019
f 4101/4101 4102/4102 4878/4878
f 4225/4225 4030/4030 4955/4955
f 4105/4105 3701/3701 5157/5157
f 3343/3343 3341/3341 4608/4608
f 4169/4169 4170/4170 4209/4209
f 3453/3453 3457/3457 3458/3458
f 3361/3361 3363/3363 4617/4617
f 3861/3861 4694/4694 4880/4880
f 3603/3603 3661/3661 3813/3813
f 3458/3458 3457/3457 3696/3696
f 3458/3458 3696/3696 3698/3698
f 4487/4487 3489/3489 4872/4872
f 3105/3105 3107/3107 4612/4612
f 3620/3620 3291/3291 4652/4652
f 3504/3504 3506/3506 4619/4619
f 3678/3678 3576/3576 4729/4729
f 3390/3390 3413/3413 4583/4583
f 3662/3662 3629/3629 3833/3833
f 3320/3320 3318/3318 4594/4594
f 3316/3316 3063/3063 4685/4685
f 3396/3396 3394/3394 4620/4620
f 4160/4160 4159/4159 4162/4162
f 3664/3664 4753/4753 4765/4765
f 3291/3291 3290/3290 4652/4652
f 3064/3064 3122/3122 4685/4685
f 3370/3370 3898/3898 4604/4604
f 3101/3101 3310/3310 4609/4609
f 4507/4507 3865/3865 5053/5053
f 3514/3514 3504/3504 4619/4619
f 3103/3103 3105/3105 4623/4623
f 3702/3702 3648/3648 4584/4584
f 3697/3697 3457/3457 4725/4725
f 3111/3111 3113/3113 4686/4686
f 3551/3551 3549/3549 4599/4599
f 4033/4033 4117/4117 4755/4755
f 4355/4355 4354/4354 4750/4750
f 3891/3891 3627/3627 3892/3892
f 3834/3834 3629/3629 4737/4737
f 3575/3575 3673/3673 3700/3700
f 3589/3589 4491/4491 4907/4907
f 3666/3666 4399/4399 5157/5157
f 4489/4489 4024/4024 4879/4879
f 4173/4173 4172/4172 4174/4174
f 494/494 4222/4222 4678/4678
f 3575/3575 3712/3712 4578/4578
f 3592/3592 3593/3593 4753/4753
f 3029/3029 4415/4415 4801/4801
f 4518/4518 3765/3765 4726/4726
f 3996/3996 4395/4395 4743/4743
f 246/246 2969/2969 4877/4877
f 232/232 2980/2980 5138/5138
f 3437/3437 3371/3371 4582/4582
f 4120/4120 4808/4808 5083/5083
f 4811/4811 3532/3532 4869/4869
f 3218/3218 4451/4451 4595/4595
f 3341/3341 3380/3380 4608/4608
f 4316/4316 4079/4079 5121/5121
f 3482/3482 3860/3860 4763/4763
f 3137/3137 3139/3139 4621/4621
f 3508/3508 3510/3510 4618/4618
f 4237/4237 4174/4174 4292/4292
f 3239/3239 3244/3244 4649/4649
f 3359/3359 3375/3375 4597/4597
f 3084/3084 3086/3086 4653/4653
f 3190/3190 3211/3211 4601/4601
f 3080/3080 3082/3082 4651/4651
f 3555/3555 3658/3658 4572/4572
f 3274/3274 3852/3852 4793/4793
f 3987/3987 4582/4582 5017/5017
f 3351/3351 3349/3349 4650/4650
f 4239/4239 4171/4171 4935/4935
f 3293/3293 3620/3620 4602/4602
f 4458/4458 3820/3820 5099/5099
f 3076/3076 3078/3078 4654/4654
f 2977/2977 219/219 5044/5044
f 3893/3893 3627/3627 4722/4722
f 3391/3391 3295/3295 4602/4602
f 3269/3269 4282/4282 4649/4649
f 4278/4278 2955/2955 4856/4856
f 3044/3044 3046/3046 4688/4688
f 176/176 175/175 4674/4674
f 153/153 154/154 4673/4673
f 177/177 178/178 4667/4667
f 142/142 141/141 4668/4668
f 173/173 174/174 4675/4675
f 191/191 192/192 4659/4659
f 162/162 161/161 4676/4676
f 145/145 146/146 4672/4672
f 143/143 144/144 4660/4660
f 193/193 194/194 4657/4657
f 166/166 165/165 4663/4663
f 147/147 148/148 4664/4664
f 167/167 168/168 4658/4658
f 163/163 164/164 4671/4671
f 159/159 160/160 4666/4666
f 157/157 156/156 4662/4662
f 3434/3434 3422/3422 4603/4603
f 3548/3548 3632/3632 4624/4624
f 3477/3477 3426/3426 4607/4607
f 4192/4192 4227/4227 5026/5026
f 4164/4164 4163/4163 4165/4165
f 3554/3554 3551/3551 4599/4599
f 3072/3072 3074/3074 4687/4687
f 3141/3141 3143/3143 4699/4699
f 4351/4351 4844/4844 5124/5124
f 3749/3749 5095/5095 5107/5107
f 2950/2950 4159/4159 4160/4160
f 3636/3636 3508/3508 4618/4618
f 2957/2957 4172/4172 4173/4173
f 3571/3571 3662/3662 4680/4680
f 4503/4503 4504/4504 4930/4930
f 4772/4772 3335/3335 4829/4829
f 3107/3107 3118/3118 4612/4612
f 3637/3637 4310/4310 5144/5144
f 4302/4302 4301/4301 4861/4861
f 3378/3378 3353/3353 4683/4683
f 224/224 4224/4224 4969/4969
f 4574/4574 3325/3325 4747/4747
f 3000/3000 2984/2984 4625/4625
f 3428/3428 3432/3432 4607/4607
f 3761/3761 3752/3752 4805/4805
f 3340/3340 3334/3334 4600/4600
f 3424/3424 3477/3477 4603/4603
f 4957/4957 4152/4152 4991/4991
f 3242/3242 3249/3249 4605/4605
f 2974/2974 3691/3691 5013/5013
f 3048/3048 3050/3050 4682/4682
f 4169/4169 4168/4168 4170/4170
f 3375/3375 3361/3361 4617/4617
f 3367/3367 3370/3370 4604/4604
f 4379/4379 4381/4381 4691/4691
f 3960/3960 3878/3878 4817/4817
f 4599/4599 3549/3549 4624/4624
f 2952/2952 4176/4176 4213/4213
f 4616/4616 4287/4287 4723/4723
f 3377/3377 3374/3374 4762/4762
f 4202/4202 4761/4761 4886/4886
f 3178/3178 4554/4554 4760/4760
f 3462/3462 3603/3603 4573/4573
f 3652/3652 3757/3757 4692/4692
f 4703/4703 3952/3952 4713/4713
f 3345/3345 3438/3438 4606/4606
f 4397/4397 4398/4398 5078/5078
f 3888/3888 4583/4583 4748/4748
f 4170/4170 4171/4171 4239/4239
f 3382/3382 3365/3365 4604/4604
f 4191/4191 4190/4190 4192/4192
f 3438/3438 3343/3343 4608/4608
f 3656/3656 3340/3340 4600/4600
f 3798/3798 3396/3396 4620/4620
f 3040/3040 3042/3042 4701/4701
f 4788/4788 4405/4405 5065/5065
f 3310/3310 3103/3103 4623/4623
f 3171/3171 3173/3173 4714/4714
f 4184/4184 4183/4183 4186/4186
f 4359/4359 4360/4360 4932/4932
f 3989/3989 4769/4769 4824/4824
f 3859/3859 4596/4596 4756/4756
f 3676/3676 3524/3524 4698/4698
f 3256/3256 3242/3242 4605/4605
f 4726/4726 3979/3979 4902/4902
f 3325/3325 3321/3321 4747/4747
f 4164/4164 4166/4166 4587/4587
f 3975/3975 4132/4132 4814/4814
f 3355/3355 3347/3347 4606/4606
f 3711/3711 3952/3952 4703/4703
f 3510/3510 3513/3513 4618/4618
f 3323/3323 3381/3381 4747/4747
f 4262/4262 4106/4106 5133/5133
f 3456/3456 3454/3454 4613/4613
f 4814/4814 2996/2996 4818/4818
f 560/560 240/240 5126/5126
f 4130/4130 4020/4020 4920/4920
f 4079/4079 4271/4271 4903/4903
f 3394/3394 3520/3520 4620/4620
f 3363/3363 3382/3382 4617/4617
f 4461/4461 3635/3635 5057/5057
f 3546/3546 3544/3544 4729/4729
f 3536/3536 3575/3575 4578/4578
f 3031/3031 3032/3032 4775/4775
f 4004/4004 4503/4503 4930/4930
f 3249/3249 3308/3308 4605/4605
f 3303/3303 4509/4509 4911/4911
f 3699/3699 3554/3554 4599/4599
f 4135/4135 4002/4002 4923/4923
f 3290/3290 3435/3435 4652/4652
f 3086/3086 3121/3121 4653/4653
f 3289/3289 4841/4841 5062/5062
f 245/245 567/567 5118/5118
f 3817/3817 3815/3815 4774/4774
f 3521/3521 3476/3476 4692/4692
f 3139/3139 3153/3153 4621/4621
f 4709/4709 4948/4948 5073/5073
f 4173/4173 4174/4174 4237/4237
f 3414/3414 3416/3416 4684/4684
f 3885/3885 3578/3578 4680/4680
f 4616/4616 3899/3899 4823/4823
f 4099/4099 3744/3744 4702/4702
f 4714/4714 3386/3386 4773/4773
f 4161/4161 4160/4160 4226/4226
f 3931/3931 3810/3810 4648/4648
f 2954/2954 4190/4190 4191/4191
f 4043/4043 4042/4042 5025/5025
f 4878/4878 3191/3191 4998/4998
f 4102/4102 4748/4748 4904/4904
f 4564/4564 3304/3304 4752/4752
f 3091/3091 3096/3096 4757/4757
f 4537/4537 4379/4379 4691/4691
f 2995/2995 4201/4201 4202/4202
f 3175/3175 3177/3177 4708/4708
f 3809/3809 4101/4101 4648/4648
f 3321/3321 3323/3323 4747/4747
f 4037/4037 4600/4600 4772/4772
f 3418/3418 3628/3628 4981/4981
f 3349/3349 3355/3355 4650/4650
f 3520/3520 3378/3378 4683/4683
f 2959/2959 4163/4163 4164/4164
f 3489/3489 3490/3490 4872/4872
f 3244/3244 3269/3269 4649/4649
f 3309/3309 4461/4461 5057/5057
f 3472/3472 3470/3470 4722/4722
f 3617/3617 3414/3414 4684/4684
f 4452/4452 4696/4696 5114/5114
f 3600/3600 3351/3351 4650/4650
f 3841/3841 4099/4099 4694/4694
f 4473/4473 3127/3127 4866/4866
f 4720/4720 3964/3964 5100/5100
f 200/200 4234/4234 4963/4963
f 4234/4234 4016/4016 4963/4963
f 4126/4126 2987/2987 5087/5087
f 3353/3353 3600/3600 4683/4683
f 4686/4686 4406/4406 4837/4837
f 3615/3615 3482/3482 4763/4763
f 4539/4539 3236/3236 4769/4769
f 3569/3569 3567/3567 4737/4737
f 3241/3241 3255/3255 4697/4697
f 3113/3113 3186/3186 4686/4686
f 4154/4154 2991/2991 4846/4846
f 3177/3177 3184/3184 4708/4708
f 4555/4555 4029/4029 5034/5034
f 3330/3330 3335/3335 4772/4772
f 3836/3836 4809/4809 5040/5040
f 3153/3153 3141/3141 4699/4699
f 3093/3093 3072/3072 4687/4687
f 3059/3059 3040/3040 4701/4701
f 3476/3476 3652/3652 4692/4692
f 3984/3984 4812/4812 4858/4858
f 3531/3531 3529/3529 4690/4690
f 4100/4100 4720/4720 5100/5100
f 3222/3222 3224/3224 4696/4696
f 4619/4619 4931/4931 4951/4951
f 3989/3989 4824/4824 4868/4868
f 4538/4538 4597/4597 4695/4695
f 3046/3046 3058/3058 4688/4688
f 3766/3766 3000/3000 4625/4625
f 2959/2959 4164/4164 4849/4849
f 3861/3861 3841/3841 4694/4694
f 3810/3810 3809/3809 4648/4648
f 3771/3771 3773/3773 4705/4705
f 3417/3417 3703/3703 4906/4906
f 3585/3585 3586/3586 4702/4702
f 3078/3078 3092/3092 4654/4654
f 3383/3383 3076/3076 4654/4654
f 3466/3466 3464/3464 4717/4717
f 3461/3461 3456/3456 4613/4613
f 3074/3074 3383/3383 4687/4687
f 3145/3145 3147/3147 4728/4728
f 4164/4164 4165/4165 4166/4166
f 3744/3744 3585/3585 4702/4702
f 3251/3251 3241/3241 4697/4697
f 3559/3559 3557/3557 4724/4724
f 3058/3058 3048/3048 4682/4682
f 3167/3167 3169/3169 4760/4760
f 3993/3993 3963/3963 4867/4867
f 3255/3255 3591/3591 4697/4697
f 3092/3092 3080/3080 4651/4651
f 3178/3178 3171/3171 4714/4714
f 3105/3105 4612/4612 4623/4623
f 4224/4224 4008/4008 4969/4969
f 3690/3690 3991/3991 4622/4622
f 3540/3540 3538/3538 4733/4733
f 3151/3151 3154/3154 4793/4793
f 3312/3312 3622/3622 4709/4709
f 3443/3443 3441/3441 4731/4731
f 4191/4191 4192/4192 4193/4193
f 3391/3391 4602/4602 4742/4742
f 3692/3692 3690/3690 4622/4622
f 4694/4694 4099/4099 4809/4809
f 3595/3595 4555/4555 5034/5034
f 3385/3385 3044/3044 4688/4688
f 3052/3052 3054/3054 4718/4718
f 3474/3474 3891/3891 4698/4698
f 3718/3718 4208/4208 4745/4745
f 4552/4552 3711/3711 4703/4703
f 4381/4381 4387/4387 4691/4691
f 3050/3050 3483/3483 4682/4682
f 208/208 209/209 4710/4710
f 155/155 12/12 4711/4711
f 243/243 4798/4798 4934/4934
f 3082/3082 3313/3313 4651/4651
f 3313/3313 3084/3084 4653/4653
f 4412/4412 4806/4806 5110/5110
f 3905/3905 4497/4497 4952/4952
f 3622/3622 3706/3706 4709/4709
f 4576/4576 3192/3192 4842/4842
f 3902/3902 3985/3985 4779/4779
f 3591/3591 3312/3312 4709/4709
f 3897/3897 4081/4081 4706/4706
f 3060/3060 3315/3315 4730/4730
f 3672/3672 4538/4538 4695/4695
f 3633/3633 3945/3945 4829/4829
f 4739/4739 3581/3581 5054/5054
f 212/212 2966/2966 4853/4853
f 3169/3169 3178/3178 4760/4760
f 3563/3563 3561/3561 4740/4740
f 4029/4029 3863/3863 5034/5034
f 3408/3408 3406/3406 4734/4734
f 3416/3416 3621/3621 4684/4684
f 4024/4024 4765/4765 4879/4879
f 3054/3054 3062/3062 4718/4718
f 4398/4398 3832/3832 4719/4719
f 3147/3147 3180/3180 4728/4728
f 3119/3119 4598/4598 4758/4758
f 3793/3793 4349/4349 4719/4719
f 3311/3311 3167/3167 4760/4760
f 3042/3042 3385/3385 4701/4701
f 3143/3143 3314/3314 4699/4699
f 4754/4754 4434/4434 4835/4835
f 4052/4052 3771/3771 4705/4705
f 3068/3068 4534/4534 4928/4928
f 4514/4514 3889/3889 4712/4712
f 3826/3826 4562/4562 4712/4712
f 3224/3224 3238/3238 4696/4696
f 4054/4054 3685/3685 4716/4716
f 3849/3849 3582/3582 4739/4739
f 3302/3302 3303/3303 4911/4911
f 3056/3056 3060/3060 4730/4730
f 3386/3386 3175/3175 4708/4708
f 3700/3700 3793/3793 4719/4719
f 3557/3557 4572/4572 4724/4724
f 2966/2966 4913/4913 4987/4987
f 4572/4572 4616/4616 4724/4724
f 4299/4299 4298/4298 4815/4815
f 3115/3115 3119/3119 4758/4758
f 3670/3670 4506/4506 4882/4882
f 3470/3470 3468/3468 4738/4738
f 4043/4043 5025/5025 5112/5112
f 3236/3236 3226/3226 4769/4769
f 4073/4073 5089/5089 5141/5141
f 3813/3813 3826/3826 4712/4712
f 3173/3173 3386/3386 4714/4714
f 496/496 207/207 4789/4789
f 4753/4753 4433/4433 4765/4765
f 3535/3535 3531/3531 4690/4690
f 3685/3685 3640/3640 4716/4716
f 3186/3186 3115/3115 4758/4758
f 3483/3483 3052/3052 4718/4718
f 3062/3062 3056/3056 4730/4730
f 3160/3160 4566/4566 4756/4756
f 243/243 564/564 4798/4798
f 4459/4459 3521/3521 4945/4945
f 5002/5002 3196/3196 5049/5049
f 3621/3621 3919/3919 4684/4684
f 3586/3586 3306/3306 4777/4777
f 240/240 3998/3998 5126/5126
f 3949/3949 3948/3948 4802/4802
f 3640/3640 3829/3829 4716/4716
f 3977/3977 4035/4035 4916/4916
f 4929/4929 4048/4048 5038/5038
f 3209/3209 4287/4287 4823/4823
f 4605/4605 4536/4536 4777/4777
f 3661/3661 3461/3461 4613/4613
f 505/505 4647/4647 4655/4655
f 533/533 4632/4632 4679/4679
f 541/541 4642/4642 4669/4669
f 513/513 4636/4636 4656/4656
f 509/509 4631/4631 4665/4665
f 517/517 4637/4637 4670/4670
f 521/521 4634/4634 4677/4677
f 553/553 4635/4635 4661/4661
f 3576/3576 3546/3546 4729/4729
f 2961/2961 243/243 4934/4934
f 3464/3464 4573/4573 4717/4717
f 3889/3889 3813/3813 4712/4712
f 3773/3773 3956/3956 4705/4705
f 3544/3544 3542/3542 4744/4744
f 4409/4409 3733/3733 5135/5135
f 4063/4063 3970/3970 4841/4841
f 3387/3387 3644/3644 4751/4751
f 4168/4168 4167/4167 4778/4778
f 4576/4576 4842/4842 5093/5093
f 4596/4596 3160/3160 4756/4756
f 3627/3627 3472/3472 4722/4722
f 3314/3314 3145/3145 4728/4728
f 3617/3617 4396/4396 4904/4904
f 4258/4258 3206/3206 5088/5088
f 3673/3673 3535/3535 4690/4690
f 3309/3309 3283/3283 4803/4803
f 3538/3538 4578/4578 4733/4733
f 3639/3639 3466/3466 4717/4717
f 3832/3832 3700/3700 4719/4719
f 3629/3629 3569/3569 4737/4737
f 4057/4057 3692/3692 4622/4622
f 4134/4134 3954/3954 4856/4856
f 3304/3304 3015/3015 4876/4876
f 15/15 566/566 5069/5069
f 302/302 7/7 5066/5066
f 3919/3919 3695/3695 4745/4745
f 4287/4287 4616/4616 4823/4823
f 4189/4189 2959/2959 4849/4849
f 3660/3660 3559/3559 4724/4724
f 3981/3981 3705/3705 4782/4782
f 3527/3527 3532/3532 4811/4811
f 158/158 16/16 4860/4860
f 149/149 150/150 4859/4859
f 3263/3263 3387/3387 4751/4751
f 3965/3965 4565/4565 5100/5100
f 4445/4445 3983/3983 5012/5012
f 3279/3279 3281/3281 4803/4803
f 4031/4031 4503/4503 5138/5138
f 3512/3512 3516/3516 4810/4810
f 4600/4600 3332/3332 4772/4772
f 4614/4614 3419/3419 4768/4768
f 3406/3406 3626/3626 4734/4734
f 3332/3332 3330/3330 4772/4772
f 4387/4387 4383/4383 4781/4781
f 3870/3870 4149/4149 4816/4816
f 3567/3567 3565/3565 4749/4749
f 4035/4035 4270/4270 4931/4931
f 4392/4392 3260/3260 5056/5056
f 4327/4327 3191/3191 4878/4878
f 3597/3597 3540/3540 4733/4733
f 221/221 4135/4135 5135/5135
f 4217/4217 3766/3766 4625/4625
f 3941/3941 3975/3975 4818/4818
f 4081/4081 4084/4084 4706/4706
f 4034/4034 3911/3911 5001/5001
f 4680/4680 3662/3662 4776/4776
f 3468/3468 3639/3639 4738/4738
f 4482/4482 4061/4061 4840/4840
f 3413/3413 3617/3617 4748/4748
f 4050/4050 4613/4613 4795/4795
f 3623/3623 4568/4568 4792/4792
f 3695/3695 3718/3718 4745/4745
f 3561/3561 3660/3660 4740/4740
f 3883/3883 3669/3669 4816/4816
f 4795/4795 3458/3458 4850/4850
f 3991/3991 245/245 5118/5118
f 3441/3441 3584/3584 4731/4731
f 4094/4094 4212/4212 4771/4771
f 4139/4139 4140/4140 4884/4884
f 3713/3713 233/233 5154/5154
f 3756/3756 4504/4504 5105/5105
f 3748/3748 253/253 5155/5155
f 4491/4491 4492/4492 5070/5070
f 3651/3651 3563/3563 4740/4740
f 3885/3885 4680/4680 4776/4776
f 3584/3584 3408/3408 4734/4734
f 4731/4731 4483/4483 4927/4927
f 4563/4563 3263/3263 4751/4751
f 3204/3204 3215/3215 4842/4842
f 3491/3491 3488/3488 4857/4857
f 3848/3848 4489/4489 4879/4879
f 4507/4507 3923/3923 4874/4874
f 3975/3975 4814/4814 4818/4818
f 4150/4150 4742/4742 4791/4791
f 3542/3542 3597/3597 4744/4744
f 4280/4280 3849/3849 4739/4739
f 3981/3981 4782/4782 4987/4987
f 3955/3955 4419/4419 4948/4948
f 4503/4503 232/232 5138/5138
f 4505/4505 3949/3949 4802/4802
f 3874/3874 4614/4614 4768/4768
f 3836/3836 2981/2981 4809/4809
f 3486/3486 3489/3489 5124/5124
f 4812/4812 3920/3920 4858/4858
f 2979/2979 4040/4040 4821/4821
f 4064/4064 4690/4690 4811/4811
f 3226/3226 3228/3228 4769/4769
f 3118/3118 4837/4837 4986/4986
f 4583/4583 3413/3413 4748/4748
f 3646/3646 3286/3286 4784/4784
f 4383/4383 4385/4385 4781/4781
f 4500/4500 3132/3132 5108/5108
f 3936/3936 3613/3613 4924/4924
f 4270/4270 4092/4092 4951/4951
f 3017/3017 3189/3189 4876/4876
f 4205/4205 4783/4783 5136/5136
f 4266/4266 4040/4040 5127/5127
f 3256/3256 4605/4605 4777/4777
f 5011/5011 4403/4403 5148/5148
f 3985/3985 3918/3918 5077/5077
f 3419/3419 4559/4559 4768/4768
f 3864/3864 4735/4735 4886/4886
f 3650/3650 4408/4408 5008/5008
f 3764/3764 3618/3618 4911/4911
f 3038/3038 3059/3059 4813/4813
f 3720/3720 225/225 5158/5158
f 3607/3607 4256/4256 5018/5018
f 4216/4216 4067/4067 4786/4786
f 3234/3234 3251/3251 4824/4824
f 3238/3238 3231/3231 4830/4830
f 4085/4085 4502/4502 5039/5039
f 3565/3565 3651/3651 4749/4749
f 3628/3628 3417/3417 4906/4906
f 4385/4385 4388/4388 4785/4785
f 3066/3066 3068/3068 4928/4928
f 3905/3905 3817/3817 4774/4774
f 4613/4613 3454/3454 4795/4795
f 4175/4175 4173/4173 4759/4759
f 3032/3032 3123/3123 4775/4775
f 4272/4272 4273/4273 5132/5132
f 3780/3780 4072/4072 4847/4847
f 4135/4135 4409/4409 5135/5135
f 3189/3189 3019/3019 4787/4787
f 4150/4150 4070/4070 5107/5107
f 4492/4492 3798/3798 4808/4808
f 3992/3992 3693/3693 4949/4949
f 4911/4911 4509/4509 4953/4953
f 4061/4061 4815/4815 4862/4862
f 3453/3453 3458/3458 4795/4795
f 4729/4729 3544/3544 4744/4744
f 3118/3118 3109/3109 4837/4837
f 3728/3728 227/227 5163/5163
f 4037/4037 4772/4772 4829/4829
f 3984/3984 3699/3699 4812/4812
f 3449/3449 3447/3447 4767/4767
f 3127/3127 3129/3129 4866/4866
f 4025/4025 2967/2967 4827/4827
f 3731/3731 4141/4141 4921/4921
f 3705/3705 4024/4024 4782/4782
f 4722/4722 3470/3470 4738/4738
f 3306/3306 3256/3256 4777/4777
f 4397/4397 3268/3268 5064/5064
f 3447/3447 3590/3590 4767/4767
f 4033/4033 4755/4755 4950/4950
f 3980/3980 3939/3939 4862/4862
f 3336/3336 3670/3670 4882/4882
f 4455/4455 4065/4065 4869/4869
f 4218/4218 3795/3795 5097/5097
f 2948/2948 4154/4154 4944/4944
f 4725/4725 3449/3449 4767/4767
f 3969/3969 4430/4430 5062/5062
f 4513/4513 3901/3901 4873/4873
f 4956/4956 3985/3985 5077/5077
f 3895/3895 3612/3612 4875/4875
f 3096/3096 3097/3097 4939/4939
f 4110/4110 3873/3873 4804/4804
f 4066/4066 3885/3885 4776/4776
f 4171/4171 4168/4168 4778/4778
f 3669/3669 3870/3870 4816/4816
f 4737/4737 3567/3567 4749/4749
f 3607/3607 3409/3409 4843/4843
f 4406/4406 4404/4404 4986/4986
f 3662/3662 3835/3835 4776/4776
f 3722/3722 4207/4207 4993/4993
f 4408/4408 3573/3573 5160/5160
f 4064/4064 4811/4811 4869/4869
f 4107/4107 4739/4739 5054/5054
f 4495/4495 3491/3491 4800/4800
f 4846/4846 3961/3961 5084/5084
f 3962/3962 3966/3966 4822/4822
f 4750/4750 4475/4475 5059/5059
f 4599/4599 4624/4624 4812/4812
f 3715/3715 4031/4031 5138/5138
f 4148/4148 3872/3872 5046/5046
f 3838/3838 4488/4488 4838/4838
f 3059/3059 4732/4732 4813/4813
f 253/253 4012/4012 5155/5155
f 233/233 4014/4014 5154/5154
f 4162/4162 4178/4178 4851/4851
f 4253/4253 4252/4252 4982/4982
f 4649/4649 4283/4283 4830/4830
f 3835/3835 3833/3833 4828/4828
f 4061/4061 4060/4060 4840/4840
f 4835/4835 4434/4434 4929/4929
f 3998/3998 3704/3704 5022/5022
f 4143/4143 4693/4693 4903/4903
f 3477/3477 4607/4607 4807/4807
f 4173/4173 4237/4237 4759/4759
f 3111/3111 4686/4686 4837/4837
f 3454/3454 3453/3453 4795/4795
f 4607/4607 3895/3895 4807/4807
f 4388/4388 4389/4389 4800/4800
f 3154/3154 3274/3274 4793/4793
f 3943/3943 4375/4375 4836/4836
f 4527/4527 3955/3955 4948/4948
f 3906/3906 3905/3905 4952/4952
f 3239/3239 4649/4649 4830/4830
f 4707/4707 3988/3988 4937/4937
f 4803/4803 3281/3281 4980/4980
f 4065/4065 4455/4455 4884/4884
f 4781/4781 4385/4385 4785/4785
f 3179/3179 3163/3163 4912/4912
f 225/225 4021/4021 5158/5158
f 3196/3196 4443/4443 5049/5049
f 3045/3045 3043/3043 4834/4834
f 3049/3049 3210/3210 4839/4839
f 4746/4746 4155/4155 5023/5023
f 3758/3758 4358/4358 5041/5041
f 4377/4377 4073/4073 5141/5141
f 3866/3866 4510/4510 5063/5063
f 4261/4261 3761/3761 4805/4805
f 4220/4220 559/559 4662/4662
f 570/570 4221/4221 4676/4676
f 227/227 4019/4019 5163/5163
f 3514/3514 4951/4951 4985/4985
f 3745/3745 4068/4068 4833/4833
f 4152/4152 3707/3707 4937/4937
f 448/448 2/2 4825/4825
f 4144/4144 2948/2948 4994/4994
f 4180/4180 4181/4181 4865/4865
f 3283/3283 3279/3279 4803/4803
f 3381/3381 3327/3327 4882/4882
f 3285/3285 3521/3521 4980/4980
f 4050/4050 4795/4795 4850/4850
f 4612/4612 3118/3118 4788/4788
f 3434/3434 4513/4513 4873/4873
f 3757/3757 4324/4324 4942/4942
f 3976/3976 4905/4905 5021/5021
f 4690/4690 3529/3529 4811/4811
f 3982/3982 4819/4819 4820/4820
f 2954/2954 4191/4191 4796/4796
f 4274/4274 5027/5027 5052/5052
f 308/308 15/15 4196/4196
f 7/7 495/495 4195/4195
f 4359/4359 4932/4932 4954/4954
f 3860/3860 4560/4560 4907/4907
f 3727/3727 2978/2978 5041/5041
f 4121/4121 4502/4502 5096/5096
f 3635/3635 3439/3439 5057/5057
f 3529/3529 3527/3527 4811/4811
f 4396/4396 3919/3919 5123/5123
f 4842/4842 4525/4525 5093/5093
f 4247/4247 4704/4704 4773/4773
f 3699/3699 4599/4599 4812/4812
f 4925/4925 4108/4108 5103/5103
f 4109/4109 4926/4926 5102/5102
f 3958/3958 4152/4152 4957/4957
f 3717/3717 19/19 5102/5102
f 11/11 3716/3716 5103/5103
f 4532/4532 3960/3960 4831/4831
f 3036/3036 3038/3038 4813/4813
f 2969/2969 4039/4039 4871/4871
f 4709/4709 3706/3706 4948/4948
f 4480/4480 4766/4766 5006/5006
f 3513/3513 3512/3512 4810/4810
f 4348/4348 3837/3837 4983/4983
f 3947/3947 4459/4459 4945/4945
f 3165/3165 3311/3311 4912/4912
f 4703/4703 4713/4713 4847/4847
f 3123/3123 3034/3034 4988/4988
f 3951/3951 5088/5088 5130/5130
f 4166/4166 4447/4447 4990/4990
f 4098/4098 3967/3967 4855/4855
f 3930/3930 3931/3931 4801/4801
f 4500/4500 4426/4426 5146/5146
f 4320/4320 4112/4112 5043/5043
f 4769/4769 3228/3228 4824/4824
f 5017/5017 4358/4358 5106/5106
f 3899/3899 3999/3999 4823/4823
f 3890/3890 4601/4601 5030/5030
f 4419/4419 4779/4779 5073/5073
f 3132/3132 3133/3133 5108/5108
f 3755/3755 4085/4085 5039/5039
f 4216/4216 4936/4936 4995/4995
f 2996/2996 4156/4156 4818/4818
f 4565/4565 3994/3994 4797/4797
f 4524/4524 3215/3215 5139/5139
f 3934/3934 3787/3787 5094/5094
f 3376/3376 3607/3607 5018/5018
f 4624/4624 3920/3920 4812/4812
f 4847/4847 4072/4072 4924/4924
f 3085/3085 3196/3196 5145/5145
f 4426/4426 4866/4866 5146/5146
f 4602/4602 3620/3620 4791/4791
f 3081/3081 3079/3079 4864/4864
f 4742/4742 4602/4602 4791/4791
f 4805/4805 4126/4126 5087/5087
f 185/185 186/186 4677/4677
f 188/188 187/187 4665/4665
f 184/184 183/183 4656/4656
f 181/181 182/182 4670/4670
f 170/170 169/169 4679/4679
f 180/180 179/179 4661/4661
f 152/152 151/151 4678/4678
f 171/171 172/172 4669/4669
f 190/190 189/189 4655/4655
f 4221/4221 569/569 4895/4895
f 3090/3090 4757/4757 5159/5159
f 4650/4650 4323/4323 5092/5092
f 3228/3228 3234/3234 4824/4824
f 3231/3231 3239/3239 4830/4830
f 4019/4019 4975/4975 5163/5163
f 4021/4021 4977/4977 5158/5158
f 3164/3164 3162/3162 4889/4889
f 4584/4584 3789/3789 4955/4955
f 3798/3798 4620/4620 4808/4808
f 4193/4193 4192/4192 4794/4794
f 4571/4571 3514/3514 4985/4985
f 3657/3657 3681/3681 5079/5079
f 4855/4855 3967/3967 5004/5004
f 3969/3969 3915/3915 5162/5162
f 4041/4041 4397/4397 5064/5064
f 3590/3590 3445/3445 4927/4927
f 4699/4699 3314/3314 4989/4989
f 4304/4304 4302/4302 4848/4848
f 3983/3983 3886/3886 5012/5012
f 4309/4309 4308/4308 4922/4922
f 558/558 4220/4220 4914/4914
f 3192/3192 3204/3204 4842/4842
f 4509/4509 3953/3953 4953/4953
f 4117/4117 4116/4116 5058/5058
f 3962/3962 4822/4822 4867/4867
f 3970/3970 3969/3969 4841/4841
f 4791/4791 3620/3620 4845/4845
f 4763/4763 3860/3860 5150/5150
f 3999/3999 3767/3767 4958/4958
f 3287/3287 3309/3309 5057/5057
f 4582/4582 3373/3373 5018/5018
f 3968/3968 4780/4780 4918/4918
f 3923/3923 4574/4574 4874/4874
f 4039/4039 4194/4194 5080/5080
f 3514/3514 4619/4619 4951/4951
f 3109/3109 3111/3111 4837/4837
f 3837/3837 4198/4198 4983/4983
f 4105/4105 4399/4399 5119/5119
f 4310/4310 3650/3650 4946/4946
f 2973/2973 4957/4957 4991/4991
f 4014/4014 4974/4974 5154/5154
f 4265/4265 23/23 5029/5029
f 4012/4012 4973/4973 5155/5155
f 4405/4405 4407/4407 5065/5065
f 574/574 4628/4628 4666/4666
f 537/537 4629/4629 4658/4658
f 4626/4626 484/484 4664/4664
f 529/529 4639/4639 4657/4657
f 4633/4633 476/476 4660/4660
f 4640/4640 576/576 4663/4663
f 482/482 4630/4630 4672/4672
f 525/525 4627/4627 4659/4659
f 4638/4638 580/580 4671/4671
f 4646/4646 555/555 4667/4667
f 4643/4643 488/488 4673/4673
f 4644/4644 543/543 4674/4674
f 586/586 4645/4645 4668/4668
f 549/549 4641/4641 4675/4675
f 4601/4601 3824/3824 5030/5030
f 3833/3833 3951/3951 4828/4828
f 4931/4931 4270/4270 4951/4951
f 4819/4819 3681/3681 4820/4820
f 3937/3937 4703/4703 4847/4847
f 3335/3335 3633/3633 4829/4829
f 4068/4068 4770/4770 5122/5122
f 4488/4488 4487/4487 4872/4872
f 3409/3409 3485/3485 4843/4843
f 566/566 3927/3927 5069/5069
f 3928/3928 302/302 5066/5066
f 3933/3933 3989/3989 4868/4868
f 4441/4441 3995/3995 5120/5120
f 4817/4817 3186/3186 4831/4831
f 4155/4155 2997/2997 5023/5023
f 3976/3976 4088/4088 4905/4905
f 4686/4686 3186/3186 4817/4817
f 4948/4948 4419/4419 5073/5073
f 4916/4916 4035/4035 4931/4931
f 4863/4863 3855/3855 5036/5036
f 3963/3963 3962/3962 4867/4867
f 4598/4598 3853/3853 4999/4999
f 4388/4388 4800/4800 4857/4857
f 4255/4255 4069/4069 4852/4852
f 4837/4837 4406/4406 4986/4986
f 3207/3207 4329/4329 5003/5003
f 3698/3698 3696/3696 5045/5045
f 4071/4071 4791/4791 4845/4845
f 3443/3443 4731/4731 4927/4927
f 4200/4200 3882/3882 5072/5072
f 4884/4884 4140/4140 5137/5137
f 3918/3918 4715/4715 5077/5077
f 4652/4652 3974/3974 4845/4845
f 3946/3946 4111/4111 4838/4838
f 4854/4854 3094/3094 4915/4915
f 4279/4279 4280/4280 4981/4981
f 4285/4285 3201/3201 5074/5074
f 3260/3260 4442/4442 5056/5056
f 4775/4775 3123/3123 4806/4806
f 228/228 2988/2988 5058/5058
f 4611/4611 3400/3400 5111/5111
f 4732/4732 4413/4413 4813/4813
f 4789/4789 3928/3928 4790/4790
f 3956/3956 4106/4106 5052/5052
f 3874/3874 4707/4707 4937/4937
f 3927/3927 4798/4798 4799/4799
f 4693/4693 4314/4314 5121/5121
f 4082/4082 4080/4080 5051/5051
f 4477/4477 3087/3087 5145/5145
f 3620/3620 4652/4652 4845/4845
f 3939/3939 4061/4061 4862/4862
f 4747/4747 3381/3381 4874/4874
f 3186/3186 4758/4758 4831/4831
f 4455/4455 4139/4139 4884/4884
f 4358/4358 4255/4255 4852/4852
f 4074/4074 4217/4217 4853/4853
f 4546/4546 3931/3931 5153/5153
f 3920/3920 3973/3973 4858/4858
f 3605/3605 4485/4485 5020/5020
f 4051/4051 4050/4050 4850/4850
f 3898/3898 4754/4754 4835/4835
f 3015/3015 3017/3017 4876/4876
f 4541/4541 3210/3210 4959/4959
f 3490/3490 3493/3493 4872/4872
f 5020/5020 4485/4485 5113/5113
f 4833/4833 4068/4068 5122/5122
f 4086/4086 4946/4946 5008/5008
f 3701/3701 2975/2975 5157/5157
f 4909/4909 3605/3605 5020/5020
f 4560/4560 3589/3589 4907/4907
f 222/222 3846/3846 4923/4923
f 4708/4708 3890/3890 4919/4919
f 4181/4181 4184/4184 4865/4865
f 569/569 246/246 4895/4895
f 205/205 491/491 4896/4896
f 3458/3458 3698/3698 4850/4850
f 4545/4545 3062/3062 5032/5032
f 3937/3937 4847/4847 4924/4924
f 4045/4045 4043/4043 5112/5112
f 4460/4460 4803/4803 4980/4980
f 495/495 149/149 4859/4859
f 16/16 308/308 4860/4860
f 4197/4197 3990/3990 5005/5005
f 2956/2956 4825/4825 5051/5051
f 2955/2955 4179/4179 4856/4856
f 4946/4946 4193/4193 5144/5144
f 4028/4028 4029/4029 4941/4941
f 4502/4502 4085/4085 5096/5096
f 4742/4742 4150/4150 5095/5095
f 3215/3215 4595/4595 5139/5139
f 216/216 3723/3723 4920/4920
f 220/220 3731/3731 4921/4921
f 3129/3129 3132/3132 4866/4866
f 5088/5088 4275/4275 5130/5130
f 3301/3301 4563/4563 5140/5140
f 4800/4800 3491/3491 4857/4857
f 3238/3238 4830/4830 5006/5006
f 3871/3871 3848/3848 4879/4879
f 4604/4604 3898/3898 4835/4835
f 5037/5037 4285/4285 5074/5074
f 3382/3382 4604/4604 4835/4835
f 4274/4274 3248/3248 5027/5027
f 4065/4065 4064/4064 4869/4869
f 4032/4032 4033/4033 4950/4950
f 3774/3774 3968/3968 5068/5068
f 4329/4329 4396/4396 5123/5123
f 3297/3297 3391/3391 5015/5015
f 3618/3618 3302/3302 4911/4911
f 4160/4160 4162/4162 5128/5128
f 4058/4058 4057/4057 4871/4871
f 4105/4105 4763/4763 5150/5150
f 2978/2978 3758/3758 5041/5041
f 4635/4635 552/552 4966/4966
f 483/483 4626/4626 4964/4964
f 554/554 4646/4646 4979/4979
f 4629/4629 536/536 4975/4975
f 4626/4626 4000/4000 4964/4964
f 4021/4021 4632/4632 4977/4977
f 4630/4630 481/481 4963/4963
f 4019/4019 4629/4629 4975/4975
f 4645/4645 585/585 4973/4973
f 4631/4631 508/508 4972/4972
f 4016/4016 4630/4630 4963/4963
f 4639/4639 528/528 4969/4969
f 575/575 4640/4640 4967/4967
f 4003/4003 4635/4635 4966/4966
f 4012/4012 4645/4645 4973/4973
f 4633/4633 4011/4011 4965/4965
f 4006/4006 4637/4637 4978/4978
f 4638/4638 4017/4017 4971/4971
f 4640/4640 4001/4001 4967/4967
f 579/579 4638/4638 4971/4971
f 4010/4010 4628/4628 4962/4962
f 4005/4005 4631/4631 4972/4972
f 4642/4642 540/540 4976/4976
f 4632/4632 532/532 4977/4977
f 4008/4008 4639/4639 4969/4969
f 4014/4014 4641/4641 4974/4974
f 4015/4015 4642/4642 4976/4976
f 4646/4646 4009/4009 4979/4979
f 4643/4643 4013/4013 4970/4970
f 4641/4641 548/548 4974/4974
f 4637/4637 516/516 4978/4978
f 4628/4628 573/573 4962/4962
f 475/475 4633/4633 4965/4965
f 487/487 4643/4643 4970/4970
f 4504/4504 4031/4031 5105/5105
f 4903/4903 4693/4693 5121/5121
f 3977/3977 4916/4916 4947/4947
f 4936/4936 4056/4056 5064/5064
f 3612/3612 3935/3935 4875/4875
f 3960/3960 4817/4817 4831/4831
f 3191/3191 4362/4362 4998/4998
f 4574/4574 4747/4747 4874/4874
f 4413/4413 4412/4412 5110/5110
f 4324/4324 4325/4325 5156/5156
f 5006/5006 4766/4766 5114/5114
f 239/239 558/558 4914/4914
f 4685/4685 3122/3122 5059/5059
f 4793/4793 3852/3852 4961/4961
f 3681/3681 4037/4037 5125/5125
f 4275/4275 3583/3583 5130/5130
f 4702/4702 4198/4198 5040/5040
f 3327/3327 3336/3336 4882/4882
f 4117/4117 5058/5058 5152/5152
f 4314/4314 4316/4316 5121/5121
f 4188/4188 4187/4187 5010/5010
f 4757/4757 4390/4390 5159/5159
f 207/207 2960/2960 4940/4940
f 4112/4112 5022/5022 5043/5043
f 4063/4063 4517/4517 5098/5098
f 4557/4557 3858/3858 5113/5113
f 4492/4492 4808/4808 5082/5082
f 4219/4219 4541/4541 5094/5094
f 4559/4559 3434/3434 4873/4873
f 4518/4518 4726/4726 5101/5101
f 3201/3201 4393/4393 5014/5014
f 4609/4609 4103/4103 5149/5149
f 4106/4106 4569/4569 5133/5133
f 4713/4713 3780/3780 4847/4847
f 4129/4129 5037/5037 5074/5074
f 3935/3935 4231/4231 4899/4899
f 3967/3967 4218/4218 5004/5004
f 3122/3122 4750/4750 5059/5059
f 4054/4054 4716/4716 4854/4854
f 3979/3979 3987/3987 4902/4902
f 3558/3558 3560/3560 5086/5086
f 3681/3681 4819/4819 5079/5079
f 4875/4875 3935/3935 4899/4899
f 4844/4844 3485/3485 5124/5124
f 4054/4054 4854/4854 4915/4915
f 3520/3520 4683/4683 5004/5004
f 3036/3036 4813/4813 4988/4988
f 3783/3783 4071/4071 4997/4997
f 4175/4175 4759/4759 5063/5063
f 4502/4502 4821/4821 5039/5039
f 4765/4765 3871/3871 4879/4879
f 3132/3132 4500/4500 5146/5146
f 4198/4198 3836/3836 5040/5040
f 3613/3613 3937/3937 4924/4924
f 3584/3584 4734/4734 4848/4848
f 4695/4695 4597/4597 5115/5115
f 4075/4075 4297/4297 5131/5131
f 4199/4199 3866/3866 5063/5063
f 3163/3163 3165/3165 4912/4912
f 3717/3717 4926/4926 4984/4984
f 4430/4430 4429/4429 5062/5062
f 4203/4203 4202/4202 4886/4886
f 3199/3199 3110/3110 5071/5071
f 2989/2989 3847/3847 5156/5156
f 4790/4790 3928/3928 5066/5066
f 3927/3927 4799/4799 5069/5069
f 5005/5005 3698/3698 5045/5045
f 4205/4205 4206/4206 4870/4870
f 3467/3467 3469/3469 5090/5090
f 4100/4100 4090/4090 5028/5028
f 4751/4751 3929/3929 5140/5140
f 4095/4095 4096/4096 5084/5084
f 3933/3933 4868/4868 5077/5077
f 3382/3382 4835/4835 4929/4929
f 3945/3945 4266/4266 5061/5061
f 4806/4806 3123/3123 5110/5110
f 5015/5015 3391/3391 5081/5081
f 3847/3847 4324/4324 5156/5156
f 3584/3584 4848/4848 4861/4861
f 4073/4073 4230/4230 5089/5089
f 4773/4773 3386/3386 4919/4919
f 4620/4620 3520/3520 5083/5083
f 4120/4120 2972/2972 5082/5082
f 4361/4361 4197/4197 5031/5031
f 3636/3636 4916/4916 4931/4931
f 4731/4731 3584/3584 4861/4861
f 3122/3122 3066/3066 4928/4928
f 4325/4325 2989/2989 5156/5156
f 4527/4527 3981/3981 4913/4913
f 4843/4843 3485/3485 4844/4844
f 4654/4654 3092/3092 5141/5141
f 4590/4590 3605/3605 4909/4909
f 3303/3303 3297/3297 5015/5015
f 3665/3665 2974/2974 5013/5013
f 3097/3097 3117/3117 4939/4939
f 4951/4951 4092/4092 4985/4985
f 4237/4237 4292/4292 4906/4906
f 4858/4858 3973/3973 5002/5002
f 3108/3108 3106/3106 5078/5078
f 536/536 228/228 4975/4975
f 585/585 254/254 4973/4973
f 195/195 471/471 4968/4968
f 508/508 214/214 4972/4972
f 197/197 475/475 4965/4965
f 201/201 483/483 4964/4964
f 203/203 487/487 4970/4970
f 237/237 554/554 4979/4979
f 532/532 226/226 4977/4977
f 552/552 236/236 4966/4966
f 573/573 248/248 4962/4962
f 528/528 224/224 4969/4969
f 481/481 200/200 4963/4963
f 251/251 579/579 4971/4971
f 516/516 218/218 4978/4978
f 548/548 234/234 4974/4974
f 249/249 575/575 4967/4967
f 540/540 230/230 4976/4976
f 4770/4770 3301/3301 5140/5140
f 4766/4766 4452/4452 5114/5114
f 4785/4785 4388/4388 4857/4857
f 3707/3707 3874/3874 4937/4937
f 3865/3865 3831/3831 5053/5053
f 3445/3445 3443/3443 4927/4927
f 4592/4592 3934/3934 4959/4959
f 4783/4783 4205/4205 4870/4870
f 3693/3693 3879/3879 4949/4949
f 2982/2982 3722/3722 4993/4993
f 4140/4140 5075/5075 5137/5137
f 4871/4871 4057/4057 4877/4877
f 3855/3855 3854/3854 5129/5129
f 4477/4477 4054/4054 4915/4915
f 4399/4399 4400/4400 5119/5119
f 4526/4526 4524/4524 5139/5139
f 3210/3210 4592/4592 4959/4959
f 2969/2969 4871/4871 4877/4877
f 4009/4009 4881/4881 4979/4979
f 3653/3653 3418/3418 4981/4981
f 4241/4241 4478/4478 4961/4961
f 4230/4230 4245/4245 5104/5104
f 4119/4119 4120/4120 5097/5097
f 4730/4730 3884/3884 5032/5032
f 2962/2962 3736/3736 4996/4996
f 4813/4813 4413/4413 4988/4988
f 3706/3706 4527/4527 4948/4948
f 4925/4925 3716/3716 5025/5025
f 2987/2987 3976/3976 5087/5087
f 4946/4946 3650/3650 5008/5008
f 4092/4092 4045/4045 5046/5046
f 4472/4472 4773/4773 4919/4919
f 3062/3062 4730/4730 5032/5032
f 4007/4007 4885/4885 4968/4968
f 4888/4888 4006/4006 4978/4978
f 3909/3909 3906/3906 4952/4952
f 4254/4254 4253/4253 5081/5081
f 4893/4893 4005/4005 4972/4972
f 4894/4894 4010/4010 4962/4962
f 4013/4013 4897/4897 4970/4970
f 4283/4283 4480/4480 5006/5006
f 4898/4898 4003/4003 4966/4966
f 4049/4049 4695/4695 5115/5115
f 4001/4001 4901/4901 4967/4967
f 3829/3829 3997/3997 4954/4954
f 4681/4681 3385/3385 5011/5011
f 4000/4000 4890/4890 4964/4964
f 4891/4891 4015/4015 4976/4976
f 4017/4017 4892/4892 4971/4971
f 3114/3114 3112/3112 5075/5075
f 4485/4485 4062/4062 5113/5113
f 4011/4011 4900/4900 4965/4965
f 4057/4057 4622/4622 4877/4877
f 4089/4089 3764/3764 4953/4953
f 4103/4103 4441/4441 5149/5149
f 4104/4104 4105/4105 5150/5150
f 4348/4348 3958/3958 4957/4957
f 3636/3636 4618/4618 4916/4916
f 4619/4619 3636/3636 4931/4931
f 7/7 4195/4195 5066/5066
f 4196/4196 15/15 5069/5069
f 4478/4478 4793/4793 4961/4961
f 4195/4195 4790/4790 5066/5066
f 5108/5108 3181/3181 5117/5117
f 3123/3123 4988/4988 5110/5110
f 4799/4799 4196/4196 5069/5069
f 4829/4829 3945/3945 5125/5125
f 4303/4303 4304/4304 5007/5007
f 4852/4852 3727/3727 5041/5041
f 4720/4720 4100/4100 5028/5028
f 4796/4796 4191/4191 5109/5109
f 4954/4954 3997/3997 4995/4995
f 211/211 4022/4022 5142/5142
f 3513/3513 4933/4933 4947/4947
f 3909/3909 4952/4952 5001/5001
f 4556/4556 4756/4756 5024/5024
f 4759/4759 4199/4199 5063/5063
f 4256/4256 4358/4358 5017/5017
f 3872/3872 4571/4571 4985/4985
f 3959/3959 4348/4348 4983/4983
f 4166/4166 4165/4165 4917/4917
f 2970/2970 4059/4059 5033/5033
f 4617/4617 3382/3382 4929/4929
f 4692/4692 3757/3757 4942/4942
f 3034/3034 3036/3036 4988/4988
f 3087/3087 3085/3085 5145/5145
f 4219/4219 4107/4107 5054/5054
f 3767/3767 3984/3984 4958/4958
f 3672/3672 4695/4695 5021/5021
f 2971/2971 4023/4023 5042/5042
f 3281/3281 3285/3285 4980/4980
f 3386/3386 4708/4708 4919/4919
f 4070/4070 2977/2977 5044/5044
f 4688/4688 4403/4403 5011/5011
f 4959/4959 3934/3934 5094/5094
f 4961/4961 3852/3852 5076/5076
f 3997/3997 4216/4216 4995/4995
f 5061/5061 4266/4266 5127/5127
f 4310/4310 4946/4946 5144/5144
f 4830/4830 4283/4283 5006/5006
f 4808/4808 4120/4120 5082/5082
f 3911/3911 3909/3909 5001/5001
f 3704/3704 3785/3785 5022/5022
f 3521/3521 4692/4692 4945/4945
f 4748/4748 3617/3617 4904/4904
f 3973/3973 4477/4477 5002/5002
f 3391/3391 4742/4742 5081/5081
f 3863/3863 4089/4089 5034/5034
f 3964/3964 3965/3965 5100/5100
f 4932/4932 3829/3829 4954/4954
f 4816/4816 4149/4149 5131/5131
f 4820/4820 3945/3945 5061/5061
f 4618/4618 3513/3513 4947/4947
f 4820/4820 3681/3681 5125/5125
f 3789/3789 4715/4715 4955/4955
f 2960/2960 4565/4565 4940/4940
f 4716/4716 3829/3829 4932/4932
f 4132/4132 4131/4131 5055/5055
f 4123/4123 4518/4518 5101/5101
f 4625/4625 211/211 5142/5142
f 4914/4914 4220/4220 5126/5126
f 4169/4169 4209/4209 5026/5026
f 3785/3785 3978/3978 5043/5043
f 4273/4273 4521/4521 5065/5065
f 472/472 4265/4265 4350/4350
f 3196/3196 5002/5002 5145/5145
f 4403/4403 4318/4318 5148/5148
f 4398/4398 4719/4719 5091/5091
f 4848/4848 4302/4302 4861/4861
f 3251/3251 4697/4697 4956/4956
f 3373/3373 3376/3376 5018/5018
f 3820/3820 4113/4113 5099/5099
f 4141/4141 3749/3749 5107/5107
f 4261/4261 4805/4805 5087/5087
f 3850/3850 4262/4262 5133/5133
f 3698/3698 5005/5005 5060/5060
f 4276/4276 4783/4783 4870/4870
f 4804/4804 3978/3978 4933/4933
f 4084/4084 4086/4086 5008/5008
f 4292/4292 4174/4174 5035/5035
f 3982/3982 4820/4820 5061/5061
f 4549/4549 4063/4063 5098/5098
f 4922/4922 5009/5009 5050/5050
f 3957/3957 4127/4127 5014/5014
f 4854/4854 4716/4716 4932/4932
f 4221/4221 4895/4895 5118/5118
f 2980/2980 3715/3715 5138/5138
f 3886/3886 4066/4066 5012/5012
f 4151/4151 3756/3756 5105/5105
f 3733/3733 2965/2965 5135/5135
f 5022/5022 3785/3785 5043/5043
f 4540/4540 4219/4219 5054/5054
f 3860/3860 4907/4907 5150/5150
f 4315/4315 4693/4693 5000/5000
f 3485/3485 3486/3486 5124/5124
f 4587/4587 4166/4166 4990/4990
f 4529/4529 3090/3090 5159/5159
f 3929/3929 4770/4770 5140/5140
f 3856/3856 3755/3755 5039/5039
f 4443/4443 4958/4958 5049/5049
f 5014/5014 4127/4127 5074/5074
f 3581/3581 4540/4540 5054/5054
f 4517/4517 4550/4550 5098/5098
f 4198/4198 4832/4832 4983/4983
f 4648/4648 4101/4101 4998/4998
f 3770/3770 3980/3980 5031/5031
f 4845/4845 3974/3974 4997/4997
f 3439/3439 3287/3287 5057/5057
f 3716/3716 242/242 4091/4091
f 4794/4794 3637/3637 5144/5144
f 4916/4916 4618/4618 4947/4947
f 4525/4525 4549/4549 5093/5093
f 3852/3852 4585/4585 5076/5076
f 3696/3696 3770/3770 5045/5045
f 4745/4745 4208/4208 5003/5003
f 4056/4056 4041/4041 5064/5064
f 4253/4253 5015/5015 5081/5081
f 4127/4127 4129/4129 5074/5074
f 4549/4549 3642/3642 5093/5093
f 3513/3513 4810/4810 4933/4933
f 4910/4910 4217/4217 5142/5142
f 3882/3882 3657/3657 5079/5079
f 4783/4783 3659/3659 4917/4917
f 4821/4821 3856/3856 5039/5039
f 4794/4794 4192/4192 5026/5026
f 3880/3880 4685/4685 5059/5059
f 4622/4622 3991/3991 5143/5143
f 4922/4922 4304/4304 5009/5009
f 3642/3642 4576/4576 5093/5093
f 4195/4195 495/495 4859/4859
f 308/308 4196/4196 4860/4860
f 4819/4819 4236/4236 5079/5079
f 3626/3626 4611/4611 5050/5050
f 4025/4025 4880/4880 4881/4881
f 3770/3770 5031/5031 5045/5045
f 4880/4880 3725/3725 4881/4881
f 4692/4692 4942/4942 4945/4945
f 4715/4715 3933/3933 5077/5077
f 4788/4788 3118/3118 4986/4986
f 4736/4736 4132/4132 5000/5000
f 3787/3787 4219/4219 5094/5094
f 3951/3951 4258/4258 5088/5088
f 4853/4853 4217/4217 4910/4910
f 3400/3400 4312/4312 5111/5111
f 3929/3929 3930/3930 5122/5122
f 20/20 3717/3717 4090/4090
f 4193/4193 4946/4946 5109/5109
f 3945/3945 4820/4820 5125/5125
f 3375/3375 4617/4617 5038/5038
f 4071/4071 4845/4845 4997/4997
f 4115/4115 3748/3748 5155/5155
f 4114/4114 3713/3713 5154/5154
f 3998/3998 4914/4914 5126/5126
f 4848/4848 4734/4734 5009/5009
f 3385/3385 4688/4688 5011/5011
f 5120/5120 3117/3117 5149/5149
f 4116/4116 3728/3728 5163/5163
f 3532/3532 4579/4579 5134/5134
f 4204/4204 4205/4205 5136/5136
f 4360/4360 4854/4854 4932/4932
f 4113/4113 3720/3720 5158/5158
f 5091/5091 4349/4349 5137/5137
f 4756/4756 4566/4566 5024/5024
f 4734/4734 3626/3626 5009/5009
f 3201/3201 5014/5014 5074/5074
f 3133/3133 3181/3181 5108/5108
f 4099/4099 4702/4702 5040/5040
f 4895/4895 3991/3991 5118/5118
f 4617/4617 4929/4929 5038/5038
f 3375/3375 5038/5038 5115/5115
f 4758/4758 4598/4598 4999/4999
f 5031/5031 4197/4197 5045/5045
f 4831/4831 4758/4758 4999/4999
f 246/246 4877/4877 5143/5143
f 4705/4705 3956/3956 5027/5027
f 4153/4153 3301/3301 5161/5161
f 4304/4304 4922/4922 5007/5007
f 4905/4905 3672/3672 5021/5021
f 5058/5058 2988/2988 5152/5152
f 3915/3915 3917/3917 5162/5162
f 3117/3117 4609/4609 5149/5149
f 4191/4191 4193/4193 5109/5109
f 3639/3639 4771/4771 5085/5085
f 4441/4441 5120/5120 5149/5149
f 4209/4209 4794/4794 5026/5026
f 4868/4868 3251/3251 4956/4956
f 4022/4022 4910/4910 5142/5142
f 4738/4738 3639/3639 5085/5085
f 4832/4832 3959/3959 4983/4983
f 212/212 4853/4853 4910/4910
f 4926/4926 3717/3717 5102/5102
f 3716/3716 4925/4925 5103/5103
f 4226/4226 4160/4160 5128/5128
f 3984/3984 4858/4858 5049/5049
f 3383/3383 5089/5089 5104/5104
f 4786/4786 3597/3597 5067/5067
f 3591/3591 4709/4709 5073/5073
f 5009/5009 3626/3626 5050/5050
f 4828/4828 3951/3951 5130/5130
f 3199/3199 5091/5091 5137/5137
f 5008/5008 4408/4408 5160/5160
f 4597/4597 3375/3375 5115/5115
f 4746/4746 4215/4215 5116/5116
f 4779/4779 3591/3591 5073/5073
f 4719/4719 4349/4349 5091/5091
f 3383/3383 4654/4654 5089/5089
f 3600/3600 4650/4650 5092/5092
f 4565/4565 4797/4797 4940/4940
f 4084/4084 5008/5008 5160/5160
f 3597/3597 4733/4733 5067/5067
f 4687/4687 3383/3383 5104/5104
f 4304/4304 4848/4848 5009/5009
f 4297/4297 4816/4816 5131/5131
f 4532/4532 4831/4831 4999/4999
f 4982/4982 3303/3303 5015/5015
f 4922/4922 4308/4308 5007/5007
f 4946/4946 4086/4086 5109/5109
f 4696/4696 3238/3238 5114/5114
f 3919/3919 4745/4745 5123/5123
f 4733/4733 4055/4055 5067/5067
f 4128/4128 4738/4738 5085/5085
f 3931/3931 4648/4648 5153/5153
f 4215/4215 4778/4778 5116/5116
f 4648/4648 4998/4998 5153/5153
f 5089/5089 4230/4230 5104/5104
f 4850/4850 3698/3698 5060/5060
f 4058/4058 4871/4871 5080/5080
f 4091/4091 4826/4826 5112/5112
f 4051/4051 4850/4850 5060/5060
f 4869/4869 3532/3532 5134/5134
f 3238/3238 5006/5006 5114/5114
f 3301/3301 4770/4770 5161/5161
f 4913/4913 3981/3981 4987/4987
f 4052/4052 4705/4705 5147/5147
f 4808/4808 4620/4620 5083/5083
f 4197/4197 5005/5005 5045/5045
f 4770/4770 3929/3929 5122/5122
f 4802/4802 3948/3948 5010/5010
f 3991/3991 4895/4895 5143/5143
f 4763/4763 4105/4105 5119/5119
f 4563/4563 4751/4751 5140/5140
f 5071/5071 4398/4398 5091/5091
f 4706/4706 4084/4084 5160/5160
f 4988/4988 4413/4413 5110/5110
f 4040/4040 4900/4900 5127/5127
f 4217/4217 4625/4625 5142/5142
f 4745/4745 5003/5003 5123/5123
f 4998/4998 4362/4362 5153/5153
f 4358/4358 4852/4852 5041/5041
f 4841/4841 3969/3969 5062/5062
f 4871/4871 4039/4039 5080/5080
f 4455/4455 4869/4869 5134/5134
f 4926/4926 4046/4046 4984/4984
f 4855/4855 3600/3600 5092/5092
f 4826/4826 4045/4045 5112/5112
f 4770/4770 4068/4068 5161/5161
f 4844/4844 4058/4058 5080/5080
f 4085/4085 5053/5053 5096/5096
f 4705/4705 5027/5027 5147/5147
f 5003/5003 4329/4329 5123/5123
f 4907/4907 4104/4104 5150/5150
f 4042/4042 4925/4925 5025/5025
f 23/23 140/140 5029/5029
f 5027/5027 3248/3248 5147/5147
f 3930/3930 4833/4833 5122/5122
f 4825/4825 4082/4082 5051/5051
f 4309/4309 4922/4922 5050/5050
f 4193/4193 4794/4794 5144/5144
f 4037/4037 4829/4829 5125/5125
f 3872/3872 4985/4985 5046/5046
f 4253/4253 4982/4982 5015/5015
f 4902/4902 3987/3987 5106/5106
f 4918/4918 4146/4146 5068/5068
f 4958/4958 3984/3984 5049/5049
f 3968/3968 4918/4918 5068/5068
f 5036/5036 3855/3855 5129/5129
f 4077/4077 4949/4949 5070/5070
f 4149/4149 4934/4934 5131/5131
f 4895/4895 246/246 5143/5143
f 4949/4949 3879/3879 5070/5070
f 4985/4985 4092/4092 5046/5046
f 4934/4934 4075/4075 5131/5131
f 4866/4866 3132/3132 5146/5146
f 5000/5000 4132/4132 5055/5055
f 4900/4900 3741/3741 5127/5127
f 4079/4079 4903/4903 5121/5121
f 4877/4877 4622/4622 5143/5143
f 3987/3987 5017/5017 5106/5106
f 4939/4939 3117/3117 5120/5120
f 4541/4541 4959/4959 5094/5094
f 4315/4315 5000/5000 5055/5055
f 3199/3199 5071/5071 5091/5091
f 5033/5033 4059/4059 5099/5099
f 4070/4070 5044/5044 5107/5107
f 4113/4113 5033/5033 5099/5099
f 5044/5044 4141/4141 5107/5107
f 5053/5053 3831/3831 5096/5096
f 20/20 19/19 3717/3717
f 11/11 242/242 3716/3716
f 5002/5002 4477/4477 5145/5145
f 4087/4087 5036/5036 5129/5129
f 207/207 20/20 2960/2960
f 242/242 243/243 2961/2961
f 114/114 5164/5164 208/208
f 209/209 5164/5164 113/113
f 208/208 5164/5164 209/209
f 113/113 5164/5164 114/114
f 111/111 5165/5165 211/211
f 190/190 5166/5166 110/110
f 503/503 5166/5166 190/190
f 418/418 5167/5167 417/417
f 417/417 5167/5167 5165/5165
f 503/503 5167/5167 5166/5166
f 5166/5166 5167/5167 418/418
f 417/417 5165/5165 111/111
f 211/211 5165/5165 502/502
f 5165/5165 5167/5167 502/502
f 502/502 5167/5167 503/503
f 110/110 5166/5166 418/418
f 210/210 5168/5168 112/112
f 113/113 5169/5169 209/209
f 500/500 5168/5168 210/210
f 209/209 5169/5169 501/501
f 420/420 5170/5170 419/419
f 5169/5169 5170/5170 501/501
f 500/500 5170/5170 5168/5168
f 419/419 5170/5170 5169/5169
f 5168/5168 5170/5170 420/420
f 501/501 5170/5170 500/500
f 419/419 5169/5169 113/113
f 112/112 5168/5168 420/420
f 211/211 5171/5171 111/111
f 112/112 5171/5171 210/210
f 210/210 5171/5171 211/211
f 111/111 5171/5171 112/112
f 208/208 5172/5172 114/114
f 18/18 5173/5173 19/19
f 114/114 5172/5172 422/422
f 19/19 5173/5173 498/498
f 5173/5173 5174/5174 498/498
f 498/498 5174/5174 499/499
f 5172/5172 5174/5174 422/422
f 499/499 5174/5174 5172/5172
f 422/422 5174/5174 421/421
f 421/421 5174/5174 5173/5173
f 421/421 5173/5173 18/18
f 499/499 5172/5172 208/208
f 207/207 5175/5175 115/115
f 116/116 5176/5176 150/150
f 424/424 5177/5177 423/423
f 150/150 5176/5176 497/497
f 496/496 5175/5175 207/207
f 496/496 5177/5177 5175/5175
f 5176/5176 5177/5177 497/497
f 5175/5175 5177/5177 424/424
f 423/423 5177/5177 5176/5176
f 115/115 5175/5175 424/424
f 423/423 5176/5176 116/116
f 497/497 5177/5177 496/496
f 115/115 5178/5178 207/207
f 20/20 5178/5178 17/17
f 17/17 5178/5178 115/115
f 207/207 5178/5178 20/20
f 83/83 5180/5180 225/225
f 170/170 5181/5181 82/82
f 390/390 5179/5179 389/389
f 5179/5179 5180/5180 389/389
f 390/390 5181/5181 5179/5179
f 225/225 5180/5180 530/530
f 389/389 5180/5180 83/83
f 531/531 5181/5181 170/170
f 82/82 5181/5181 390/390
f 530/530 5180/5180 5179/5179
f 5179/5179 5181/5181 531/531
f 530/530 5179/5179 531/531
f 85/85 5182/5182 194/194
f 224/224 5183/5183 84/84
f 528/528 5183/5183 224/224
f 392/392 5184/5184 391/391
f 391/391 5184/5184 5182/5182
f 528/528 5184/5184 5183/5183
f 5183/5183 5184/5184 392/392
f 391/391 5182/5182 85/85
f 194/194 5182/5182 529/529
f 5182/5182 5184/5184 529/529
f 529/529 5184/5184 528/528
f 84/84 5183/5183 392/392
f 84/84 5185/5185 224/224
f 225/225 5185/5185 83/83
f 224/224 5185/5185 225/225
f 83/83 5185/5185 84/84
f 87/87 5187/5187 223/223
f 193/193 5188/5188 86/86
f 394/394 5186/5186 393/393
f 5186/5186 5187/5187 393/393
f 394/394 5188/5188 5186/5186
f 223/223 5187/5187 526/526
f 393/393 5187/5187 87/87
f 527/527 5188/5188 193/193
f 86/86 5188/5188 394/394
f 526/526 5187/5187 5186/5186
f 5186/5186 5188/5188 527/527
f 526/526 5186/5186 527/527
f 89/89 5190/5190 192/192
f 222/222 5191/5191 88/88
f 396/396 5189/5189 395/395
f 5189/5189 5190/5190 395/395
f 396/396 5191/5191 5189/5189
f 395/395 5190/5190 89/89
f 192/192 5190/5190 525/525
f 88/88 5191/5191 396/396
f 524/524 5191/5191 222/222
f 525/525 5190/5190 5189/5189
f 5189/5189 5191/5191 524/524
f 525/525 5189/5189 524/524
f 223/223 5192/5192 87/87
f 88/88 5192/5192 222/222
f 87/87 5192/5192 88/88
f 222/222 5192/5192 223/223
f 191/191 5194/5194 90/90
f 91/91 5193/5193 221/221
f 397/397 5193/5193 91/91
f 523/523 5194/5194 191/191
f 397/397 5195/5195 5193/5193
f 398/398 5195/5195 397/397
f 523/523 5195/5195 5194/5194
f 5194/5194 5195/5195 398/398
f 522/522 5195/5195 523/523
f 5193/5193 5195/5195 522/522
f 90/90 5194/5194 398/398
f 221/221 5193/5193 522/522
f 93/93 5197/5197 186/186
f 220/220 5198/5198 92/92
f 521/521 5196/5196 520/520
f 521/521 5197/5197 5196/5196
f 5196/5196 5198/5198 520/520
f 186/186 5197/5197 521/521
f 399/399 5197/5197 93/93
f 92/92 5198/5198 400/400
f 520/520 5198/5198 220/220
f 5196/5196 5197/5197 399/399
f 400/400 5198/5198 5196/5196
f 400/400 5196/5196 399/399
f 221/221 5199/5199 91/91
f 92/92 5199/5199 220/220
f 220/220 5199/5199 221/221
f 91/91 5199/5199 92/92
f 107/107 5200/5200 213/213
f 188/188 5201/5201 106/106
f 413/413 5200/5200 107/107
f 507/507 5201/5201 188/188
f 413/413 5202/5202 5200/5200
f 414/414 5202/5202 413/413
f 507/507 5202/5202 5201/5201
f 5201/5201 5202/5202 414/414
f 506/506 5202/5202 507/507
f 5200/5200 5202/5202 506/506
f 213/213 5200/5200 506/506
f 106/106 5201/5201 414/414
f 109/109 5205/5205 189/189
f 212/212 5204/5204 108/108
f 505/505 5203/5203 504/504
f 505/505 5205/5205 5203/5203
f 5203/5203 5204/5204 504/504
f 415/415 5205/5205 109/109
f 189/189 5205/5205 505/505
f 504/504 5204/5204 212/212
f 108/108 5204/5204 416/416
f 5203/5203 5205/5205 415/415
f 416/416 5204/5204 5203/5203
f 416/416 5203/5203 415/415
f 213/213 5206/5206 107/107
f 108/108 5206/5206 212/212
f 212/212 5206/5206 213/213
f 107/107 5206/5206 108/108
f 103/103 5208/5208 215/215
f 184/184 5209/5209 102/102
f 510/510 5207/5207 511/511
f 510/510 5208/5208 5207/5207
f 5207/5207 5209/5209 511/511
f 409/409 5208/5208 103/103
f 102/102 5209/5209 410/410
f 511/511 5209/5209 184/184
f 215/215 5208/5208 510/510
f 5207/5207 5208/5208 409/409
f 410/410 5209/5209 5207/5207
f 410/410 5207/5207 409/409
f 214/214 5210/5210 104/104
f 105/105 5211/5211 187/187
f 104/104 5210/5210 412/412
f 187/187 5211/5211 509/509
f 5211/5211 5212/5212 509/509
f 509/509 5212/5212 508/508
f 5210/5210 5212/5212 412/412
f 508/508 5212/5212 5210/5210
f 412/412 5212/5212 411/411
f 411/411 5212/5212 5211/5211
f 508/508 5210/5210 214/214
f 411/411 5211/5211 105/105
f 215/215 5213/5213 103/103
f 104/104 5213/5213 214/214
f 214/214 5213/5213 215/215
f 103/103 5213/5213 104/104
f 95/95 5216/5216 219/219
f 185/185 5215/5215 94/94
f 402/402 5214/5214 401/401
f 5214/5214 5216/5216 401/401
f 402/402 5215/5215 5214/5214
f 401/401 5216/5216 95/95
f 219/219 5216/5216 518/518
f 94/94 5215/5215 402/402
f 519/519 5215/5215 185/185
f 518/518 5216/5216 5214/5214
f 5214/5214 5215/5215 519/519
f 518/518 5214/5214 519/519
f 218/218 5217/5217 96/96
f 97/97 5218/5218 182/182
f 96/96 5217/5217 404/404
f 182/182 5218/5218 517/517
f 5217/5217 5219/5219 404/404
f 404/404 5219/5219 403/403
f 5218/5218 5219/5219 517/517
f 403/403 5219/5219 5218/5218
f 517/517 5219/5219 516/516
f 516/516 5219/5219 5217/5217
f 516/516 5217/5217 218/218
f 403/403 5218/5218 97/97
f 219/219 5220/5220 95/95
f 96/96 5220/5220 218/218
f 95/95 5220/5220 96/96
f 218/218 5220/5220 219/219
f 99/99 5221/5221 217/217
f 181/181 5222/5222 98/98
f 515/515 5222/5222 181/181
f 406/406 5223/5223 405/405
f 405/405 5223/5223 5221/5221
f 515/515 5223/5223 5222/5222
f 5222/5222 5223/5223 406/406
f 405/405 5221/5221 99/99
f 217/217 5221/5221 514/514
f 5221/5221 5223/5223 514/514
f 514/514 5223/5223 515/515
f 98/98 5222/5222 406/406
f 101/101 5226/5226 183/183
f 216/216 5225/5225 100/100
f 408/408 5224/5224 407/407
f 5224/5224 5226/5226 407/407
f 408/408 5225/5225 5224/5224
f 183/183 5226/5226 513/513
f 407/407 5226/5226 101/101
f 100/100 5225/5225 408/408
f 512/512 5225/5225 216/216
f 513/513 5226/5226 5224/5224
f 5224/5224 5225/5225 512/512
f 513/513 5224/5224 512/512
f 217/217 5227/5227 99/99
f 100/100 5227/5227 216/216
f 99/99 5227/5227 100/100
f 216/216 5227/5227 217/217
f 55/55 5229/5229 239/239
f 157/157 5230/5230 54/54
f 558/558 5228/5228 559/559
f 558/558 5229/5229 5228/5228
f 5228/5228 5230/5230 559/559
f 361/361 5229/5229 55/55
f 239/239 5229/5229 558/558
f 559/559 5230/5230 157/157
f 54/54 5230/5230 362/362
f 5228/5228 5229/5229 361/361
f 362/362 5230/5230 5228/5228
f 362/362 5228/5228 361/361
f 238/238 5232/5232 56/56
f 57/57 5231/5231 178/178
f 178/178 5231/5231 557/557
f 56/56 5232/5232 364/364
f 5232/5232 5233/5233 364/364
f 364/364 5233/5233 363/363
f 5231/5231 5233/5233 557/557
f 363/363 5233/5233 5231/5231
f 557/557 5233/5233 556/556
f 556/556 5233/5233 5232/5232
f 556/556 5232/5232 238/238
f 363/363 5231/5231 57/57
f 239/239 5234/5234 55/55
f 56/56 5234/5234 238/238
f 238/238 5234/5234 239/239
f 55/55 5234/5234 56/56
f 63/63 5237/5237 235/235
f 180/180 5236/5236 62/62
f 370/370 5235/5235 369/369
f 5235/5235 5237/5237 369/369
f 370/370 5236/5236 5235/5235
f 235/235 5237/5237 550/550
f 369/369 5237/5237 63/63
f 62/62 5236/5236 370/370
f 551/551 5236/5236 180/180
f 550/550 5237/5237 5235/5235
f 5235/5235 5236/5236 551/551
f 550/550 5235/5235 551/551
f 65/65 5239/5239 174/174
f 234/234 5240/5240 64/64
f 549/549 5238/5238 548/548
f 549/549 5239/5239 5238/5238
f 5238/5238 5240/5240 548/548
f 174/174 5239/5239 549/549
f 371/371 5239/5239 65/65
f 548/548 5240/5240 234/234
f 64/64 5240/5240 372/372
f 5238/5238 5239/5239 371/371
f 372/372 5240/5240 5238/5238
f 372/372 5238/5238 371/371
f 235/235 5241/5241 63/63
f 64/64 5241/5241 234/234
f 234/234 5241/5241 235/235
f 63/63 5241/5241 64/64
f 59/59 5242/5242 237/237
f 177/177 5243/5243 58/58
f 555/555 5243/5243 177/177
f 366/366 5244/5244 365/365
f 365/365 5244/5244 5242/5242
f 555/555 5244/5244 5243/5243
f 5243/5243 5244/5244 366/366
f 365/365 5242/5242 59/59
f 237/237 5242/5242 554/554
f 5242/5242 5244/5244 554/554
f 554/554 5244/5244 555/555
f 58/58 5243/5243 366/366
f 61/61 5246/5246 179/179
f 236/236 5245/5245 60/60
f 179/179 5246/5246 553/553
f 60/60 5245/5245 368/368
f 5245/5245 5247/5247 368/368
f 368/368 5247/5247 367/367
f 5246/5246 5247/5247 553/553
f 367/367 5247/5247 5246/5246
f 553/553 5247/5247 552/552
f 552/552 5247/5247 5245/5245
f 552/552 5245/5245 236/236
f 367/367 5246/5246 61/61
f 60/60 5248/5248 236/236
f 237/237 5248/5248 59/59
f 236/236 5248/5248 237/237
f 59/59 5248/5248 60/60
f 71/71 5249/5249 231/231
f 176/176 5250/5250 70/70
f 70/70 5250/5250 378/378
f 542/542 5251/5251 543/543
f 5249/5249 5251/5251 542/542
f 5250/5250 5251/5251 378/378
f 543/543 5251/5251 5250/5250
f 231/231 5249/5249 542/542
f 377/377 5249/5249 71/71
f 377/377 5251/5251 5249/5249
f 378/378 5251/5251 377/377
f 543/543 5250/5250 176/176
f 73/73 5253/5253 172/172
f 230/230 5254/5254 72/72
f 541/541 5252/5252 540/540
f 541/541 5253/5253 5252/5252
f 5252/5252 5254/5254 540/540
f 172/172 5253/5253 541/541
f 379/379 5253/5253 73/73
f 540/540 5254/5254 230/230
f 72/72 5254/5254 380/380
f 5252/5252 5253/5253 379/379
f 380/380 5254/5254 5252/5252
f 380/380 5252/5252 379/379
f 231/231 5255/5255 71/71
f 72/72 5255/5255 230/230
f 230/230 5255/5255 231/231
f 71/71 5255/5255 72/72
f 173/173 5257/5257 66/66
f 67/67 5256/5256 233/233
f 374/374 5258/5258 373/373
f 547/547 5257/5257 173/173
f 233/233 5256/5256 546/546
f 5257/5257 5258/5258 374/374
f 547/547 5258/5258 5257/5257
f 373/373 5258/5258 5256/5256
f 5256/5256 5258/5258 546/546
f 373/373 5256/5256 67/67
f 66/66 5257/5257 374/374
f 546/546 5258/5258 547/547
f 69/69 5260/5260 175/175
f 232/232 5261/5261 68/68
f 545/545 5259/5259 544/544
f 545/545 5260/5260 5259/5259
f 5259/5259 5261/5261 544/544
f 175/175 5260/5260 545/545
f 375/375 5260/5260 69/69
f 68/68 5261/5261 376/376
f 544/544 5261/5261 232/232
f 5259/5259 5260/5260 375/375
f 376/376 5261/5261 5259/5259
f 376/376 5259/5259 375/375
f 233/233 5262/5262 67/67
f 68/68 5262/5262 232/232
f 67/67 5262/5262 68/68
f 232/232 5262/5262 233/233
f 75/75 5263/5263 229/229
f 171/171 5264/5264 74/74
f 74/74 5264/5264 382/382
f 538/538 5265/5265 539/539
f 5263/5263 5265/5265 538/538
f 5264/5264 5265/5265 382/382
f 539/539 5265/5265 5264/5264
f 229/229 5263/5263 538/538
f 381/381 5263/5263 75/75
f 381/381 5265/5265 5263/5263
f 382/382 5265/5265 381/381
f 539/539 5264/5264 171/171
f 228/228 5266/5266 76/76
f 77/77 5267/5267 168/168
f 536/536 5266/5266 228/228
f 168/168 5267/5267 537/537
f 384/384 5268/5268 383/383
f 5267/5267 5268/5268 537/537
f 536/536 5268/5268 5266/5266
f 383/383 5268/5268 5267/5267
f 5266/5266 5268/5268 384/384
f 537/537 5268/5268 536/536
f 76/76 5266/5266 384/384
f 383/383 5267/5267 77/77
f 229/229 5269/5269 75/75
f 76/76 5269/5269 228/228
f 228/228 5269/5269 229/229
f 75/75 5269/5269 76/76
f 79/79 5271/5271 227/227
f 167/167 5272/5272 78/78
f 386/386 5270/5270 385/385
f 5270/5270 5271/5271 385/385
f 386/386 5272/5272 5270/5270
f 385/385 5271/5271 79/79
f 227/227 5271/5271 534/534
f 78/78 5272/5272 386/386
f 535/535 5272/5272 167/167
f 534/534 5271/5271 5270/5270
f 5270/5270 5272/5272 535/535
f 534/534 5270/5270 535/535
f 81/81 5273/5273 169/169
f 226/226 5274/5274 80/80
f 80/80 5274/5274 388/388
f 533/533 5275/5275 532/532
f 5273/5273 5275/5275 533/533
f 5274/5274 5275/5275 388/388
f 532/532 5275/5275 5274/5274
f 169/169 5273/5273 533/533
f 387/387 5273/5273 81/81
f 387/387 5275/5275 5273/5273
f 388/388 5275/5275 387/387
f 532/532 5274/5274 226/226
f 80/80 5276/5276 226/226
f 227/227 5276/5276 79/79
f 79/79 5276/5276 80/80
f 226/226 5276/5276 227/227
f 29/29 5278/5278 253/253
f 142/142 5279/5279 28/28
f 583/583 5277/5277 584/584
f 583/583 5278/5278 5277/5277
f 5277/5277 5279/5279 584/584
f 253/253 5278/5278 583/583
f 336/336 5278/5278 29/29
f 584/584 5279/5279 142/142
f 28/28 5279/5279 337/337
f 5277/5277 5278/5278 336/336
f 337/337 5279/5279 5277/5277
f 337/337 5277/5277 336/336
f 252/252 5281/5281 30/30
f 31/31 5280/5280 164/164
f 30/30 5281/5281 339/339
f 338/338 5280/5280 31/31
f 582/582 5282/5282 581/581
f 5281/5281 5282/5282 339/339
f 338/338 5282/5282 5280/5280
f 581/581 5282/5282 5281/5281
f 5280/5280 5282/5282 582/582
f 339/339 5282/5282 338/338
f 164/164 5280/5280 582/582
f 581/581 5281/5281 252/252
f 253/253 5283/5283 29/29
f 30/30 5283/5283 252/252
f 252/252 5283/5283 253/253
f 29/29 5283/5283 30/30
f 37/37 5284/5284 249/249
f 166/166 5285/5285 36/36
f 345/345 5286/5286 344/344
f 249/249 5284/5284 575/575
f 576/576 5285/5285 166/166
f 344/344 5286/5286 5284/5284
f 5285/5285 5286/5286 345/345
f 576/576 5286/5286 5285/5285
f 5284/5284 5286/5286 575/575
f 344/344 5284/5284 37/37
f 575/575 5286/5286 576/576
f 36/36 5285/5285 345/345
f 39/39 5288/5288 160/160
f 248/248 5289/5289 38/38
f 574/574 5287/5287 573/573
f 574/574 5288/5288 5287/5287
f 5287/5287 5289/5289 573/573
f 38/38 5289/5289 347/347
f 346/346 5288/5288 39/39
f 573/573 5289/5289 248/248
f 160/160 5288/5288 574/574
f 5287/5287 5288/5288 346/346
f 347/347 5289/5289 5287/5287
f 347/347 5287/5287 346/346
f 249/249 5290/5290 37/37
f 38/38 5290/5290 248/248
f 37/37 5290/5290 38/38
f 248/248 5290/5290 249/249
f 163/163 5292/5292 32/32
f 33/33 5291/5291 251/251
f 251/251 5291/5291 579/579
f 32/32 5292/5292 341/341
f 5292/5292 5293/5293 341/341
f 341/341 5293/5293 340/340
f 5291/5291 5293/5293 579/579
f 340/340 5293/5293 5291/5291
f 579/579 5293/5293 580/580
f 580/580 5293/5293 5292/5292
f 340/340 5291/5291 33/33
f 580/580 5292/5292 163/163
f 250/250 5294/5294 34/34
f 35/35 5295/5295 165/165
f 577/577 5294/5294 250/250
f 165/165 5295/5295 578/578
f 343/343 5296/5296 342/342
f 5295/5295 5296/5296 578/578
f 577/577 5296/5296 5294/5294
f 342/342 5296/5296 5295/5295
f 5294/5294 5296/5296 343/343
f 578/578 5296/5296 577/577
f 34/34 5294/5294 343/343
f 342/342 5295/5295 35/35
f 251/251 5297/5297 33/33
f 34/34 5297/5297 250/250
f 250/250 5297/5297 251/251
f 33/33 5297/5297 34/34
f 45/45 5300/5300 245/245
f 162/162 5299/5299 44/44
f 353/353 5298/5298 352/352
f 5298/5298 5300/5300 352/352
f 353/353 5299/5299 5298/5298
f 245/245 5300/5300 567/567
f 352/352 5300/5300 45/45
f 44/44 5299/5299 353/353
f 568/568 5299/5299 162/162
f 567/567 5300/5300 5298/5298
f 5298/5298 5299/5299 568/568
f 567/567 5298/5298 568/568
f 244/244 5301/5301 46/46
f 14/14 5302/5302 15/15
f 46/46 5301/5301 354/354
f 15/15 5302/5302 566/566
f 5301/5301 5302/5302 354/354
f 566/566 5302/5302 5301/5301
f 354/354 5302/5302 14/14
f 566/566 5301/5301 244/244
f 245/245 5303/5303 45/45
f 46/46 5303/5303 244/244
f 244/244 5303/5303 245/245
f 45/45 5303/5303 46/46
f 41/41 5305/5305 247/247
f 159/159 5306/5306 40/40
f 349/349 5304/5304 348/348
f 5304/5304 5305/5305 348/348
f 349/349 5306/5306 5304/5304
f 348/348 5305/5305 41/41
f 247/247 5305/5305 571/571
f 40/40 5306/5306 349/349
f 572/572 5306/5306 159/159
f 571/571 5305/5305 5304/5304
f 5304/5304 5306/5306 572/572
f 571/571 5304/5304 572/572
f 43/43 5307/5307 161/161
f 246/246 5308/5308 42/42
f 161/161 5307/5307 570/570
f 42/42 5308/5308 351/351
f 5308/5308 5309/5309 351/351
f 351/351 5309/5309 350/350
f 5307/5307 5309/5309 570/570
f 350/350 5309/5309 5307/5307
f 570/570 5309/5309 569/569
f 569/569 5309/5309 5308/5308
f 569/569 5308/5308 246/246
f 350/350 5307/5307 43/43
f 247/247 5310/5310 41/41
f 42/42 5310/5310 246/246
f 246/246 5310/5310 247/247
f 41/41 5310/5310 42/42
f 48/48 5312/5312 243/243
f 158/158 5311/5311 47/47
f 243/243 5312/5312 564/564
f 565/565 5311/5311 158/158
f 356/356 5313/5313 355/355
f 5312/5312 5313/5313 564/564
f 565/565 5313/5313 5311/5311
f 355/355 5313/5313 5312/5312
f 5311/5311 5313/5313 356/356
f 564/564 5313/5313 565/565
f 47/47 5311/5311 356/356
f 355/355 5312/5312 48/48
f 10/10 242/242 11/11
f 10/10 49/49 242/242
f 243/243 5314/5314 48/48
f 49/49 5314/5314 242/242
f 242/242 5314/5314 243/243
f 48/48 5314/5314 49/49
f 51/51 5316/5316 241/241
f 155/155 5317/5317 50/50
f 358/358 5315/5315 357/357
f 5315/5315 5316/5316 357/357
f 358/358 5317/5317 5315/5315
f 241/241 5316/5316 562/562
f 357/357 5316/5316 51/51
f 563/563 5317/5317 155/155
f 50/50 5317/5317 358/358
f 562/562 5316/5316 5315/5315
f 5315/5315 5317/5317 563/563
f 562/562 5315/5315 563/563
f 53/53 5320/5320 156/156
f 240/240 5319/5319 52/52
f 561/561 5318/5318 560/560
f 561/561 5320/5320 5318/5318
f 5318/5318 5319/5319 560/560
f 156/156 5320/5320 561/561
f 359/359 5320/5320 53/53
f 52/52 5319/5319 360/360
f 560/560 5319/5319 240/240
f 5318/5318 5320/5320 359/359
f 360/360 5319/5319 5318/5318
f 360/360 5318/5318 359/359
f 52/52 5321/5321 240/240
f 241/241 5321/5321 51/51
f 240/240 5321/5321 241/241
f 51/51 5321/5321 52/52
f 121/121 5322/5322 205/205
f 152/152 5323/5323 120/120
f 120/120 5323/5323 429/429
f 205/205 5322/5322 491/491
f 5322/5322 5324/5324 491/491
f 491/491 5324/5324 492/492
f 5323/5323 5324/5324 429/429
f 492/492 5324/5324 5323/5323
f 429/429 5324/5324 428/428
f 428/428 5324/5324 5322/5322
f 428/428 5322/5322 121/121
f 492/492 5323/5323 152/152
f 123/123 5327/5327 154/154
f 204/204 5326/5326 122/122
f 431/431 5325/5325 430/430
f 5325/5325 5327/5327 430/430
f 431/431 5326/5326 5325/5325
f 154/154 5327/5327 490/490
f 430/430 5327/5327 123/123
f 489/489 5326/5326 204/204
f 122/122 5326/5326 431/431
f 490/490 5327/5327 5325/5325
f 5325/5325 5326/5326 489/489
f 490/490 5325/5325 489/489
f 205/205 5328/5328 121/121
f 122/122 5328/5328 204/204
f 121/121 5328/5328 122/122
f 204/204 5328/5328 205/205
f 153/153 5329/5329 124/124
f 125/125 5330/5330 203/203
f 432/432 5330/5330 125/125
f 124/124 5329/5329 433/433
f 487/487 5331/5331 488/488
f 432/432 5331/5331 5330/5330
f 5329/5329 5331/5331 433/433
f 5330/5330 5331/5331 487/487
f 488/488 5331/5331 5329/5329
f 433/433 5331/5331 432/432
f 203/203 5330/5330 487/487
f 488/488 5329/5329 153/153
f 202/202 5332/5332 126/126
f 127/127 5333/5333 148/148
f 126/126 5332/5332 435/435
f 148/148 5333/5333 486/486
f 5332/5332 5334/5334 435/435
f 435/435 5334/5334 434/434
f 5333/5333 5334/5334 486/486
f 434/434 5334/5334 5333/5333
f 486/486 5334/5334 485/485
f 485/485 5334/5334 5332/5332
f 485/485 5332/5332 202/202
f 434/434 5333/5333 127/127
f 203/203 5335/5335 125/125
f 126/126 5335/5335 202/202
f 202/202 5335/5335 203/203
f 125/125 5335/5335 126/126
f 7/7 6/6 425/425
f 7/7 425/425 495/495
f 495/495 117/117 149/149
f 425/425 117/117 495/495
f 119/119 5338/5338 151/151
f 206/206 5337/5337 118/118
f 494/494 5336/5336 493/493
f 494/494 5338/5338 5336/5336
f 5336/5336 5337/5337 493/493
f 151/151 5338/5338 494/494
f 426/426 5338/5338 119/119
f 118/118 5337/5337 427/427
f 493/493 5337/5337 206/206
f 5336/5336 5338/5338 426/426
f 427/427 5337/5337 5336/5336
f 427/427 5336/5336 426/426
f 118/118 5339/5339 206/206
f 8/8 5339/5339 5/5
f 5/5 5339/5339 118/118
f 206/206 5339/5339 8/8
f 129/129 5341/5341 201/201
f 147/147 5342/5342 128/128
f 483/483 5340/5340 484/484
f 483/483 5341/5341 5340/5340
f 5340/5340 5342/5342 484/484
f 201/201 5341/5341 483/483
f 436/436 5341/5341 129/129
f 484/484 5342/5342 147/147
f 128/128 5342/5342 437/437
f 5340/5340 5341/5341 436/436
f 437/437 5342/5342 5340/5340
f 437/437 5340/5340 436/436
f 200/200 5343/5343 130/130
f 131/131 5344/5344 146/146
f 481/481 5343/5343 200/200
f 146/146 5344/5344 482/482
f 439/439 5345/5345 438/438
f 5344/5344 5345/5345 482/482
f 481/481 5345/5345 5343/5343
f 438/438 5345/5345 5344/5344
f 5343/5343 5345/5345 439/439
f 482/482 5345/5345 481/481
f 130/130 5343/5343 439/439
f 438/438 5344/5344 131/131
f 130/130 5346/5346 200/200
f 201/201 5346/5346 129/129
f 200/200 5346/5346 201/201
f 129/129 5346/5346 130/130
f 133/133 5348/5348 199/199
f 145/145 5349/5349 132/132
f 441/441 5347/5347 440/440
f 5347/5347 5348/5348 440/440
f 441/441 5349/5349 5347/5347
f 199/199 5348/5348 479/479
f 440/440 5348/5348 133/133
f 132/132 5349/5349 441/441
f 480/480 5349/5349 145/145
f 479/479 5348/5348 5347/5347
f 5347/5347 5349/5349 480/480
f 479/479 5347/5347 480/480
f 135/135 5351/5351 144/144
f 198/198 5352/5352 134/134
f 443/443 5350/5350 442/442
f 5350/5350 5351/5351 442/442
f 443/443 5352/5352 5350/5350
f 144/144 5351/5351 478/478
f 477/477 5352/5352 198/198
f 442/442 5351/5351 135/135
f 134/134 5352/5352 443/443
f 478/478 5351/5351 5350/5350
f 5350/5350 5352/5352 477/477
f 478/478 5350/5350 477/477
f 199/199 5353/5353 133/133
f 134/134 5353/5353 198/198
f 198/198 5353/5353 199/199
f 133/133 5353/5353 134/134
f 137/137 5354/5354 197/197
f 143/143 5355/5355 136/136
f 476/476 5355/5355 143/143
f 444/444 5354/5354 137/137
f 444/444 5356/5356 5354/5354
f 445/445 5356/5356 444/444
f 476/476 5356/5356 5355/5355
f 5355/5355 5356/5356 445/445
f 475/475 5356/5356 476/476
f 5354/5354 5356/5356 475/475
f 197/197 5354/5354 475/475
f 136/136 5355/5355 445/445
f 139/139 5357/5357 140/140
f 196/196 5358/5358 138/138
f 473/473 5358/5358 196/196
f 447/447 5359/5359 446/446
f 446/446 5359/5359 5357/5357
f 473/473 5359/5359 5358/5358
f 5358/5358 5359/5359 447/447
f 446/446 5357/5357 139/139
f 140/140 5357/5357 474/474
f 5357/5357 5359/5359 474/474
f 474/474 5359/5359 473/473
f 138/138 5358/5358 447/447
f 138/138 5360/5360 196/196
f 197/197 5360/5360 137/137
f 137/137 5360/5360 138/138
f 196/196 5360/5360 197/197
f 25/25 5362/5362 195/195
f 24/24 5363/5363 21/21
f 471/471 5361/5361 472/472
f 471/471 5362/5362 5361/5361
f 5361/5361 5363/5363 472/472
f 195/195 5362/5362 471/471
f 332/332 5362/5362 25/25
f 472/472 5363/5363 24/24
f 21/21 5363/5363 333/333
f 5361/5361 5362/5362 332/332
f 333/333 5363/5363 5361/5361
f 333/333 5361/5361 332/332
f 27/27 5364/5364 141/141
f 254/254 5365/5365 26/26
f 26/26 5365/5365 335/335
f 586/586 5366/5366 585/585
f 5364/5364 5366/5366 586/586
f 5365/5365 5366/5366 335/335
f 585/585 5366/5366 5365/5365
f 141/141 5364/5364 586/586
f 334/334 5364/5364 27/27
f 334/334 5366/5366 5364/5364
f 335/335 5366/5366 334/334
f 585/585 5365/5365 254/254
f 195/195 5367/5367 25/25
f 26/26 5367/5367 254/254
f 254/254 5367/5367 195/195
f 25/25 5367/5367 26/26
f 1/1 2/2 5431/5431
f 5431/5431 2/2 5478/5478
f 3/3 5438/5438 5479/5479
f 5430/5430 5431/5431 5478/5478
f 470/470 3/3 5378/5378
f 2/2 448/448 5384/5384
f 5378/5378 3/3 5479/5479
f 2/2 5384/5384 5478/5478
f 5393/5393 5395/5395 5441/5441
f 5419/5419 5416/5416 5425/5425
f 5400/5400 5405/5405 5455/5455
f 5406/5406 5407/5407 5408/5408
f 5396/5396 5397/5397 5398/5398
f 5420/5420 5422/5422 5453/5453
f 5401/5401 5392/5392 5454/5454
f 5405/5405 5406/5406 5455/5455
f 5395/5395 5396/5396 5441/5441
f 5386/5386 5435/5435 5439/5439
f 5410/5410 5412/5412 5456/5456
f 5421/5421 5419/5419 5425/5425
f 5420/5420 5419/5419 5422/5422
f 5390/5390 5392/5392 5401/5401
f 5393/5393 5389/5389 5395/5395
f 5428/5428 5370/5370 5432/5432
f 5416/5416 5380/5380 5425/5425
f 5412/5412 5413/5413 5456/5456
f 5396/5396 5381/5381 5397/5397
f 5410/5410 5408/5408 5412/5412
f 5406/5406 5377/5377 5407/5407
f 5402/5402 5401/5401 5454/5454
f 5413/5413 5415/5415 5426/5426
f 5422/5422 5423/5423 5453/5453
f 5415/5415 5417/5417 5426/5426
f 5400/5400 5398/5398 5405/5405
f 5386/5386 5434/5434 5435/5435
f 5440/5440 5402/5402 5454/5454
f 5406/5406 5408/5408 5409/5409
f 5396/5396 5398/5398 5399/5399
f 5423/5423 5427/5427 5433/5433
f 5413/5413 5414/5414 5415/5415
f 5427/5427 5429/5429 5433/5433
f 5434/5434 5402/5402 5440/5440
f 5386/5386 5403/5403 5434/5434
f 5423/5423 5424/5424 5427/5427
f 5413/5413 5426/5426 5456/5456
f 5435/5435 5434/5434 5436/5436
f 5409/5409 5408/5408 5410/5410
f 5406/5406 5409/5409 5455/5455
f 5399/5399 5398/5398 5400/5400
f 5396/5396 5399/5399 5441/5441
f 5423/5423 5433/5433 5453/5453
f 5436/5436 5434/5434 5440/5440
f 5403/5403 5402/5402 5434/5434
f 453/453 5369/5369 5450/5450
f 469/469 5378/5378 5445/5445
f 455/455 5376/5376 5447/5447
f 467/467 5371/5371 5451/5451
f 457/457 5372/5372 5452/5452
f 5415/5415 5416/5416 5417/5417
f 5415/5415 5380/5380 5416/5416
f 5387/5387 460/460 5443/5443
f 5427/5427 5428/5428 5429/5429
f 5427/5427 5370/5370 5428/5428
f 5375/5375 464/464 5444/5444
f 5385/5385 313/313 5394/5394
f 5417/5417 5416/5416 5418/5418
f 319/319 320/320 5377/5377
f 458/458 459/459 5442/5442
f 5379/5379 5388/5388 5389/5389
f 455/455 456/456 5376/5376
f 463/463 464/464 5375/5375
f 324/324 325/325 5380/5380
f 5379/5379 315/315 5388/5388
f 463/463 5375/5375 5446/5446
f 324/324 5380/5380 5414/5414
f 313/313 314/314 5394/5394
f 314/314 315/315 5379/5379
f 459/459 5387/5387 5442/5442
f 329/329 5370/5370 5424/5424
f 467/467 468/468 5371/5371
f 314/314 5379/5379 5394/5394
f 328/328 329/329 5424/5424
f 311/311 312/312 5403/5403
f 312/312 313/313 5385/5385
f 316/316 5381/5381 5388/5388
f 450/450 451/451 5382/5382
f 450/450 5382/5382 5448/5448
f 459/459 460/460 5387/5387
f 327/327 328/328 5374/5374
f 5374/5374 328/328 5424/5424
f 5414/5414 5380/5380 5415/5415
f 5424/5424 5370/5370 5427/5427
f 461/461 462/462 5368/5368
f 322/322 323/323 5383/5383
f 465/465 466/466 5373/5373
f 469/469 470/470 5378/5378
f 329/329 330/330 5370/5370
f 448/448 449/449 5384/5384
f 5383/5383 323/323 5414/5414
f 5379/5379 5389/5389 5390/5390
f 326/326 327/327 5421/5421
f 5390/5390 5391/5391 5392/5392
f 5386/5386 311/311 5403/5403
f 315/315 316/316 5388/5388
f 5372/5372 458/458 5442/5442
f 5391/5391 5389/5389 5393/5393
f 5384/5384 449/449 5448/5448
f 323/323 324/324 5414/5414
f 462/462 463/463 5446/5446
f 312/312 5385/5385 5403/5403
f 453/453 454/454 5369/5369
f 5390/5390 5389/5389 5391/5391
f 310/310 311/311 5386/5386
f 327/327 5374/5374 5421/5421
f 457/457 458/458 5372/5372
f 5368/5368 462/462 5446/5446
f 452/452 453/453 5450/5450
f 5379/5379 5390/5390 5394/5394
f 316/316 317/317 5381/5381
f 464/464 465/465 5444/5444
f 449/449 450/450 5448/5448
f 460/460 461/461 5443/5443
f 465/465 5373/5373 5444/5444
f 461/461 5368/5368 5443/5443
f 451/451 452/452 5449/5449
f 454/454 455/455 5447/5447
f 456/456 457/457 5452/5452
f 466/466 467/467 5451/5451
f 468/468 469/469 5445/5445
f 5382/5382 451/451 5449/5449
f 5449/5449 452/452 5450/5450
f 5418/5418 5419/5419 5420/5420
f 5369/5369 454/454 5447/5447
f 5376/5376 456/456 5452/5452
f 5373/5373 466/466 5451/5451
f 5418/5418 5416/5416 5419/5419
f 5371/5371 468/468 5445/5445
f 321/321 322/322 5411/5411
f 322/322 5383/5383 5411/5411
f 318/318 319/319 5404/5404
f 319/319 5377/5377 5404/5404
f 5423/5423 5374/5374 5424/5424
f 5385/5385 5402/5402 5403/5403
f 5398/5398 5397/5397 5404/5404
f 5408/5408 5407/5407 5411/5411
f 5413/5413 5383/5383 5414/5414
f 310/310 5386/5386 5439/5439
f 5397/5397 318/318 5404/5404
f 5407/5407 321/321 5411/5411
f 5377/5377 320/320 5407/5407
f 5381/5381 317/317 5397/5397
f 5419/5419 5421/5421 5422/5422
f 5389/5389 5388/5388 5395/5395
f 5394/5394 5390/5390 5401/5401
f 326/326 5421/5421 5425/5425
f 5370/5370 330/330 5432/5432
f 5380/5380 325/325 5425/5425
f 5395/5395 5381/5381 5396/5396
f 5385/5385 5401/5401 5402/5402
f 5422/5422 5374/5374 5423/5423
f 309/309 310/310 5439/5439
f 5408/5408 5411/5411 5412/5412
f 320/320 321/321 5407/5407
f 317/317 318/318 5397/5397
f 5388/5388 5381/5381 5395/5395
f 5385/5385 5394/5394 5401/5401
f 330/330 331/331 5432/5432
f 325/325 326/326 5425/5425
f 5421/5421 5374/5374 5422/5422
f 5412/5412 5383/5383 5413/5413
f 5398/5398 5404/5404 5405/5405
f 5405/5405 5377/5377 5406/5406
f 5411/5411 5383/5383 5412/5412
f 5404/5404 5377/5377 5405/5405
f 5387/5387 5467/5467 5473/5473
f 5446/5446 5466/5466 5476/5476
f 5443/5443 5368/5368 5458/5458
f 5452/5452 5469/5469 5472/5472
f 5372/5372 5442/5442 5457/5457
f 5458/5458 5368/5368 5476/5476
f 5452/5452 5372/5372 5469/5469
f 5387/5387 5443/5443 5467/5467
f 5368/5368 5446/5446 5476/5476
f 5459/5459 5376/5376 5472/5472
f 5457/5457 5442/5442 5473/5473
f 5442/5442 5387/5387 5473/5473
f 5474/5474 5371/5371 5475/5475
f 5460/5460 5382/5382 5470/5470
f 5376/5376 5452/5452 5472/5472
f 5447/5447 5376/5376 5459/5459
f 5451/5451 5371/5371 5474/5474
f 5382/5382 5449/5449 5470/5470
f 5448/5448 5382/5382 5460/5460
f 5392/5392 5463/5463 5471/5471
f 5461/5461 5420/5420 5468/5468
f 5371/5371 5445/5445 5475/5475
f 5446/5446 5375/5375 5466/5466
f 5418/5418 5461/5461 5465/5465
f 5391/5391 5393/5393 5462/5462
f 5418/5418 5420/5420 5461/5461
f 5417/5417 5418/5418 5465/5465
f 5392/5392 5391/5391 5463/5463
f 5391/5391 5462/5462 5463/5463
f 5420/5420 5453/5453 5468/5468
f 5454/5454 5392/5392 5471/5471
f 5372/5372 5457/5457 5469/5469
f 5447/5447 5459/5459 5465/5465
f 5448/5448 5460/5460 5464/5464
f 5459/5459 5417/5417 5465/5465
f 5460/5460 5429/5429 5464/5464
f 5443/5443 5458/5458 5467/5467
f 5375/5375 5462/5462 5466/5466
f 5462/5462 5393/5393 5466/5466
f 5449/5449 5468/5468 5470/5470
f 5468/5468 5453/5453 5470/5470
f 5467/5467 5455/5455 5473/5473
f 5471/5471 5451/5451 5474/5474
f 5454/5454 5471/5471 5474/5474
f 5466/5466 5441/5441 5476/5476
f 5393/5393 5441/5441 5466/5466
f 5426/5426 5417/5417 5459/5459
f 5409/5409 5410/5410 5457/5457
f 5433/5433 5429/5429 5460/5460
f 5469/5469 5456/5456 5472/5472
f 5399/5399 5400/5400 5458/5458
f 5426/5426 5459/5459 5472/5472
f 5433/5433 5460/5460 5470/5470
f 5440/5440 5474/5474 5475/5475
f 5450/5450 5369/5369 5461/5461
f 5461/5461 5369/5369 5465/5465
f 5375/5375 5444/5444 5462/5462
f 5384/5384 5448/5448 5464/5464
f 5444/5444 5373/5373 5463/5463
f 5462/5462 5444/5444 5463/5463
f 5369/5369 5447/5447 5465/5465
f 5450/5450 5461/5461 5468/5468
f 5449/5449 5450/5450 5468/5468
f 5463/5463 5373/5373 5471/5471
f 5453/5453 5433/5433 5470/5470
f 5409/5409 5457/5457 5473/5473
f 5373/5373 5451/5451 5471/5471
f 5456/5456 5426/5426 5472/5472
f 5455/5455 5409/5409 5473/5473
f 5440/5440 5454/5454 5474/5474
f 5436/5436 5440/5440 5475/5475
f 5399/5399 5458/5458 5476/5476
f 5400/5400 5455/5455 5467/5467
f 5441/5441 5399/5399 5476/5476
f 5410/5410 5456/5456 5469/5469
f 5457/5457 5410/5410 5469/5469
f 5458/5458 5400/5400 5467/5467
f 5445/5445 5378/5378 5477/5477
f 4/4 309/309 5438/5438
f 331/331 1/1 5431/5431
f 5435/5435 5436/5436 5437/5437
f 5429/5429 5428/5428 5430/5430
f 5429/5429 5430/5430 5464/5464
f 5436/5436 5475/5475 5477/5477
f 5475/5475 5445/5445 5477/5477
f 5437/5437 5436/5436 5477/5477
f 5435/5435 5438/5438 5439/5439
f 5431/5431 5428/5428 5432/5432
f 5435/5435 5437/5437 5438/5438
f 5430/5430 5428/5428 5431/5431
f 5477/5477 5378/5378 5479/5479
f 5384/5384 5464/5464 5478/5478
f 5437/5437 5477/5477 5479/5479
f 5464/5464 5430/5430 5478/5478
f 3/3 4/4 5438/5438
f 5438/5438 309/309 5439/5439
f 331/331 5431/5431 5432/5432
f 5438/5438 5437/5437 5479/5479

