# Blender 5.1.1
# www.blender.org
mtllib banana.mtl
o Mesh
v -0.087284 0.015070 0.042257
v -0.071823 0.023821 0.008149
v -0.047476 0.030656 -0.014044
v -0.070961 0.023965 0.007565
v -0.046376 0.031296 -0.015752
v -0.071485 0.024571 0.006554
v 0.035833 0.003637 -0.008038
v 0.036073 0.003277 -0.008330
v 0.020973 0.003401 -0.011999
v 0.023426 0.003837 -0.011167
v 0.019785 0.004551 -0.011742
v 0.031977 0.003999 -0.008812
v 0.040096 0.001605 -0.008247
v 0.034903 0.002004 -0.009408
v 0.033930 0.002082 -0.011432
v -0.029507 0.032869 -0.038091
v -0.032157 0.033121 -0.037514
v 0.033903 0.012599 -0.041966
v 0.035073 0.013681 -0.042017
v 0.033714 0.011406 -0.041514
v 0.030619 0.009776 -0.041152
v 0.031408 0.010948 -0.041600
v 0.027723 0.008769 -0.041333
v -0.024038 0.004605 -0.016025
v -0.024327 0.005519 -0.015858
v -0.023033 0.004113 -0.015908
v -0.021372 0.004257 -0.016104
v -0.036263 0.003679 -0.012896
v -0.015029 0.003699 -0.016631
v -0.013134 0.004082 -0.016439
v -0.016574 0.003941 -0.016530
v -0.018359 0.003503 -0.017879
v -0.012552 0.021437 -0.014210
v 0.007274 0.021078 -0.012329
v 0.016652 0.023099 -0.010252
v 0.029367 0.024656 -0.007071
v 0.029066 0.026166 -0.007370
v 0.032211 0.025846 -0.006391
v 0.019942 0.025776 -0.009746
v 0.022764 0.026480 -0.009225
v 0.022910 0.024405 -0.009063
v 0.057062 0.015199 0.000224
v 0.019912 0.023167 -0.009509
v 0.047270 0.021109 -0.001885
v 0.028541 0.022130 -0.007172
v 0.049940 0.017244 -0.000441
v 0.026530 0.019677 -0.007496
v 0.023124 0.018807 -0.008419
v 0.008986 0.019584 -0.011859
v 0.034965 0.022044 -0.005208
v 0.037107 0.023055 -0.004531
v 0.018759 0.020964 -0.009678
v 0.012367 0.021802 -0.011340
v 0.019379 0.018379 -0.009470
v 0.026313 0.025587 -0.008214
v 0.025080 0.027842 -0.008834
v 0.025105 0.017510 -0.007847
v 0.046775 0.018534 -0.001531
v 0.045379 0.017068 -0.001866
v 0.048451 0.010249 -0.001855
v 0.037422 0.020505 -0.004372
v 0.021786 0.016411 -0.008820
v 0.035134 0.010929 -0.005762
v 0.036305 0.012446 -0.004904
v 0.049959 0.014892 -0.000514
v 0.043479 0.011700 -0.002653
v 0.038426 0.014056 -0.003889
v 0.041358 0.009585 -0.003802
v 0.041750 0.007103 -0.004546
v 0.049300 0.008493 -0.002435
v 0.044675 0.009322 -0.002921
v 0.028632 0.005261 -0.009063
v -0.009429 0.034309 -0.031998
v -0.056070 0.007837 -0.003927
v 0.040583 0.012106 -0.003481
v 0.038131 0.011575 -0.004318
v 0.020006 0.008312 -0.010570
v 0.023533 0.005765 -0.010443
v 0.018359 0.006054 -0.011480
v 0.016754 0.003986 -0.012728
v 0.036241 0.015226 -0.004654
v 0.008157 0.011157 -0.013180
v 0.010610 0.010496 -0.012764
v 0.011185 0.008996 -0.012856
v 0.009097 0.009780 -0.013179
v 0.012570 0.004385 -0.013491
v 0.014642 0.005029 -0.012605
v 0.026778 0.006830 -0.009218
v -0.014959 0.005283 -0.016267
v -0.011827 0.005440 -0.016000
v -0.005818 0.005355 -0.015837
v -0.000195 0.005115 -0.015527
v -0.008602 0.004861 -0.016041
v 0.007017 0.009531 -0.013729
v 0.042696 0.030492 -0.032126
v 0.042014 0.031392 -0.031357
v 0.059524 0.031972 -0.021718
v 0.057637 0.032011 -0.022798
v 0.067739 0.029609 -0.022631
v -0.003875 0.012538 -0.014891
v 0.039777 0.030891 -0.033658
v 0.031984 0.029428 -0.008819
v 0.041447 0.030807 -0.032624
v 0.040152 0.029354 -0.035060
v 0.069705 0.029473 -0.019865
v 0.068641 0.028824 -0.023864
v 0.066217 0.029644 -0.023656
v 0.076915 0.027708 -0.017512
v 0.067489 0.030081 -0.019716
v 0.008904 0.008318 -0.013359
v 0.067984 0.030051 -0.017721
v 0.012418 0.003897 -0.014308
v 0.006478 0.004290 -0.015153
v 0.039415 0.008005 -0.004992
v 0.038629 0.009769 -0.004622
v 0.047411 0.007420 -0.003117
v 0.045186 0.013387 -0.001889
v 0.036936 0.007689 -0.005902
v -0.008153 0.034057 -0.034464
v 0.044536 0.032056 -0.012630
v 0.048601 0.012982 -0.001062
v 0.051430 0.012229 -0.000859
v 0.024670 0.028306 -0.041406
v 0.031358 0.030222 -0.036798
v 0.028535 0.026976 -0.041010
v 0.035287 0.028296 -0.037625
v 0.050704 0.004835 -0.003684
v 0.037651 0.028161 -0.036996
v 0.024747 0.029105 -0.040816
v 0.027640 0.028087 -0.040760
v 0.010116 0.025764 -0.045435
v 0.054302 0.032691 -0.014028
v -0.004946 0.004327 -0.016304
v 0.003409 0.003987 -0.015970
v -0.000323 0.003937 -0.016643
v -0.004402 0.003376 -0.016941
v -0.000086 0.002513 -0.017223
v 0.003159 0.003311 -0.016434
v 0.038600 0.030018 -0.034948
v -0.014934 0.003523 -0.017905
v 0.030217 0.030935 -0.036044
v 0.027635 0.031242 -0.036527
v 0.018193 0.003214 -0.013044
v 0.032869 0.003127 -0.009344
v 0.030580 0.002383 -0.010359
v 0.026863 0.003913 -0.010191
v 0.029021 0.003180 -0.010041
v 0.004513 0.002281 -0.016678
v 0.017841 0.002264 -0.016015
v 0.014811 0.002404 -0.014436
v 0.013044 0.031179 -0.040543
v 0.011472 0.032294 -0.039584
v 0.036176 0.005735 -0.006952
v 0.035975 0.004357 -0.007643
v 0.032656 0.005289 -0.007969
v 0.043379 0.005657 -0.004740
v 0.029326 0.031710 -0.034991
v 0.027672 0.032299 -0.034307
v 0.038904 0.001654 -0.010361
v 0.015024 0.031356 -0.039880
v 0.017099 0.031463 -0.039485
v -0.006401 0.002582 -0.018512
v 0.044758 0.006819 -0.003876
v 0.043220 0.004735 -0.005281
v 0.042279 0.002269 -0.007433
v 0.044240 0.002791 -0.006645
v 0.039527 0.003495 -0.007178
v 0.040072 0.004514 -0.006284
v 0.039962 0.002869 -0.007744
v 0.037185 0.002659 -0.008491
v 0.052298 0.001682 -0.005245
v 0.010603 0.033419 -0.037527
v 0.049725 0.002650 -0.005312
v 0.045679 0.003584 -0.005372
v 0.044628 0.001516 -0.007076
v 0.048714 0.001104 -0.006584
v -0.074427 0.019320 -0.030242
v 0.044650 0.001219 -0.008816
v 0.014307 0.032948 -0.036882
v 0.016332 0.033196 -0.035360
v 0.017216 0.032421 -0.037330
v 0.010384 0.031493 -0.040953
v 0.013386 0.032230 -0.038948
v 0.060227 0.005280 -0.001822
v 0.061575 0.006450 -0.000903
v 0.062534 0.005216 -0.001169
v 0.051141 0.009139 -0.001939
v 0.021242 0.031334 -0.038283
v 0.031920 0.030809 -0.035672
v -0.039096 0.024630 -0.011135
v -0.003026 0.033509 -0.036653
v -0.005670 0.033859 -0.034927
v 0.003705 0.034298 -0.035210
v 0.004009 0.034352 -0.033853
v -0.004498 0.033388 -0.036897
v -0.023769 0.030006 -0.042105
v -0.022978 0.029532 -0.042787
v -0.006894 0.033499 -0.036841
v -0.004127 0.034137 -0.033315
v -0.004918 0.032917 -0.038778
v 0.014574 0.033745 -0.034660
v 0.006335 0.034813 -0.031793
v 0.008762 0.034888 -0.032053
v 0.058179 0.008729 -0.001195
v 0.058370 0.011009 -0.000465
v 0.053576 0.006587 -0.002686
v 0.054859 0.010146 -0.001254
v 0.056935 0.009270 -0.001310
v 0.056053 0.012886 -0.000355
v 0.064083 0.007323 0.000177
v 0.058685 0.013370 0.000216
v -0.002142 0.033137 -0.038183
v 0.054422 0.016339 0.000159
v -0.006146 0.034121 -0.032491
v -0.056531 0.029579 -0.008916
v -0.007840 0.034169 -0.032489
v -0.000319 0.034841 -0.031644
v 0.000702 0.034450 -0.033384
v 0.056708 0.017366 0.000318
v 0.054862 0.017853 0.000225
v 0.053438 0.014452 -0.000132
v -0.075333 0.012135 -0.031182
v -0.074817 0.012910 -0.031545
v -0.073727 0.011441 -0.031341
v 0.051983 0.016528 -0.000092
v 0.053294 0.017681 0.000078
v -0.032831 0.033772 -0.035091
v -0.029712 0.033479 -0.036008
v -0.020641 0.032784 -0.039972
v -0.027507 0.033229 -0.037167
v -0.012849 0.032894 -0.039227
v -0.017813 0.032099 -0.040716
v -0.012820 0.032057 -0.040325
v -0.024650 0.033478 -0.037848
v -0.022917 0.033675 -0.038386
v -0.010895 0.032234 -0.039898
v -0.010622 0.034132 -0.034819
v -0.010345 0.032981 -0.038691
v -0.008623 0.032370 -0.039761
v -0.014915 0.033399 -0.038574
v -0.015549 0.032361 -0.040253
v -0.013568 0.031440 -0.041079
v -0.013100 0.030714 -0.041662
v -0.009401 0.031670 -0.040744
v -0.011939 0.034290 -0.033057
v -0.011470 0.031118 -0.041192
v 0.072852 0.009426 0.002451
v 0.072855 0.011207 0.002923
v -0.029762 0.033857 -0.033821
v -0.027881 0.032407 -0.039021
v -0.017230 0.033700 -0.038897
v -0.024575 0.034258 -0.035705
v -0.026829 0.033861 -0.035079
v -0.021216 0.033782 -0.038823
v -0.014393 0.033794 -0.037333
v -0.022821 0.031579 -0.040505
v -0.027368 0.034026 -0.033198
v -0.012378 0.034031 -0.035142
v -0.025577 0.033716 -0.036790
v -0.023077 0.032657 -0.039490
v -0.024723 0.031746 -0.040079
v -0.022019 0.033331 -0.039135
v -0.020850 0.029042 -0.045440
v -0.016377 0.033949 -0.037698
v 0.046907 0.005069 -0.004268
v -0.020920 0.031326 -0.041049
v 0.076707 0.012489 0.002949
v 0.075166 0.011005 0.002717
v -0.018261 0.033022 -0.039943
v -0.019512 0.034076 -0.038713
v -0.019176 0.031663 -0.041035
v -0.087878 0.013783 0.047655
v -0.017506 0.031000 -0.041642
v 0.080056 0.010413 0.001866
v -0.008181 0.027872 -0.046616
v -0.010555 0.027912 -0.046873
v -0.009281 0.028710 -0.046212
v -0.016634 0.028552 -0.047272
v -0.091505 0.009115 0.020163
v -0.014406 0.025650 -0.048515
v -0.093583 0.011507 0.014076
v -0.018557 0.027455 -0.047992
v -0.017972 0.026074 -0.048634
v -0.020508 0.024804 -0.048995
v -0.016045 0.027216 -0.048021
v -0.020583 0.027480 -0.047763
v -0.022098 0.026164 -0.048218
v -0.014793 0.030521 -0.042161
v -0.017010 0.030256 -0.042691
v -0.023000 0.024687 -0.048730
v -0.025959 0.030900 -0.041211
v -0.024699 0.034236 -0.033693
v -0.022200 0.030342 -0.041670
v -0.025054 0.030172 -0.042036
v -0.025661 0.024874 -0.013650
v -0.024444 0.025114 -0.013804
v -0.073973 0.017952 0.015442
v 0.086687 0.013477 0.002050
v 0.084050 0.011295 0.001488
v 0.087655 0.011532 0.001565
v 0.079914 0.013076 0.002845
v -0.079023 0.010194 -0.025798
v -0.083343 0.011570 -0.022890
v 0.082232 0.012288 0.002275
v -0.059564 0.029905 -0.034147
v -0.066053 0.030296 -0.028078
v -0.067796 0.030387 -0.026593
v 0.085268 0.009522 0.000356
v -0.090707 0.017849 0.016133
v 0.090826 0.017381 -0.011885
v -0.050601 0.026820 -0.042350
v -0.050426 0.024333 -0.043166
v -0.056403 0.024140 -0.040597
v -0.080394 0.012338 0.027789
v -0.031826 0.024121 -0.048066
v -0.033343 0.025722 -0.047298
v 0.094110 0.012954 -0.008572
v -0.033254 0.030508 -0.042787
v -0.063016 0.025273 0.001182
v -0.034382 0.030859 -0.041479
v -0.046022 0.031099 -0.037079
v -0.044887 0.031737 -0.036412
v -0.057239 0.027073 -0.039391
v -0.051921 0.032661 -0.032338
v -0.050908 0.032518 -0.033673
v -0.049230 0.032919 -0.034250
v -0.046092 0.033587 -0.034034
v -0.047354 0.032847 -0.034973
v -0.046338 0.032045 -0.035990
v -0.033802 0.031563 -0.040460
v -0.034996 0.031671 -0.040062
v -0.042762 0.030566 -0.038864
v -0.026442 0.032022 -0.039712
v -0.027618 0.031381 -0.040945
v -0.031197 0.032291 -0.039543
v -0.036862 0.031972 -0.039450
v -0.044148 0.030823 -0.037722
v -0.049824 0.033313 -0.032682
v -0.053404 0.026631 -0.041336
v -0.053390 0.024638 -0.041995
v -0.037678 0.032826 -0.037726
v -0.054520 0.032682 -0.031140
v -0.034627 0.033447 -0.036376
v -0.036596 0.033410 -0.036479
v -0.026171 0.032931 -0.038174
v -0.024921 0.032729 -0.038893
v -0.032854 0.034052 -0.033226
v -0.034393 0.033878 -0.034041
v -0.042097 0.032752 -0.035887
v -0.035393 0.034014 -0.032384
v -0.071918 0.030920 -0.020559
v -0.036037 0.033773 -0.034803
v -0.039528 0.034473 -0.029692
v -0.038507 0.033898 -0.032984
v -0.040975 0.034423 -0.031006
v -0.038152 0.034373 -0.028850
v -0.040266 0.034384 -0.025396
v -0.041143 0.034057 -0.033171
v -0.041957 0.033686 -0.034343
v -0.038235 0.034400 -0.026183
v -0.043404 0.031969 -0.036608
v -0.055942 0.032711 -0.031167
v -0.059623 0.034128 -0.026740
v -0.061403 0.032128 -0.030297
v -0.089318 0.017779 0.019956
v -0.062343 0.032443 -0.028816
v -0.062586 0.031755 -0.029723
v -0.060954 0.030524 -0.032678
v -0.054761 0.033176 -0.029991
v -0.053001 0.033033 -0.030681
v -0.033251 0.032250 -0.039359
v -0.035119 0.032826 -0.038133
v 0.092376 0.017483 -0.010032
v -0.052795 0.031534 -0.033942
v 0.092476 0.016121 -0.010665
v -0.039349 0.033446 -0.035355
v -0.043944 0.032594 -0.035638
v -0.045386 0.032773 -0.035209
v -0.061358 0.033704 -0.026500
v -0.063708 0.032441 -0.027004
v -0.042001 0.028193 -0.011331
v -0.069316 0.031488 -0.022270
v -0.066119 0.032292 -0.023911
v -0.064647 0.033028 -0.022495
v -0.067458 0.032416 -0.020827
v -0.068114 0.031249 -0.024639
v -0.065070 0.033086 -0.020572
v 0.091177 0.020443 -0.004190
v -0.070118 0.031795 -0.019844
v -0.086665 0.026804 0.000420
v -0.084799 0.027549 0.000541
v 0.083560 0.025123 -0.012458
v 0.084571 0.024572 -0.010432
v -0.086388 0.027556 -0.001345
v 0.088635 0.018129 -0.013684
v -0.083198 0.027971 0.000874
v 0.089347 0.019518 -0.012298
v 0.087158 0.022576 -0.012586
v 0.088342 0.021227 -0.012255
v 0.076615 0.028149 -0.016551
v 0.075795 0.028635 -0.014707
v -0.010439 0.003831 -0.017390
v -0.020090 0.003687 -0.017493
v 0.078607 0.027153 -0.014923
v 0.077785 0.027598 -0.013335
v 0.010238 0.028713 -0.043802
v 0.007710 0.028225 -0.044581
v 0.002400 0.022219 -0.047684
v -0.069690 0.030836 -0.023757
v -0.065878 0.031504 -0.026228
v -0.064782 0.032392 -0.025445
v 0.086223 0.020142 -0.015425
v 0.073395 0.008211 0.001863
v -0.094701 0.017962 0.004767
v -0.094408 0.020226 0.002917
v -0.079100 0.011394 0.025930
v -0.094043 0.018761 0.006737
v -0.093138 0.018584 0.009391
v -0.093730 0.021251 0.004167
v 0.078929 0.009137 0.001172
v -0.094230 0.016002 0.009236
v -0.094458 0.017170 0.007238
v 0.083376 0.025057 -0.010254
v 0.081375 0.025877 -0.014938
v 0.082101 0.019564 -0.019478
v 0.084192 0.019714 -0.017499
v 0.084716 0.021213 -0.016698
v 0.083000 0.013611 -0.020973
v 0.080191 0.019450 -0.021019
v 0.075200 0.026976 -0.020787
v 0.027111 0.021079 -0.042608
v 0.028458 0.024027 -0.041755
v 0.022169 0.013695 -0.044725
v 0.074067 0.027488 -0.021203
v 0.074678 0.026563 -0.021677
v 0.081282 0.025081 -0.017292
v 0.002771 0.020502 -0.048044
v 0.000089 0.021554 -0.048242
v 0.012385 0.014134 -0.046492
v 0.015035 0.014561 -0.046247
v 0.006368 0.020167 -0.047369
v 0.025573 0.017469 -0.043807
v -0.083003 0.007433 0.034199
v -0.001634 0.018247 -0.049226
v 0.003822 0.018380 -0.048131
v 0.008764 0.019134 -0.047100
v 0.011455 0.019719 -0.046656
v 0.003536 0.011979 -0.047302
v 0.008012 0.012535 -0.046756
v -0.004814 0.020168 -0.049225
v 0.001214 0.018754 -0.048678
v -0.000775 0.020011 -0.048799
v 0.000975 0.010927 -0.047222
v 0.011310 0.013073 -0.046457
v -0.093515 0.016989 0.010590
v -0.000113 0.012289 -0.048072
v -0.002406 0.013607 -0.048840
v 0.015548 0.012946 -0.045893
v 0.000305 0.009135 -0.046379
v 0.003941 0.009723 -0.046284
v 0.007107 0.008187 -0.045167
v 0.007850 0.010472 -0.046035
v 0.012558 0.015667 -0.046620
v 0.032027 0.008161 -0.040236
v 0.030098 0.006552 -0.039176
v 0.025177 0.011040 -0.043474
v 0.029034 0.010791 -0.042047
v 0.015780 0.009775 -0.044786
v 0.017364 0.017318 -0.045963
v 0.013913 0.017715 -0.046466
v 0.016013 0.015864 -0.046227
v 0.011002 0.022439 -0.046349
v -0.094146 0.012876 0.047836
v 0.019792 0.009967 -0.044261
v 0.016910 0.011215 -0.045212
v 0.014252 0.019511 -0.046295
v 0.019141 0.020729 -0.045016
v 0.016621 0.019745 -0.045857
v -0.066678 0.015435 0.007494
v 0.024111 0.012683 -0.044240
v 0.020379 0.012294 -0.044842
v 0.029881 0.017403 -0.042942
v -0.093489 0.012634 0.048422
v -0.094162 0.010848 0.048054
v -0.094254 0.009414 0.047058
v -0.093064 0.011270 0.024108
v -0.092776 0.011513 0.048886
v -0.092593 0.009791 0.048348
v -0.091470 0.011258 0.049499
v -0.084063 0.020484 0.016133
v 0.026800 0.013039 -0.043717
v 0.024932 0.014129 -0.044255
v 0.063374 0.010363 -0.031667
v -0.022343 0.003471 -0.017210
v 0.043703 0.016032 -0.039504
v -0.032955 0.003153 -0.013865
v 0.035339 0.015380 -0.042141
v 0.040552 0.014499 -0.040647
v 0.039711 0.012971 -0.040716
v -0.087536 0.017948 0.027045
v 0.042177 0.009888 -0.038858
v 0.040021 0.010800 -0.039858
v 0.040676 0.008696 -0.038773
v 0.049190 0.017166 -0.037620
v 0.036507 0.011865 -0.041150
v 0.038039 0.014455 -0.041379
v 0.011481 0.024465 -0.045770
v 0.022887 0.008271 -0.042621
v 0.018468 0.014284 -0.045642
v 0.021871 0.019197 -0.044467
v 0.023108 0.019474 -0.044008
v 0.015463 0.018518 -0.046201
v -0.068084 0.010411 0.010383
v -0.069617 0.011603 0.011848
v 0.018483 0.015715 -0.045758
v -0.077128 0.005326 0.019055
v -0.076723 0.004791 0.018636
v 0.013807 0.021196 -0.046125
v 0.031516 0.019016 -0.042076
v 0.019986 0.018247 -0.045182
v 0.027763 0.018453 -0.043106
v 0.023635 0.018493 -0.044078
v 0.024915 0.019408 -0.043568
v -0.059598 0.007991 -0.000193
v 0.007848 0.026544 -0.045333
v 0.013543 0.023208 -0.045741
v 0.016382 0.022262 -0.045431
v 0.016845 0.027618 -0.043343
v -0.001594 0.023083 -0.047856
v -0.093331 0.010569 0.025249
v 0.061468 0.014044 -0.033531
v 0.023581 0.024122 -0.042998
v -0.002673 0.021406 -0.048661
v 0.056377 0.013955 -0.035645
v -0.093614 0.014933 0.012238
v -0.094854 0.016584 0.003481
v 0.008407 0.024295 -0.046134
v -0.068631 0.007977 0.010401
v -0.067581 0.009097 0.009761
v -0.069777 0.009592 0.012041
v -0.092151 0.016759 0.032083
v -0.071892 0.011227 0.013973
v -0.077976 0.006588 0.020859
v -0.077869 0.007713 0.021287
v -0.076764 0.007280 0.018921
v -0.075304 0.005234 0.016126
v -0.094827 0.015629 0.006716
v -0.088417 0.020334 -0.015708
v -0.088823 0.017755 -0.015638
v 0.012290 0.025895 -0.045061
v 0.057409 0.005136 -0.030659
v 0.010499 0.027276 -0.044656
v -0.086721 0.020596 -0.017875
v -0.094700 0.018440 0.002422
v -0.087649 0.022743 -0.015971
v 0.004871 0.027604 -0.045257
v 0.005760 0.029070 -0.044453
v 0.002633 0.025708 -0.046251
v 0.025731 0.025603 -0.042132
v 0.025737 0.027050 -0.041758
v 0.023421 0.026111 -0.042521
v 0.032430 0.023136 -0.040949
v 0.033991 0.020361 -0.041080
v 0.046467 0.023679 -0.036629
v 0.035754 0.021931 -0.040177
v -0.049786 0.022387 -0.005978
v 0.037610 0.024114 -0.039106
v -0.062119 0.009221 0.003685
v -0.066483 0.009777 0.008702
v 0.034025 0.025041 -0.040002
v -0.064064 0.010086 0.005886
v -0.066059 0.010914 0.008086
v -0.062863 0.012324 0.004436
v -0.071907 0.007335 0.013203
v -0.070875 0.008062 0.012715
v -0.064139 0.004307 0.003433
v 0.083981 0.010508 -0.018741
v -0.060619 0.009819 0.001953
v 0.027869 0.026016 -0.041480
v 0.030780 0.021488 -0.041674
v 0.086295 0.010405 -0.016330
v -0.054210 0.005334 -0.005988
v 0.030538 0.025600 -0.040839
v -0.052615 0.006492 -0.006835
v -0.047753 0.005393 -0.009818
v -0.049720 0.004331 -0.008954
v -0.051262 0.005256 -0.008124
v -0.033952 0.004057 -0.013574
v -0.044606 0.004435 -0.011625
v -0.029957 0.011598 -0.014663
v -0.026954 0.015198 -0.014822
v 0.050958 0.024056 -0.035054
v -0.026020 0.006433 -0.015262
v -0.026695 0.005275 -0.015648
v -0.032634 0.004856 -0.014075
v -0.023255 0.020656 -0.049555
v -0.024794 0.003503 -0.017026
v -0.026556 0.003979 -0.015413
v -0.024546 0.003780 -0.015971
v -0.037269 0.006256 -0.013164
v -0.034344 0.005712 -0.013799
v 0.056847 0.022075 -0.033580
v -0.028471 0.013337 -0.014751
v -0.032896 0.012227 -0.014033
v 0.089285 0.010623 -0.013435
v 0.058866 0.023975 -0.032309
v -0.012222 0.014933 -0.049671
v 0.088082 0.011956 -0.015371
v 0.091167 0.013912 -0.012479
v -0.020837 0.006094 -0.015883
v -0.031035 0.004247 -0.014058
v -0.028603 0.004783 -0.015059
v 0.060476 0.022917 -0.031787
v 0.061000 0.020322 -0.032278
v -0.023679 0.006834 -0.015446
v 0.072151 0.013820 -0.027636
v -0.021577 0.007698 -0.015366
v -0.017751 0.005647 -0.015996
v -0.029624 0.033653 -0.025644
v -0.018134 0.004191 -0.016405
v -0.019529 0.004808 -0.016234
v -0.017778 0.007168 -0.015635
v -0.025433 0.007507 -0.014977
v 0.059017 0.022051 -0.032760
v 0.058370 0.020363 -0.033437
v -0.021844 0.012820 -0.015313
v -0.056123 0.034337 -0.022509
v -0.006002 0.014608 -0.049546
v -0.054763 0.034190 -0.022007
v -0.014472 0.013841 -0.049489
v -0.012403 0.012312 -0.049099
v -0.009821 0.020341 -0.049489
v 0.053050 0.023275 -0.034437
v -0.022619 0.014234 -0.015078
v -0.025159 0.020212 -0.014469
v -0.014371 0.023533 -0.014122
v -0.024629 0.022202 -0.014140
v -0.009009 0.018799 -0.049666
v 0.005350 0.022702 -0.047063
v -0.018975 0.023197 -0.014381
v -0.020628 0.024195 -0.014316
v -0.014143 0.019349 -0.049654
v -0.011184 0.018711 -0.049721
v -0.008695 0.015490 -0.049812
v -0.005637 0.023077 -0.048436
v -0.011839 0.022374 -0.049193
v -0.023036 0.019473 -0.014496
v -0.066782 0.008593 -0.028035
v -0.057689 0.007875 -0.035480
v -0.063562 0.010343 -0.035874
v -0.063757 0.011908 -0.037396
v 0.048665 0.023538 -0.035999
v -0.016423 0.021364 -0.049659
v 0.051715 0.022460 -0.035057
v -0.056918 0.020195 -0.040842
v -0.056384 0.018650 -0.041410
v -0.023254 0.024210 -0.014060
v -0.030556 0.022157 -0.013757
v 0.086258 0.013973 -0.017614
v -0.030687 0.023921 -0.013321
v 0.084517 0.016499 -0.018553
v 0.048490 0.024756 -0.035707
v 0.083482 0.015225 -0.020455
v -0.030813 0.013469 -0.014340
v -0.016576 0.012585 -0.049104
v -0.019014 0.020554 -0.049742
v -0.030136 0.021111 -0.048902
v -0.030452 0.022914 -0.048530
v -0.028150 0.019387 -0.049021
v -0.035235 0.019270 -0.048445
v -0.035137 0.023803 -0.047549
v -0.017016 0.024020 -0.049267
v -0.032925 0.020110 -0.048737
v -0.030973 0.018906 -0.048908
v -0.033797 0.018182 -0.048596
v -0.037384 0.017518 -0.047959
v -0.038746 0.020621 -0.011819
v -0.033364 0.027914 -0.046297
v 0.061301 0.024810 -0.030709
v -0.040742 0.022551 -0.010742
v -0.016512 0.018822 -0.049696
v -0.034457 0.027014 -0.046483
v -0.036307 0.025919 -0.046554
v -0.028502 0.022641 -0.048721
v -0.071581 0.022855 -0.031864
v -0.054658 0.030147 -0.034902
v -0.054765 0.031015 -0.033540
v -0.060799 0.024651 -0.038269
v -0.074680 0.025677 -0.029262
v -0.046960 0.018020 -0.008051
v -0.045600 0.019808 -0.008677
v -0.073085 0.025570 -0.030471
v -0.073103 0.026641 -0.030117
v -0.065816 0.022912 -0.035335
v -0.068942 0.021424 -0.033569
v -0.071733 0.020471 -0.031878
v -0.071120 0.024997 -0.031891
v -0.066909 0.020722 -0.035012
v -0.068177 0.019201 -0.034646
v -0.054536 0.022479 -0.041827
v -0.058601 0.020419 -0.039891
v -0.057700 0.022086 -0.040070
v -0.060882 0.019519 -0.039095
v -0.006246 0.012428 -0.048893
v -0.009368 0.011709 -0.048790
v -0.024671 0.008099 -0.045739
v -0.074150 0.023777 -0.030023
v -0.057357 0.026033 -0.039761
v 0.059164 0.025914 -0.031359
v 0.052741 0.026863 -0.033477
v 0.053764 0.025262 -0.033656
v -0.051992 0.015548 -0.043322
v -0.046649 0.015044 -0.044971
v -0.029974 0.013957 -0.047677
v -0.043777 0.016859 -0.045981
v 0.055618 0.026332 -0.032610
v -0.039231 0.025019 -0.046277
v -0.060765 0.014658 -0.040298
v -0.058592 0.025165 -0.039354
v -0.045067 0.017393 -0.009143
v -0.067453 0.013775 -0.036356
v -0.042924 0.013655 -0.045672
v -0.061815 0.013365 -0.039629
v -0.063221 0.013899 -0.039169
v -0.063292 0.020851 -0.037366
v -0.065395 0.013754 -0.037880
v -0.061495 0.022204 -0.038206
v -0.063026 0.023445 -0.037078
v -0.035622 0.004527 -0.013476
v -0.037278 0.005124 -0.013280
v -0.046336 0.004730 -0.010898
v -0.045169 0.005862 -0.010880
v 0.068360 0.007311 -0.027838
v -0.045268 0.004707 -0.011370
v -0.039625 0.006868 -0.012388
v -0.040052 0.005527 -0.012552
v -0.027164 0.008988 -0.045751
v -0.032332 0.010709 -0.046037
v -0.031273 0.012274 -0.046756
v -0.036361 0.011014 -0.045753
v -0.034313 0.013138 -0.046940
v -0.052940 0.008452 -0.038494
v -0.036833 0.015238 -0.047467
v -0.034648 0.016574 -0.048230
v -0.033477 0.015127 -0.047868
v -0.053967 0.013363 -0.042445
v -0.066684 0.012254 -0.035144
v -0.049447 0.012808 -0.043629
v -0.027680 0.016133 -0.048519
v -0.053739 0.010804 -0.041846
v -0.051200 0.011802 -0.042865
v -0.056747 0.015227 -0.041737
v -0.057931 0.009564 -0.039644
v -0.061524 0.010801 -0.038893
v 0.050900 0.018835 -0.036376
v 0.080436 0.026291 -0.012506
v -0.023366 0.010234 -0.047161
v 0.001566 0.017007 -0.048734
v 0.007855 0.006096 -0.042891
v 0.091419 0.020658 -0.002782
v -0.030242 0.005345 -0.014640
v -0.031718 0.005813 -0.014139
v -0.029952 0.006661 -0.014368
v 0.021491 0.020683 -0.008952
v 0.006759 0.022473 -0.012589
v 0.067365 0.015554 -0.030092
v 0.072409 0.025391 -0.025081
v -0.016860 0.021980 -0.014438
v 0.074044 0.023652 -0.024711
v 0.074813 0.024944 -0.023421
v 0.068274 0.024264 -0.027369
v 0.065913 0.010464 -0.030500
v -0.022777 0.034569 -0.035830
v 0.005233 0.034575 -0.034020
v 0.075960 0.026297 -0.020738
v 0.073506 0.027027 -0.022559
v 0.038747 0.028994 -0.035774
v 0.063674 0.028790 -0.026048
v 0.065267 0.028866 -0.025263
v 0.062374 0.029823 -0.025253
v 0.076916 0.027306 -0.018482
v 0.076597 0.026768 -0.019725
v 0.073416 0.028479 -0.020172
v 0.075316 0.027678 -0.019760
v 0.078619 0.026101 -0.018490
v 0.079903 0.024591 -0.019045
v 0.031851 0.033262 -0.030940
v 0.069561 0.029204 -0.022118
v 0.080031 0.025333 -0.017959
v 0.044889 0.022195 -0.002865
v 0.079963 0.025742 -0.017389
v 0.078869 0.026690 -0.016865
v 0.086922 0.021999 -0.013637
v 0.087476 0.020792 -0.013737
v 0.075978 0.025258 -0.022152
v 0.075925 0.025775 -0.021458
v 0.071919 0.022936 -0.026271
v 0.069984 0.022879 -0.027114
v -0.007845 0.032986 -0.038522
v 0.069321 0.015728 -0.029067
v -0.013893 0.023912 -0.049034
v -0.014597 0.022688 -0.049368
v -0.017520 0.025075 -0.014368
v 0.077752 0.024098 -0.021400
v 0.076193 0.023480 -0.023027
v 0.049315 0.032169 -0.025536
v -0.007565 0.020381 -0.049352
v -0.008254 0.021718 -0.049105
v 0.077534 0.025135 -0.020793
v 0.053294 0.015341 -0.036549
v 0.062616 0.031599 -0.022132
v -0.020405 0.025544 -0.014427
v 0.061783 0.031714 -0.021053
v 0.082937 0.024901 -0.015835
v -0.029200 0.024338 -0.048264
v -0.040691 0.011870 -0.045551
v -0.045021 0.012074 -0.044813
v 0.085907 0.021860 -0.015234
v 0.062596 0.028231 -0.027196
v 0.080379 0.021939 -0.020116
v 0.057020 0.015335 -0.035323
v 0.059018 0.015654 -0.034467
v 0.078059 0.022523 -0.021730
v 0.078436 0.020410 -0.022021
v 0.076995 0.021928 -0.022851
v -0.052804 0.030490 -0.035932
v 0.084162 0.022611 -0.016694
v -0.054145 0.034038 -0.026615
v -0.055356 0.033731 -0.028269
v 0.085219 0.023589 -0.014788
v 0.077425 0.025766 -0.020087
v 0.073615 0.021846 -0.025547
v -0.065526 0.019879 -0.036165
v 0.072668 0.019807 -0.026595
v 0.074064 0.018239 -0.025829
v 0.082263 0.023036 -0.018214
v 0.082776 0.024120 -0.017044
v 0.075318 0.022116 -0.024202
v -0.054997 0.020273 -0.041851
v -0.055912 0.021917 -0.041167
v -0.058607 0.023772 -0.039503
v -0.059732 0.022087 -0.039108
v -0.038480 0.032024 -0.038937
v -0.047287 0.023121 -0.044410
v -0.040883 0.023153 -0.046284
v -0.041210 0.024418 -0.045852
v -0.031393 0.016678 -0.048560
v 0.038335 0.031747 -0.010562
v -0.039985 0.031234 -0.039671
v -0.041301 0.031250 -0.038739
v 0.069585 0.008944 -0.027919
v -0.020089 0.026375 -0.048394
v -0.030624 0.031581 -0.041242
v 0.083009 0.021503 -0.018163
v 0.071171 0.011942 -0.028028
v -0.057119 0.034024 -0.027878
v -0.056652 0.033420 -0.029656
v -0.025311 0.019136 -0.049377
v 0.068632 0.021751 -0.027888
v -0.026820 0.017944 -0.049057
v -0.020731 0.021617 -0.014439
v -0.024286 0.030747 -0.041165
v 0.070364 0.024719 -0.026419
v -0.060492 0.033655 -0.027812
v 0.070753 0.018000 -0.027888
v 0.062695 0.015177 -0.032770
v 0.063651 0.012067 -0.031968
v -0.083525 0.028412 -0.000652
v 0.053638 0.010698 -0.035603
v 0.049852 0.014401 -0.037804
v 0.046541 0.014086 -0.038545
v -0.071808 0.026256 -0.031125
v 0.046141 0.016159 -0.038706
v 0.044601 0.015436 -0.039193
v 0.043197 0.013944 -0.039544
v 0.076326 0.010921 -0.024941
v 0.071840 0.015565 -0.027749
v 0.067193 0.014359 -0.030253
v 0.072578 0.010182 -0.026883
v 0.044099 0.008816 -0.037626
v 0.044829 0.007437 -0.036512
v 0.048770 0.019413 -0.036948
v 0.080826 0.017425 -0.021259
v 0.078212 0.016624 -0.023354
v 0.070502 0.020826 -0.027461
v 0.074371 0.029060 -0.013250
v -0.094077 0.017179 0.008584
v -0.092435 0.012978 0.049026
v 0.072939 0.029531 -0.014475
v 0.085620 0.018578 -0.016387
v 0.087106 0.018614 -0.014992
v 0.087939 0.019470 -0.013855
v 0.084650 0.013587 -0.019411
v 0.082894 0.014484 -0.021179
v 0.069250 0.019506 -0.028188
v 0.090752 0.010878 0.000619
v 0.094577 0.012869 0.000707
v 0.095058 0.012004 -0.000607
v 0.076981 0.017927 -0.023649
v 0.082153 0.014067 -0.021752
v 0.076265 0.020207 -0.023773
v 0.074464 0.020277 -0.025245
v 0.066043 0.015199 -0.030839
v 0.075290 0.018512 -0.024771
v 0.065270 0.014220 -0.031432
v -0.068492 0.004512 0.005239
v -0.065494 0.008129 0.007300
v -0.089724 0.019419 -0.013704
v 0.086643 0.016841 -0.016071
v 0.054245 0.031400 -0.026594
v 0.085625 0.016069 -0.017600
v -0.067042 0.010732 0.009268
v -0.067611 0.012150 0.009611
v -0.070254 0.005620 0.010814
v -0.067397 0.006532 0.008435
v -0.067330 0.004884 0.007540
v 0.085936 0.012286 -0.017655
v 0.087408 0.014410 -0.016515
v 0.088020 0.013453 -0.015898
v -0.050543 0.019869 -0.005603
v 0.092476 0.013372 -0.010958
v 0.091898 0.011717 -0.011004
v -0.057507 0.015723 -0.000426
v 0.077237 0.009183 -0.023491
v 0.090682 0.015310 -0.012759
v 0.092647 0.014701 -0.010806
v 0.084953 0.014714 -0.019023
v 0.095849 0.012073 -0.005985
v 0.094928 0.012045 -0.007290
v 0.083155 0.012170 -0.020462
v 0.090200 0.012706 -0.013367
v 0.089875 0.014004 -0.014035
v 0.082066 0.010627 -0.020670
v 0.069705 0.030220 -0.009657
v 0.058879 0.009256 -0.032750
v 0.062021 0.009384 -0.031806
v -0.038970 0.004384 -0.012687
v -0.040264 0.003215 -0.012424
v -0.042524 0.004512 -0.012131
v 0.075079 0.016609 -0.025379
v -0.019175 0.028406 -0.047313
v 0.090673 0.008850 -0.010097
v -0.021105 0.020037 -0.049720
v -0.015384 0.018697 -0.014820
v -0.004988 0.017895 -0.049588
v 0.073127 0.017118 -0.026699
v -0.010658 0.026556 -0.047584
v -0.013046 0.020811 -0.049511
v -0.022237 0.018638 -0.049549
v 0.093011 0.010773 -0.008704
v 0.091107 0.010087 -0.010805
v 0.076574 0.016018 -0.024553
v -0.041676 0.030545 -0.039911
v 0.083735 0.017811 -0.018596
v 0.078874 0.018185 -0.022271
v -0.085560 0.018599 0.023453
v -0.031628 0.027344 -0.046975
v -0.061203 0.007680 0.002041
v -0.063111 0.008202 0.004513
v -0.068793 0.023607 -0.033404
v -0.010748 0.016595 -0.049831
v -0.008291 0.017471 -0.049797
v 0.066814 0.008379 -0.029204
v -0.039132 0.018544 -0.047511
v 0.074290 0.008935 -0.025323
v 0.071204 0.007416 -0.026340
v 0.075352 0.028457 -0.018219
v 0.066284 0.012761 -0.030790
v 0.065202 0.005089 -0.028335
v 0.065687 0.006580 -0.028905
v 0.059184 0.004502 -0.029640
v 0.061883 0.005512 -0.029803
v 0.009100 0.020776 -0.046861
v 0.080927 0.013248 -0.022572
v 0.079986 0.014319 -0.023228
v 0.093641 0.015436 -0.009441
v -0.040904 0.009872 -0.044358
v -0.003783 0.011002 -0.015254
v 0.054928 0.008774 -0.034032
v 0.009476 0.005021 -0.013779
v 0.048984 0.032536 -0.019259
v 0.009314 0.004438 -0.014253
v 0.051530 0.015501 -0.037182
v 0.051996 0.009120 -0.035259
v 0.052822 0.014154 -0.036819
v 0.050310 0.010358 -0.036551
v 0.048318 0.012023 -0.037855
v 0.051505 0.012433 -0.037049
v 0.054575 0.012822 -0.036095
v 0.091766 0.009385 -0.009258
v 0.094311 0.010789 -0.006901
v 0.049716 0.008346 -0.035564
v 0.047188 0.009711 -0.037146
v 0.046891 0.007769 -0.036034
v 0.043970 0.011425 -0.038876
v 0.054939 0.014710 -0.036194
v 0.057723 0.014173 -0.035125
v 0.057566 0.012908 -0.034917
v 0.062929 0.013697 -0.032562
v 0.061926 0.012765 -0.033056
v 0.055978 0.011567 -0.035167
v 0.056261 0.010219 -0.034416
v 0.060054 0.012671 -0.033896
v 0.059365 0.014210 -0.034444
v 0.058286 0.011203 -0.034055
v 0.070798 0.006047 -0.024252
v -0.007470 0.031726 -0.041030
v 0.073655 0.007169 -0.023613
v 0.064799 0.007806 -0.029807
v 0.064297 0.008929 -0.030614
v 0.068570 0.011455 -0.029313
v 0.070627 0.014651 -0.028385
v -0.038878 0.013515 -0.046411
v -0.041182 0.015579 -0.046578
v -0.040100 0.032274 -0.037568
v -0.042184 0.031600 -0.037572
v 0.078478 0.012225 -0.023952
v 0.076907 0.012281 -0.024987
v -0.061599 0.009268 -0.036333
v -0.019244 0.018342 -0.049682
v 0.068601 0.017793 -0.028881
v -0.093148 0.010723 0.017014
v -0.093138 0.011600 0.016278
v 0.080077 0.011201 -0.022548
v 0.080088 0.009610 -0.021651
v -0.061885 0.010622 0.003648
v 0.068250 0.009916 -0.029090
v 0.070142 0.010436 -0.028238
v -0.071379 0.017961 -0.032627
v -0.070044 0.019793 -0.033109
v 0.023461 0.032335 -0.026613
v -0.009274 0.013530 -0.049515
v 0.080235 0.015241 -0.022927
v -0.034864 0.003118 -0.014433
v 0.081200 0.015993 -0.022017
v -0.059986 0.004486 -0.000713
v -0.053967 0.004428 -0.006096
v -0.025418 0.004626 -0.015928
v -0.022677 0.004975 -0.016110
v -0.059684 0.004369 -0.003494
v -0.016697 0.004937 -0.016301
v -0.016892 0.003484 -0.017981
v 0.022538 0.031064 -0.013867
v 0.084816 0.015671 -0.018798
v 0.028708 0.030331 -0.011193
v 0.034898 0.029971 -0.009117
v 0.027419 0.030536 -0.011923
v 0.038021 0.029078 -0.006569
v 0.038477 0.030449 -0.008583
v 0.032456 0.030036 -0.010167
v 0.025822 0.031013 -0.013130
v 0.025481 0.029554 -0.009921
v 0.017340 0.030273 -0.012847
v 0.058554 0.022544 0.000265
v 0.055565 0.021432 -0.000176
v -0.096280 0.013759 0.045153
v -0.095756 0.012910 0.046263
v 0.051789 0.029672 -0.004285
v 0.039032 0.029528 -0.007306
v 0.029093 0.030072 -0.010380
v 0.063423 0.029277 -0.002979
v 0.025859 0.028883 -0.009174
v 0.014980 0.031224 -0.015422
v 0.048314 0.029520 -0.003601
v 0.054179 0.028844 -0.002098
v 0.045706 0.028851 -0.003983
v 0.059965 0.028571 -0.001320
v 0.060060 0.027564 -0.000463
v 0.063070 0.027308 0.000081
v 0.063385 0.026467 0.000559
v 0.064193 0.027371 0.000220
v 0.020265 0.030496 -0.013216
v -0.000857 0.034844 -0.029815
v 0.056947 0.028772 -0.001867
v 0.032015 0.028732 -0.007915
v 0.054053 0.029368 -0.003400
v 0.040125 0.030826 -0.008664
v 0.045722 0.029649 -0.005611
v 0.036480 0.030229 -0.008937
v 0.021703 0.030437 -0.012924
v 0.048756 0.028252 -0.002827
v 0.063557 0.029696 -0.004198
v 0.041522 0.028912 -0.005767
v 0.050392 0.029659 -0.004135
v 0.046072 0.030085 -0.006362
v 0.030494 0.029820 -0.009745
v 0.036602 0.030648 -0.010030
v 0.037934 0.031149 -0.009775
v 0.057917 0.020538 0.000216
v 0.030415 0.030529 -0.011146
v 0.028746 0.028288 -0.008221
v 0.029376 0.028884 -0.008559
v 0.016314 0.030728 -0.014021
v 0.011790 0.031780 -0.016725
v 0.015034 0.030044 -0.012552
v 0.051889 0.029613 -0.003539
v 0.018059 0.030905 -0.014012
v 0.012367 0.030113 -0.013525
v 0.021875 0.029838 -0.011405
v 0.023948 0.029831 -0.010614
v 0.023640 0.030226 -0.011466
v 0.030653 0.028288 -0.007825
v 0.034323 0.027042 -0.006161
v 0.021305 0.030964 -0.013885
v 0.021664 0.028434 -0.010041
v 0.022180 0.029010 -0.010251
v 0.029050 0.030863 -0.012252
v 0.035604 0.029749 -0.008148
v 0.020605 0.029962 -0.011663
v 0.019327 0.032774 -0.018052
v 0.044194 0.028890 -0.004699
v 0.010306 0.031545 -0.016487
v 0.016029 0.032082 -0.017005
v 0.013624 0.032110 -0.017253
v 0.028190 0.031431 -0.013779
v 0.034423 0.031078 -0.011502
v 0.057033 0.029923 -0.003964
v 0.045532 0.029394 -0.004922
v 0.066898 0.022505 -0.028414
v 0.049300 0.030554 -0.006649
v 0.008927 0.035031 -0.028695
v 0.055370 0.029147 -0.002598
v 0.050611 0.030220 -0.005628
v 0.049752 0.032952 -0.015761
v 0.033824 0.029808 -0.009315
v 0.023689 0.030673 -0.012733
v 0.032559 0.031142 -0.011840
v 0.026201 0.031644 -0.014639
v 0.057217 0.029367 -0.002996
v 0.046844 0.029852 -0.005362
v 0.024160 0.031531 -0.014507
v 0.025251 0.030293 -0.011396
v 0.056132 0.030242 -0.005080
v 0.035386 0.030315 -0.010052
v 0.041339 0.017638 -0.003179
v 0.022570 0.030207 -0.011943
v 0.022902 0.029956 -0.011215
v 0.026961 0.013556 -0.007877
v 0.055637 0.028555 -0.001757
v 0.027360 0.016513 -0.007327
v 0.091061 0.016495 0.001742
v 0.029345 0.015505 -0.007103
v 0.056761 0.032591 -0.012889
v 0.056621 0.007662 -0.001936
v 0.012729 0.029596 -0.012679
v 0.050017 0.026495 -0.001943
v 0.050416 0.027246 -0.002059
v 0.040010 0.029363 -0.007036
v 0.039602 0.028859 -0.006128
v 0.020229 0.028824 -0.010559
v 0.020312 0.028040 -0.010136
v 0.019117 0.028387 -0.010488
v 0.020716 0.030226 -0.012431
v 0.025749 0.006630 -0.039987
v 0.027661 0.027380 -0.008087
v 0.019836 0.031304 -0.014458
v 0.028174 0.028985 -0.008842
v 0.024816 0.028835 -0.009367
v 0.024702 0.021074 -0.008194
v 0.023003 0.022396 -0.008801
v 0.085870 0.022449 0.000480
v 0.087350 0.021430 0.000703
v 0.021506 0.030110 -0.012128
v 0.019535 0.030158 -0.012210
v 0.013125 0.030087 -0.013126
v 0.008781 0.029257 -0.013184
v 0.007339 0.029388 -0.013467
v 0.040403 0.030044 -0.007824
v 0.019542 0.029644 -0.011308
v 0.018326 0.029883 -0.011926
v 0.014994 0.030709 -0.014146
v 0.059103 0.031366 -0.009711
v -0.001708 0.029464 -0.014802
v 0.010567 0.030150 -0.013719
v 0.035321 0.028421 -0.006692
v 0.035154 0.029114 -0.007284
v 0.007414 0.030705 -0.015622
v 0.011903 0.030799 -0.015046
v 0.049512 0.029223 -0.003193
v 0.049201 0.029629 -0.003746
v 0.011476 0.032634 -0.018195
v 0.015751 0.032631 -0.018333
v 0.009537 0.032317 -0.018026
v 0.037409 0.033171 -0.012807
v 0.005683 0.029154 -0.013537
v -0.001714 0.030157 -0.015300
v 0.005804 0.030839 -0.015513
v 0.022640 0.029579 -0.010656
v 0.021097 0.029521 -0.010956
v 0.006718 0.023953 -0.012701
v 0.014113 0.029949 -0.012676
v 0.003541 0.030575 -0.015155
v -0.003601 0.027148 -0.014230
v -0.002394 0.028425 -0.014495
v 0.011784 0.028888 -0.012329
v 0.011437 0.029770 -0.013047
v 0.008438 0.031470 -0.017024
v -0.000728 0.030997 -0.017032
v 0.009150 0.029983 -0.013675
v 0.017026 0.029503 -0.011801
v 0.016024 0.030073 -0.012510
v 0.004242 0.031424 -0.016692
v 0.001618 0.029050 -0.014149
v 0.063762 0.014452 -0.032095
v 0.013717 0.030381 -0.013893
v 0.027130 0.029333 -0.009321
v 0.003680 0.028474 -0.013531
v 0.018105 0.028867 -0.011000
v 0.003551 0.029417 -0.014027
v 0.004424 0.030596 -0.015114
v -0.002883 0.025597 -0.013814
v -0.005034 0.025667 -0.014032
v 0.000457 0.030456 -0.015626
v 0.001453 0.025216 -0.013335
v 0.015078 0.029556 -0.012211
v 0.094378 0.019390 -0.001588
v -0.004485 0.030768 -0.015950
v -0.003108 0.029365 -0.014849
v 0.058328 0.014766 -0.034922
v 0.096532 0.013683 -0.000012
v 0.096918 0.013173 -0.001342
v 0.095613 0.013238 0.000173
v 0.009409 0.030622 -0.015056
v 0.003207 0.030258 -0.014729
v -0.006247 0.029378 -0.015023
v -0.005313 0.030375 -0.015485
v 0.066144 0.016540 -0.030568
v -0.003253 0.031766 -0.018921
v -0.009957 0.028370 -0.015108
v 0.014082 0.028746 -0.011824
v -0.007064 0.030385 -0.015779
v -0.006535 0.027444 -0.014567
v 0.057174 0.026635 -0.031759
v -0.010087 0.031161 -0.017989
v -0.005986 0.030906 -0.016240
v -0.008055 0.029596 -0.015474
v -0.009572 0.029416 -0.015609
v 0.021471 0.034872 -0.025672
v 0.020654 0.034567 -0.026389
v -0.004198 0.028687 -0.014688
v -0.008562 0.030260 -0.016017
v -0.010796 0.028911 -0.015366
v 0.011479 0.030201 -0.013720
v -0.011955 0.029295 -0.015491
v -0.014185 0.030812 -0.017695
v -0.011481 0.031203 -0.018189
v -0.012464 0.031766 -0.020266
v -0.012172 0.030763 -0.016981
v -0.008220 0.028515 -0.015077
v 0.015061 0.030415 -0.013261
v 0.011384 0.027636 -0.011931
v -0.006972 0.031410 -0.017436
v -0.009861 0.030366 -0.016400
v -0.004582 0.031176 -0.016812
v -0.000926 0.030580 -0.016013
v -0.008595 0.031390 -0.018185
v -0.000609 0.026944 -0.013745
v 0.001248 0.028132 -0.013776
v 0.002472 0.027083 -0.013315
v -0.006043 0.031991 -0.019714
v -0.006979 0.030872 -0.016407
v -0.012663 0.031062 -0.017898
v 0.015731 0.028525 -0.011207
v -0.010639 0.031743 -0.019698
v 0.016676 0.028900 -0.011217
v -0.006633 0.031933 -0.019099
v -0.009100 0.031892 -0.019703
v -0.007228 0.032350 -0.020928
v -0.005347 0.033530 -0.025627
v -0.005447 0.032071 -0.020449
v -0.007788 0.031847 -0.019101
v 0.016803 0.028306 -0.010832
v 0.057177 0.027757 -0.030664
v -0.003244 0.032476 -0.021724
v -0.002363 0.031315 -0.017577
v 0.057688 0.028333 -0.029501
v -0.004935 0.031778 -0.018592
v 0.002897 0.030714 -0.015694
v 0.002135 0.031405 -0.017289
v -0.003939 0.032046 -0.020229
v 0.015789 0.029169 -0.011740
v 0.000336 0.033863 -0.024266
v -0.076840 0.013034 -0.029774
v -0.004881 0.032636 -0.022629
v -0.001617 0.033044 -0.022543
v 0.003418 0.031841 -0.017997
v 0.001543 0.030648 -0.016001
v 0.013399 0.026922 -0.011302
v 0.000401 0.030823 -0.016622
v 0.008376 0.030285 -0.014403
v 0.017182 0.026403 -0.010283
v 0.015748 0.027540 -0.010757
v 0.022038 0.031581 -0.014956
v 0.054206 0.026906 -0.032743
v 0.018318 0.027575 -0.010330
v -0.001992 0.032085 -0.019874
v 0.005764 0.004929 -0.014653
v 0.004644 0.029991 -0.014234
v 0.006142 0.032730 -0.020113
v 0.014726 0.022346 -0.010818
v 0.004750 0.032139 -0.018703
v 0.000842 0.032924 -0.021190
v -0.012283 0.033296 -0.024575
v 0.007821 0.028496 -0.012770
v 0.015604 0.025638 -0.010507
v 0.000079 0.031672 -0.018311
v 0.002473 0.032228 -0.019075
v 0.027345 0.030005 -0.010379
v 0.013037 0.032649 -0.018266
v 0.017410 0.032473 -0.017818
v 0.010149 0.033945 -0.022876
v 0.017272 0.033269 -0.019321
v 0.017946 0.031851 -0.015883
v 0.009776 0.033007 -0.019224
v 0.023316 0.028539 -0.009619
v 0.023711 0.029228 -0.009994
v 0.018809 0.030468 -0.013084
v 0.027145 0.028552 -0.008640
v 0.011721 0.033928 -0.022331
v 0.013303 0.033836 -0.021196
v 0.032112 0.027450 -0.006953
v 0.051117 0.028749 -0.002573
v 0.001680 0.030300 -0.015119
v -0.010423 0.033687 -0.025471
v -0.009762 0.032610 -0.022143
v -0.011638 0.032852 -0.023329
v -0.000464 0.034165 -0.027036
v -0.002108 0.033576 -0.025235
v 0.067176 0.017726 -0.029565
v -0.007574 0.033290 -0.024103
v 0.004795 0.034509 -0.024617
v 0.003873 0.032964 -0.020885
v 0.033168 0.029617 -0.008887
v 0.009159 0.033330 -0.020669
v 0.008601 0.033757 -0.022084
v 0.033732 0.007378 -0.007161
v 0.061633 0.028855 -0.001799
v 0.037039 0.029643 -0.007446
v 0.036599 0.028777 -0.006567
v 0.008751 0.034383 -0.024095
v -0.003637 0.033770 -0.027101
v 0.000966 0.034251 -0.026006
v 0.008103 0.032614 -0.019178
v 0.022333 0.033268 -0.032388
v 0.003049 0.033806 -0.023118
v 0.013895 0.033141 -0.019271
v 0.002648 0.034350 -0.025499
v -0.008767 0.034190 -0.030216
v 0.042951 0.029626 -0.006718
v -0.003914 0.033327 -0.024917
v -0.002030 0.034046 -0.027814
v -0.005613 0.033957 -0.027586
v 0.001269 0.034515 -0.027663
v -0.007512 0.034134 -0.031036
v 0.047551 0.028948 -0.003438
v -0.003224 0.034430 -0.029848
v -0.003099 0.034243 -0.028804
v -0.001098 0.034470 -0.028537
v -0.004197 0.034314 -0.031146
v 0.060127 0.027764 -0.029627
v 0.041092 0.029411 -0.006849
v 0.002894 0.034750 -0.028407
v 0.003593 0.034558 -0.026949
v -0.007153 0.034147 -0.028989
v 0.014507 0.034125 -0.022371
v 0.015487 0.033893 -0.020852
v 0.007587 0.033291 -0.020987
v 0.059301 0.029572 -0.003181
v 0.016624 0.034427 -0.022393
v 0.021347 0.032918 -0.018316
v 0.037703 0.028307 -0.005989
v 0.038757 0.027928 -0.005544
v 0.004284 0.034578 -0.025750
v 0.011405 0.033386 -0.020343
v 0.039320 0.027094 -0.004959
v 0.012303 0.034274 -0.025502
v 0.022668 0.033766 -0.020251
v 0.051290 0.029868 -0.004732
v 0.013190 0.034043 -0.022380
v 0.063321 0.028530 -0.001512
v 0.011180 0.034196 -0.024087
v 0.006215 0.033965 -0.022615
v 0.055804 0.024307 -0.000472
v 0.058631 0.029044 -0.002098
v 0.050609 0.025591 -0.001595
v 0.035881 0.033223 -0.012809
v 0.035153 0.033631 -0.017076
v 0.034102 0.030077 -0.010152
v 0.032701 0.032546 -0.014635
v 0.021090 0.032209 -0.016474
v 0.037362 0.030662 -0.009331
v 0.025288 0.033430 -0.019002
v -0.093526 0.014848 0.031057
v 0.026017 0.034014 -0.020592
v 0.033811 0.028219 -0.006959
v 0.023504 0.032221 -0.016229
v 0.068917 0.025789 -0.026573
v 0.025653 0.032265 -0.016103
v 0.034171 0.032895 -0.014367
v 0.041877 0.030122 -0.007672
v 0.036998 0.027128 -0.005607
v 0.032508 0.032909 -0.015949
v 0.020375 0.033823 -0.020196
v 0.030177 0.032430 -0.015624
v 0.063568 0.024266 -0.029691
v 0.035772 0.027915 -0.006242
v 0.027138 0.032958 -0.017386
v 0.024979 0.032754 -0.017341
v 0.043855 0.026735 -0.003575
v 0.033612 0.030503 -0.010911
v 0.022347 0.033342 -0.019259
v 0.029348 0.033383 -0.018187
v 0.047729 0.029874 -0.004757
v 0.035301 0.033340 -0.014556
v 0.030595 0.031444 -0.012973
v 0.033646 0.032397 -0.013481
v 0.034603 0.030481 -0.010822
v 0.047494 0.031103 -0.008879
v 0.065350 0.029581 -0.004256
v 0.058499 0.030978 -0.008192
v 0.060472 0.031138 -0.008956
v 0.058789 0.030808 -0.006620
v 0.054118 0.030990 -0.008863
v 0.088290 0.022528 -0.001943
v 0.062431 0.029856 -0.004029
v 0.044576 0.029524 -0.005893
v 0.054794 0.027839 -0.001516
v 0.053547 0.030577 -0.006675
v -0.087397 0.012450 0.048649
v 0.070757 0.029083 -0.003824
v 0.066651 0.028975 -0.002094
v 0.054669 0.030386 -0.005670
v 0.048355 0.030793 -0.007703
v 0.045129 0.030535 -0.007439
v 0.073174 0.026920 0.000115
v 0.043480 0.030888 -0.008202
v 0.063027 0.030318 -0.005590
v 0.058197 0.029845 -0.003728
v 0.032357 0.032022 -0.013487
v 0.041448 0.031125 -0.008763
v 0.069370 0.014554 0.002492
v 0.041571 0.032262 -0.011136
v 0.010275 0.029404 -0.012982
v 0.042238 0.032390 -0.012293
v 0.050361 0.030522 -0.006781
v 0.034702 0.032644 -0.012773
v 0.033950 0.031916 -0.012408
v 0.052838 0.029555 -0.003897
v 0.054106 0.029903 -0.004742
v 0.058070 0.030643 -0.005675
v 0.048499 0.029830 -0.004214
v 0.046227 0.027932 -0.003408
v 0.060548 0.030247 -0.004232
v 0.050996 0.031389 -0.010396
v 0.044222 0.028054 -0.004054
v 0.030110 0.027267 -0.007394
v 0.048677 0.030107 -0.005268
v 0.034174 0.033353 -0.016098
v 0.057877 0.016932 -0.034585
v 0.036801 0.033583 -0.014270
v 0.046357 0.030978 -0.008286
v 0.046834 0.030684 -0.007563
v 0.042507 0.028307 -0.004644
v 0.052256 0.029940 -0.005286
v 0.044968 0.032123 -0.011315
v 0.094351 0.019236 -0.002434
v 0.043011 0.029039 -0.005425
v 0.045616 0.031549 -0.009336
v 0.066444 0.029119 -0.003126
v 0.043224 0.032231 -0.011325
v 0.032499 0.033264 -0.017363
v 0.043699 0.032220 -0.012178
v 0.073991 0.028301 -0.002422
v 0.054024 0.032179 -0.012267
v 0.049664 0.031282 -0.009706
v 0.062166 0.027704 -0.000363
v 0.056625 0.016794 -0.035022
v 0.061306 0.027540 -0.000359
v 0.022138 0.010594 -0.009709
v 0.043401 0.032424 -0.013182
v 0.046846 0.032422 -0.013332
v 0.058544 0.032023 -0.011046
v 0.065611 0.012646 0.002458
v 0.024019 0.008098 -0.009770
v 0.056772 0.032219 -0.011406
v 0.047370 0.033002 -0.015038
v 0.044818 0.032473 -0.013759
v -0.047008 0.009566 -0.041704
v -0.031710 0.007171 -0.042167
v -0.037821 0.009964 -0.044971
v 0.058470 0.030335 -0.004530
v 0.027611 0.032117 -0.015523
v 0.060887 0.015572 -0.033753
v 0.041319 0.032692 -0.013586
v 0.036902 0.033757 -0.016136
v 0.037857 0.033638 -0.014930
v 0.037466 0.032326 -0.011692
v 0.031435 0.033478 -0.018906
v 0.035651 0.033622 -0.015568
v 0.040549 0.028120 -0.005112
v 0.044668 0.033448 -0.016661
v 0.033580 0.033472 -0.018007
v 0.093971 0.014380 -0.009161
v 0.038116 0.033587 -0.017764
v 0.041911 0.033403 -0.016164
v 0.039156 0.033623 -0.015888
v 0.037577 0.033740 -0.018708
v 0.038991 0.033790 -0.017148
v 0.037991 0.033730 -0.016934
v 0.038760 0.034279 -0.020435
v 0.036592 0.034134 -0.021817
v 0.036621 0.033943 -0.019868
v 0.055155 0.030707 -0.007400
v 0.022384 0.027770 -0.009571
v 0.043684 0.033574 -0.017901
v 0.065605 0.024810 -0.028435
v 0.042556 0.033681 -0.017177
v 0.064624 0.031446 -0.010454
v 0.057615 0.032347 -0.011882
v 0.074480 0.027895 -0.001660
v 0.074117 0.027398 -0.000717
v 0.055681 0.032867 -0.014063
v 0.060138 0.017360 -0.033640
v 0.048421 0.031157 -0.009501
v -0.088884 0.012755 0.049415
v -0.090076 0.012333 0.049809
v 0.040336 0.033853 -0.017159
v 0.020626 0.027181 -0.009831
v 0.069299 0.029423 -0.005488
v 0.043454 0.033417 -0.016700
v 0.046635 0.032129 -0.012285
v 0.067902 0.028656 -0.001292
v 0.040844 0.033041 -0.014835
v 0.070241 0.030044 -0.008828
v 0.041002 0.034077 -0.020621
v 0.037579 0.034026 -0.019559
v 0.040519 0.034146 -0.022081
v 0.091398 0.013230 0.002072
v 0.039591 0.033560 -0.026295
v 0.045763 0.033472 -0.017262
v 0.042127 0.033216 -0.023140
v 0.036628 0.033648 -0.025502
v 0.001296 0.021057 -0.013138
v 0.060480 0.030915 -0.007494
v 0.035762 0.033340 -0.027025
v 0.043515 0.032690 -0.022973
v 0.038656 0.034155 -0.023460
v 0.039033 0.033543 -0.028013
v 0.051256 0.032837 -0.018610
v 0.053309 0.032935 -0.020078
v 0.052600 0.032097 -0.026071
v 0.054043 0.027818 -0.032009
v 0.042153 0.032111 -0.030144
v 0.065544 0.018538 -0.030180
v 0.033082 0.033805 -0.022876
v 0.034524 0.033800 -0.021006
v 0.043033 0.032673 -0.027895
v 0.040917 0.033768 -0.018205
v 0.048522 0.032039 -0.020735
v 0.039565 0.034215 -0.022836
v 0.034229 0.033519 -0.026021
v 0.051869 0.032574 -0.022298
v 0.024101 0.031302 -0.026829
v 0.024305 0.032185 -0.026098
v 0.064081 0.031310 -0.021675
v 0.045159 0.028342 -0.034892
v 0.019157 0.034557 -0.026262
v 0.054234 0.033078 -0.018391
v 0.056432 0.032841 -0.017588
v 0.047748 0.033295 -0.016286
v 0.087177 0.023369 -0.009582
v 0.085864 0.024031 -0.009134
v 0.059190 0.031232 -0.024113
v 0.083897 0.024538 -0.005643
v 0.069227 0.030022 -0.015501
v 0.062020 0.031269 -0.018045
v 0.058397 0.032266 -0.019157
v 0.055699 0.032853 -0.020179
v 0.022365 0.034951 -0.025637
v 0.055222 0.032512 -0.022494
v 0.051780 0.032537 -0.024998
v 0.053300 0.032668 -0.021921
v 0.049632 0.032163 -0.021854
v 0.048877 0.032208 -0.023883
v 0.048023 0.030053 -0.031314
v 0.040292 0.032834 -0.030392
v 0.046533 0.032090 -0.023986
v 0.039551 0.033418 -0.029232
v 0.047628 0.031376 -0.028085
v 0.046975 0.031836 -0.026644
v 0.062129 0.023010 -0.030812
v 0.046388 0.030959 -0.029755
v 0.050137 0.031639 -0.027622
v 0.050772 0.032149 -0.026579
v 0.048972 0.031682 -0.027256
v 0.051577 0.032597 -0.021163
v 0.065988 0.030432 -0.022241
v 0.057955 0.029927 -0.026533
v 0.064126 0.029935 -0.024516
v 0.051562 0.031356 -0.027992
v 0.050240 0.028605 -0.032837
v 0.051159 0.027699 -0.033527
v 0.052484 0.028652 -0.031750
v 0.092108 0.009356 -0.003051
v 0.053042 0.027602 -0.032766
v 0.058345 0.027873 -0.030060
v 0.059203 0.028232 -0.028920
v 0.062193 0.027792 -0.028313
v 0.066686 0.028830 -0.024869
v 0.073398 0.025939 -0.023956
v 0.074352 0.026107 -0.022793
v 0.069627 0.027250 -0.025521
v 0.067316 0.026182 -0.027131
v 0.065630 0.029255 -0.024555
v 0.070141 0.027820 -0.024587
v 0.070933 0.028204 -0.023167
v 0.048831 0.026073 -0.002227
v 0.062353 0.028229 -0.000980
v 0.055983 0.028867 -0.029560
v 0.067237 0.027357 -0.026556
v 0.041394 0.018094 -0.039592
v 0.042825 0.016607 -0.039632
v 0.048748 0.028111 -0.034016
v 0.048461 0.028982 -0.033027
v 0.066288 0.028322 -0.000857
v 0.068865 0.030237 -0.008720
v 0.052814 0.024761 -0.000977
v 0.050283 0.029434 -0.031484
v 0.056641 0.027892 -0.001312
v 0.067399 0.004717 -0.024545
v 0.069353 0.005101 -0.019524
v 0.068165 0.005299 -0.026096
v 0.047445 0.028589 -0.033970
v 0.043679 0.028670 -0.034756
v 0.055043 0.030326 -0.028025
v 0.043820 0.029747 -0.032600
v 0.045010 0.026206 -0.036027
v 0.044542 0.029236 -0.033479
v 0.059679 0.028999 -0.027043
v 0.057822 0.028979 -0.028065
v 0.056368 0.030693 -0.026287
v 0.050741 0.032454 -0.022883
v 0.068173 0.028069 -0.025457
v 0.068391 0.027447 -0.025976
v 0.043569 0.029242 -0.033715
v 0.041529 0.028683 -0.035360
v 0.054923 0.023382 -0.033865
v 0.043909 0.030868 -0.030864
v 0.056559 0.029847 -0.027629
v 0.064290 0.031181 -0.020464
v 0.067652 0.025412 0.001065
v 0.060012 0.030225 -0.025363
v 0.046154 0.031549 -0.028116
v 0.054504 0.032077 -0.024382
v 0.056585 0.031397 -0.024779
v 0.065745 0.030688 -0.021221
v 0.045990 0.031957 -0.022502
v 0.070650 0.029651 -0.017423
v 0.075962 0.028397 -0.012341
v 0.053071 0.026677 -0.001353
v 0.061805 0.030810 -0.024160
v 0.074181 0.029262 -0.016679
v -0.086491 0.008543 0.047575
v -0.086809 0.009472 0.048449
v -0.085853 0.009352 0.047199
v -0.087232 0.008770 0.048475
v 0.067693 0.029954 -0.021222
v 0.053086 0.022499 -0.000638
v 0.067778 0.016557 -0.029656
v 0.041769 0.033851 -0.019967
v 0.042047 0.033768 -0.018840
v 0.068436 0.023830 0.001288
v 0.084024 0.024380 -0.007199
v 0.085627 0.023522 -0.006526
v 0.084479 0.024384 -0.008573
v 0.076468 0.028180 -0.010097
v 0.072220 0.029657 -0.016214
v 0.074872 0.028830 -0.010804
v -0.015921 0.006467 -0.015756
v 0.078209 0.027262 -0.011412
v 0.072026 0.029293 -0.019112
v 0.033945 0.033328 -0.029014
v 0.088619 0.022277 -0.007133
v 0.077354 0.027686 -0.004073
v 0.074185 0.028878 -0.007233
v 0.076621 0.028151 -0.006092
v 0.080660 0.026199 -0.006759
v 0.067109 0.029011 -0.003816
v 0.089851 0.021567 -0.007620
v 0.069087 0.028970 -0.002824
v 0.068063 0.028880 -0.002083
v 0.068536 0.021406 0.001689
v 0.057440 0.031545 -0.009682
v 0.055605 0.029648 -0.003711
v 0.052841 0.028232 -0.001989
v 0.054148 0.029168 -0.002633
v -0.002722 0.025873 -0.046783
v 0.067667 0.028988 -0.002924
v 0.072123 0.026047 0.000818
v 0.081383 0.025538 -0.001392
v 0.083204 0.024767 -0.001843
v 0.077759 0.026037 0.000355
v 0.041530 0.027375 -0.004397
v 0.069880 0.029767 -0.007287
v 0.072576 0.029560 -0.017642
v 0.074376 0.028913 -0.012017
v 0.072856 0.029487 -0.012128
v 0.078687 0.027300 -0.005748
v 0.060251 0.030733 -0.005788
v 0.035256 0.026051 -0.005599
v 0.032282 0.020518 -0.006168
v 0.067993 0.029892 -0.006992
v 0.050033 0.031889 -0.011799
v -0.084722 0.008434 0.042710
v -0.084627 0.009878 0.043248
v 0.052291 0.032307 -0.013438
v 0.062017 0.030788 -0.007012
v 0.054470 0.028481 -0.030993
v 0.065749 0.030245 -0.006738
v 0.078475 0.027550 -0.007291
v 0.071623 0.029328 -0.006143
v 0.052713 0.031538 -0.010833
v 0.080038 0.026495 -0.008769
v 0.065381 0.030841 -0.008652
v 0.059727 0.032046 -0.011835
v 0.060268 0.031692 -0.010563
v 0.051429 0.032734 -0.015170
v 0.061936 0.031056 -0.008348
v 0.059530 0.031917 -0.011064
v 0.072221 0.028649 -0.002616
v 0.045772 0.025111 -0.002879
v 0.070826 0.030078 -0.010580
v 0.070691 0.030227 -0.013136
v 0.073214 0.029238 -0.009636
v 0.037591 0.025968 -0.005008
v 0.078418 0.027355 -0.009112
v 0.079919 0.026401 -0.004194
v 0.067031 0.030503 -0.015572
v 0.073804 0.029083 -0.011188
v 0.074070 0.028619 -0.004348
v 0.062332 0.031406 -0.009793
v 0.075028 0.028694 -0.009132
v 0.032135 0.028101 -0.007384
v 0.067049 0.030593 -0.009070
v 0.058850 0.018695 -0.033762
v 0.076560 0.028263 -0.008127
v 0.067378 0.029385 -0.005142
v 0.043542 0.025299 -0.003302
v 0.082319 0.025537 -0.011293
v 0.065448 0.031327 -0.012530
v 0.043091 0.027582 -0.004107
v 0.049161 0.027152 -0.034517
v 0.064407 0.031306 -0.014024
v 0.064048 0.031011 -0.015467
v 0.069940 0.030077 -0.014980
v 0.063749 0.031584 -0.012666
v 0.046113 0.025121 -0.036258
v 0.059887 0.031880 -0.017865
v 0.069195 0.030553 -0.011769
v 0.067219 0.030850 -0.011440
v 0.063138 0.030966 -0.016610
v 0.073510 0.029143 -0.018358
v 0.065316 0.030895 -0.015258
v 0.058690 0.032262 -0.016513
v 0.046926 0.031987 -0.021164
v 0.057895 0.032302 -0.021061
v 0.049413 0.033071 -0.017248
v 0.064961 0.030753 -0.018721
v 0.053322 0.030705 -0.028401
v 0.047710 0.031919 -0.022627
v 0.043498 0.032797 -0.021643
v 0.035231 0.034082 -0.022725
v 0.046052 0.033262 -0.015892
v 0.063736 0.030931 -0.008136
v 0.059747 0.032094 -0.014011
v 0.057195 0.032680 -0.014875
v 0.055296 0.031799 -0.010578
v 0.038989 0.027392 -0.037222
v 0.056181 0.031069 -0.008522
v 0.055219 0.030510 -0.006275
v 0.062657 0.027173 -0.028875
v 0.061439 0.026507 -0.029924
v 0.063594 0.026178 -0.029036
v 0.048042 0.032487 -0.013357
v 0.047820 0.032008 -0.011711
v 0.048733 0.031045 -0.008868
v 0.047937 0.031548 -0.010250
v 0.046665 0.031926 -0.010936
v 0.050065 0.032565 -0.014047
v 0.032227 0.023420 -0.006141
v 0.056831 0.030690 -0.006755
v 0.007722 0.030029 -0.014040
v 0.044372 0.033113 -0.015501
v 0.051781 0.031029 -0.008887
v 0.025507 0.023326 -0.008325
v 0.046114 0.032302 -0.013205
v 0.039270 0.033647 -0.018317
v 0.040250 0.033876 -0.019545
v 0.047533 0.032902 -0.018648
v 0.008835 0.022914 -0.012249
v 0.048718 0.032936 -0.014999
v 0.002957 0.023402 -0.013145
v 0.011053 0.025347 -0.011756
v 0.033127 0.033587 -0.019562
v 0.071105 0.029696 -0.007750
v 0.049983 0.030722 -0.007967
v 0.009952 0.028526 -0.012545
v 0.053367 0.032518 -0.023349
v -0.074487 0.016641 -0.030942
v 0.000107 0.029811 -0.014856
v 0.065414 0.030704 -0.016666
v -0.009228 0.027385 -0.014698
v 0.042148 0.033776 -0.017877
v -0.009020 0.021931 -0.013869
v 0.060928 0.031582 -0.016264
v -0.008291 0.016951 -0.014580
v -0.006203 0.017818 -0.014084
v 0.058086 0.030745 -0.025301
v 0.070793 0.029938 -0.015147
v 0.060606 0.031758 -0.019403
v 0.059541 0.032019 -0.020509
v 0.048906 0.032877 -0.018259
v 0.047393 0.033276 -0.017736
v 0.045671 0.033121 -0.018765
v 0.043421 0.033289 -0.019743
v 0.045273 0.032340 -0.020794
v 0.050428 0.032449 -0.024172
v 0.024482 0.030801 -0.027395
v 0.029289 0.019980 -0.006846
v 0.023275 0.032789 -0.018140
v 0.039621 0.031508 -0.009559
v 0.026595 0.032156 -0.025868
v 0.047140 0.032397 -0.019778
v 0.026897 0.031500 -0.026637
v 0.025989 0.031087 -0.026382
v 0.027714 0.031778 -0.027708
v 0.025247 0.031659 -0.026002
v 0.026178 0.030751 -0.027216
v 0.023195 0.031812 -0.029139
v 0.024802 0.030855 -0.027870
v 0.025123 0.030661 -0.027007
v 0.020813 0.034425 -0.022024
v 0.053865 0.029472 -0.029767
v 0.006890 0.027209 -0.012633
v 0.013064 0.026931 -0.044403
v -0.001377 0.029417 -0.045073
v 0.000257 0.029193 -0.044957
v 0.038156 0.033128 -0.030896
v -0.004147 0.030676 -0.043195
v 0.000961 0.029912 -0.044083
v 0.005445 0.025158 -0.046129
v 0.005910 0.028217 -0.012993
v 0.003019 0.023905 -0.047024
v -0.000521 0.025337 -0.046631
v -0.002017 0.021993 -0.013287
v 0.034315 0.026667 -0.039136
v 0.022420 0.027222 -0.042317
v 0.051861 0.029960 -0.029862
v 0.042254 0.015568 -0.039994
v 0.041601 0.020252 -0.038878
v 0.044933 0.018439 -0.038416
v 0.038018 0.026421 -0.038139
v 0.034444 0.027626 -0.038523
v 0.027946 0.016601 -0.043569
v 0.028339 0.014706 -0.043515
v 0.046956 0.019602 -0.037460
v -0.007836 0.025700 -0.014166
v 0.029714 0.029572 -0.038501
v 0.040461 0.022831 -0.038607
v 0.040155 0.025302 -0.037963
v 0.042050 0.027750 -0.036250
v 0.044521 0.027541 -0.035645
v 0.031399 0.028825 -0.038680
v 0.043355 0.024523 -0.037316
v 0.035957 0.025908 -0.039035
v 0.002040 0.029766 -0.014534
v 0.035982 0.027197 -0.038262
v 0.032569 0.026865 -0.039653
v 0.033294 0.027496 -0.039028
v 0.042110 0.029697 -0.033793
v 0.032399 0.029452 -0.037512
v 0.021986 0.028105 -0.041914
v 0.017843 0.028868 -0.042347
v 0.018916 0.023588 -0.044507
v 0.040783 0.016258 -0.040527
v 0.041579 0.016718 -0.040127
v 0.015486 0.023959 -0.045114
v 0.014661 0.028381 -0.043256
v -0.000991 0.026943 -0.046146
v -0.073811 0.013934 -0.032255
v 0.002333 0.030350 -0.043750
v 0.019704 0.027726 -0.042565
v 0.031727 0.027950 -0.039331
v 0.014508 0.027358 -0.043859
v 0.004780 0.027384 -0.013038
v 0.015468 0.025823 -0.044395
v 0.021294 0.029615 -0.040692
v 0.022966 0.028987 -0.041166
v 0.012612 0.028066 -0.043825
v 0.022650 0.021309 -0.043816
v 0.004809 0.025569 -0.012903
v -0.008745 0.030816 -0.017056
v 0.014700 0.030755 -0.040741
v 0.013771 0.024703 -0.045220
v 0.019681 0.030112 -0.040468
v 0.005405 0.030010 -0.043886
v 0.016135 0.028759 -0.042799
v -0.010932 0.029863 -0.015831
v 0.007788 0.029635 -0.043737
v 0.008071 0.022149 -0.046765
v -0.001290 0.028351 -0.045735
v 0.014240 0.030084 -0.041642
v 0.012679 0.029191 -0.042897
v -0.014609 0.029847 -0.015519
v -0.015040 0.026617 -0.014338
v -0.011350 0.028076 -0.014801
v -0.009392 0.024187 -0.013938
v -0.013068 0.025280 -0.014066
v 0.017933 0.030266 -0.041007
v 0.018893 0.031769 -0.038306
v 0.024296 0.029649 -0.040351
v 0.019916 0.026074 -0.043424
v -0.010684 0.026223 -0.014301
v 0.020895 0.030434 -0.039714
v 0.026734 0.029389 -0.040059
v -0.075006 0.014613 -0.031328
v 0.025207 0.030196 -0.039416
v 0.027114 0.030378 -0.038494
v 0.039798 0.028115 -0.036354
v 0.033292 0.028469 -0.038300
v 0.034340 0.029191 -0.037030
v 0.029675 0.028628 -0.039656
v 0.045553 0.029973 -0.031912
v 0.008011 0.025513 -0.012441
v 0.019399 0.029284 -0.041467
v -0.077832 0.027230 -0.022398
v 0.020657 0.028595 -0.041750
v 0.022957 0.029597 -0.040514
v 0.042363 0.026397 -0.036739
v 0.029159 0.030405 -0.037394
v 0.024580 0.031142 -0.037876
v 0.019287 0.030929 -0.039500
v 0.003635 0.029368 -0.044518
v 0.001733 0.029395 -0.044640
v 0.015980 0.030670 -0.040849
v 0.032073 0.031646 -0.034296
v 0.022920 0.030303 -0.039595
v 0.033794 0.030397 -0.035662
v 0.083849 0.024897 -0.014452
v 0.085042 0.024353 -0.013297
v 0.037103 0.031016 -0.034399
v 0.027198 0.031457 -0.028230
v 0.025202 0.032135 -0.035722
v -0.062768 0.006179 0.003271
v 0.014907 0.029235 -0.042517
v 0.008182 0.031595 -0.041279
v -0.004358 0.021993 -0.013392
v -0.002800 0.030311 -0.043942
v 0.040181 0.026870 -0.037144
v 0.004466 0.030771 -0.043367
v 0.002344 0.032153 -0.041342
v -0.023853 0.016600 -0.049112
v -0.004096 0.026593 -0.046804
v -0.002484 0.027221 -0.046338
v -0.003711 0.028059 -0.046269
v 0.003355 0.031568 -0.042403
v -0.004073 0.029870 -0.045134
v -0.002615 0.029053 -0.045665
v -0.002402 0.031426 -0.041489
v -0.001934 0.032005 -0.040605
v -0.002900 0.029723 -0.045156
v -0.002059 0.029996 -0.044421
v -0.001765 0.030470 -0.043345
v -0.000568 0.029972 -0.044177
v -0.005144 0.031600 -0.041501
v -0.000569 0.032293 -0.040287
v -0.006268 0.032389 -0.040096
v -0.004359 0.032222 -0.040406
v 0.010671 0.034114 -0.035296
v 0.005801 0.031787 -0.041754
v 0.025304 0.031131 -0.028578
v 0.021080 0.032965 -0.030587
v 0.027736 0.031992 -0.027047
v 0.029638 0.033255 -0.027529
v 0.025677 0.030725 -0.027948
v 0.024230 0.031313 -0.028579
v 0.023775 0.031208 -0.028078
v 0.029196 0.033127 -0.029534
v 0.026509 0.030941 -0.027967
v 0.021811 0.032171 -0.029052
v 0.022215 0.033267 -0.033655
v -0.061827 0.017088 -0.039385
v 0.027992 0.033253 -0.030530
v 0.037642 0.033450 -0.027160
v 0.020324 0.033451 -0.032699
v -0.010763 0.030025 -0.042527
v 0.035549 0.033332 -0.028603
v 0.051365 0.029375 -0.003089
v -0.045677 0.018278 -0.045549
v 0.050302 0.022580 -0.001244
v 0.035997 0.029449 -0.036152
v 0.061699 0.027016 -0.000014
v 0.034696 0.031658 -0.033865
v 0.030203 0.033357 -0.029808
v 0.051881 0.032619 -0.023446
v 0.059851 0.025555 0.000164
v 0.019251 0.028557 -0.042081
v 0.033911 0.032374 -0.032704
v 0.030015 0.032519 -0.033451
v 0.023981 0.033190 -0.032716
v 0.060088 0.029166 -0.002320
v 0.011343 0.030357 -0.041976
v 0.010213 0.029599 -0.043071
v 0.008925 0.030250 -0.042835
v 0.051442 0.030555 -0.006849
v -0.051670 0.034172 -0.021309
v 0.007486 0.032105 -0.040655
v 0.006994 0.030795 -0.042845
v 0.058235 0.027138 -0.000678
v 0.054074 0.019236 0.000044
v 0.001206 0.032188 -0.040970
v 0.053122 0.020552 -0.000308
v 0.015395 0.032080 -0.038541
v 0.047390 0.027041 -0.002812
v 0.012527 0.033785 -0.035434
v 0.019888 0.032352 -0.036822
v 0.018512 0.032948 -0.035490
v -0.032430 0.007730 -0.013995
v 0.056111 0.026517 -0.000874
v -0.034537 0.007230 -0.013619
v 0.023680 0.032810 -0.034674
v 0.009001 0.032488 -0.039870
v 0.064483 0.017316 -0.031325
v 0.009103 0.030852 -0.042029
v 0.061202 0.028153 -0.000786
v 0.004362 0.032577 -0.040694
v -0.002680 0.032350 -0.040007
v 0.051876 0.029204 -0.002676
v -0.003902 0.029204 -0.045662
v 0.021135 0.032951 -0.035174
v 0.007146 0.034078 -0.037083
v 0.006813 0.032634 -0.039950
v 0.007903 0.033254 -0.038634
v -0.048060 0.006061 -0.029785
v 0.019598 0.033329 -0.034018
v 0.037556 0.029505 -0.035672
v 0.068514 0.029093 -0.003880
v 0.029381 0.033029 -0.028532
v 0.022656 0.032226 -0.036483
v 0.075123 0.027610 -0.001244
v 0.001339 0.027800 -0.045541
v 0.037437 0.033415 -0.029377
v 0.025426 0.033099 -0.032680
v 0.024336 0.033049 -0.033516
v 0.025733 0.032742 -0.033929
v 0.065388 0.029127 -0.002818
v 0.030448 0.027271 -0.040223
v 0.065260 0.027809 -0.000135
v 0.029919 0.033438 -0.031370
v 0.033504 0.032892 -0.031626
v 0.045246 0.032252 -0.024227
v -0.030299 0.025925 -0.047701
v 0.027089 0.032998 -0.032810
v 0.047064 0.027208 -0.035082
v 0.031371 0.033427 -0.029654
v 0.038504 0.033663 -0.025515
v 0.047935 0.026201 -0.035326
v 0.036387 0.033089 -0.031053
v 0.037003 0.034208 -0.023509
v 0.035004 0.032825 -0.031710
v 0.034079 0.033331 -0.027661
v 0.029308 0.033451 -0.030557
v 0.032847 0.033386 -0.029731
v 0.030567 0.033423 -0.030423
v 0.031889 0.032694 -0.032495
v 0.066995 0.005260 -0.000320
v 0.069548 0.006878 0.000966
v 0.069697 0.004905 -0.000545
v 0.034574 0.033185 -0.030306
v 0.026359 0.031360 -0.028853
v 0.025290 0.031826 -0.029611
v 0.024513 0.032372 -0.030411
v 0.024307 0.032980 -0.031555
v 0.030451 0.033111 -0.032130
v -0.040942 0.028711 -0.011923
v 0.028820 0.033097 -0.032603
v 0.025529 0.032606 -0.030678
v 0.028852 0.032742 -0.027924
v 0.039006 0.032245 -0.032265
v 0.070234 0.026882 0.000454
v 0.036342 0.032520 -0.032485
v 0.071033 0.027440 -0.000081
v 0.032304 0.033864 -0.024647
v 0.064618 0.028211 -0.000988
v 0.067212 0.027579 0.000110
v -0.029907 0.019957 -0.014291
v 0.019078 0.033464 -0.031345
v 0.067890 0.028123 -0.000469
v 0.022296 0.033044 -0.031352
v 0.065578 0.025836 0.000908
v 0.065582 0.027022 0.000517
v 0.069098 0.027537 -0.000002
v 0.027708 0.032627 -0.026266
v 0.026559 0.033136 -0.031437
v 0.018108 0.033577 -0.032980
v 0.069354 0.013457 -0.029027
v 0.002178 0.033981 -0.036688
v 0.070410 0.028779 -0.002411
v 0.071057 0.028277 -0.001354
v -0.026369 0.019567 -0.014635
v 0.014609 0.034338 -0.032721
v 0.019888 0.032878 -0.029577
v 0.002299 0.033205 -0.039250
v 0.007275 0.034787 -0.034123
v 0.005495 0.033394 -0.038900
v 0.005806 0.034505 -0.035666
v -0.000077 0.033055 -0.038827
v -0.003339 0.030171 -0.044478
v 0.004459 0.034055 -0.037301
v 0.000282 0.033562 -0.037474
v 0.011578 0.034433 -0.034073
v 0.070964 0.025350 0.001215
v -0.002578 0.034622 -0.030496
v 0.013114 0.034345 -0.033816
v 0.017724 0.033444 -0.029697
v 0.047906 0.015846 -0.038120
v -0.001704 0.033752 -0.036172
v 0.008733 0.034331 -0.035647
v 0.070114 0.026140 0.000864
v 0.009938 0.035052 -0.030218
v 0.065596 0.001212 -0.007692
v 0.065683 0.002707 -0.002544
v 0.070372 0.003450 -0.002409
v 0.007164 0.034514 -0.035732
v 0.016801 0.033831 -0.031784
v 0.011405 0.035008 -0.030218
v 0.012000 0.034932 -0.031915
v 0.024073 0.031911 -0.029606
v 0.012753 0.034848 -0.029442
v 0.030427 0.033305 -0.028680
v 0.032176 0.033409 -0.028427
v 0.024072 0.031030 -0.027751
v 0.023043 0.032477 -0.030322
v 0.014665 0.034303 -0.028127
v 0.027043 0.031227 -0.027448
v 0.030519 0.033840 -0.022846
v 0.020585 0.032378 -0.028216
v 0.063534 0.027897 -0.000412
v 0.025007 0.032887 -0.025570
v 0.025952 0.032673 -0.025499
v 0.026822 0.033215 -0.025309
v 0.032299 0.033598 -0.026691
v 0.021768 0.032143 -0.027946
v 0.021039 0.033304 -0.031745
v 0.023103 0.031579 -0.027866
v 0.028056 0.032168 -0.028233
v 0.028249 0.032323 -0.027538
v 0.029039 0.034043 -0.025260
v 0.030810 0.033557 -0.027187
v 0.029548 0.033626 -0.026358
v 0.068875 0.026892 0.000622
v 0.039855 0.034263 -0.020923
v -0.018057 0.009860 -0.047787
v 0.079727 0.025280 0.000338
v -0.020598 0.008428 -0.046554
v 0.030531 0.033996 -0.024301
v 0.080682 0.024486 0.000735
v 0.014954 0.034334 -0.030501
v 0.021499 0.032839 -0.027512
v 0.020341 0.033531 -0.027282
v 0.021921 0.033574 -0.026920
v 0.028360 0.033550 -0.025810
v 0.026960 0.034293 -0.023419
v 0.021640 0.034483 -0.026442
v 0.035329 0.033643 -0.018693
v 0.038461 0.033929 -0.019398
v 0.019408 0.034206 -0.026717
v 0.023180 0.033592 -0.026188
v 0.027385 0.033646 -0.019202
v 0.022944 0.034867 -0.024700
v 0.028642 0.032940 -0.026873
v 0.028524 0.034041 -0.022363
v 0.047200 0.016819 -0.038215
v 0.026365 0.034292 -0.024330
v -0.020564 0.012044 -0.048423
v 0.025621 0.034444 -0.023911
v 0.020697 0.034872 -0.025607
v 0.019864 0.034794 -0.025974
v 0.066852 0.022958 0.001330
v 0.023403 0.034572 -0.025446
v 0.024247 0.034570 -0.024320
v 0.019985 0.034823 -0.024210
v 0.017410 0.034665 -0.025584
v 0.018743 0.034747 -0.024388
v 0.066121 0.024164 0.001166
v 0.016069 0.034318 -0.025082
v 0.006724 0.034611 -0.024807
v 0.022526 0.034319 -0.026204
v 0.018120 0.034608 -0.023120
v 0.030417 0.033922 -0.025377
v -0.000964 0.020502 -0.013173
v 0.022567 0.034698 -0.023377
v 0.020115 0.034746 -0.024988
v 0.024514 0.034369 -0.021867
v 0.018894 0.034480 -0.021971
v -0.030588 0.008087 -0.014117
v 0.017639 0.034051 -0.020888
v 0.016989 0.034505 -0.024077
v 0.026797 0.032445 -0.030017
v 0.068730 0.026154 0.000916
v 0.024144 0.033957 -0.020562
v 0.023588 0.033465 -0.019455
v 0.031626 0.033742 -0.021044
v 0.074702 0.026674 0.000084
v 0.029071 0.034122 -0.024022
v 0.041616 0.033755 -0.017339
v 0.034755 0.033858 -0.024288
v 0.069330 0.028170 -0.000772
v -0.014487 0.010589 -0.048386
v -0.014482 0.008821 -0.047405
v -0.029059 0.008969 -0.014382
v -0.023468 0.008293 -0.015088
v 0.031883 0.026254 -0.040195
v 0.028652 0.033884 -0.020462
v 0.029816 0.033870 -0.021677
v 0.063559 0.024628 0.000975
v 0.076626 0.025039 0.001379
v 0.022494 0.034213 -0.021528
v 0.026636 0.034209 -0.021990
v 0.024488 0.033881 -0.025308
v 0.024047 0.033000 -0.025911
v 0.036837 0.033563 -0.017779
v 0.035954 0.033630 -0.017433
v 0.074449 0.025941 0.000775
v -0.020825 0.002530 -0.022307
v -0.047609 0.003796 -0.012080
v 0.021989 0.034866 -0.024740
v 0.021155 0.034756 -0.025064
v 0.079080 0.024685 0.001126
v 0.025024 0.034504 -0.023156
v 0.065008 0.022214 0.001351
v 0.016241 0.033720 -0.033687
v 0.066139 0.019569 0.001616
v 0.070528 0.024450 0.001428
v 0.016138 0.034304 -0.026244
v 0.019987 0.034753 -0.023379
v 0.016358 0.033840 -0.028702
v 0.015138 0.034224 -0.026799
v 0.018913 0.034712 -0.025681
v -0.003571 0.033779 -0.035330
v 0.074285 0.024779 0.001484
v 0.027461 0.033168 -0.025593
v 0.002809 0.034251 -0.033238
v 0.003373 0.034537 -0.031488
v 0.067291 0.026564 0.000737
v 0.014973 0.034185 -0.025403
v 0.003495 0.034831 -0.029721
v 0.072122 0.024521 0.001471
v -0.001652 0.034390 -0.033816
v 0.004840 0.034755 -0.030822
v 0.009747 0.034624 -0.033850
v 0.076046 0.027689 -0.002341
v -0.002128 0.034491 -0.029391
v 0.016225 0.034059 -0.027478
v 0.017220 0.034268 -0.026789
v 0.012292 0.034760 -0.027419
v -0.033883 0.016813 -0.013012
v 0.000259 0.034079 -0.035401
v 0.008318 0.034770 -0.026514
v -0.036339 0.016074 -0.012394
v -0.014173 0.003756 -0.039921
v -0.020054 0.006363 -0.044895
v -0.012709 0.006938 -0.046009
v -0.027203 0.018380 -0.014793
v -0.025287 0.016660 -0.014761
v 0.064384 0.015667 -0.031714
v 0.010540 0.034549 -0.025866
v 0.018342 0.034461 -0.026511
v 0.010271 0.034939 -0.027374
v 0.006194 0.035102 -0.028977
v 0.075376 0.021498 0.002199
v 0.001931 0.034182 -0.034805
v 0.004535 0.034938 -0.027986
v 0.005555 0.034787 -0.026515
v 0.018120 0.033617 -0.027708
v 0.015261 0.034256 -0.023812
v -0.005896 0.034112 -0.030508
v 0.001387 0.034836 -0.029740
v 0.070990 0.022981 0.001666
v 0.025974 0.033652 -0.025030
v 0.008044 0.035057 -0.030247
v -0.002344 0.034682 -0.031688
v 0.001813 0.034625 -0.031367
v 0.011042 0.035072 -0.028839
v -0.022795 0.031873 -0.018799
v -0.020295 0.031540 -0.018345
v -0.007362 0.033921 -0.026682
v -0.015984 0.029468 -0.015474
v -0.014972 0.030350 -0.016373
v -0.021358 0.030758 -0.017030
v -0.021422 0.031320 -0.017624
v -0.021050 0.030224 -0.016319
v -0.018795 0.030629 -0.017185
v 0.020983 0.034767 -0.024275
v -0.022840 0.030919 -0.017100
v 0.013755 0.034314 -0.026266
v -0.020378 0.008508 -0.015330
v -0.025302 0.032067 -0.019254
v -0.026613 0.031701 -0.018728
v -0.031329 0.031692 -0.018980
v -0.028559 0.029724 -0.014880
v -0.027417 0.030316 -0.016298
v -0.031664 0.031129 -0.017079
v -0.033756 0.030519 -0.015329
v -0.033031 0.031439 -0.018071
v -0.027812 0.007811 -0.014506
v -0.029269 0.017640 -0.014548
v -0.019624 0.007962 -0.015430
v -0.017383 0.008696 -0.015353
v -0.033061 0.031784 -0.019956
v -0.034356 0.031344 -0.017772
v 0.062157 0.017350 0.001213
v 0.063198 0.019915 0.001268
v 0.044228 0.016681 -0.039191
v 0.069475 0.025223 0.001154
v -0.034127 0.031177 -0.016863
v -0.030004 0.032009 -0.019755
v -0.028998 0.031646 -0.018660
v -0.022689 0.032909 -0.022240
v -0.033953 0.033298 -0.023090
v -0.028123 0.033341 -0.024481
v -0.026927 0.032177 -0.019751
v -0.031455 0.032724 -0.021883
v -0.024010 0.033611 -0.026445
v -0.031066 0.032039 -0.020294
v -0.028475 0.033008 -0.022533
v -0.031254 0.034042 -0.025997
v -0.021835 0.032428 -0.020729
v -0.020461 0.031977 -0.019620
v -0.016448 0.030340 -0.016962
v -0.020626 0.032954 -0.021998
v 0.072186 0.020593 0.001955
v -0.007801 0.030729 -0.016497
v -0.013417 0.028821 -0.014931
v -0.014696 0.031532 -0.019991
v 0.067598 0.013209 0.003020
v -0.017801 0.030087 -0.016410
v -0.015810 0.030034 -0.015914
v -0.025355 0.032662 -0.020855
v -0.019124 0.030172 -0.016521
v 0.066630 0.014310 0.002766
v -0.025355 0.033215 -0.023124
v -0.011123 0.030597 -0.016831
v -0.039855 0.017336 -0.011458
v -0.021989 0.033692 -0.024472
v 0.073798 0.023059 0.001928
v -0.059471 0.011210 0.000833
v -0.059290 0.009864 0.000123
v -0.024081 0.033387 -0.024464
v -0.023260 0.033289 -0.023357
v -0.020826 0.033534 -0.023322
v -0.013326 0.033771 -0.025655
v 0.069502 0.018241 0.002023
v -0.015339 0.034157 -0.025838
v -0.052485 0.013321 -0.004938
v -0.017113 0.033245 -0.023051
v 0.066930 0.015639 0.002279
v -0.019105 0.033155 -0.029483
v -0.017000 0.034086 -0.024740
v -0.028981 0.032416 -0.020632
v -0.022084 0.033359 -0.023193
v -0.026002 0.033396 -0.025242
v -0.029044 0.034128 -0.029744
v -0.029014 0.034088 -0.031874
v -0.022648 0.033894 -0.028073
v -0.019639 0.033796 -0.028748
v -0.023979 0.033896 -0.029291
v -0.021480 0.033727 -0.029031
v -0.026769 0.034118 -0.031640
v -0.029397 0.033868 -0.027324
v -0.031229 0.034353 -0.027841
v -0.016528 0.033288 -0.030191
v 0.039646 0.017101 -0.040595
v -0.016824 0.034623 -0.026679
v -0.018944 0.032446 -0.040470
v -0.021128 0.034087 -0.026439
v -0.009864 0.034262 -0.030341
v -0.058558 0.013028 0.000233
v -0.011674 0.034472 -0.030334
v -0.017979 0.034407 -0.028063
v 0.031990 0.014860 -0.042711
v -0.013474 0.034376 -0.028782
v 0.077597 0.022095 0.002193
v -0.009765 0.034250 -0.029136
v -0.009412 0.034171 -0.027750
v -0.012455 0.033510 -0.037946
v -0.013524 0.033905 -0.032797
v -0.011838 0.034212 -0.027789
v 0.054460 0.025662 -0.000914
v -0.012847 0.034317 -0.031439
v 0.048067 0.023961 -0.002120
v 0.000875 0.024068 -0.047117
v -0.012249 0.033883 -0.036493
v -0.013521 0.033859 -0.034401
v -0.017270 0.033958 -0.035924
v -0.017703 0.033358 -0.029587
v 0.000562 0.031066 -0.042522
v -0.020668 0.034487 -0.035881
v -0.023580 0.034165 -0.037067
v -0.015954 0.033115 -0.030824
v -0.015189 0.033770 -0.030635
v -0.015670 0.033488 -0.034920
v -0.019028 0.034473 -0.026827
v -0.052162 0.015455 -0.004672
v -0.021390 0.033457 -0.033737
v -0.018172 0.033898 -0.028861
v -0.021233 0.034160 -0.034560
v -0.026247 0.033939 -0.029856
v -0.022803 0.034102 -0.033650
v -0.022740 0.033416 -0.032762
v -0.024914 0.031421 -0.017912
v -0.027415 0.033654 -0.028172
v -0.026171 0.033508 -0.026950
v -0.027839 0.033495 -0.026322
v -0.016503 0.034039 -0.029313
v -0.022344 0.033184 -0.030619
v -0.040162 0.028663 -0.012099
v -0.022384 0.032647 -0.031975
v -0.024995 0.033873 -0.029249
v -0.022941 0.033842 -0.029477
v -0.020701 0.032898 -0.029943
v -0.021680 0.031649 -0.031642
v -0.022132 0.032382 -0.031285
v -0.021585 0.032190 -0.030886
v -0.020604 0.031436 -0.031009
v -0.009748 0.033671 -0.036916
v -0.015331 0.033381 -0.024009
v 0.064136 0.016565 0.001491
v -0.019306 0.034175 -0.025100
v 0.072667 0.014145 0.002489
v 0.072693 0.013203 0.002951
v 0.071539 0.013559 0.002679
v -0.019626 0.032237 -0.030272
v -0.024260 0.033765 -0.028239
v -0.018518 0.032464 -0.030146
v -0.018047 0.031662 -0.033105
v 0.064552 0.018069 0.001406
v -0.014522 0.033566 -0.031942
v -0.015566 0.032919 -0.031626
v -0.013756 0.034334 -0.030032
v -0.013614 0.032681 -0.022955
v -0.014341 0.034229 -0.030390
v 0.068953 0.013799 0.002856
v -0.016337 0.031976 -0.031846
v 0.072530 0.017852 0.002058
v -0.003243 0.032980 -0.023361
v 0.060263 0.019942 0.000782
v -0.014511 0.034344 -0.027267
v -0.016282 0.032274 -0.021472
v -0.019113 0.031291 -0.030957
v -0.014979 0.034297 -0.029721
v 0.066570 0.017070 0.001843
v 0.074145 0.015169 0.002499
v -0.017462 0.030980 -0.032512
v -0.017120 0.031312 -0.031670
v -0.017868 0.031624 -0.030913
v -0.013925 0.034099 -0.031197
v -0.051264 0.028231 -0.008324
v -0.020359 0.032512 -0.033482
v -0.019860 0.031566 -0.033006
v -0.015040 0.033043 -0.032537
v 0.075885 0.016683 0.002468
v -0.018302 0.030550 -0.031976
v -0.019054 0.031181 -0.032912
v -0.015440 0.034442 -0.028515
v -0.013964 0.033853 -0.035962
v -0.052679 0.019367 -0.004161
v -0.052124 0.021319 -0.004681
v -0.021545 0.031878 -0.032408
v -0.015253 0.029885 -0.045127
v 0.056353 0.019189 0.000172
v -0.017857 0.029798 -0.043639
v -0.024835 0.034101 -0.030155
v 0.075175 0.022783 0.002050
v 0.030452 0.016133 -0.043083
v 0.076077 0.023361 0.001984
v 0.076073 0.014839 0.002595
v -0.024725 0.028809 -0.045585
v -0.004843 0.030128 -0.044551
v -0.022066 0.028483 -0.046450
v -0.057822 0.023231 -0.001265
v -0.018060 0.029635 -0.045520
v -0.017886 0.029701 -0.044605
v -0.015840 0.033952 -0.036580
v 0.075536 0.013444 0.002895
v -0.005667 0.028457 -0.046182
v -0.007743 0.030331 -0.044319
v -0.015257 0.033039 -0.033466
v -0.014389 0.033507 -0.033779
v 0.034897 0.018441 -0.041374
v -0.008993 0.030467 -0.044465
v 0.032739 0.016081 -0.042610
v -0.018622 0.034248 -0.036450
v -0.008052 0.030454 -0.043835
v -0.012646 0.029292 -0.046034
v -0.016805 0.031590 -0.032633
v -0.015816 0.032379 -0.032614
v -0.008246 0.030482 -0.044094
v 0.022901 0.017278 -0.044465
v -0.013793 0.029813 -0.043160
v -0.006238 0.030388 -0.043824
v -0.010236 0.029867 -0.045334
v -0.010558 0.030047 -0.044557
v -0.012916 0.029639 -0.045179
v -0.007888 0.030522 -0.043287
v -0.012925 0.029601 -0.043642
v -0.016612 0.029859 -0.045128
v -0.080337 0.026027 -0.022662
v 0.074743 0.018655 0.002196
v -0.019244 0.032058 -0.033435
v -0.018940 0.033356 -0.034544
v -0.009376 0.030261 -0.043057
v -0.009611 0.030200 -0.043807
v -0.008995 0.030821 -0.042007
v -0.064640 0.022681 0.004591
v 0.056436 0.018750 -0.034584
v -0.008654 0.029691 -0.045358
v -0.011512 0.029713 -0.045413
v -0.011820 0.028670 -0.046594
v 0.054371 0.018358 -0.035411
v -0.006549 0.029849 -0.044886
v 0.053769 0.017669 -0.035913
v 0.054585 0.016617 -0.035749
v -0.064212 0.025774 0.001191
v 0.037018 0.009878 -0.040131
v -0.005300 0.029464 -0.045440
v 0.030489 0.012616 -0.042547
v -0.007082 0.029016 -0.045787
v 0.074378 0.014033 0.002674
v -0.006377 0.026880 -0.046972
v -0.014449 0.029558 -0.045761
v -0.003237 0.024300 -0.047519
v -0.060962 0.022051 0.001841
v 0.081235 0.023382 0.001308
v -0.012704 0.029638 -0.044433
v -0.007786 0.025049 -0.047933
v -0.056859 0.024456 -0.002624
v -0.016044 0.029757 -0.045866
v -0.062190 0.024378 0.001590
v 0.080777 0.014780 0.002694
v -0.009606 0.030117 -0.045018
v -0.020744 0.028883 -0.046399
v -0.019338 0.029361 -0.045719
v 0.081485 0.016470 0.002451
v -0.013871 0.026953 -0.047874
v -0.024539 0.028304 -0.046481
v -0.014700 0.030005 -0.043505
v -0.016233 0.030015 -0.043670
v -0.015250 0.029979 -0.044332
v -0.018214 0.034263 -0.037711
v -0.064125 0.018985 0.004671
v -0.019621 0.034514 -0.037338
v 0.077758 0.013640 -0.024573
v -0.015967 0.029378 -0.046536
v -0.054707 0.017956 -0.002568
v -0.057362 0.018416 -0.000653
v -0.014219 0.028904 -0.046653
v -0.059941 0.017903 0.001327
v 0.082961 0.024328 0.000049
v 0.082288 0.024870 -0.000683
v 0.083818 0.024350 -0.000758
v -0.013444 0.027877 -0.047336
v 0.078928 0.016390 0.002610
v -0.017819 0.029512 -0.046380
v -0.022082 0.027524 -0.047414
v -0.010653 0.029292 -0.045941
v -0.013929 0.029791 -0.044455
v -0.024429 0.029572 -0.042987
v -0.017337 0.034158 -0.036959
v -0.022245 0.028895 -0.045266
v -0.064839 0.024859 0.003030
v -0.065898 0.025127 0.003261
v -0.023435 0.028550 -0.046054
v 0.061775 0.022624 0.000933
v -0.022354 0.029156 -0.043928
v -0.019407 0.029413 -0.044402
v -0.020901 0.029239 -0.044091
v 0.072567 0.006779 0.000930
v -0.019045 0.032508 -0.021234
v -0.018962 0.029878 -0.042959
v -0.025579 0.033617 -0.028345
v 0.065011 0.005790 -0.000277
v -0.021092 0.030935 -0.032171
v -0.018744 0.033512 -0.023245
v -0.016702 0.032536 -0.033602
v -0.065477 0.019392 0.006045
v 0.063705 0.003954 -0.001450
v -0.014419 0.033449 -0.032936
v -0.010428 0.029896 -0.043510
v -0.012649 0.029915 -0.042435
v -0.021631 0.032646 -0.032932
v -0.020709 0.031697 -0.032796
v -0.008687 0.030386 -0.043781
v -0.011702 0.029600 -0.043621
v -0.011935 0.029707 -0.044707
v 0.064675 0.014591 0.001975
v 0.063813 0.013386 0.001755
v -0.013151 0.027283 -0.014364
v -0.018657 0.027812 -0.014941
v -0.014892 0.028040 -0.014663
v -0.017016 0.027398 -0.014737
v -0.018622 0.026831 -0.014664
v -0.069043 0.024775 0.005615
v -0.019732 0.026336 -0.014565
v -0.068138 0.025298 0.004371
v -0.015094 0.029001 -0.015068
v 0.046444 0.028164 -0.034703
v -0.021452 0.026628 -0.014531
v 0.032070 0.017032 -0.042535
v -0.022156 0.027653 -0.014627
v -0.012028 0.030266 -0.016063
v -0.024978 0.030281 -0.016074
v -0.013022 0.030555 -0.016652
v -0.013135 0.029919 -0.015710
v -0.017820 0.028528 -0.015214
v -0.003955 0.030411 -0.015533
v -0.002970 0.030661 -0.015951
v -0.008943 0.019700 -0.014121
v -0.003557 0.023790 -0.013544
v -0.066357 0.023905 0.005167
v -0.004363 0.029772 -0.015092
v -0.066784 0.023297 0.006147
v 0.060208 0.015112 0.000804
v -0.060211 0.025510 -0.001270
v 0.042789 0.021738 -0.003317
v -0.023585 0.029219 -0.015060
v -0.020506 0.027722 -0.014803
v -0.020006 0.030836 -0.017345
v -0.015975 0.030906 -0.018325
v -0.016594 0.031338 -0.019358
v -0.018415 0.031696 -0.019632
v -0.084874 0.024421 -0.018371
v -0.016365 0.028599 -0.015099
v -0.062891 0.020737 0.003613
v 0.042841 0.020303 -0.003159
v 0.044441 0.018857 -0.002460
v 0.051370 0.020868 -0.000698
v -0.017205 0.029198 -0.015513
v -0.016993 0.029845 -0.015943
v -0.018368 0.029498 -0.015759
v 0.041461 0.025037 -0.003724
v -0.017943 0.030928 -0.017939
v 0.058183 0.018768 0.000396
v -0.021279 0.029153 -0.015269
v -0.019944 0.029625 -0.015759
v -0.017996 0.030435 -0.017032
v 0.059097 0.017156 0.000622
v -0.023222 0.027045 -0.014222
v 0.039747 0.015719 -0.003521
v -0.019887 0.030608 -0.032254
v -0.022194 0.028382 -0.014814
v -0.026962 0.031024 -0.017487
v -0.028758 0.030033 -0.015577
v -0.031011 0.030232 -0.015444
v 0.016359 0.017410 -0.010256
v -0.034211 0.031455 -0.018505
v 0.058398 0.028167 -0.001158
v -0.025969 0.026587 -0.013567
v -0.025489 0.028722 -0.014289
v -0.029764 0.029872 -0.014881
v -0.031800 0.029419 -0.013878
v -0.030936 0.029673 -0.014354
v -0.025373 0.029325 -0.014846
v -0.024555 0.028635 -0.014437
v -0.022771 0.030016 -0.015846
v 0.052731 0.007469 -0.033788
v -0.029093 0.030726 -0.016768
v 0.049977 0.006433 -0.034066
v 0.064290 0.013437 -0.031838
v -0.029477 0.029470 -0.014275
v 0.042745 0.023516 -0.003339
v -0.028790 0.028884 -0.013992
v -0.028102 0.029371 -0.014469
v 0.027485 0.023921 -0.007705
v -0.026937 0.028776 -0.014113
v -0.027205 0.026193 -0.013367
v 0.039631 0.022989 -0.003898
v 0.040584 0.020496 -0.003623
v 0.061270 0.011089 -0.032855
v 0.088878 0.008803 -0.012040
v -0.027675 0.027576 -0.013432
v -0.025126 0.027828 -0.013919
v 0.040402 0.026215 -0.004300
v -0.028156 0.028422 -0.013715
v -0.024309 0.025981 -0.013843
v -0.023476 0.028211 -0.014499
v 0.025310 0.015781 -0.044136
v 0.033777 0.009459 -0.040485
v -0.022295 0.025614 -0.014260
v -0.027079 0.029793 -0.015152
v 0.052848 0.005908 -0.032532
v -0.019488 0.028713 -0.015248
v -0.059877 0.028978 -0.036174
v -0.057374 0.029264 -0.036251
v -0.060486 0.029236 -0.034963
v -0.094452 0.019587 0.000840
v -0.094106 0.019750 -0.001675
v 0.042670 0.007465 -0.037314
v -0.061569 0.029359 -0.033965
v -0.069803 0.027655 -0.031523
v 0.022095 0.006070 -0.040670
v -0.064585 0.028739 -0.032560
v -0.063186 0.029364 -0.032750
v -0.063312 0.028651 -0.034229
v -0.068740 0.028210 -0.030871
v -0.064420 0.027916 -0.034608
v -0.069893 0.028829 -0.029214
v 0.037892 0.006766 -0.037767
v -0.067350 0.028483 -0.030356
v -0.066696 0.029154 -0.029298
v -0.068137 0.028879 -0.029287
v -0.056925 0.029403 -0.035589
v -0.067597 0.025495 -0.033739
v -0.065593 0.028324 -0.032177
v 0.051792 0.004243 -0.030235
v 0.038541 0.024742 -0.004380
v -0.056084 0.027974 -0.039054
v -0.045529 0.026907 -0.043953
v 0.062164 0.007568 -0.030738
v -0.020858 0.028279 -0.047113
v -0.088949 0.012605 -0.016022
v -0.027503 0.025711 -0.047889
v -0.036642 0.027205 -0.045855
v 0.056701 0.006551 -0.031782
v -0.083282 0.025750 -0.019026
v -0.032784 0.029622 -0.044959
v -0.041159 0.029419 -0.043883
v -0.031844 0.028463 -0.046326
v -0.026225 0.028040 -0.046798
v -0.024855 0.029207 -0.044276
v -0.028809 0.027371 -0.047213
v -0.043029 0.028190 -0.044152
v -0.084647 0.019386 -0.020848
v -0.040136 0.028293 -0.044715
v -0.026311 0.029183 -0.044858
v -0.030668 0.029857 -0.044998
v -0.073780 0.012873 -0.032369
v -0.037792 0.028249 -0.044999
v -0.088873 0.024523 -0.012594
v -0.088168 0.025333 -0.012281
v 0.049144 0.019314 -0.000882
v -0.044960 0.029037 -0.043071
v -0.044039 0.030041 -0.039072
v -0.043614 0.029669 -0.042993
v -0.036319 0.029427 -0.043536
v 0.038892 0.015904 -0.041111
v -0.040951 0.026916 -0.045103
v 0.036479 0.016255 -0.041762
v -0.043250 0.026728 -0.044571
v 0.047582 0.016592 -0.001108
v -0.046080 0.029838 -0.039946
v -0.047814 0.028394 -0.042581
v -0.049937 0.029798 -0.039830
v -0.052597 0.027523 -0.041129
v -0.065957 0.027014 -0.034227
v -0.056631 0.028885 -0.037486
v -0.051074 0.030388 -0.037878
v -0.062626 0.027642 -0.035954
v -0.070670 0.006802 0.011699
v -0.072989 0.004561 0.011881
v -0.060591 0.027593 -0.037365
v -0.059070 0.030945 -0.033215
v -0.056159 0.031205 -0.033116
v -0.057561 0.030399 -0.033872
v -0.055893 0.030413 -0.033982
v -0.055861 0.029309 -0.036231
v 0.012316 0.004881 -0.041792
v 0.061285 0.012876 0.000815
v -0.039464 0.030659 -0.041087
v -0.031175 0.030249 -0.044252
v -0.027915 0.029792 -0.044084
v -0.026085 0.028554 -0.046199
v -0.035002 0.028773 -0.045154
v -0.036566 0.030353 -0.041705
v -0.087295 0.026145 -0.011452
v -0.038587 0.030216 -0.041996
v -0.033399 0.028782 -0.045699
v -0.039476 0.029674 -0.043281
v -0.033839 0.029750 -0.044102
v -0.044604 0.029716 -0.040074
v -0.053142 0.029579 -0.037700
v -0.054242 0.029609 -0.036486
v -0.051865 0.029331 -0.039322
v -0.057908 0.031657 -0.032770
v -0.026421 0.029957 -0.042874
v -0.032290 0.030216 -0.044005
v -0.042269 0.030068 -0.040893
v -0.042205 0.030007 -0.041704
v -0.038288 0.031141 -0.040470
v -0.069321 0.021932 0.009518
v -0.068840 0.020946 0.009749
v -0.048799 0.032429 -0.035599
v -0.064840 0.028387 -0.033386
v -0.031043 0.034118 -0.032284
v -0.029630 0.030091 -0.044346
v -0.029031 0.030851 -0.042484
v -0.029259 0.031914 -0.040326
v -0.032668 0.034224 -0.031460
v -0.030756 0.034280 -0.030985
v -0.032839 0.034333 -0.026573
v -0.043946 0.034598 -0.031813
v -0.025016 0.034241 -0.031387
v -0.033102 0.034073 -0.025078
v -0.034483 0.034264 -0.029628
v -0.032869 0.034489 -0.028141
v -0.042882 0.034661 -0.025835
v -0.037568 0.034194 -0.030500
v -0.092568 0.012952 0.020748
v -0.044279 0.034695 -0.026899
v -0.002601 0.016075 -0.049388
v -0.037923 0.034428 -0.027594
v -0.045004 0.034554 -0.025762
v -0.050613 0.031728 -0.035649
v -0.046665 0.029512 -0.041991
v -0.049836 0.028411 -0.041735
v -0.048898 0.033831 -0.031931
v -0.037931 0.029379 -0.043663
v -0.034361 0.034352 -0.027375
v -0.060760 0.031637 -0.031461
v -0.050712 0.034350 -0.026194
v -0.048908 0.034150 -0.029191
v -0.051366 0.033643 -0.029456
v -0.054896 0.028895 -0.037993
v -0.060034 0.032324 -0.030970
v -0.047544 0.034320 -0.031095
v -0.063045 0.028254 -0.035084
v -0.061739 0.028647 -0.035279
v -0.065952 0.028643 -0.030826
v -0.062693 0.030739 -0.030961
v -0.064502 0.029135 -0.031534
v -0.041315 0.034831 -0.029118
v -0.075892 0.019506 0.015369
v 0.025750 0.010274 -0.008989
v -0.058122 0.032672 -0.031055
v -0.067895 0.026780 -0.033093
v -0.046393 0.034550 -0.024933
v -0.067522 0.020681 0.008231
v -0.049824 0.031089 -0.037368
v -0.067632 0.019738 0.008654
v 0.004103 0.013960 -0.047821
v -0.048562 0.030749 -0.038126
v 0.008561 0.014948 -0.047156
v -0.052914 0.034335 -0.025130
v -0.068244 0.027863 -0.032056
v -0.092669 0.013491 0.022630
v -0.036283 0.034311 -0.028329
v 0.026121 0.008204 -0.009177
v -0.034623 0.032206 -0.020620
v -0.042237 0.033975 -0.023582
v -0.046180 0.034734 -0.026871
v -0.044953 0.034626 -0.030838
v -0.036161 0.034297 -0.026368
v 0.005044 0.023009 -0.012862
v -0.065671 0.017355 0.006072
v -0.048098 0.034666 -0.025698
v -0.046311 0.034592 -0.025897
v -0.046060 0.034627 -0.029475
v -0.043485 0.034810 -0.029607
v -0.048631 0.034221 -0.022849
v -0.048062 0.034568 -0.024344
v -0.046444 0.034262 -0.023512
v -0.039644 0.034602 -0.028445
v -0.031837 0.034451 -0.029525
v 0.031767 0.015173 -0.006568
v -0.044429 0.033872 -0.022501
v 0.034068 0.013429 -0.005833
v -0.039772 0.034633 -0.027079
v -0.041422 0.034790 -0.026779
v 0.017730 0.024877 -0.010026
v -0.046621 0.032772 -0.018858
v -0.044724 0.033150 -0.020328
v -0.046393 0.033795 -0.021961
v -0.041946 0.033283 -0.021319
v -0.086155 0.025628 -0.015413
v -0.038752 0.032776 -0.020204
v -0.044552 0.034321 -0.024378
v -0.039491 0.033729 -0.022839
v -0.038438 0.031004 -0.016464
v 0.043073 0.013867 -0.002545
v -0.047508 0.033483 -0.020977
v -0.049670 0.033862 -0.021428
v -0.058793 0.033715 -0.028732
v -0.069851 0.026659 -0.032144
v -0.044130 0.033558 -0.034339
v 0.000728 0.015019 -0.048764
v 0.001083 0.013437 -0.048309
v -0.065891 0.027771 -0.033717
v -0.055986 0.034276 -0.026209
v -0.052453 0.034047 -0.026794
v 0.004186 0.015784 -0.048172
v -0.064063 0.031376 -0.028607
v -0.060443 0.033075 -0.029490
v -0.057881 0.034410 -0.026074
v -0.060564 0.033719 -0.018855
v -0.061136 0.034004 -0.024919
v -0.060752 0.033154 -0.015804
v -0.064837 0.033171 -0.018695
v -0.088381 0.025242 0.002504
v -0.054823 0.034327 -0.025299
v -0.063131 0.033508 -0.020703
v -0.069285 0.032236 -0.018835
v -0.060537 0.034195 -0.023333
v -0.067526 0.032688 -0.018409
v -0.062340 0.033685 -0.022954
v -0.092333 0.023337 -0.004329
v -0.071387 0.029157 -0.027550
v -0.056448 0.034404 -0.023840
v -0.052955 0.034332 -0.023032
v -0.054895 0.034367 -0.023732
v -0.058486 0.032195 -0.013893
v -0.052870 0.032833 -0.016993
v -0.090719 0.021906 -0.010652
v -0.054498 0.033536 -0.018549
v -0.056025 0.033364 -0.018363
v -0.061808 0.033272 -0.016009
v -0.063318 0.033172 -0.025066
v -0.060341 0.033225 -0.016705
v -0.078808 0.022223 -0.026057
v -0.059891 0.033387 -0.017854
v -0.061126 0.033961 -0.021487
v -0.062923 0.033309 -0.017356
v -0.062242 0.033575 -0.019025
v -0.055413 0.033694 -0.019245
v -0.059329 0.034432 -0.024642
v -0.058960 0.034322 -0.022300
v -0.063670 0.033379 -0.021678
v -0.057901 0.032888 -0.016691
v -0.057747 0.034531 -0.024173
v -0.056811 0.034399 -0.025015
v -0.051420 0.033957 -0.020115
v -0.053875 0.034074 -0.019583
v -0.044473 0.032546 -0.018708
v -0.050778 0.034294 -0.022765
v -0.048570 0.033242 -0.019812
v -0.092848 0.014323 -0.008185
v -0.092005 0.011449 -0.009387
v -0.035788 0.029793 -0.014223
v -0.042024 0.032344 -0.018942
v -0.087405 0.018344 -0.017631
v -0.038097 0.029748 -0.014589
v -0.088477 0.011159 -0.016087
v -0.034393 0.029456 -0.013590
v -0.080678 0.022021 -0.024352
v -0.095620 0.012726 0.035078
v -0.041242 0.031346 -0.017078
v 0.036695 0.017170 -0.041424
v -0.034277 0.029943 -0.014346
v -0.044497 0.030929 -0.015789
v -0.054841 0.032663 -0.016688
v -0.093081 0.021884 -0.003439
v -0.049341 0.032056 -0.015659
v -0.050408 0.032897 -0.017372
v -0.052966 0.031976 -0.015044
v -0.053208 0.033586 -0.018551
v -0.051052 0.031362 -0.014115
v 0.013871 0.024332 -0.010975
v -0.093075 0.014369 0.014995
v -0.050915 0.033436 -0.018895
v -0.058818 0.033882 -0.019528
v 0.015801 0.020187 -0.010550
v -0.062485 0.033161 -0.015840
v -0.063825 0.033097 -0.016503
v -0.062797 0.033144 -0.016313
v -0.092275 0.022308 -0.006213
v -0.065581 0.032742 -0.014635
v -0.063825 0.032846 -0.015597
v -0.065178 0.033093 -0.015726
v -0.090220 0.017116 -0.013312
v -0.063856 0.032769 -0.014470
v -0.060990 0.032423 -0.013268
v -0.090198 0.011199 -0.012937
v -0.058522 0.031760 -0.011749
v -0.051178 0.032670 -0.016578
v -0.055016 0.031855 -0.014347
v -0.081266 0.009184 0.030467
v -0.063075 0.032661 -0.013667
v -0.064864 0.004607 0.001130
v -0.073918 0.005783 0.000797
v -0.089538 0.021838 -0.013269
v -0.056577 0.031768 -0.012912
v -0.056816 0.032139 -0.014470
v 0.055720 0.027532 -0.031637
v -0.056555 0.031183 -0.011259
v -0.065300 0.024677 0.003569
v 0.029859 0.009831 -0.008253
v -0.064971 0.024217 0.003842
v -0.060366 0.032008 -0.011839
v -0.093192 0.011392 -0.005114
v 0.028177 0.008578 -0.008680
v -0.054606 0.030970 -0.011821
v -0.049748 0.029425 -0.010716
v -0.060575 0.031281 -0.010134
v -0.062216 0.031455 -0.010345
v -0.092392 0.015042 0.018692
v -0.067520 0.029290 -0.005440
v -0.064575 0.030345 -0.007212
v -0.066573 0.030633 -0.007263
v -0.065731 0.029922 -0.006439
v -0.066555 0.031782 -0.010132
v -0.064721 0.032791 -0.014900
v 0.018231 0.015645 -0.009774
v -0.082233 0.011710 0.032819
v -0.064235 0.032630 -0.013529
v 0.020761 0.013613 -0.009243
v -0.062975 0.032261 -0.012194
v -0.066855 0.032103 -0.011697
v -0.068232 0.031858 -0.010657
v -0.067303 0.029909 -0.006204
v -0.072381 0.029843 -0.003076
v -0.061552 0.032865 -0.014868
v 0.028664 0.011277 -0.008252
v -0.052668 0.034111 -0.019822
v -0.093123 0.012682 0.026046
v -0.070682 0.031974 -0.012678
v -0.061555 0.033366 -0.017430
v -0.064313 0.033234 -0.017334
v -0.072217 0.032234 -0.016912
v -0.072488 0.031664 -0.018408
v 0.030464 0.017839 -0.006649
v -0.069429 0.032619 -0.015440
v -0.064816 0.032420 -0.012326
v 0.031953 0.012433 -0.007043
v 0.030380 0.011516 -0.007868
v -0.066924 0.032393 -0.013530
v 0.035461 0.024492 -0.005209
v -0.068180 0.032170 -0.012596
v 0.035034 0.019633 -0.005248
v -0.065486 0.031194 -0.008563
v -0.070384 0.032438 -0.017127
v -0.078237 0.015059 0.021996
v -0.070781 0.032391 -0.014406
v -0.076713 0.031394 -0.012685
v -0.068961 0.032497 -0.014299
v -0.066353 0.032289 -0.013065
v -0.066895 0.032716 -0.014515
v -0.067087 0.033013 -0.016335
v -0.069142 0.032665 -0.016557
v -0.072682 0.031506 -0.011655
v -0.068667 0.031470 -0.009147
v -0.072599 0.030992 -0.008363
v -0.071864 0.030713 -0.007130
v 0.061084 0.028252 -0.027670
v -0.070663 0.032504 -0.015661
v -0.072428 0.032169 -0.013657
v -0.070931 0.032124 -0.018194
v -0.079510 0.030450 -0.012318
v 0.051620 0.018681 -0.000226
v -0.074957 0.030797 -0.008728
v -0.082294 0.029781 -0.010427
v -0.079933 0.029817 -0.014020
v -0.080159 0.030394 -0.011431
v -0.073639 0.031072 -0.008979
v -0.072719 0.031230 -0.009765
v -0.070615 0.031426 -0.009839
v -0.073886 0.030430 -0.004382
v -0.078684 0.030643 -0.011034
v -0.073381 0.008087 0.014841
v -0.071758 0.009315 0.013835
v -0.073595 0.010050 0.015794
v -0.076786 0.030543 -0.009721
v -0.081188 0.029944 -0.006741
v -0.078966 0.029159 -0.002202
v 0.031150 0.033108 -0.017314
v -0.076454 0.028920 -0.000437
v -0.073962 0.030906 -0.007750
v -0.077874 0.012061 0.021932
v -0.074223 0.030549 -0.006787
v 0.078853 0.014782 -0.023792
v -0.068184 0.030509 -0.006896
v -0.074249 0.030054 -0.002791
v -0.073904 0.030329 -0.006128
v -0.074301 0.030388 -0.005476
v -0.073114 0.030473 -0.005786
v -0.073218 0.030606 -0.006929
v -0.072205 0.029234 -0.001758
v -0.069782 0.030768 -0.007401
v -0.075667 0.030110 -0.003366
v 0.036144 0.017847 -0.004711
v 0.033790 0.017218 -0.005657
v -0.075275 0.029454 -0.001465
v -0.075500 0.029814 -0.002413
v -0.079321 0.028160 0.001353
v -0.080649 0.028123 0.001673
v -0.077715 0.029756 -0.003721
v -0.078340 0.027052 0.003489
v -0.079822 0.011861 0.026943
v -0.078154 0.013527 0.022268
v -0.082618 0.026392 0.004731
v -0.083153 0.027361 0.002510
v -0.079893 0.029421 -0.003929
v -0.082844 0.028921 -0.002391
v -0.084703 0.028664 -0.005333
v -0.079964 0.028674 -0.000691
v -0.075891 0.030396 -0.005243
v -0.084185 0.028807 -0.003833
v -0.082345 0.013429 0.032327
v -0.081870 0.028216 0.001068
v -0.075311 0.030531 -0.007109
v -0.082050 0.029231 -0.003976
v 0.086635 0.008755 -0.014527
v -0.082520 0.009922 0.034021
v -0.086016 0.028003 -0.006495
v -0.078132 0.030250 -0.008475
v -0.071955 0.032453 -0.014912
v -0.083706 0.009425 0.038751
v 0.081899 0.008165 -0.017663
v -0.086598 0.011949 0.047858
v -0.076207 0.030440 -0.016719
v -0.081874 0.029973 -0.009093
v -0.081437 0.029821 -0.012112
v -0.081491 0.030043 -0.007731
v -0.079610 0.030083 -0.007097
v -0.071782 0.032466 -0.015984
v -0.075007 0.028477 0.000323
v -0.080902 0.028906 -0.015303
v 0.028787 0.029523 -0.009333
v 0.038387 0.017167 -0.003947
v -0.083267 0.029071 -0.011241
v -0.084964 0.010594 0.044814
v -0.080085 0.010554 0.028434
v -0.080300 0.011472 0.028253
v -0.086303 0.013649 0.044043
v -0.083442 0.029285 -0.009467
v -0.077341 0.030253 -0.006906
v 0.083636 0.016008 -0.019919
v -0.073629 0.029430 -0.001523
v -0.077804 0.030239 -0.015098
v -0.081536 0.029231 -0.014074
v -0.076413 0.030405 -0.008247
v -0.078114 0.028756 -0.000448
v -0.076453 0.029598 -0.018238
v -0.077298 0.028018 0.001258
v -0.062832 0.032887 -0.015242
v 0.082704 0.016561 -0.020344
v -0.084520 0.027705 -0.012113
v -0.087872 0.027136 -0.007014
v 0.082640 0.015843 -0.021082
v -0.082204 0.028659 -0.015286
v 0.077693 0.008014 -0.021110
v -0.080149 0.030218 -0.008769
v 0.081635 0.009330 -0.019972
v -0.086714 0.027334 -0.008466
v -0.087423 0.027484 -0.005463
v -0.088812 0.026648 -0.002318
v -0.084144 0.025532 0.005594
v 0.017376 0.007458 -0.043153
v -0.083010 0.025158 0.006843
v -0.085911 0.027270 -0.010401
v -0.080752 0.027296 0.003506
v -0.079310 0.025835 0.006081
v -0.081186 0.025577 0.006545
v -0.068882 0.026093 0.003204
v -0.071774 0.026366 0.002948
v -0.073944 0.025801 0.004379
v -0.081657 0.028681 -0.000852
v -0.067813 0.027328 -0.000660
v 0.034658 0.016626 -0.042157
v 0.034010 0.017628 -0.041907
v 0.031360 0.010103 -0.007757
v -0.070671 0.025743 0.004458
v -0.071324 0.026981 0.001527
v -0.084726 0.014081 0.038311
v -0.074043 0.026931 0.002319
v -0.068496 0.027971 -0.002474
v -0.067373 0.026480 0.001219
v -0.069791 0.026958 0.001137
v -0.067429 0.024529 0.005197
v -0.065649 0.026058 0.001429
v -0.085006 0.014815 0.037548
v -0.066786 0.027632 -0.002335
v -0.066628 0.025786 0.002416
v -0.046913 0.029339 -0.010985
v -0.065467 0.026816 -0.000033
v -0.063304 0.026216 0.000091
v -0.057718 0.026250 -0.003418
v -0.062161 0.026369 -0.001013
v -0.062263 0.025486 0.000327
v 0.079411 0.015811 -0.023158
v -0.057940 0.026979 -0.004113
v -0.037729 0.016799 -0.012047
v -0.067195 0.025521 0.003447
v -0.054210 0.024994 -0.004437
v -0.057582 0.025275 -0.002576
v -0.061016 0.026044 -0.001430
v -0.062276 0.029740 -0.007003
v -0.000816 0.023925 -0.013492
v -0.059594 0.028744 -0.006025
v -0.080255 0.009464 0.028714
v -0.079422 0.010065 0.027513
v -0.079319 0.009106 0.026609
v -0.059924 0.030011 -0.008026
v -0.082244 0.008654 0.032779
v -0.070078 0.028085 -0.001220
v -0.071185 0.029008 -0.002260
v -0.055825 0.030213 -0.010100
v -0.062293 0.031056 -0.009494
v -0.079012 0.011882 0.024813
v -0.078574 0.012037 0.023452
v 0.000670 0.022387 -0.013381
v -0.061152 0.025304 -0.000235
v -0.087748 0.013187 0.048469
v -0.063834 0.024860 0.002368
v -0.087186 0.011435 0.048855
v -0.063985 0.027831 -0.003334
v -0.070128 0.029062 -0.003539
v 0.001836 0.022263 -0.013295
v -0.066069 0.029001 -0.005331
v -0.065608 0.028131 -0.003778
v -0.062396 0.028376 -0.004793
v -0.065519 0.027415 -0.001423
v 0.077540 0.022984 0.002003
v -0.063957 0.027222 -0.001490
v 0.009273 0.027262 -0.012271
v -0.067779 0.028514 -0.004177
v -0.062306 0.027291 -0.002879
v -0.072236 0.027217 0.001391
v -0.051263 0.027617 -0.007533
v -0.050760 0.030232 -0.012224
v -0.052670 0.030230 -0.011497
v -0.048913 0.027277 -0.007910
v -0.048182 0.029959 -0.012093
v -0.044271 0.029549 -0.012851
v 0.075913 0.026186 0.000543
v -0.058289 0.027751 -0.005020
v -0.088667 0.013534 0.048730
v -0.046135 0.029857 -0.012799
v -0.045831 0.027899 -0.009729
v -0.046037 0.028784 -0.010462
v -0.048188 0.029335 -0.010495
v -0.035856 0.026467 -0.012214
v -0.031757 0.028100 -0.013093
v -0.030707 0.028954 -0.013713
v 0.000830 0.019003 -0.013075
v -0.087244 0.014447 0.043888
v -0.087737 0.009109 -0.014532
v -0.033587 0.026395 -0.012560
v -0.094613 0.011853 0.047608
v -0.095319 0.012085 0.046931
v 0.077821 0.007482 -0.000181
v -0.033390 0.028366 -0.012984
v -0.034578 0.028277 -0.012830
v -0.039756 0.026183 -0.010989
v -0.031458 0.025610 -0.012896
v -0.087166 0.013906 0.046037
v 0.077307 0.015147 -0.024556
v -0.032720 0.029755 -0.014258
v 0.075776 0.015401 -0.025223
v -0.036080 0.030766 -0.015884
v -0.032738 0.029063 -0.013393
v 0.005643 0.021314 -0.012557
v -0.084946 0.009672 0.044967
v -0.085354 0.010406 0.046431
v -0.035584 0.029299 -0.013469
v -0.034013 0.027475 -0.012686
v -0.088118 0.010981 0.049544
v -0.036050 0.027996 -0.012553
v -0.036540 0.029020 -0.013111
v -0.044453 0.031836 -0.017283
v -0.087000 0.012977 0.047586
v 0.074815 0.006628 0.000264
v -0.039464 0.029683 -0.014371
v -0.040547 0.030292 -0.015291
v -0.042712 0.030900 -0.016117
v 0.084459 0.006997 -0.012498
v -0.037586 0.028416 -0.012495
v -0.032131 0.026985 -0.012789
v -0.034123 0.028844 -0.013078
v -0.085673 0.011801 -0.020348
v 0.090750 0.008146 -0.007723
v -0.087431 0.011815 -0.018049
v -0.039202 0.029245 -0.013588
v 0.002819 0.016180 -0.013112
v -0.088064 0.012117 0.049296
v 0.089029 0.007925 -0.010612
v 0.004188 0.017922 -0.012753
v -0.049251 0.030829 -0.013655
v -0.089187 0.014549 0.047330
v -0.089496 0.010825 0.049831
v -0.091068 0.009617 0.048667
v -0.090483 0.011084 0.049784
v -0.085549 0.007989 0.045230
v -0.086512 0.007604 0.046511
v -0.086480 0.006385 0.043055
v -0.096363 0.012499 0.045522
v -0.042337 0.029500 -0.013380
v -0.045138 0.030255 -0.014373
v -0.041303 0.029737 -0.014096
v -0.043536 0.029802 -0.013790
v -0.094433 0.011906 0.031906
v 0.063693 0.004181 -0.027038
v -0.037937 0.029148 -0.013216
v -0.040220 0.029530 -0.013958
v -0.040272 0.027109 -0.011141
v 0.075011 0.005188 -0.001483
v -0.038364 0.027329 -0.011820
v 0.072536 0.005264 -0.000482
v -0.038064 0.025958 -0.011532
v -0.042906 0.030108 -0.014770
v 0.060331 0.001152 -0.005152
v -0.039114 0.028680 -0.012343
v -0.094710 0.013202 0.047167
v -0.097182 0.011459 0.042236
v -0.097286 0.012031 0.042814
v -0.097021 0.011284 0.043702
v -0.047189 0.027042 -0.008539
v 0.073350 0.003507 -0.003718
v -0.054586 0.026808 -0.005435
v -0.055111 0.027712 -0.006579
v -0.055965 0.025656 -0.003821
v -0.056225 0.028347 -0.007177
v -0.050486 0.026882 -0.007168
v -0.096532 0.012610 0.038676
v -0.050731 0.028750 -0.009359
v -0.046656 0.029560 -0.011771
v -0.054040 0.028380 -0.008089
v -0.057144 0.028134 -0.006156
v -0.057700 0.029213 -0.007715
v -0.061665 0.030547 -0.008546
v -0.095747 0.013273 0.035829
v 0.008485 0.006840 -0.013448
v -0.093383 0.013924 0.028113
v -0.093575 0.013550 0.028530
v 0.006257 0.007931 -0.014023
v 0.021434 0.015659 -0.045007
v 0.005633 0.006982 -0.014150
v -0.060280 0.027320 -0.003868
v -0.055244 0.029114 -0.008813
v 0.027787 0.018383 -0.007142
v -0.051906 0.028036 -0.007809
v -0.049055 0.028777 -0.009360
v -0.091836 0.014349 0.048230
v -0.047172 0.032125 -0.017044
v 0.006123 0.019567 -0.012347
v -0.052773 0.031059 -0.013224
v -0.096918 0.012984 0.040396
v -0.086493 0.015495 0.039066
v -0.086819 0.015397 0.040604
v 0.003445 0.020831 -0.012825
v -0.059563 0.032185 -0.012750
v -0.052298 0.026734 -0.006423
v -0.052314 0.028541 -0.008656
v -0.051363 0.032236 -0.015552
v -0.064154 0.029322 -0.005915
v -0.071391 0.030244 -0.022946
v -0.093348 0.013501 0.027423
v 0.011953 0.015551 -0.011284
v 0.000980 0.022872 -0.047639
v 0.005722 0.015535 -0.012666
v 0.015496 0.003486 -0.038714
v -0.072752 0.027598 -0.029702
v -0.076911 0.031067 -0.013809
v -0.070042 0.030042 -0.025424
v -0.051879 0.033265 -0.018042
v -0.074454 0.030503 -0.018849
v 0.026697 0.003817 -0.034170
v 0.018611 0.005022 -0.040198
v -0.075475 0.031470 -0.013658
v -0.073174 0.032254 -0.015158
v -0.075912 0.031102 -0.014985
v -0.073465 0.031736 -0.012809
v -0.063788 0.031625 -0.010370
v -0.091032 0.016475 0.029010
v 0.001144 0.023524 -0.013417
v -0.079393 0.028745 -0.016855
v -0.077618 0.029537 -0.017053
v -0.076829 0.027491 -0.022862
v -0.084603 0.015081 0.036157
v -0.078207 0.030660 -0.013250
v -0.094279 0.013074 0.031870
v -0.072121 0.029334 -0.024539
v -0.076517 0.031036 -0.011391
v -0.074724 0.031501 -0.012316
v -0.073255 0.029151 -0.023033
v -0.073697 0.029613 -0.021198
v -0.092863 0.013854 0.048242
v -0.095930 0.013618 0.037279
v 0.002387 0.010283 -0.014237
v -0.082925 0.028575 -0.013446
v -0.079034 0.027966 -0.019128
v -0.081989 0.026955 -0.018515
v -0.076598 0.027607 -0.021737
v -0.076505 0.027666 -0.023817
v 0.004821 0.009164 -0.014173
v -0.071426 0.029413 -0.025852
v -0.081880 0.026397 -0.020049
v -0.077463 0.027234 -0.023493
v -0.002234 0.020047 -0.013245
v -0.078411 0.026942 -0.023069
v -0.075315 0.027730 -0.025963
v -0.075098 0.028299 -0.022252
v -0.090788 0.013744 0.049048
v -0.091819 0.013597 0.048930
v -0.075728 0.027906 -0.023336
v -0.078440 0.026202 -0.024452
v -0.001996 0.018214 -0.013339
v -0.075513 0.027927 -0.024631
v -0.076871 0.027321 -0.024711
v -0.074231 0.028290 -0.025769
v -0.074411 0.028030 -0.026613
v -0.078025 0.027627 -0.020641
v -0.074423 0.027484 -0.028377
v -0.073372 0.028434 -0.027029
v -0.074523 0.031117 -0.010397
v -0.076419 0.026935 -0.026218
v -0.077589 0.025541 -0.026135
v -0.081075 0.029720 -0.005563
v -0.092811 0.022690 0.002932
v -0.088512 0.024307 0.005741
v -0.096605 0.011570 0.045031
v -0.096818 0.012663 0.044466
v -0.087688 0.023080 0.008901
v -0.093281 0.020262 0.006664
v -0.087447 0.024182 0.006806
v -0.088812 0.023643 0.007052
v -0.088836 0.014223 0.047912
v -0.010557 0.015540 -0.015107
v -0.091432 0.012666 0.049418
v -0.080684 0.028439 0.000478
v -0.091566 0.023386 0.003688
v -0.088562 0.020742 0.012323
v -0.090170 0.023519 0.005757
v -0.088643 0.019508 0.015281
v -0.091084 0.021864 0.007568
v -0.092857 0.014748 0.047293
v -0.092131 0.018872 0.010747
v -0.089308 0.019875 0.013097
v -0.092548 0.017620 0.012383
v -0.011515 0.018486 -0.014582
v -0.087604 0.021764 0.011336
v -0.093260 0.014337 0.028930
v -0.093076 0.014215 0.027260
v -0.095405 0.011023 0.046835
v -0.083871 0.023160 0.011211
v -0.091765 0.022415 0.005589
v -0.090711 0.016863 0.035136
v -0.087623 0.020383 0.013982
v -0.081893 0.022860 0.011898
v -0.083363 0.021067 0.014709
v -0.085858 0.020734 0.014747
v -0.084912 0.022510 0.011773
v -0.082956 0.023136 0.011555
v -0.084374 0.023531 0.009821
v -0.080837 0.021917 0.013016
v -0.083137 0.023833 0.010035
v -0.086035 0.022701 0.010536
v -0.080389 0.024387 0.008868
v -0.073944 0.022892 0.011233
v -0.076080 0.021860 0.012484
v -0.079195 0.023047 0.011060
v -0.077438 0.023344 0.010394
v -0.073611 0.023668 0.009639
v -0.078943 0.021724 0.013095
v -0.073039 0.021825 0.012161
v -0.071970 0.017857 0.013893
v -0.075121 0.023503 0.010468
v -0.065117 0.027665 -0.002478
v -0.074930 0.020102 0.014018
v -0.074822 0.022093 0.012145
v -0.074887 0.024040 0.009341
v -0.092860 0.016141 0.032499
v -0.092264 0.016354 0.031213
v -0.073836 0.021234 0.012797
v -0.093856 0.014095 0.030924
v -0.072832 0.020554 0.013246
v -0.070610 0.021702 0.011025
v -0.071031 0.019625 0.012682
v -0.072905 0.018775 0.014236
v -0.088829 0.017412 0.033615
v -0.074645 0.019138 0.014898
v -0.077789 0.016976 0.019378
v -0.077027 0.016478 0.018862
v -0.076841 0.019449 0.016460
v -0.076176 0.020177 0.014472
v -0.074998 0.021129 0.013034
v -0.077649 0.020958 0.014004
v -0.076439 0.017413 0.017896
v -0.080905 0.023212 0.011193
v -0.075125 0.022866 0.011384
v -0.076154 0.022834 0.011368
v -0.011682 0.023392 -0.014008
v -0.080789 0.017941 0.022303
v -0.087684 0.019481 0.016535
v -0.078802 0.019734 0.017199
v 0.074698 0.014742 -0.026169
v -0.079616 0.017735 0.020900
v -0.080481 0.018517 0.020491
v 0.074627 0.012457 -0.026340
v -0.082156 0.018478 0.022459
v -0.082804 0.017321 0.026251
v -0.006266 0.023935 -0.013692
v -0.081978 0.016802 0.026383
v -0.082070 0.020076 0.017349
v -0.080084 0.019152 0.018883
v -0.077618 0.017609 0.018724
v -0.081473 0.017356 0.024421
v -0.094284 0.013959 0.032460
v -0.083711 0.018184 0.024697
v -0.080795 0.015559 0.026516
v -0.042956 0.029337 -0.012656
v -0.086083 0.016227 0.035419
v -0.088402 0.014885 0.045014
v -0.090156 0.016349 0.041708
v -0.087963 0.016632 0.036451
v -0.087092 0.018585 0.021184
v -0.091448 0.009351 0.003732
v 0.080980 0.025652 -0.016516
v -0.090621 0.015171 0.047067
v -0.092391 0.014978 0.023038
v -0.092516 0.014908 0.024842
v -0.083584 0.017728 0.025991
v -0.085129 0.017042 0.030632
v -0.082728 0.017830 0.024801
v -0.013375 0.016525 -0.014996
v -0.086182 0.017257 0.031512
v -0.087352 0.016129 0.040388
v -0.084822 0.018326 0.024740
v -0.092058 0.016620 0.033077
v -0.086402 0.017513 0.030172
v -0.086980 0.018196 0.025114
v -0.088685 0.017599 0.022034
v -0.092703 0.019773 0.008469
v -0.091772 0.017246 0.014921
v -0.012140 0.014721 -0.015232
v -0.086323 0.021462 0.012915
v -0.086511 0.019951 0.016408
v -0.083359 0.019841 0.018370
v -0.088941 0.017352 0.024553
v -0.088340 0.017845 0.025982
v -0.087751 0.018018 0.024568
v -0.082832 0.021879 0.013313
v -0.086400 0.019449 0.018978
v -0.006791 0.022341 -0.013631
v -0.090528 0.016634 0.022075
v -0.083069 0.019242 0.020461
v -0.088469 0.019030 0.017082
v -0.088079 0.018657 0.019270
v -0.089653 0.017134 0.026590
v -0.086400 0.017872 0.027408
v -0.015882 0.015256 -0.015192
v -0.083970 0.018728 0.022766
v -0.084934 0.019920 0.018065
v -0.085854 0.019011 0.021162
v -0.090847 0.019497 0.011589
v -0.089520 0.018738 0.016179
v -0.092312 0.021069 0.007027
v -0.092642 0.015102 0.016636
v -0.090507 0.017247 0.019015
v -0.013917 0.014392 -0.015222
v -0.092224 0.015827 0.017233
v -0.090565 0.016436 0.025084
v -0.092407 0.015088 0.026932
v -0.092442 0.014871 0.020958
v -0.091332 0.016947 0.031960
v -0.089742 0.017173 0.028537
v -0.088988 0.021622 0.010383
v -0.091772 0.015825 0.028471
v -0.091043 0.016330 0.027194
v -0.087841 0.017940 0.023484
v -0.091500 0.016409 0.019615
v -0.084027 0.017317 0.027316
v -0.091017 0.016974 0.033349
v -0.086078 0.018156 0.025832
v -0.085971 0.017636 0.028472
v -0.089594 0.017463 0.031899
v -0.092506 0.011846 0.021724
v -0.091593 0.016161 0.043409
v -0.085135 0.019546 0.019652
v -0.091605 0.016315 0.036556
v -0.084602 0.019167 0.021046
v -0.092059 0.016150 0.039888
v -0.090341 0.016742 0.036671
v -0.094934 0.015192 0.044538
v -0.086771 0.018360 0.023111
v -0.086859 0.016256 0.036439
v -0.090455 0.015440 0.046027
v -0.087827 0.017094 0.034609
v -0.089215 0.015416 0.043950
v -0.088660 0.016842 0.035732
v -0.094741 0.013488 0.007799
v -0.089637 0.016902 0.035722
v -0.092857 0.015813 0.038196
v -0.093778 0.015057 0.046351
v -0.089190 0.016831 0.036743
v -0.089823 0.016747 0.037741
v -0.092936 0.015292 0.046149
v -0.077597 0.019080 0.017568
v -0.012846 0.007343 -0.015546
v -0.093961 0.015455 0.045313
v -0.094058 0.015598 0.044174
v -0.000099 0.015945 -0.013415
v -0.093083 0.015989 0.042990
v -0.090723 0.016898 0.030354
v -0.089362 0.017420 0.030046
v -0.093254 0.015617 0.039972
v -0.089995 0.017150 0.020833
v -0.090844 0.016686 0.020809
v -0.087435 0.017855 0.028629
v -0.092136 0.016377 0.034955
v -0.092515 0.016056 0.036377
v -0.093375 0.015723 0.041410
v -0.091808 0.016296 0.041599
v -0.094413 0.014641 0.033093
v -0.094585 0.014754 0.034061
v -0.089675 0.017067 0.034666
v -0.094979 0.014657 0.036528
v -0.094209 0.015150 0.034822
v -0.088874 0.016600 0.037969
v -0.089886 0.016589 0.038686
v -0.090191 0.015879 0.043644
v -0.089236 0.016620 0.039729
v -0.091777 0.015182 0.047044
v -0.084985 0.017777 0.026617
v -0.093102 0.015922 0.034052
v 0.072503 0.027700 -0.000640
v -0.087664 0.017325 0.033289
v -0.090069 0.017173 0.033734
v 0.077719 0.026683 -0.001107
v -0.090944 0.016504 0.038269
v -0.093531 0.015605 0.036119
v -0.094734 0.014878 0.045832
v -0.094961 0.014427 0.035061
v -0.093732 0.009328 0.029073
v -0.093801 0.015355 0.033311
v -0.090594 0.016506 0.040089
v -0.094314 0.015118 0.037765
v -0.000153 0.021348 -0.013241
v -0.094366 0.015071 0.039518
v -0.096118 0.011428 0.037150
v -0.095475 0.013930 0.035838
v -0.092754 0.021926 0.004903
v 0.078827 0.026353 -0.001582
v -0.096413 0.013954 0.040870
v 0.073032 0.028196 -0.001493
v -0.095592 0.014370 0.039952
v -0.005370 0.019988 -0.013602
v -0.083249 0.016000 0.030512
v -0.094742 0.015291 0.043067
v -0.097153 0.012886 0.042969
v -0.092775 0.015868 0.044686
v -0.094043 0.015369 0.040584
v -0.003246 0.016623 -0.013730
v -0.010787 0.013708 -0.015397
v -0.096890 0.011564 0.040336
v -0.095967 0.012569 0.036599
v -0.084298 0.016388 0.031325
v -0.095453 0.014386 0.038544
v -0.096961 0.013302 0.041772
v -0.095436 0.011869 0.034946
v -0.096674 0.013855 0.043729
v -0.095858 0.014635 0.044158
v -0.095913 0.014696 0.042896
v -0.094585 0.012935 0.033038
v -0.095355 0.014058 0.046204
v -0.095548 0.014583 0.045173
v -0.096295 0.013688 0.039352
v -0.095011 0.010382 0.033627
v -0.005213 0.015145 -0.014434
v -0.095272 0.014879 0.041393
v -0.097184 0.012389 0.041804
v -0.088185 0.015194 0.043298
v -0.088783 0.017600 0.027370
v -0.096576 0.014048 0.042274
v -0.012269 0.012551 -0.015395
v -0.091992 0.015589 0.045989
v -0.093863 0.013475 0.047852
v -0.091227 0.015796 0.045066
v -0.087633 0.017530 0.031917
v -0.094116 0.014353 0.047070
v -0.090784 0.014596 0.048071
v -0.096493 0.009271 0.044069
v -0.070317 0.020862 0.011689
v -0.096737 0.009859 0.042291
v -0.077423 0.015630 0.019731
v -0.096284 0.009975 0.045166
v -0.095073 0.012584 0.033946
v -0.081528 0.012984 0.030296
v -0.095972 0.011391 0.046086
v -0.093162 0.008272 0.033194
v -0.095890 0.009359 0.038689
v -0.079168 0.017065 0.021579
v -0.090570 0.008030 0.047202
v -0.086144 0.006063 0.031567
v -0.070526 0.022792 0.009372
v -0.088846 0.011897 0.049753
v -0.085465 0.016734 0.032191
v -0.087247 0.015484 0.041207
v -0.063823 0.016804 0.004189
v -0.089538 0.015013 0.046528
v -0.091276 0.015475 0.046350
v -0.089050 0.015889 0.042515
v -0.087983 0.015719 0.041749
v -0.089914 0.014695 0.047557
v -0.089458 0.014409 0.047941
v -0.088399 0.014455 0.046870
v 0.009104 0.014861 -0.012097
v -0.088093 0.012856 0.049011
v -0.075146 0.017707 0.016533
v -0.075652 0.018788 0.016141
v -0.087213 0.006965 0.046187
v -0.083086 0.016711 0.027854
v -0.087267 0.010340 0.049074
v -0.086922 0.017699 0.029325
v 0.079724 0.021451 0.002197
v -0.086349 0.010667 0.048045
v -0.085885 0.011417 0.046914
v -0.086554 0.014346 0.042583
v -0.084865 0.006391 0.039683
v -0.076434 0.014747 0.018758
v -0.083945 0.008217 0.039131
v -0.084755 0.011391 0.042876
v 0.080409 0.022609 0.001789
v -0.077938 0.016310 0.020017
v -0.084931 0.017447 0.027925
v -0.085361 0.011596 0.045252
v -0.083848 0.012306 0.037583
v -0.083971 0.010924 0.039140
v 0.014130 0.006582 -0.012269
v -0.084196 0.010233 0.040969
v -0.088520 0.016552 0.040854
v -0.089728 0.014254 0.048529
v -0.084577 0.013033 0.039344
v -0.084188 0.007282 0.038249
v -0.085620 0.016403 0.033958
v -0.087707 0.016343 0.038446
v -0.085188 0.013758 0.040295
v -0.085998 0.014548 0.041054
v -0.085529 0.015306 0.037324
v -0.084042 0.013771 0.036827
v -0.085497 0.014735 0.039069
v 0.081464 0.019132 0.002285
v -0.086064 0.013821 0.042699
v -0.084405 0.011770 0.040161
v 0.007059 0.017459 -0.012236
v 0.009491 0.016895 -0.011740
v -0.090011 0.016630 0.023553
v -0.089621 0.013413 0.049275
v -0.086150 0.012678 0.046000
v -0.080182 0.017394 0.022843
v -0.076264 0.021053 0.013396
v -0.083850 0.010188 0.039130
v -0.086760 0.014974 0.041522
v -0.084455 0.014491 0.036914
v -0.082752 0.005801 0.031973
v 0.012866 0.017965 -0.011019
v -0.082090 0.019450 0.018789
v -0.084200 0.019642 0.019409
v -0.084234 0.009116 0.041314
v -0.079368 0.006993 0.023938
v -0.082566 0.016001 0.029032
v -0.081771 0.016138 0.027295
v -0.083562 0.015834 0.032084
v -0.082779 0.015459 0.031020
v -0.081505 0.015284 0.028074
v -0.082994 0.015160 0.032336
v -0.082156 0.015237 0.029667
v -0.074174 0.024379 0.007964
v -0.083770 0.014457 0.035331
v 0.071196 0.026962 -0.024852
v -0.082967 0.014454 0.033352
v -0.078454 0.010984 0.024301
v -0.083138 0.008787 0.036026
v -0.083407 0.010728 0.037292
v -0.088587 0.008965 0.048789
v -0.087488 0.007733 0.047674
v -0.088815 0.006920 0.044768
v 0.083974 0.020829 0.001607
v -0.085515 0.012989 0.043020
v -0.084861 0.012563 0.041301
v -0.081939 0.006570 0.030140
v -0.083054 0.013283 0.034686
v -0.085192 0.009153 0.045689
v -0.083816 0.015386 0.034016
v -0.083075 0.009852 0.036272
v -0.078796 0.008248 0.024241
v -0.077764 0.010497 0.023121
v -0.065009 0.025429 0.002247
v -0.077520 0.008911 0.021945
v -0.078596 0.010428 0.025990
v -0.074759 0.007146 0.015281
v -0.069504 0.013313 0.011412
v -0.079406 0.011006 0.027266
v -0.073726 0.018880 0.014624
v -0.074583 0.014503 0.016671
v -0.075316 0.019694 0.014667
v -0.076092 0.011202 0.019130
v -0.077198 0.011291 0.020809
v -0.074909 0.010968 0.017417
v -0.071423 0.022333 0.010209
v -0.074299 0.018448 0.015338
v -0.073919 0.012139 0.015906
v -0.075534 0.016368 0.017462
v -0.080779 0.012158 0.028890
v -0.077944 0.015602 0.020740
v -0.080401 0.016775 0.024281
v -0.066914 0.019241 0.007734
v -0.080103 0.015173 0.025845
v -0.079581 0.017262 0.022180
v -0.078699 0.014376 0.023437
v -0.079412 0.014785 0.024918
v -0.079473 0.016750 0.023055
v -0.079981 0.015966 0.024876
v -0.069077 0.016841 0.010455
v -0.062937 0.014712 0.003624
v -0.079068 0.018670 0.018893
v -0.078601 0.016205 0.021734
v -0.077158 0.010140 0.021582
v -0.077620 0.014514 0.020581
v 0.030452 0.029195 -0.008654
v -0.079156 0.015896 0.023599
v -0.072163 0.016129 0.014116
v -0.070493 0.015115 0.012266
v -0.079442 0.012243 0.025779
v -0.078762 0.015350 0.023093
v -0.067693 0.031181 -0.008193
v -0.075352 0.007475 0.016722
v -0.079448 0.005942 0.023591
v -0.079044 0.004864 0.020291
v -0.081018 0.016444 0.025691
v -0.078008 0.011160 0.022520
v -0.073409 0.015258 0.015353
v -0.079909 0.013079 0.026468
v -0.079049 0.013111 0.024563
v -0.082739 0.010817 0.034969
v -0.080742 0.013225 0.028228
v -0.082972 0.011804 0.035338
v -0.084316 0.013390 0.038001
v -0.089853 0.015449 0.045139
v -0.081864 0.010004 0.031928
v -0.085159 0.015768 0.035285
v -0.061946 0.016759 0.002739
v -0.079363 0.020768 0.014953
v -0.077370 0.020108 0.015399
v -0.084558 0.016092 0.033166
v -0.086322 0.015847 0.037055
v -0.082290 0.014509 0.031091
v -0.081444 0.014274 0.029052
v -0.087984 0.017695 0.030096
v -0.088559 0.017635 0.029114
v -0.080783 0.007696 0.028454
v -0.086739 0.016697 0.034972
v -0.086663 0.017094 0.033152
v -0.088964 0.017012 0.034991
v -0.083881 0.016607 0.029688
v -0.093618 0.015133 0.031837
v -0.091854 0.016021 0.029883
v -0.070376 0.017795 0.012178
v -0.081112 0.010851 0.029974
v -0.084766 0.017216 0.028854
v -0.078609 0.017973 0.019335
v -0.062162 0.018675 0.003034
v -0.075539 0.012742 0.018004
v -0.078540 0.017144 0.020215
v 0.080325 0.025453 -0.000066
v -0.082681 0.015719 0.030006
v -0.088446 0.017709 0.028172
v -0.076516 0.010494 0.019992
v -0.080548 0.020184 0.016635
v -0.080578 0.014502 0.027017
v -0.089711 0.020505 0.011339
v -0.089447 0.018287 0.017967
v 0.079627 0.025906 -0.000661
v -0.090219 0.018969 0.014237
v -0.087466 0.018167 0.022505
v 0.006995 0.013122 -0.012864
v -0.091728 0.020267 0.009074
v -0.092597 0.016074 0.014621
v -0.092100 0.015728 0.019976
v -0.091966 0.015972 0.018648
v -0.091572 0.016704 0.017322
v -0.083853 0.022419 0.012406
v -0.091824 0.015615 0.025064
v -0.092835 0.014388 0.025352
v -0.095022 0.013692 0.034230
v -0.093008 0.015139 0.030408
v -0.092427 0.015297 0.029014
v -0.069762 0.021438 0.010648
v -0.069625 0.020050 0.011171
v 0.029925 0.013277 -0.007465
v -0.093492 0.012837 0.028019
v -0.093601 0.011862 0.028278
v -0.093927 0.013196 0.029575
v -0.094119 0.012553 0.030628
v -0.093815 0.010471 0.028217
v -0.093037 0.013487 0.024560
v -0.094116 0.013219 0.030914
v -0.095627 0.009688 0.046179
v -0.094855 0.009883 0.047039
v -0.093580 0.009762 0.047669
v -0.093930 0.007615 0.043986
v -0.092622 0.013789 0.019625
v -0.093025 0.013787 0.026132
v -0.073796 0.016758 0.015642
v -0.092835 0.013869 0.017297
v -0.091244 0.016037 0.023470
v -0.093100 0.012723 0.015500
v -0.092766 0.011979 0.018639
v -0.091791 0.015979 0.021510
v -0.094011 0.012261 0.011878
v -0.094348 0.014345 0.009709
v -0.094227 0.012831 0.010157
v -0.093382 0.010306 0.014684
v -0.093795 0.018335 -0.003879
v -0.094881 0.013557 0.002566
v -0.094789 0.012744 0.005801
v -0.092636 0.014293 0.021984
v -0.092581 0.013881 0.021278
v 0.081302 0.024845 0.000120
v -0.094572 0.011389 0.004477
v -0.073686 0.019607 0.014079
v 0.080980 0.025455 -0.000493
v -0.094505 0.011894 0.001553
v -0.077100 0.012922 0.020172
v -0.093975 0.013708 -0.004470
v -0.070917 0.013029 0.012898
v -0.073208 0.005774 0.013496
v -0.076215 0.006185 0.017313
v -0.072721 0.013780 0.014520
v -0.086318 0.010042 -0.018014
v -0.094879 0.015276 0.002189
v -0.078075 0.009731 0.024033
v -0.084058 0.017585 -0.022057
v -0.085720 0.018416 -0.019845
v -0.085163 0.015468 -0.021555
v -0.092770 0.012438 0.023834
v -0.083457 0.013960 -0.023410
v -0.082040 0.012595 -0.024596
v -0.094257 0.011247 0.009432
v -0.092826 0.014248 0.023992
v -0.084465 0.028376 -0.010210
v -0.086604 0.016252 -0.019223
v -0.087098 0.013913 -0.018993
v -0.090177 0.013335 -0.013879
v -0.091594 0.016059 -0.010773
v -0.087791 0.016187 -0.017573
v -0.090653 0.014903 -0.012934
v -0.093767 0.015940 -0.005360
v -0.094375 0.014425 -0.003003
v -0.094721 0.017385 0.000625
v -0.094711 0.013995 -0.000625
v -0.094806 0.015211 0.000374
v -0.089233 0.014983 -0.015539
v -0.073988 0.031853 -0.013749
v -0.090377 0.025574 -0.005256
v -0.074590 0.031739 -0.014815
v -0.084566 0.013061 -0.022141
v -0.082873 0.020371 -0.022483
v -0.093598 0.013792 -0.005972
v 0.014987 0.015523 -0.010519
v -0.083769 0.009854 -0.021059
v -0.094432 0.016396 -0.002008
v -0.069641 0.023564 0.007992
v -0.069505 0.022793 0.008888
v -0.072846 0.022403 0.011313
v -0.071054 0.021031 0.012114
v -0.075478 0.023876 0.009695
v -0.071746 0.020270 0.012988
v -0.071928 0.021212 0.012465
v -0.073068 0.022902 0.010664
v -0.072273 0.022389 0.010743
v -0.076620 0.018393 0.017484
v -0.077926 0.018404 0.018389
v -0.071807 0.021880 0.011476
v -0.070168 0.022130 0.009920
v -0.072352 0.022943 0.009885
v -0.077514 0.022122 0.012386
v -0.094970 0.014460 0.004533
v -0.072540 0.024194 0.007785
v -0.093003 0.009587 0.012087
v -0.084454 0.021469 0.013815
v -0.094297 0.012273 -0.001613
v -0.090977 0.019465 -0.011143
v -0.093373 0.022511 0.001314
v -0.093970 0.021279 0.000154
v -0.093869 0.013314 0.011819
v -0.078036 0.024411 0.008265
v -0.090434 0.024498 0.001826
v -0.075566 0.024177 0.008753
v -0.093349 0.020330 -0.004117
v -0.092825 0.014441 0.026397
v -0.081744 0.020796 0.015137
v -0.091899 0.023842 0.001236
v -0.085827 0.028133 -0.003230
v -0.087753 0.027310 -0.003717
v -0.080575 0.030300 -0.010433
v -0.083850 0.022431 -0.020664
v -0.086103 0.026396 -0.013114
v -0.093038 0.019285 -0.006028
v -0.092508 0.017589 -0.008267
v -0.087156 0.025824 -0.012859
v -0.088941 0.024549 0.004464
v -0.090998 0.023031 -0.009157
v -0.091010 0.023956 -0.007854
v -0.087542 0.020975 0.012828
v -0.081614 0.024945 -0.022194
v -0.082098 0.025540 -0.021132
v -0.083098 0.029190 -0.005332
v -0.089188 0.026231 -0.007424
v -0.087767 0.024941 -0.014102
v -0.088062 0.026670 -0.008490
v -0.086643 0.025206 0.004743
v -0.085553 0.022858 -0.018445
v -0.084924 0.020724 -0.019881
v -0.091401 0.013491 -0.011338
v -0.085891 0.026378 0.002236
v -0.093472 0.021917 -0.001633
v -0.092746 0.023187 -0.002465
v -0.093278 0.022713 -0.000701
v -0.080931 0.029002 -0.002458
v -0.084388 0.026293 0.003907
v -0.091451 0.024252 -0.005890
v -0.083402 0.024314 0.008543
v -0.077184 0.025931 0.005394
v -0.072753 0.025112 0.005744
v -0.075600 0.025015 0.006771
v -0.070689 0.025089 0.005577
v -0.093494 0.013580 0.013548
v 0.066982 0.015019 0.002459
v -0.089432 0.026371 -0.003785
v 0.040946 0.014732 -0.003167
v -0.076587 0.024066 0.008792
v -0.071432 0.023579 0.008464
v -0.070337 0.024488 0.006462
v -0.069446 0.025567 0.004700
v -0.066823 0.025058 0.004128
v -0.087395 0.019341 0.017550
v -0.068339 0.023888 0.006872
v -0.093729 0.012588 0.013379
v -0.071371 0.023101 0.009275
v -0.069263 0.024128 0.007085
v -0.070563 0.023385 0.008630
v 0.024202 0.014950 -0.008376
v -0.068359 0.024216 0.006271
v -0.068175 0.023310 0.007475
v -0.065926 0.020684 0.006460
v -0.065523 0.023270 0.005036
v -0.063978 0.023600 0.003485
v -0.064584 0.021606 0.004965
v -0.064559 0.020349 0.005115
v -0.064450 0.028558 -0.004711
v -0.090088 0.024267 0.003582
v -0.076717 0.029480 -0.001980
v 0.007776 0.016157 -0.012173
v 0.011090 0.012337 -0.012180
v -0.083065 0.029517 -0.007961
v 0.014253 0.013290 -0.010956
v -0.067580 0.023786 0.006296
v -0.066469 0.022174 0.006547
v -0.060307 0.025076 -0.000513
v -0.058810 0.025679 -0.002213
v -0.059033 0.026535 -0.003196
v -0.090358 0.021075 0.009679
v 0.011552 0.014135 -0.011648
v -0.057527 0.025743 -0.002984
v -0.060141 0.026271 -0.002359
v -0.056530 0.027358 -0.005196
v -0.041417 0.026470 -0.010554
v -0.061221 0.026629 -0.002366
v -0.037123 0.029435 -0.013804
v -0.058641 0.024573 -0.001270
v -0.049894 0.024217 -0.006116
v -0.045781 0.026937 -0.009228
v -0.054008 0.022053 -0.003758
v -0.089665 0.022563 0.008219
v -0.055747 0.021141 -0.002459
v -0.062897 0.022646 0.003153
v -0.058921 0.021614 0.000198
v -0.054220 0.020086 -0.003222
v -0.001226 0.013366 -0.014042
v -0.061239 0.023421 0.001547
v -0.073467 0.006841 0.013896
v -0.058924 0.006694 -0.001376
v -0.001962 0.011180 -0.014799
v -0.059933 0.006501 -0.000300
v -0.063143 0.013333 0.004318
v -0.065111 0.012280 0.006673
v -0.062614 0.013476 0.003801
v -0.075831 0.009204 0.018619
v -0.064023 0.013071 0.005204
v -0.059823 0.014110 0.001347
v -0.068158 0.014854 0.009461
v -0.068287 0.022063 0.008466
v -0.091458 0.018299 0.013416
v -0.073935 0.020445 0.013453
v -0.061500 0.013701 0.002791
v -0.068369 0.019198 0.009681
v -0.060622 0.015532 0.001852
v -0.087601 0.026054 0.001121
v -0.060638 0.020139 0.001856
v 0.012863 0.009670 -0.012306
v -0.063854 0.013715 0.004781
v -0.058797 0.019709 0.000351
v -0.057300 0.020262 -0.000998
v -0.053993 0.015485 -0.003158
v -0.055884 0.013117 -0.002135
v -0.055821 0.019432 -0.002007
v -0.067501 0.017124 0.008433
v -0.066033 0.024656 0.004206
v -0.057089 0.021859 -0.001504
v 0.083299 0.024889 -0.008469
v -0.055892 0.023047 -0.002800
v -0.055366 0.024489 -0.003601
v -0.066510 0.013737 0.007752
v -0.052123 0.010803 -0.006151
v -0.058258 0.009368 -0.001412
v -0.080265 0.025233 -0.023472
v -0.057850 0.007491 -0.002405
v -0.081598 0.023616 -0.022970
v -0.051963 0.024906 -0.005429
v -0.064881 0.014534 0.005522
v -0.060560 0.012169 0.002157
v -0.058129 0.006137 -0.002368
v -0.058045 0.011300 -0.000790
v -0.055962 0.006331 -0.004363
v -0.057688 0.005388 -0.002790
v 0.023859 0.012602 -0.008870
v -0.056828 0.008874 -0.002969
v -0.050912 0.009443 -0.007346
v -0.047799 0.007013 -0.009412
v -0.049608 0.006518 -0.008637
v -0.074656 0.027658 -0.027368
v -0.075577 0.026443 -0.027843
v -0.050654 0.007944 -0.007806
v 0.087700 0.022593 -0.006349
v -0.054053 0.011425 -0.004384
v -0.053422 0.010115 -0.005510
v -0.052704 0.008796 -0.006470
v 0.018231 0.011509 -0.010305
v -0.046710 0.011155 -0.009086
v -0.047553 0.014885 -0.007994
v -0.049748 0.011606 -0.007382
v -0.050422 0.014980 -0.006167
v -0.030361 0.009701 -0.014500
v -0.025712 0.010204 -0.014790
v -0.084233 0.027225 -0.014688
v -0.027666 0.010080 -0.014637
v -0.032188 0.006858 -0.014059
v -0.082148 0.025960 -0.020471
v -0.077763 0.028629 -0.018671
v -0.032976 0.008723 -0.014079
v -0.033158 0.014321 -0.013524
v -0.037358 0.008675 -0.012857
v -0.025573 0.008880 -0.014741
v -0.019166 0.009462 -0.015369
v -0.078632 0.029956 -0.005444
v -0.087128 0.025603 -0.013745
v -0.028622 0.003548 -0.015830
v 0.034963 0.009110 -0.006249
v -0.004479 0.006968 -0.044958
v 0.033382 0.010054 -0.006832
v -0.026136 0.011867 -0.014860
v -0.017253 0.010473 -0.015385
v -0.008802 0.008449 -0.046982
v -0.014695 0.009398 -0.015273
v -0.015197 0.012130 -0.015299
v -0.012920 0.010535 -0.015339
v -0.002864 0.010924 -0.047747
v -0.021235 0.009313 -0.015272
v -0.006017 0.016224 -0.049714
v -0.019240 0.012235 -0.015482
v 0.086271 0.015272 -0.017249
v -0.018508 0.016484 -0.015208
v -0.020392 0.018422 -0.014892
v -0.081137 0.026371 -0.021290
v -0.020367 0.016446 -0.015069
v -0.022656 0.016670 -0.014744
v 0.045287 0.015053 -0.001786
v -0.024137 0.013106 -0.015076
v -0.024924 0.018494 -0.014621
v 0.031862 0.008339 -0.007761
v -0.053679 0.029583 -0.009910
v -0.020594 0.014729 -0.015209
v -0.005086 0.025211 -0.047474
v 0.088622 0.021827 -0.010935
v -0.007103 0.019170 -0.049529
v -0.010599 0.024136 -0.048581
v 0.011195 0.006481 -0.012896
v -0.023188 0.022993 -0.049268
v -0.091058 0.024905 -0.000367
v -0.021299 0.021450 -0.049698
v -0.036593 0.024860 -0.011923
v -0.027546 0.021160 -0.014416
v -0.028889 0.026417 -0.013202
v -0.033674 0.023359 -0.012711
v -0.074030 0.028523 -0.024191
v -0.037394 0.007598 -0.012896
v -0.027963 0.011721 -0.014749
v -0.035102 0.020502 -0.012700
v -0.076048 0.028638 -0.020228
v -0.035563 0.014827 -0.012701
v -0.043208 0.029494 -0.013142
v -0.030484 0.015656 -0.014215
v -0.036053 0.017306 -0.012493
v -0.032708 0.010403 -0.014270
v -0.032331 0.021035 -0.013484
v -0.033898 0.018769 -0.013061
v -0.032029 0.018833 -0.013676
v -0.013586 0.017171 -0.049750
v -0.079428 0.026976 -0.021909
v -0.032681 0.022163 -0.048432
v -0.026503 0.021441 -0.049132
v -0.037369 0.019790 -0.047977
v -0.035529 0.008236 -0.013384
v -0.037502 0.018689 -0.012261
v -0.079324 0.024984 -0.024540
v -0.047534 0.020766 -0.007425
v -0.078975 0.026631 -0.023345
v -0.043329 0.020281 -0.009862
v -0.047212 0.023788 -0.007559
v -0.076108 0.027730 -0.022528
v -0.039467 0.019144 -0.011699
v -0.035220 0.018621 -0.012740
v -0.037481 0.022920 -0.011855
v -0.041061 0.021419 -0.046555
v -0.049048 0.025878 -0.007037
v -0.080305 0.027692 -0.018682
v -0.041269 0.027455 -0.011030
v -0.040907 0.019614 -0.011080
v 0.087212 0.023103 -0.007775
v -0.072723 0.028936 -0.025952
v 0.088349 0.022515 -0.008353
v -0.034979 0.029886 -0.042971
v -0.034097 0.029263 -0.044893
v -0.024717 0.025832 -0.047895
v -0.026657 0.027243 -0.047266
v -0.042988 0.023436 -0.009742
v -0.035180 0.029263 -0.044340
v -0.051863 0.017330 -0.004732
v 0.043416 0.016101 -0.002466
v -0.043146 0.029926 -0.040064
v 0.053959 0.012547 -0.000592
v -0.035384 0.028036 -0.045623
v 0.088115 0.022468 -0.001233
v -0.045746 0.028010 -0.043456
v -0.044812 0.025344 -0.044550
v -0.039183 0.029140 -0.044241
v -0.038799 0.029356 -0.043790
v -0.042096 0.025454 -0.045122
v -0.043369 0.024018 -0.045301
v -0.047894 0.029943 -0.040580
v -0.064945 0.029739 -0.029817
v -0.067111 0.028014 -0.031786
v 0.047142 0.014278 -0.001186
v -0.063930 0.025705 -0.035984
v -0.060576 0.028375 -0.036703
v -0.068936 0.027771 -0.031736
v -0.067279 0.027558 -0.032918
v -0.066217 0.027947 -0.032828
v 0.068985 0.015888 0.002332
v -0.081256 0.028005 -0.016880
v -0.064233 0.027153 -0.035224
v -0.047808 0.033769 -0.033042
v -0.059001 0.029303 -0.035520
v -0.057876 0.029538 -0.035034
v -0.047557 0.027183 -0.043254
v -0.071491 0.028280 -0.029535
v -0.043304 0.025694 -0.009846
v -0.045086 0.022264 -0.008715
v -0.078037 0.026878 -0.023922
v -0.078877 0.030397 -0.009747
v -0.056439 0.010712 -0.002639
v 0.084734 0.022089 0.000998
v -0.054947 0.009350 -0.004518
v -0.073996 0.027081 -0.029143
v -0.048754 0.029227 -0.041392
v -0.052778 0.028405 -0.040257
v -0.051314 0.028043 -0.041312
v 0.087349 0.022197 -0.000011
v -0.057479 0.028542 -0.038046
v -0.058171 0.029003 -0.036914
v -0.052012 0.023182 -0.004940
v 0.088222 0.022105 -0.000523
v -0.053965 0.023860 -0.004146
v -0.076783 0.024234 -0.027594
v -0.063286 0.030709 -0.008496
v -0.076722 0.021147 -0.028112
v -0.079215 0.023795 -0.025252
v 0.061992 0.008836 0.000125
v -0.073946 0.021594 -0.030326
v -0.058000 0.027932 -0.038507
v -0.007140 0.010012 -0.047793
v -0.011233 0.009800 -0.047880
v -0.017040 0.008003 -0.046648
v -0.055560 0.026367 -0.040416
v -0.068575 0.016823 -0.035273
v -0.063137 0.015586 -0.038959
v -0.057666 0.017038 -0.041259
v -0.066461 0.017725 -0.036388
v 0.036568 0.010096 -0.005298
v 0.045812 0.006321 -0.035374
v -0.035249 0.021176 -0.048260
v -0.038110 0.021921 -0.047424
v -0.040730 0.017410 -0.046941
v -0.048459 0.017933 -0.044707
v -0.063769 0.017974 -0.037929
v -0.059380 0.015915 -0.040839
v -0.066256 0.015855 -0.037114
v -0.035359 0.009420 -0.013578
v -0.035080 0.010929 -0.013597
v -0.082959 0.015550 -0.023712
v -0.082001 0.017512 -0.023973
v -0.072373 0.016456 -0.032494
v -0.041348 0.024910 -0.010362
v -0.077207 0.017677 -0.028284
v -0.081386 0.015352 -0.025096
v -0.045725 0.007960 -0.010014
v -0.051657 0.029432 -0.010459
v -0.044650 0.014034 -0.009675
v -0.042698 0.016962 -0.010295
v -0.079968 0.019548 -0.025427
v -0.034324 0.025331 -0.012403
v -0.054484 0.007540 -0.005342
v -0.048551 0.008534 -0.008756
v -0.043844 0.027953 -0.010702
v -0.049765 0.009200 -0.008026
v -0.049141 0.017853 -0.006707
v 0.077235 0.027408 -0.003045
v -0.039905 0.008460 -0.012007
v -0.043089 0.005427 -0.011830
v -0.036384 0.012614 -0.012917
v -0.042655 0.014641 -0.010577
v 0.078205 0.026866 -0.002639
v -0.041126 0.015569 -0.011027
v -0.081533 0.007522 -0.016834
v -0.041030 0.009980 -0.011789
v -0.042753 0.008842 -0.011107
v -0.041573 0.006451 -0.011967
v -0.043348 0.006982 -0.011148
v -0.041479 0.007516 -0.011650
v -0.044387 0.010876 -0.010341
v -0.042588 0.010896 -0.011189
v -0.040322 0.012088 -0.011898
v -0.038134 0.010257 -0.012700
v 0.081738 0.021790 0.001848
v -0.038687 0.014813 -0.011880
v -0.023303 0.010575 -0.015114
v -0.047648 0.020045 -0.044887
v -0.042874 0.012649 -0.010881
v 0.029691 0.012122 -0.007830
v -0.051885 0.021340 -0.043194
v -0.051067 0.018082 -0.043798
v -0.054577 0.017822 -0.042369
v -0.041994 0.029035 -0.012238
v -0.059816 0.017172 -0.040383
v -0.058414 0.018627 -0.040537
v -0.042983 0.019926 -0.046129
v -0.041945 0.018476 -0.046523
v -0.047125 0.016892 -0.045092
v -0.049521 0.016529 -0.044285
v -0.061027 0.016004 -0.040071
v 0.081955 0.024134 0.000644
v -0.069419 0.012691 -0.033785
v -0.070321 0.014244 -0.034593
v -0.070998 0.015657 -0.033838
v -0.073231 0.015213 -0.032464
v 0.085034 0.024020 -0.003381
v -0.076443 0.015348 -0.029780
v -0.079782 0.016472 -0.026225
v -0.078461 0.014950 -0.028021
v -0.079911 0.013111 -0.026949
v -0.024886 0.013508 -0.048174
v -0.058889 0.012737 -0.040695
v 0.084622 0.024154 -0.001600
v -0.072203 0.013666 -0.033497
v -0.068757 0.014886 -0.035541
v -0.020516 0.016760 -0.049496
v 0.089025 0.021480 0.000049
v -0.016574 0.015749 -0.049688
v 0.067154 0.019904 -0.028904
v 0.090340 0.020732 0.000307
v 0.048973 0.021511 -0.036341
v 0.062529 0.017170 -0.032589
v -0.035262 0.028842 -0.013021
v 0.063648 0.019039 -0.031289
v 0.048958 0.005833 -0.003586
v 0.087530 0.022524 -0.004681
v 0.081733 0.014817 -0.022019
v 0.083810 0.014339 -0.020292
v 0.087798 0.022564 -0.002950
v 0.060740 0.002647 -0.003101
v 0.015706 0.009986 -0.011296
v 0.053382 0.020792 -0.034836
v 0.056688 0.024850 -0.032893
v 0.063809 0.027647 -0.027664
v 0.070280 0.026242 -0.025809
v -0.028635 0.010902 -0.046537
v 0.016635 0.007538 -0.011487
v 0.043892 0.021652 -0.037924
v 0.059269 0.027738 -0.030061
v 0.014831 0.008254 -0.011893
v 0.016257 0.029691 -0.041971
v 0.011431 0.007375 -0.012830
v 0.010169 0.017373 -0.046954
v 0.039043 0.020967 -0.039222
v 0.013170 0.007975 -0.012399
v 0.006538 0.017396 -0.047661
v 0.003960 0.017088 -0.048232
v 0.069742 0.030193 -0.014393
v 0.003345 0.007203 -0.044053
v 0.004844 0.003521 -0.035315
v 0.082567 0.025243 -0.005722
v 0.082751 0.025148 -0.007129
v 0.081727 0.025649 -0.009456
v 0.079759 0.026512 -0.010236
v -0.044473 0.026926 -0.009794
v -0.042726 0.027111 -0.010506
v -0.071247 0.027703 0.000250
v 0.085426 0.023144 -0.000088
v 0.083821 0.023274 0.000659
v 0.084300 0.023865 -0.000078
v 0.081722 0.025542 -0.004847
v 0.083120 0.024913 -0.004486
v -0.059581 0.023262 0.000287
v 0.090565 0.021201 -0.000297
v 0.086714 0.022899 -0.000769
v -0.040252 0.027967 -0.011685
v 0.089354 0.021801 -0.000721
v 0.090436 0.021479 -0.001132
v 0.086928 0.023077 -0.001932
v 0.080031 0.026055 -0.002217
v 0.087103 0.016715 0.001991
v 0.038978 0.006267 -0.005794
v 0.090630 0.021330 -0.002527
v 0.092144 0.018233 0.000907
v 0.093558 0.018105 0.000428
v 0.087759 0.020113 0.001281
v -0.052981 0.027640 -0.007119
v 0.091421 0.019637 -0.009151
v 0.086160 0.019578 0.001625
v -0.055262 0.028342 -0.007651
v -0.056158 0.028845 -0.008028
v 0.092800 0.019304 -0.005542
v 0.030237 0.006872 -0.008304
v 0.096129 0.018062 -0.003773
v -0.045483 0.029164 -0.011650
v 0.089215 0.014354 0.002160
v 0.092494 0.015091 0.001763
v 0.090417 0.015046 0.002097
v 0.086181 0.023554 -0.012739
v 0.092983 0.013171 0.001746
v 0.094350 0.014645 0.001179
v 0.030399 0.008463 -0.008176
v 0.087356 0.023043 -0.011226
v 0.084385 0.015096 0.002326
v 0.083572 0.014605 0.002448
v 0.082927 0.015098 0.002490
v 0.088278 0.015377 0.002145
v -0.047283 0.028879 -0.009863
v 0.090787 0.018116 0.001392
v 0.089808 0.013660 0.002100
v 0.092134 0.016797 0.001388
v 0.068025 0.014806 0.002703
v 0.089196 0.016456 -0.013858
v -0.060345 0.024410 0.000128
v -0.005809 0.006350 -0.015614
v -0.008600 0.007637 -0.015494
v -0.009335 0.006458 -0.015578
v -0.009830 0.008705 -0.015436
v -0.024215 0.015027 -0.014860
v -0.006720 0.009791 -0.015721
v -0.009353 0.011576 -0.015624
v -0.006882 0.012862 -0.015352
v -0.006203 0.007771 -0.015587
v -0.003140 0.006641 -0.015441
v 0.010434 0.005837 -0.013210
v -0.028241 0.006012 -0.015002
v -0.000984 0.009048 -0.014967
v -0.004524 0.009948 -0.015540
v 0.050466 0.006754 -0.002984
v -0.069010 0.029711 -0.005581
v 0.046209 0.012101 -0.001818
v 0.017418 0.013815 -0.010098
v -0.002855 0.030043 -0.015190
v 0.006106 0.030101 -0.014234
v 0.006802 0.030414 -0.014736
v 0.063256 0.011464 0.001261
v 0.061188 0.029603 -0.003113
v 0.064919 0.028737 -0.001882
v 0.093904 0.013053 0.001331
v 0.047711 0.030379 -0.006484
v 0.037024 0.031404 -0.010850
v -0.013975 0.030373 -0.016239
v 0.096878 0.013751 -0.002855
v -0.000360 0.028701 -0.014317
v -0.056478 0.026633 -0.004313
v 0.091181 0.018836 -0.010528
v 0.096545 0.013041 -0.004658
v 0.096476 0.012482 -0.003728
v 0.078002 0.014064 0.002780
v 0.071553 0.012371 0.002935
v 0.069092 0.011699 0.002659
v -0.059618 0.025030 -0.000946
v 0.070171 0.013481 0.002537
v 0.025172 0.002713 -0.012957
v 0.060933 0.010603 0.000190
v 0.047045 0.029535 -0.004240
v -0.001612 0.007191 -0.015241
v 0.012649 0.028178 -0.011784
v 0.005196 0.011054 -0.013721
v 0.052760 0.029269 -0.002747
v 0.004790 0.006053 -0.014368
v 0.085694 0.023662 -0.001692
v 0.001099 0.011829 -0.013998
v -0.021455 0.034422 -0.037494
v 0.085083 0.023712 -0.000771
v 0.089770 0.021635 -0.003553
v -0.022418 0.034451 -0.034773
v -0.053428 0.025857 -0.005295
v 0.002937 0.013260 -0.013497
v 0.006804 0.031884 -0.017932
v 0.089610 0.021665 -0.005560
v 0.005828 0.031474 -0.016825
v 0.027539 0.033992 -0.024836
v 0.013344 0.034161 -0.024055
v 0.033359 0.029116 -0.007955
v 0.055549 0.032419 -0.012389
v -0.003981 0.008126 -0.015482
v 0.038878 0.033198 -0.013777
v -0.011382 0.008504 -0.015295
v -0.084356 0.026356 -0.016842
v -0.083113 0.026630 -0.017781
v -0.090585 0.025488 -0.002259
v 0.003315 0.007809 -0.014487
v 0.094974 0.018625 -0.000805
v 0.042768 0.032845 -0.014591
v -0.009477 0.013530 -0.015404
v 0.058203 0.032399 -0.012706
v 0.053036 0.032961 -0.017153
v 0.046385 0.032720 -0.014336
v 0.045503 0.032007 -0.012697
v -0.008634 0.009006 -0.015573
v 0.038634 0.032744 -0.012265
v 0.039525 0.032234 -0.011079
v 0.042157 0.033554 -0.021064
v -0.010680 0.010065 -0.015496
v -0.000057 0.010843 -0.014456
v 0.086442 0.022697 -0.000068
v 0.038665 0.034389 -0.021916
v 0.036491 0.033713 -0.018858
v 0.010129 0.033465 -0.021726
v -0.051460 0.026038 -0.006236
v 0.037676 0.034203 -0.020863
v 0.040295 0.032566 -0.012371
v 0.068781 0.030493 -0.010223
v 0.072371 0.029403 -0.007898
v 0.041166 0.031940 -0.010008
v 0.092507 0.019413 -0.006556
v -0.081437 0.019060 0.019874
v -0.080720 0.019656 0.018143
v 0.000942 0.007038 -0.014893
v -0.076182 0.023635 0.009969
v 0.054879 0.033015 -0.015913
v 0.092890 0.018826 -0.007639
v 0.060905 0.031643 -0.022679
v 0.049069 0.031033 -0.028762
v -0.074733 0.030421 -0.006128
v 0.056659 0.032451 -0.021701
v 0.043533 0.032744 -0.024820
v 0.045163 0.032260 -0.025918
v -0.092247 0.024012 -0.001004
v -0.086297 0.024201 -0.016816
v 0.059060 0.030069 -0.003918
v 0.028317 0.033465 -0.031572
v 0.091892 0.020751 -0.000685
v 0.038277 0.033986 -0.024354
v 0.093449 0.019552 -0.000209
v 0.045248 0.031952 -0.027356
v -0.076269 0.026984 0.002805
v 0.044508 0.032312 -0.022763
v 0.095724 0.018445 -0.003056
v -0.074237 0.031565 -0.016524
v 0.037483 0.019051 -0.040324
v 0.039952 0.033783 -0.024090
v -0.072286 0.023612 0.008816
v 0.040743 0.032184 -0.031202
v 0.072637 0.027923 -0.022077
v -0.014154 0.006495 -0.015784
v -0.015587 0.007697 -0.015458
v 0.062660 0.031366 -0.019574
v 0.042433 0.033083 -0.026951
v 0.043982 0.032462 -0.026967
v 0.041807 0.032931 -0.028716
v -0.088093 0.007925 -0.007867
v -0.076582 0.018956 0.016977
v 0.044180 0.031891 -0.028652
v 0.035611 0.031885 -0.011801
v 0.047553 0.032068 -0.023828
v -0.000008 0.006229 -0.015193
v 0.040700 0.033488 -0.027506
v 0.062427 0.031476 -0.014354
v -0.081898 0.023722 0.010461
v -0.082067 0.024579 0.008431
v 0.095374 0.018637 -0.002178
v 0.095047 0.019040 -0.003069
v 0.096341 0.018022 -0.002722
v 0.075929 0.026962 -0.000564
v 0.046201 0.028996 -0.033663
v 0.056003 0.000000 -0.008599
v 0.059668 0.027567 -0.030053
v 0.044276 0.001683 -0.015620
v 0.093401 0.016470 0.001120
v 0.007713 0.003328 -0.015698
v 0.065754 0.028093 -0.026263
v 0.041411 0.005498 -0.005347
v 0.061315 0.027461 -0.029357
v 0.079538 0.026908 -0.007936
v 0.072458 0.026928 -0.023776
v 0.066240 0.030499 -0.020267
v 0.071291 0.027444 -0.024093
v 0.063762 0.030997 -0.023059
v 0.051117 0.003441 -0.004311
v 0.058457 0.027155 -0.030847
v 0.059917 0.027179 -0.030223
v 0.061532 0.028967 -0.026402
v 0.091440 0.020086 -0.007670
v 0.040567 0.031647 -0.032158
v 0.050758 0.026081 -0.034566
v 0.064544 0.021559 -0.029869
v 0.041454 0.033390 -0.025468
v 0.051137 0.017432 -0.036896
v 0.052174 0.016543 -0.036763
v 0.002784 0.002007 -0.020152
v -0.086008 0.028128 -0.004642
v 0.066170 0.030981 -0.013938
v 0.012535 0.001982 -0.017225
v -0.088859 0.026805 -0.005505
v -0.085135 0.025299 -0.017346
v -0.084866 0.028395 -0.008394
v -0.084045 0.028963 -0.006569
v 0.082136 0.025333 -0.003161
v 0.065598 0.026880 -0.027563
v 0.068677 0.026835 -0.026204
v 0.019062 0.002044 -0.021735
v 0.071540 0.029747 -0.008916
v 0.095696 0.018332 -0.004345
v 0.095557 0.018282 -0.001469
v 0.071452 0.028811 -0.021206
v 0.095447 0.018711 -0.003815
v 0.008368 0.001897 -0.016352
v 0.011768 0.008260 -0.044617
v -0.088647 0.025811 -0.009775
v 0.089714 0.021974 -0.002104
v 0.089275 0.022144 -0.001409
v 0.012374 0.011152 -0.045797
v 0.088602 0.022300 -0.009543
v 0.052166 0.000791 -0.007271
v -0.089820 0.023525 -0.011614
v -0.089750 0.024595 -0.010192
v 0.060223 0.003979 -0.002444
v 0.069225 0.028667 -0.001727
v 0.068293 0.030530 -0.013550
v -0.041345 0.014039 -0.011183
v 0.050167 0.032410 -0.020295
v 0.051425 0.032920 -0.016652
v 0.089922 0.020422 -0.010751
v 0.060913 0.027873 -0.028786
v 0.046178 0.032155 -0.025172
v 0.047419 0.032099 -0.024964
v 0.059314 0.007075 -0.001411
v 0.090895 0.019704 0.000736
v 0.094327 0.018431 -0.005649
v 0.048818 0.003929 -0.004407
v 0.053956 0.004213 -0.003531
v 0.047179 0.002057 -0.006329
v -0.080715 0.027013 -0.020300
v -0.075504 0.026123 0.004216
v 0.066791 0.030937 -0.012833
v 0.050145 0.030345 -0.029894
v 0.093527 0.018811 -0.006184
v 0.057104 0.005115 -0.002703
v -0.090144 0.025184 -0.007806
v -0.091904 0.020758 -0.008425
v 0.035639 0.030892 -0.010924
v 0.052949 0.032778 -0.015432
v -0.071427 0.030139 -0.005254
v 0.040174 0.021420 -0.038951
v -0.088634 0.023753 -0.013877
v 0.063165 0.015016 0.001485
v -0.083146 0.028049 -0.015080
v 0.019257 0.032931 -0.028413
v 0.055502 0.002986 -0.003949
v 0.056778 0.001638 -0.004548
v 0.052646 0.017424 -0.036342
v 0.053033 0.018507 -0.035722
v 0.064829 0.009877 0.001298
v 0.071800 0.007904 0.001721
v 0.076076 0.008959 0.001762
v 0.027528 0.032145 -0.029047
v 0.069972 0.008585 0.001925
v -0.000261 0.034476 -0.028348
v 0.059739 0.009142 -0.000613
v 0.093365 0.019366 -0.002507
v -0.020460 0.014518 -0.049140
v 0.093551 0.019626 -0.001882
v 0.022467 0.032667 -0.027181
v 0.004275 0.034432 -0.032477
v -0.084574 0.028493 -0.002409
v 0.028527 0.032668 -0.028852
v 0.028001 0.032759 -0.029663
v 0.067421 0.008369 0.001305
v 0.017662 0.033364 -0.034305
v 0.068980 0.007811 0.001413
v -0.087443 0.026587 -0.009768
v 0.070724 0.014539 0.002324
v -0.083383 0.024228 -0.020400
v -0.006579 0.030953 -0.042500
v -0.082315 0.029723 -0.006577
v -0.016661 0.032411 -0.031000
v -0.017449 0.032661 -0.030315
v 0.073765 0.013406 0.002939
v -0.020008 0.030596 -0.041786
v -0.029711 0.029429 -0.045603
v -0.043810 0.021834 -0.045637
v 0.096268 0.016236 -0.000444
v 0.074052 0.012456 0.003055
v 0.065227 0.015626 0.001836
v -0.020356 0.034147 -0.027748
v -0.077951 0.030889 -0.012028
v -0.004520 0.034186 -0.029166
v 0.065981 0.014870 0.002254
v -0.027962 0.029186 -0.045451
v -0.023439 0.027900 -0.046916
v -0.023505 0.026979 -0.047562
v 0.065413 0.014022 0.002372
v -0.023521 0.029232 -0.043804
v 0.041214 0.021588 -0.038669
v -0.019644 0.022642 -0.049581
v -0.019735 0.028981 -0.046638
v 0.061811 0.031780 -0.011948
v -0.085361 0.024288 0.007594
v 0.081393 0.009062 0.000295
v -0.018298 0.019496 -0.014837
v 0.091572 0.020181 -0.005952
v 0.067074 0.011393 0.002376
v -0.034773 0.031763 -0.019450
v -0.034319 0.034330 -0.025905
v -0.035049 0.032746 -0.021716
v -0.028924 0.023172 -0.013781
v -0.089155 0.025812 -0.000022
v -0.090712 0.024753 0.000672
v -0.091706 0.024471 -0.003679
v -0.030218 0.027185 -0.013120
v -0.029547 0.028227 -0.013499
v -0.087380 0.024314 -0.015343
v 0.096269 0.017974 -0.001930
v -0.044885 0.034883 -0.028114
v -0.028565 0.024837 -0.013401
v 0.071748 0.015949 0.002262
v -0.059458 0.027956 -0.037795
v -0.058863 0.028562 -0.037449
v -0.039195 0.031859 -0.018057
v 0.078603 0.023284 0.001811
v -0.068763 0.027359 -0.032343
v -0.059404 0.031831 -0.032269
v 0.077769 0.019525 0.002410
v -0.053251 0.033598 -0.028591
v -0.056443 0.029680 -0.034853
v -0.050384 0.034478 -0.024315
v -0.058392 0.034147 -0.027383
v -0.080159 0.014754 -0.026454
v -0.081603 0.014069 -0.025133
v 0.070900 0.010547 0.002713
v -0.067558 0.029632 -0.028047
v -0.059363 0.005397 -0.017723
v 0.073827 0.016727 0.002213
v 0.092371 0.019316 0.000444
v -0.043311 0.029756 -0.041029
v -0.043191 0.029848 -0.042228
v 0.055701 0.005089 -0.031086
v -0.049306 0.030449 -0.038891
v 0.091625 0.020456 0.000130
v 0.086174 0.015171 0.002104
v 0.095224 0.014361 -0.007664
v -0.044680 0.029721 -0.041226
v -0.027709 0.028344 -0.046567
v -0.048926 0.031570 -0.036736
v -0.047547 0.031788 -0.036354
v -0.039896 0.019982 -0.047167
v -0.026278 0.023828 -0.048565
v -0.047933 0.030306 -0.039382
v -0.047845 0.025601 -0.043651
v 0.096633 0.015530 -0.004682
v -0.038583 0.026969 -0.045662
v -0.036408 0.028793 -0.044671
v 0.084446 0.018698 0.001890
v -0.028723 0.028939 -0.046063
v -0.029850 0.028556 -0.046489
v -0.042959 0.029313 -0.043547
v 0.069241 0.009805 0.002344
v -0.024286 0.024204 -0.048649
v -0.043236 0.034202 -0.033054
v -0.045789 0.030132 -0.038586
v 0.092589 0.020058 -0.002134
v 0.093153 0.020036 -0.001258
v 0.091416 0.020838 -0.001741
v 0.089731 0.012508 0.001873
v -0.041214 0.030033 -0.042566
v -0.040945 0.030387 -0.041121
v -0.031654 0.029910 -0.044872
v -0.042373 0.029782 -0.043157
v -0.035258 0.033935 -0.024563
v -0.047194 0.030133 -0.039658
v 0.089068 0.020579 0.000762
v -0.056416 0.032036 -0.032179
v 0.094764 0.015533 -0.008117
v -0.054439 0.032067 -0.032269
v -0.072850 0.028388 -0.000055
v -0.071507 0.028516 -0.001029
v 0.095720 0.017747 -0.004910
v -0.044822 0.029773 -0.042243
v -0.082846 0.027399 -0.016445
v -0.031405 0.029327 -0.045674
v -0.032526 0.031440 -0.041090
v 0.094990 0.017830 -0.000145
v -0.053524 0.028892 -0.038989
v 0.085404 0.016766 0.001998
v -0.045355 0.034257 -0.032582
v -0.047540 0.030936 -0.037553
v -0.047310 0.030311 -0.038848
v 0.096551 0.014434 -0.004103
v -0.043145 0.034613 -0.031064
v 0.097286 0.015691 -0.003044
v -0.039929 0.030193 -0.042111
v 0.078405 0.011413 0.002616
v 0.093834 0.018976 -0.004964
v -0.031229 0.030784 -0.042997
v -0.066394 0.027310 -0.001074
v 0.094347 0.018999 -0.004258
v -0.046219 0.029877 -0.041141
v 0.093797 0.019107 -0.003491
v -0.050703 0.028905 -0.040710
v -0.047035 0.030052 -0.040210
v 0.097255 0.014933 -0.001036
v -0.024996 0.027554 -0.047100
v 0.096091 0.015053 0.000164
v 0.088462 0.015065 -0.015221
v 0.095375 0.013938 0.000392
v 0.095884 0.011793 -0.002624
v 0.095031 0.010960 -0.004831
v -0.023549 0.028957 -0.044911
v -0.026964 0.023307 -0.013847
v 0.081036 0.005876 -0.004583
v -0.023809 0.033943 -0.030669
v -0.023789 0.034019 -0.032284
v -0.023177 0.033495 -0.031638
v 0.094577 0.013297 0.001177
v 0.094646 0.013640 0.000962
v -0.057964 0.030612 -0.009695
v -0.021188 0.029634 -0.042828
v 0.094998 0.018904 -0.001340
v 0.092559 0.019384 -0.004475
v 0.092495 0.019714 -0.003231
v -0.030944 0.033506 -0.024076
v -0.050928 0.033937 -0.027889
v -0.028960 0.017858 -0.048845
v -0.042511 0.034431 -0.032032
v 0.088751 0.017704 0.001852
v 0.089437 0.019338 0.001255
v -0.050285 0.033600 -0.031049
v 0.085322 0.014363 0.002236
v -0.053546 0.034347 -0.021287
v -0.048600 0.034435 -0.027300
v 0.094205 0.019440 -0.000961
v -0.040597 0.029105 -0.012885
v -0.049208 0.028177 -0.008353
v -0.047923 0.028095 -0.008794
v -0.059235 0.026782 -0.038557
v -0.033745 0.032503 -0.021472
v -0.042782 0.034954 -0.027810
v -0.046898 0.034577 -0.028170
v -0.060276 0.033945 -0.020214
v -0.071459 0.027368 -0.030722
v -0.070280 0.028114 -0.030474
v 0.096613 0.017285 -0.004131
v -0.057303 0.034395 -0.022856
v -0.041068 0.034855 -0.027988
v -0.055797 0.034207 -0.024759
v 0.093640 0.017676 -0.008144
v 0.094811 0.016724 -0.007471
v 0.093712 0.016602 -0.008876
v 0.083393 0.016967 0.002181
v 0.086379 0.018031 0.001834
v 0.096194 0.017555 -0.001185
v -0.036144 0.031669 -0.018070
v 0.090199 0.020994 -0.009247
v 0.097063 0.016862 -0.003413
v -0.036052 0.032352 -0.020260
v 0.096747 0.017597 -0.003299
v -0.061854 0.031876 -0.011382
v -0.054214 0.027540 -0.040369
v -0.054400 0.028309 -0.039414
v 0.085256 0.014780 0.002288
v -0.049033 0.032880 -0.018210
v -0.054909 0.033931 -0.020202
v 0.085975 0.021867 0.000889
v -0.062034 0.033194 -0.027463
v -0.053836 0.034175 -0.020263
v 0.085881 0.021123 0.001236
v 0.083230 0.013962 0.002494
v 0.094921 0.017825 -0.005680
v -0.073225 0.028041 -0.028470
v -0.057040 0.033708 -0.019447
v -0.056059 0.033919 -0.020935
v -0.055951 0.033791 -0.019705
v -0.065062 0.032597 -0.013845
v -0.079547 0.027461 -0.020316
v -0.069068 0.029554 -0.027681
v -0.059929 0.032768 -0.015138
v -0.066138 0.032504 -0.014024
v -0.059733 0.033007 -0.016127
v 0.093124 0.017500 -0.008999
v 0.092557 0.018344 -0.009056
v -0.036615 0.033322 -0.022544
v -0.061506 0.026661 -0.037236
v 0.083046 0.022401 0.001312
v 0.085686 0.024110 -0.011376
v 0.097044 0.017246 -0.002362
v 0.025409 0.034307 -0.024533
v 0.097170 0.016397 -0.001456
v 0.096377 0.014571 -0.005265
v -0.057368 0.034122 -0.021329
v 0.096576 0.013926 -0.005000
v 0.094822 0.019012 -0.003906
v 0.096074 0.013558 -0.006368
v -0.050304 0.033666 -0.020092
v -0.037660 0.034067 -0.024645
v 0.094958 0.018659 -0.004754
v 0.096063 0.015554 -0.006427
v 0.095460 0.017072 -0.006114
v 0.096285 0.016612 -0.005180
v -0.044800 0.024351 -0.008951
v -0.045853 0.025853 -0.008766
v 0.043113 0.031969 -0.009903
v 0.034313 0.029544 -0.008381
v 0.094247 0.017883 -0.006712
v 0.096665 0.015421 -0.000344
v -0.044896 0.028550 -0.010807
v 0.037771 0.034062 -0.019991
v 0.094899 0.016418 0.000523
v -0.043552 0.028842 -0.011669
v -0.050044 0.027625 -0.007825
v -0.050243 0.028243 -0.008397
v 0.096934 0.016455 -0.004143
vn 0.7123 0.3247 -0.6222
vn 0.7020 0.2743 -0.6573
vn 0.7430 0.1452 -0.6533
vn 0.7036 0.3467 -0.6202
vn -0.9864 -0.0754 0.1458
vn -0.9851 0.1248 0.1185
vn -0.9782 0.0989 0.1824
vn -0.9765 0.1443 0.1599
vn -0.9495 -0.2145 0.2290
vn 0.7157 0.3878 -0.5808
vn 0.7359 0.3391 -0.5860
vn 0.7246 0.2456 -0.6440
vn 0.6893 0.3131 -0.6533
vn 0.7140 0.2015 -0.6705
vn 0.6687 0.2876 -0.6857
vn 0.6895 0.2493 -0.6800
vn 0.7298 0.4288 -0.5325
vn -0.9889 0.0013 0.1485
vn -0.9691 0.1088 0.2216
vn -0.9743 0.1015 0.2010
vn -0.9655 0.1856 0.1829
vn -0.1632 -0.9830 -0.0845
vn -0.5439 -0.8370 -0.0605
vn -0.3649 -0.9292 -0.0583
vn -0.9841 0.0132 0.1771
vn -0.9831 -0.0126 0.1829
vn -0.7534 -0.6314 -0.1837
vn -0.3313 -0.9427 -0.0388
vn -0.5508 -0.8343 -0.0245
vn -0.7966 -0.5367 -0.2781
vn -0.7906 -0.6105 -0.0466
vn -0.8816 -0.4713 0.0245
vn -0.8711 -0.4786 0.1099
vn -0.9662 0.1330 0.2209
vn -0.9454 0.2974 0.1335
vn 0.5430 -0.5014 0.6736
vn 0.6687 -0.2352 0.7054
vn 0.6163 -0.3845 0.6873
vn 0.6571 -0.2859 0.6975
vn 0.6431 -0.4161 0.6429
vn 0.7365 0.0932 0.6700
vn 0.7368 0.1649 0.6557
vn 0.7115 0.0302 0.7020
vn 0.6894 -0.3452 0.6368
vn 0.0835 -0.9946 0.0624
vn 0.8415 -0.0649 0.5364
vn 0.7554 0.1185 0.6444
vn 0.7481 -0.0395 0.6624
vn 0.7022 0.0726 0.7083
vn 0.6889 -0.0847 0.7198
vn 0.5883 -0.4848 0.6471
vn 0.7040 -0.1568 0.6926
vn 0.6717 -0.2999 0.6774
vn -0.1900 -0.9811 -0.0357
vn 0.2624 -0.9286 0.2623
vn -0.0958 -0.9942 -0.0496
vn -0.1004 -0.9901 -0.0982
vn 0.4686 -0.8114 0.3493
vn 0.6718 -0.3382 0.6590
vn 0.4633 -0.7582 0.4588
vn -0.2408 -0.9693 -0.0495
vn 0.7100 -0.3167 0.6290
vn 0.7242 -0.2323 0.6493
vn 0.7408 -0.0016 0.6717
vn -0.0532 -0.8590 -0.5091
vn 0.0134 -0.8389 -0.5441
vn 0.0552 -0.6074 -0.7925
vn 0.1913 0.1301 -0.9729
vn 0.1798 0.0112 -0.9836
vn 0.1274 0.0954 -0.9872
vn 0.1236 -0.4367 -0.8911
vn 0.1555 -0.3577 -0.9208
vn 0.0950 -0.5226 -0.8472
vn 0.0326 0.1242 -0.9917
vn 0.0002 0.0813 -0.9967
vn 0.0392 0.1637 -0.9857
vn 0.0820 -0.6080 -0.7897
vn 0.1278 -0.0800 -0.9886
vn 0.0706 -0.0272 -0.9971
vn 0.0816 0.0874 -0.9928
vn 0.0922 -0.5006 -0.8607
vn 0.1022 -0.8157 -0.5693
vn 0.0756 0.2571 -0.9634
vn 0.0584 0.1891 -0.9802
vn 0.0315 0.0584 -0.9978
vn 0.0544 0.1424 -0.9883
vn 0.1643 -0.1611 -0.9732
vn 0.1661 -0.2913 -0.9421
vn 0.1140 -0.2978 -0.9478
vn -0.0176 -0.0037 -0.9998
vn 0.0904 0.2168 -0.9720
vn 0.1147 0.3390 -0.9338
vn 0.1133 0.3083 -0.9445
vn 0.1414 0.2137 -0.9666
vn 0.1262 -0.3964 -0.9094
vn 0.0932 -0.2080 -0.9737
vn 0.0428 0.1219 -0.9916
vn 0.0983 -0.3780 -0.9206
vn 0.1884 -0.2374 -0.9530
vn 0.0752 0.2134 -0.9741
vn 0.0215 -0.2585 -0.9658
vn 0.0167 -0.0847 -0.9963
vn -0.0268 -0.9813 -0.1907
vn -0.4522 -0.1603 0.8774
vn -0.3360 -0.6689 0.6631
vn -0.3469 -0.2265 0.9102
vn -0.8307 -0.0625 0.5533
vn -0.9126 -0.0858 0.3997
vn -0.7875 -0.4763 0.3910
vn -0.9715 -0.2246 -0.0755
vn -0.8174 -0.5686 -0.0925
vn -0.9639 -0.1577 0.2143
vn -0.7622 -0.6308 0.1456
vn -0.9468 0.1243 0.2970
vn -0.6914 -0.5656 0.4495
vn -0.2441 -0.9628 0.1162
vn -0.5817 -0.5374 0.6106
vn -0.9603 0.2481 0.1275
vn -0.9970 -0.0183 0.0752
vn -0.7315 0.0987 0.6746
vn -0.7563 0.1806 0.6288
vn -0.6629 0.2696 0.6985
vn -0.6694 0.0248 0.7425
vn -0.6575 0.1947 0.7279
vn -0.7238 -0.1160 0.6801
vn -0.8588 0.0886 0.5046
vn -0.8218 0.4066 0.3992
vn -0.0186 -0.8256 0.5640
vn -0.2175 -0.9625 0.1623
vn 0.0625 -0.9544 0.2921
vn -0.5553 0.3923 0.7333
vn -0.0812 -0.6640 0.7434
vn -0.9888 0.0753 -0.1291
vn -0.5434 0.1506 0.8259
vn -0.5333 -0.2268 0.8150
vn -0.3525 -0.7423 0.5698
vn -0.2984 -0.6717 0.6781
vn -0.2571 -0.7014 0.6648
vn 0.7777 -0.5536 0.2978
vn 0.6240 -0.6951 0.3571
vn 0.2179 -0.9682 0.1231
vn 0.4476 -0.8741 0.1886
vn -0.2717 0.1816 0.9451
vn -0.4445 0.2308 0.8656
vn -0.2546 0.5312 0.8081
vn 0.9285 -0.3007 0.2180
vn -0.2082 -0.8565 0.4723
vn -0.0149 0.9492 -0.3144
vn 0.1011 0.9267 -0.3619
vn 0.1056 0.9173 -0.3839
vn 0.0885 0.9910 0.1000
vn 0.1009 0.9847 0.1421
vn 0.0982 0.9936 -0.0559
vn -0.0555 0.9918 -0.1152
vn 0.0568 0.9548 -0.2917
vn 0.2869 0.9366 -0.2011
vn 0.1401 0.9351 -0.3256
vn 0.2432 0.9359 -0.2548
vn -0.0403 0.9612 0.2728
vn -0.0460 0.9534 0.2983
vn -0.0959 0.9343 0.3434
vn -0.0533 0.9976 0.0443
vn 0.0067 0.9997 -0.0251
vn 0.0387 0.9981 0.0477
vn 0.1256 0.9911 -0.0448
vn -0.0543 0.9863 0.1555
vn 0.0138 0.9983 0.0571
vn 0.0692 0.9969 -0.0382
vn 0.1061 0.9751 -0.1946
vn 0.0431 0.9818 0.1851
vn 0.0081 0.9597 0.2810
vn 0.0077 0.9683 0.2496
vn 0.0620 0.9656 0.2526
vn 0.0778 0.9666 0.2443
vn 0.0168 0.9572 0.2890
vn 0.0464 0.9551 0.2927
vn 0.2688 0.9627 -0.0299
vn 0.2324 0.9724 -0.0222
vn 0.1888 0.9818 -0.0214
vn -0.0306 0.9675 0.2512
vn -0.0509 0.9538 0.2961
vn 0.1858 0.9824 0.0174
vn -0.1249 0.9496 0.2875
vn -0.1147 0.9723 0.2035
vn -0.0937 0.9573 0.2735
vn -0.0293 0.9458 0.3235
vn 0.0522 0.9862 0.1573
vn -0.0492 0.9657 0.2550
vn -0.0407 0.9777 0.2062
vn 0.0188 0.9563 0.2917
vn 0.0197 0.9621 0.2721
vn 0.0168 0.9908 0.1343
vn -0.0196 0.9785 0.2051
vn -0.0751 0.9445 0.3198
vn -0.0850 0.9294 0.3591
vn -0.0082 0.9715 0.2367
vn -0.7455 0.2285 -0.6261
vn -0.7692 0.2000 -0.6069
vn -0.7618 0.2060 -0.6142
vn -0.6820 0.1713 -0.7110
vn -0.6668 -0.1897 -0.7207
vn -0.6947 0.0577 -0.7170
vn -0.6726 0.1618 -0.7221
vn -0.7665 0.1065 -0.6333
vn -0.7051 0.1993 -0.6805
vn -0.8472 0.1135 -0.5189
vn -0.8729 0.1290 -0.4705
vn -0.8250 0.1637 -0.5409
vn -0.8088 0.1370 -0.5719
vn -0.8035 0.1478 -0.5767
vn -0.9070 -0.0737 -0.4145
vn -0.8925 0.0495 -0.4482
vn -0.8855 -0.0813 -0.4576
vn -0.7849 0.2502 -0.5669
vn -0.7928 -0.5215 -0.3155
vn -0.7515 0.2252 -0.6201
vn -0.7140 0.1862 -0.6749
vn -0.4945 -0.8295 -0.2596
vn -0.5358 -0.7268 -0.4298
vn -0.1179 -0.9796 -0.1626
vn -0.6631 -0.2691 -0.6985
vn -0.3578 -0.7897 -0.4983
vn -0.6583 0.1866 -0.7293
vn -0.7064 -0.0061 -0.7078
vn -0.7388 -0.3349 -0.5848
vn -0.4680 -0.7677 -0.4378
vn -0.8563 -0.1169 -0.5031
vn -0.7587 -0.4644 -0.4568
vn -0.6615 0.1827 -0.7274
vn -0.7419 0.2316 -0.6292
vn -0.7720 -0.2856 -0.5679
vn -0.8808 0.1059 -0.4616
vn -0.7085 -0.1726 -0.6843
vn -0.8581 0.0612 -0.5098
vn -0.8261 0.1098 -0.5528
vn -0.8176 -0.0164 -0.5756
vn -0.7418 0.2663 -0.6155
vn -0.7135 0.4286 -0.5543
vn -0.6684 0.1798 -0.7217
vn -0.7524 -0.1347 -0.6447
vn -0.6430 -0.4116 -0.6459
vn -0.6681 0.1918 -0.7189
vn -0.6581 0.2070 -0.7239
vn -0.4975 0.8595 -0.1175
vn -0.5867 0.8095 -0.0234
vn -0.4293 0.9022 -0.0417
vn -0.8482 0.5082 0.1492
vn -0.7591 0.6481 -0.0609
vn -0.3297 0.9413 0.0718
vn -0.2737 0.9617 0.0138
vn -0.4766 0.8677 0.1416
vn -0.1303 0.8685 0.4783
vn 0.0590 0.9527 0.2983
vn -0.0999 0.9496 0.2971
vn -0.4909 0.5886 0.6423
vn 0.2371 0.9437 0.2309
vn -0.0034 0.9888 0.1495
vn 0.1107 0.9737 0.1991
vn 0.3042 0.8859 0.3503
vn 0.0363 0.9819 0.1861
vn 0.1612 0.9024 0.3997
vn 0.0071 0.8289 0.5593
vn 0.2417 0.8892 0.3885
vn 0.2271 0.9458 0.2323
vn 0.3356 0.9019 0.2719
vn 0.3156 0.9287 0.1948
vn -0.1379 0.9694 0.2032
vn -0.3254 0.9452 -0.0257
vn -0.1883 0.9819 0.0179
vn -0.1289 0.9905 0.0470
vn 0.3565 0.9016 0.2450
vn -0.4904 0.7650 0.4174
vn -0.6290 0.7042 0.3294
vn -0.6534 0.4674 0.5955
vn -0.1968 0.7439 0.6387
vn -0.4164 0.5434 0.7289
vn 0.4755 0.7856 0.3960
vn 0.4333 0.8536 0.2893
vn -0.3797 0.9218 -0.0782
vn -0.2641 0.7862 0.5586
vn -0.1909 0.9039 0.3828
vn -0.2954 0.8306 0.4721
vn -0.6264 0.7699 0.1221
vn -0.9125 0.4004 -0.0842
vn -0.2852 0.9171 0.2784
vn 0.5397 0.7806 0.3153
vn 0.4307 0.8796 0.2023
vn 0.9813 0.0099 0.1924
vn 0.9748 -0.0708 0.2114
vn 0.9165 -0.2623 0.3019
vn 0.8354 -0.2432 0.4929
vn 0.5848 -0.2411 0.7746
vn 0.7034 -0.4870 0.5178
vn 0.6755 0.1845 0.7139
vn 0.8127 0.0757 0.5778
vn 0.8129 0.3477 0.4672
vn 0.9649 0.1631 0.2057
vn 0.8942 0.3748 0.2450
vn 0.9196 0.1030 0.3792
vn 0.8566 0.3353 0.3923
vn 0.5528 0.7997 0.2344
vn 0.7064 0.6695 0.2298
vn 0.6183 0.7320 0.2862
vn 0.4045 0.8080 0.4283
vn 0.5475 0.7398 0.3911
vn 0.4467 0.8544 0.2655
vn 0.3595 -0.4932 0.7922
vn 0.4999 -0.2145 0.8391
vn 0.8379 0.4937 0.2326
vn 0.9444 0.2701 0.1876
vn 0.3551 -0.1524 0.9223
vn 0.7444 0.5550 0.3713
vn 0.8114 0.5121 0.2816
vn 0.6284 0.7401 0.2395
vn 0.7220 0.6387 0.2659
vn 0.4996 0.2546 0.8280
vn 0.6980 0.3617 0.6180
vn 0.2376 0.1493 0.9598
vn -0.0074 -0.3484 0.9373
vn 0.5809 0.6248 0.5216
vn -0.0762 0.2248 0.9714
vn -0.2228 -0.3075 0.9251
vn 0.2828 0.4367 0.8540
vn 0.4587 0.4728 0.7523
vn 0.3860 0.6794 0.6240
vn 0.1513 0.5512 0.8205
vn 0.2958 0.8887 0.3502
vn 0.1731 0.7787 0.6030
vn -0.0824 0.5878 0.8048
vn 0.2779 0.8961 0.3462
vn 0.4560 0.8851 -0.0933
vn 0.4526 0.8815 0.1344
vn 0.5206 0.8439 -0.1294
vn 0.4391 0.8982 -0.0222
vn 0.4146 0.9043 -0.1020
vn 0.4864 0.8621 -0.1422
vn 0.3964 0.8557 0.3327
vn 0.3413 0.8375 0.4268
vn 0.3340 0.8996 0.2815
vn 0.3761 0.9046 0.2009
vn 0.3477 0.9376 -0.0113
vn 0.4565 0.8890 -0.0355
vn 0.4909 0.8661 -0.0945
vn 0.3553 0.8718 -0.3372
vn 0.5206 0.8290 -0.2042
vn 0.4797 0.8746 -0.0710
vn 0.6071 0.7895 -0.0900
vn 0.5324 0.7919 0.2990
vn 0.4844 0.6181 0.6191
vn 0.4778 0.8633 0.1625
vn 0.5639 0.8111 -0.1555
vn 0.3706 0.8930 -0.2553
vn 0.2189 0.9672 -0.1288
vn 0.4081 0.9104 0.0676
vn 0.3523 0.6164 0.7043
vn 0.3253 0.8313 0.4506
vn 0.3207 0.8592 0.3986
vn 0.3090 0.9354 -0.1717
vn 0.2353 0.5930 0.7700
vn 0.5071 0.8109 -0.2921
vn 0.5111 0.8588 0.0367
vn 0.6104 0.7919 -0.0161
vn 0.6114 0.7904 -0.0365
vn 0.4718 0.8783 0.0780
vn 0.4081 0.9051 0.1198
vn 0.4338 0.8981 0.0720
vn 0.4412 0.8846 0.1514
vn 0.6657 0.7311 -0.1492
vn 0.6346 0.5892 0.5002
vn 0.5724 0.7925 -0.2103
vn 0.3389 0.7455 0.5739
vn 0.2720 0.7261 0.6315
vn 0.2642 0.5341 0.8031
vn 0.4986 0.8644 -0.0648
vn 0.5902 0.7960 -0.1340
vn 0.3204 0.9292 -0.1841
vn 0.5607 0.7895 -0.2494
vn 0.1860 0.3392 0.9221
vn 0.2476 0.3956 0.8844
vn 0.2186 0.4933 0.8420
vn 0.6838 0.5104 0.5214
vn 0.5411 0.4139 0.7321
vn 0.6425 0.3516 0.6808
vn 0.1676 0.9675 -0.1894
vn 0.4618 0.7623 -0.4536
vn 0.3740 0.3568 0.8560
vn 0.2985 0.3250 0.8974
vn 0.3285 0.2768 0.9030
vn 0.3707 0.9285 0.0201
vn 0.5844 0.7965 -0.1553
vn 0.2329 0.9573 -0.1716
vn 0.4231 0.0980 0.9008
vn 0.6439 -0.0125 0.7650
vn 0.4809 -0.1454 0.8647
vn 0.2213 0.2945 0.9297
vn 0.3370 0.3858 0.8588
vn 0.2398 0.1407 0.9606
vn 0.6350 0.7723 0.0170
vn 0.5872 0.8049 0.0857
vn 0.4572 0.2823 0.8434
vn 0.6411 0.7672 0.0200
vn 0.6730 0.7158 0.1862
vn 0.6602 0.7029 0.2648
vn 0.6430 0.7199 0.2613
vn 0.5453 0.1075 0.8313
vn 0.2644 0.2727 0.9251
vn -0.1768 0.8748 0.4510
vn -0.2576 0.8825 0.3934
vn -0.2852 0.8745 0.3924
vn -0.2377 0.8729 0.4261
vn -0.1725 0.8832 0.4361
vn -0.2744 0.9000 0.3387
vn -0.2998 0.9419 0.1516
vn -0.0990 0.9813 0.1653
vn -0.1721 0.9834 0.0572
vn -0.2759 0.9534 0.1222
vn -0.4263 0.9044 0.0191
vn -0.3713 0.9285 0.0057
vn -0.2178 0.8864 0.4084
vn -0.2646 0.8778 -0.3993
vn -0.3534 0.8564 -0.3764
vn -0.3536 0.8388 -0.4141
vn -0.0679 0.8820 0.4664
vn -0.5219 0.8197 -0.2361
vn -0.5085 0.8250 -0.2466
vn -0.5168 0.8260 -0.2253
vn -0.6821 0.6136 -0.3977
vn -0.8174 0.3356 -0.4683
vn -0.7633 0.5494 -0.3401
vn -0.2659 0.9050 0.3321
vn -0.2500 0.9350 0.2518
vn -0.3422 0.8781 0.3344
vn -0.1367 0.9762 0.1683
vn -0.1412 0.9753 0.1699
vn -0.0657 0.9771 0.2024
vn -0.1310 0.9683 0.2128
vn -0.5686 0.7785 -0.2656
vn -0.5802 0.7806 -0.2324
vn -0.5412 0.7525 -0.3753
vn -0.5909 0.7097 -0.3836
vn -0.2820 0.9559 0.0817
vn -0.3077 0.9336 0.1838
vn -0.3872 0.9154 0.1103
vn -0.4977 0.7685 -0.4022
vn -0.4287 0.9034 0.0129
vn -0.5270 0.8428 -0.1089
vn -0.5995 0.7777 -0.1893
vn -0.5482 0.8041 -0.2301
vn -0.2147 0.9766 0.0120
vn -0.3895 0.8966 -0.2108
vn -0.3821 0.9171 -0.1140
vn -0.4413 0.8842 -0.1529
vn -0.4115 0.9105 -0.0401
vn -0.4212 0.9027 -0.0881
vn -0.3917 0.9201 0.0010
vn -0.4337 0.8979 0.0747
vn -0.4826 0.8362 -0.2604
vn -0.5970 0.7540 -0.2740
vn -0.4910 0.8346 -0.2495
vn -0.3680 0.8924 -0.2612
vn -0.3261 0.8879 -0.3244
vn -0.3874 0.8917 0.2341
vn -0.6129 0.7655 -0.1959
vn -0.5359 0.8429 -0.0479
vn -0.1219 0.9662 0.2270
vn -0.4075 0.8347 -0.3705
vn -0.4444 0.8724 -0.2035
vn -0.0763 0.9873 0.1394
vn -0.1492 0.9818 0.1174
vn -0.1404 0.9364 0.3217
vn -0.0644 0.9764 0.2060
vn -0.2832 0.9590 0.0042
vn -0.5088 0.8576 -0.0754
vn -0.7621 0.5800 -0.2877
vn -0.6090 0.7505 -0.2568
vn -0.5543 0.8066 -0.2051
vn -0.7136 0.4613 -0.5272
vn -0.4725 0.8099 -0.3477
vn -0.6080 0.7336 -0.3036
vn -0.3570 0.8706 0.3384
vn -0.3904 0.8636 -0.3190
vn -0.4404 0.8370 -0.3249
vn -0.4324 0.8193 -0.3765
vn -0.3854 0.8589 0.3372
vn -0.3494 0.9115 -0.2171
vn -0.4857 0.7715 -0.4110
vn -0.6235 0.6387 -0.4510
vn -0.6519 0.5677 -0.5027
vn -0.5363 0.7973 -0.2771
vn -0.2808 0.9477 -0.1516
vn -0.2696 0.9620 0.0441
vn -0.2600 0.9631 -0.0702
vn -0.0809 0.9934 0.0810
vn -0.0647 0.9913 0.1142
vn -0.5176 0.8235 -0.2321
vn -0.2784 -0.1726 -0.9448
vn -0.2685 -0.0729 -0.9605
vn -0.2408 -0.2158 -0.9463
vn -0.0861 -0.9808 -0.1749
vn -0.1447 -0.9711 -0.1897
vn -0.0311 -0.9337 -0.3568
vn -0.2273 -0.9377 -0.2627
vn -0.1551 -0.4035 -0.9017
vn -0.2721 -0.4653 -0.8423
vn -0.2110 -0.2488 -0.9453
vn -0.4394 -0.1995 -0.8759
vn -0.5568 0.2455 -0.7935
vn -0.4294 -0.2441 -0.8695
vn -0.4451 0.2334 -0.8646
vn -0.4965 0.2591 -0.8285
vn -0.5174 0.1894 -0.8345
vn -0.3005 0.0068 -0.9538
vn -0.2163 -0.1367 -0.9667
vn -0.2975 -0.0659 -0.9525
vn -0.1799 -0.7567 -0.6285
vn -0.5607 0.2468 -0.7904
vn -0.5516 -0.1061 -0.8273
vn -0.2930 -0.7173 -0.6321
vn -0.1441 -0.8548 -0.4986
vn -0.1415 -0.9188 -0.3685
vn -0.1399 -0.9820 -0.1272
vn -0.5486 0.3238 -0.7708
vn -0.5652 0.2441 -0.7880
vn -0.2780 -0.0854 -0.9568
vn -0.4799 -0.5432 -0.6889
vn -0.2240 -0.7695 -0.5981
vn -0.3508 -0.8709 -0.3443
vn -0.1591 -0.3397 -0.9270
vn -0.4671 0.1087 -0.8775
vn -0.4224 0.1997 -0.8841
vn -0.4251 0.1320 -0.8955
vn -0.1704 -0.3280 -0.9292
vn -0.5689 0.2533 -0.7824
vn -0.3836 -0.0442 -0.9224
vn -0.4917 0.1587 -0.8562
vn -0.4508 0.1412 -0.8814
vn -0.4084 -0.7722 -0.4868
vn -0.5664 -0.3610 -0.7409
vn -0.2650 0.0205 -0.9640
vn -0.2428 -0.3729 -0.8955
vn -0.6064 -0.6690 -0.4297
vn -0.0636 -0.6604 -0.7482
vn -0.0742 -0.5649 -0.8218
vn -0.5562 0.2531 -0.7916
vn -0.5190 0.2880 -0.8048
vn -0.3159 -0.0331 -0.9482
vn -0.3557 0.1713 -0.9188
vn -0.3724 0.0791 -0.9247
vn -0.4028 0.2486 -0.8809
vn -0.5255 0.1573 -0.8361
vn -0.4092 0.1840 -0.8937
vn -0.4422 0.1168 -0.8893
vn -0.3177 -0.0936 -0.9436
vn -0.3606 0.0293 -0.9322
vn -0.3206 -0.0955 -0.9424
vn -0.4777 0.2488 -0.8426
vn -0.4900 0.1461 -0.8594
vn -0.3527 0.0908 -0.9313
vn -0.4003 0.2522 -0.8810
vn -0.2050 -0.6068 -0.7680
vn -0.3636 -0.2842 -0.8871
vn -0.5355 -0.3051 -0.7875
vn -0.3997 -0.4230 -0.8132
vn -0.4772 -0.2381 -0.8459
vn -0.5830 0.2819 -0.7620
vn -0.6409 0.1621 -0.7503
vn -0.5966 0.0852 -0.7980
vn -0.5874 -0.1412 -0.7969
vn -0.5091 -0.3113 -0.8024
vn -0.2942 -0.1768 -0.9393
vn -0.5180 -0.6288 -0.5799
vn -0.4587 0.1730 -0.8716
vn -0.1031 -0.3968 -0.9121
vn -0.5811 -0.5183 -0.6274
vn -0.5366 0.2365 -0.8100
vn -0.1535 -0.4527 -0.8783
vn -0.2080 -0.8428 -0.4963
vn -0.3114 0.0049 -0.9503
vn -0.4971 0.1680 -0.8512
vn 0.7477 0.0075 -0.6640
vn 0.7492 0.0787 -0.6576
vn 0.7676 -0.1575 -0.6213
vn 0.7156 -0.5243 -0.4615
vn 0.7077 -0.6318 -0.3161
vn 0.6820 -0.4775 -0.5540
vn 0.6660 -0.4380 -0.6039
vn 0.5882 -0.5119 -0.6261
vn 0.6878 -0.2906 -0.6652
vn 0.7151 0.5313 -0.4542
vn 0.6641 0.6860 -0.2974
vn 0.6591 0.6473 -0.3829
vn 0.7046 0.5270 -0.4753
vn 0.7314 0.4446 -0.5171
vn 0.7429 -0.3314 -0.5816
vn 0.7627 -0.2496 -0.5967
vn 0.6692 0.3081 -0.6762
vn 0.7349 0.0387 -0.6771
vn 0.7259 -0.2230 -0.6506
vn 0.8939 0.2751 0.3539
vn 0.9591 -0.0211 0.2821
vn 0.5013 -0.6978 -0.5117
vn 0.3765 -0.8775 -0.2970
vn 0.2192 -0.9562 -0.1939
vn 0.7096 0.2356 0.6641
vn 0.6908 -0.3302 0.6432
vn 0.5899 -0.7012 -0.4003
vn 0.6289 -0.7770 -0.0284
vn 0.3813 -0.9234 0.0446
vn 0.6504 -0.6842 -0.3299
vn 0.7328 -0.3474 -0.5850
vn 0.8171 -0.4980 -0.2905
vn 0.7813 -0.0419 -0.6227
vn 0.7887 -0.0668 -0.6112
vn 0.8570 -0.1331 -0.4978
vn 0.8637 0.1590 -0.4783
vn 0.9701 0.0070 -0.2426
vn 0.7631 0.1768 -0.6217
vn 0.9863 -0.0839 -0.1423
vn 0.9302 -0.3262 -0.1680
vn 0.8483 -0.5274 -0.0477
vn 0.9618 -0.2571 -0.0941
vn 0.6541 -0.7417 0.1482
vn 0.9375 -0.0634 -0.3421
vn 0.9765 0.0224 -0.2143
vn 0.8196 0.3231 -0.4732
vn 0.9097 0.1103 -0.4003
vn 0.9651 -0.0660 -0.2534
vn 0.7614 0.1649 -0.6270
vn 0.7064 0.5378 -0.4602
vn 0.7067 0.6171 -0.3461
vn 0.8251 -0.5353 0.1808
vn 0.6943 0.1441 -0.7051
vn 0.4440 -0.7803 0.4405
vn 0.7123 -0.0880 -0.6964
vn 0.4987 -0.6431 0.5812
vn 0.7193 0.0182 -0.6944
vn 0.4767 -0.7288 -0.4916
vn 0.6907 -0.2561 -0.6763
vn 0.7053 0.6699 -0.2321
vn 0.6587 0.6386 -0.3978
vn 0.7716 0.4724 -0.4261
vn 0.8970 0.4137 0.1556
vn 0.3327 -0.9033 0.2707
vn 0.2702 -0.9513 0.1481
vn 0.7919 0.5868 -0.1688
vn 0.5402 0.7316 -0.4160
vn 0.6012 0.6412 -0.4768
vn 0.9437 0.2679 -0.1940
vn 0.6752 0.5507 -0.4907
vn 0.4694 -0.4650 0.7506
vn 0.6110 0.6846 0.3975
vn 0.5010 0.7767 0.3818
vn 0.4420 0.8376 0.3210
vn 0.2890 0.9079 0.3036
vn 0.4475 0.8189 0.3594
vn 0.4357 0.8346 0.3371
vn 0.3004 0.9066 0.2965
vn 0.3958 0.8456 0.3583
vn 0.2557 0.9082 0.3315
vn 0.1947 0.9397 0.2810
vn 0.1920 0.9458 0.2619
vn 0.4586 -0.8608 0.2208
vn -0.2136 0.9512 0.2227
vn -0.0798 0.9805 0.1797
vn -0.0098 0.9678 0.2514
vn 0.3612 0.8761 0.3193
vn 0.0821 0.9665 0.2431
vn 0.0984 0.9653 0.2419
vn 0.4847 0.7997 0.3542
vn -0.3778 0.8530 0.3600
vn -0.2742 0.9277 0.2533
vn -0.2415 0.8905 0.3857
vn 0.6092 0.7416 0.2809
vn 0.5925 0.6932 0.4105
vn 0.5737 0.7269 0.3773
vn -0.1075 0.9725 0.2064
vn -0.1236 0.9613 0.2463
vn 0.0302 0.9676 0.2507
vn 0.8414 0.3593 0.4036
vn 0.8968 0.2473 0.3669
vn 0.8862 0.1899 0.4226
vn 0.5452 0.7257 0.4197
vn 0.7147 0.5287 0.4580
vn 0.0785 0.9608 0.2661
vn 0.1468 0.9533 0.2638
vn 0.3902 0.8385 0.3803
vn -0.3186 0.9426 0.0994
vn 0.8814 -0.2393 0.4072
vn 0.8755 -0.3232 0.3592
vn 0.8927 -0.2950 0.3407
vn 0.1978 0.9268 0.3193
vn 0.9482 0.1004 0.3013
vn 0.8983 0.1049 0.4267
vn 0.9131 0.2035 0.3533
vn 0.8990 0.1820 0.3984
vn 0.8268 0.3193 0.4631
vn -0.3892 0.8980 0.2052
vn 0.9243 -0.1500 0.3510
vn 0.8955 0.3530 0.2710
vn 0.9413 0.0555 0.3328
vn -0.2940 0.9304 0.2188
vn 0.1274 0.9407 0.3144
vn 0.9409 -0.1044 0.3223
vn 0.9610 -0.1398 0.2387
vn 0.9207 -0.2699 0.2818
vn 0.6081 0.7363 0.2966
vn 0.9143 0.2582 0.3121
vn 0.8511 0.4347 0.2944
vn 0.8245 0.3426 0.4504
vn 0.9200 0.0968 0.3797
vn 0.9229 0.1515 0.3539
vn 0.8875 0.2263 0.4013
vn -0.0613 0.9418 0.3305
vn -0.4181 0.8785 0.2312
vn 0.6984 0.6083 0.3770
vn 0.8158 0.4192 0.3983
vn 0.8670 0.2241 0.4451
vn 0.8910 0.2725 0.3631
vn 0.8960 0.1053 0.4315
vn 0.8821 0.3214 0.3443
vn 0.8673 -0.0977 0.4881
vn 0.8557 -0.3597 0.3721
vn 0.9163 0.0977 0.3885
vn 0.9160 0.1276 0.3803
vn 0.8310 0.4442 0.3348
vn 0.8441 -0.1689 0.5090
vn 0.9114 -0.0791 0.4039
vn 0.9388 -0.0020 0.3445
vn 0.9653 -0.0258 0.2600
vn 0.7098 0.6379 0.2989
vn 0.8224 0.1417 0.5510
vn 0.7988 0.5232 0.2970
vn 0.8849 0.3622 0.2927
vn 0.8650 0.3452 0.3641
vn 0.8926 0.3075 0.3297
vn 0.9120 0.2161 0.3485
vn 0.8935 0.2321 0.3845
vn 0.9169 -0.3177 0.2416
vn 0.8751 -0.3200 0.3629
vn 0.8425 -0.4164 0.3418
vn -0.3986 0.8747 0.2755
vn -0.6425 0.7045 0.3014
vn -0.6220 0.7427 0.2482
vn -0.5322 0.7969 0.2859
vn -0.5138 0.8180 0.2585
vn -0.3394 0.9060 0.2529
vn -0.4040 0.8818 0.2434
vn -0.5169 0.8247 0.2296
vn -0.3668 0.9062 0.2103
vn -0.4757 0.8127 0.3366
vn 0.7733 0.5024 0.3868
vn 0.7810 0.3922 0.4861
vn 0.8333 0.3139 0.4551
vn 0.7252 0.5058 0.4673
vn -0.2964 0.8522 0.4313
vn 0.9278 0.2195 0.3017
vn -0.6841 0.1903 -0.7042
vn -0.6827 0.4100 -0.6048
vn -0.6942 0.4523 -0.5598
vn -0.4823 0.8285 -0.2846
vn -0.3639 0.9233 -0.1231
vn -0.4565 0.8551 -0.2456
vn -0.6619 0.4016 -0.6329
vn -0.6856 0.2520 -0.6830
vn -0.7153 0.2576 -0.6496
vn -0.6734 0.1349 -0.7269
vn -0.6502 0.1906 -0.7355
vn -0.6436 0.4394 -0.6267
vn -0.7345 0.3801 -0.5622
vn -0.6918 0.4318 -0.5788
vn -0.6924 0.4153 -0.5900
vn -0.5754 0.6418 -0.5070
vn -0.4288 0.5981 -0.6770
vn -0.3056 0.8401 -0.4482
vn -0.2592 0.8347 -0.4860
vn -0.4393 0.8692 -0.2270
vn -0.3998 0.9053 -0.1435
vn -0.6880 0.5093 -0.5169
vn -0.6508 0.1057 -0.7519
vn -0.2749 0.8343 -0.4779
vn -0.3829 0.5748 -0.7231
vn -0.3519 0.7324 -0.5829
vn -0.5483 0.7696 -0.3273
vn -0.6218 0.6702 -0.4052
vn -0.6908 0.1560 -0.7060
vn -0.5270 0.7833 -0.3297
vn -0.4182 0.8554 -0.3057
vn -0.5147 0.7458 -0.4229
vn -0.4684 0.3457 -0.8130
vn -0.2601 0.9184 -0.2980
vn -0.3393 0.8886 -0.3085
vn -0.2597 0.9048 -0.3374
vn -0.5958 0.6071 -0.5258
vn -0.4895 0.7751 -0.3996
vn -0.4448 0.6777 -0.5855
vn -0.4003 0.8373 -0.3723
vn -0.2895 0.9143 -0.2833
vn -0.3206 0.9200 -0.2255
vn -0.4681 0.8172 -0.3362
vn -0.6008 0.6668 -0.4409
vn -0.5826 0.5186 -0.6258
vn -0.6566 0.2345 -0.7168
vn -0.4057 0.8830 -0.2361
vn -0.5823 0.6845 -0.4386
vn -0.4005 0.9096 -0.1109
vn -0.3584 0.8801 -0.3113
vn -0.3788 0.9160 -0.1318
vn -0.6758 0.1369 -0.7243
vn -0.2858 0.8943 -0.3444
vn -0.3826 0.8317 -0.4024
vn -0.4456 0.4008 -0.8005
vn -0.5361 0.1301 -0.8341
vn -0.5642 0.1776 -0.8063
vn -0.5449 0.1065 -0.8317
vn -0.5015 0.3113 -0.8072
vn -0.5634 0.1802 -0.8063
vn -0.5397 0.3756 -0.7534
vn -0.5892 0.1525 -0.7934
vn -0.5380 0.1899 -0.8212
vn -0.5355 0.0745 -0.8413
vn -0.5026 0.1223 -0.8558
vn -0.5347 0.1544 -0.8308
vn -0.5343 0.1579 -0.8304
vn -0.3709 0.9263 -0.0672
vn -0.3823 0.9170 -0.1138
vn -0.3665 0.9300 -0.0294
vn -0.3207 0.9472 -0.0028
vn -0.4077 0.9117 -0.0514
vn -0.2410 0.9556 -0.1694
vn -0.3350 0.8961 -0.2911
vn -0.4858 0.8391 -0.2447
vn -0.4440 0.7917 -0.4197
vn -0.4545 0.7861 -0.4190
vn -0.4968 0.3915 -0.7746
vn -0.4922 0.2193 -0.8424
vn -0.5881 0.0676 -0.8060
vn -0.6078 0.0926 -0.7887
vn -0.5105 0.1512 -0.8465
vn -0.5211 0.2453 -0.8175
vn 0.6585 0.3639 -0.6587
vn 0.5861 0.5448 -0.5997
vn 0.6726 0.5764 -0.4641
vn 0.7240 0.3256 -0.6082
vn 0.7465 0.4429 -0.4965
vn 0.7299 0.3356 -0.5955
vn 0.7286 0.4836 -0.4850
vn 0.7082 0.3751 -0.5982
vn 0.6298 0.2324 -0.7412
vn 0.5483 0.3685 -0.7508
vn 0.5741 0.2423 -0.7821
vn 0.7085 0.4608 -0.5346
vn 0.7150 0.5377 -0.4468
vn 0.6662 0.4137 -0.6205
vn 0.4018 0.9086 -0.1141
vn 0.4936 0.8256 -0.2732
vn 0.4576 0.8875 -0.0541
vn 0.6877 0.6882 -0.2312
vn 0.4706 0.8754 -0.1104
vn 0.3859 0.9225 -0.0017
vn 0.4812 0.8545 -0.1954
vn 0.3926 0.9196 0.0103
vn 0.5141 0.8126 -0.2745
vn 0.6821 0.2267 -0.6952
vn 0.6780 0.2310 -0.6978
vn 0.5960 0.2820 -0.7519
vn 0.7021 0.2011 -0.6831
vn 0.7001 0.2722 -0.6601
vn 0.5804 0.3745 -0.7231
vn 0.6342 0.2269 -0.7391
vn 0.3918 0.9196 0.0273
vn 0.5768 0.5086 -0.6392
vn 0.6605 0.3031 -0.6869
vn 0.6702 0.2844 -0.6855
vn 0.6821 0.2026 -0.7026
vn 0.4745 0.7690 -0.4284
vn 0.5319 0.7105 -0.4606
vn 0.6795 0.1890 -0.7089
vn 0.4385 0.8981 0.0326
vn 0.5104 0.7015 -0.4974
vn 0.5633 0.6335 -0.5305
vn 0.5569 0.6597 -0.5047
vn 0.6600 0.4316 -0.6149
vn 0.5958 0.1923 -0.7798
vn 0.5219 0.7595 -0.3883
vn 0.5570 0.5430 -0.6284
vn 0.5197 0.6576 -0.5454
vn 0.4476 0.8307 -0.3311
vn 0.6178 0.3855 -0.6853
vn 0.5522 0.6038 -0.5749
vn 0.5597 0.5755 -0.5963
vn 0.4370 0.8994 -0.0035
vn 0.4376 0.8989 -0.0227
vn 0.4758 0.8777 -0.0572
vn 0.4068 0.9133 0.0185
vn 0.5204 0.6402 -0.5650
vn 0.5249 0.6708 -0.5240
vn 0.5190 0.6343 -0.5730
vn 0.4766 0.7196 -0.5051
vn 0.6206 0.2396 -0.7466
vn 0.6159 0.2951 -0.7305
vn 0.5817 0.4375 -0.6858
vn 0.5507 0.5396 -0.6369
vn 0.5019 0.6677 -0.5499
vn 0.4976 0.7037 -0.5071
vn 0.5046 0.7813 -0.3674
vn 0.4441 0.8912 -0.0920
vn 0.4753 0.7532 -0.4547
vn 0.2967 0.9511 0.0863
vn 0.3524 0.9229 0.1552
vn 0.4472 0.8890 0.0988
vn 0.4269 0.9042 0.0108
vn 0.5129 0.8557 -0.0681
vn 0.4819 0.8759 0.0256
vn 0.4335 0.8940 0.1135
vn 0.4381 0.8983 0.0331
vn 0.4796 0.8772 -0.0215
vn 0.4682 0.8836 -0.0008
vn 0.4251 0.9019 0.0766
vn 0.3815 0.9207 0.0823
vn 0.3689 0.9192 0.1376
vn 0.4683 0.8826 0.0408
vn 0.3528 0.9343 0.0516
vn 0.5442 0.8252 -0.1513
vn 0.6317 0.7408 -0.2286
vn 0.4253 0.9040 0.0443
vn 0.3892 0.9138 0.1166
vn 0.3712 0.9262 0.0659
vn 0.4819 0.8748 -0.0490
vn 0.7207 0.5834 -0.3745
vn 0.6273 0.7683 -0.1276
vn 0.6279 0.7545 -0.1911
vn 0.5253 0.8509 -0.0026
vn 0.6991 0.6353 -0.3281
vn 0.5274 0.8487 0.0395
vn 0.0025 0.0769 0.9970
vn -0.0146 0.0598 0.9981
vn -0.0717 0.0795 0.9942
vn 0.1023 0.0999 0.9897
vn -0.0442 0.1258 0.9911
vn -0.0005 0.1033 0.9946
vn 0.0691 0.1055 0.9920
vn 0.1061 0.1189 0.9872
vn 0.1163 0.1043 0.9877
vn 0.1951 -0.5262 0.8277
vn 0.1075 -0.4794 0.8710
vn 0.1521 -0.3208 0.9349
vn 0.1114 -0.3360 0.9353
vn 0.0075 0.1845 0.9828
vn 0.0863 -0.0813 0.9929
vn -0.0644 0.1243 0.9902
vn 0.1768 -0.5336 0.8271
vn 0.0451 -0.0666 0.9968
vn -0.0272 0.2984 0.9540
vn -0.0561 0.2455 0.9678
vn 0.2166 -0.7862 0.5788
vn 0.2164 -0.3394 0.9154
vn 0.2448 -0.2825 0.9275
vn 0.0975 -0.6299 0.7705
vn 0.1164 -0.5040 0.8558
vn -0.0630 0.2391 0.9689
vn 0.2436 -0.6697 0.7015
vn -0.0929 0.2824 0.9548
vn -0.0793 0.2432 0.9667
vn 0.0384 -0.3444 0.9380
vn 0.0790 -0.2831 0.9558
vn 0.1877 0.2038 0.9609
vn 0.0020 0.1288 0.9917
vn 0.0143 0.1913 0.9814
vn -0.0267 -0.4925 0.8699
vn 0.1435 -0.8942 0.4240
vn 0.1509 -0.7494 0.6447
vn 0.0326 -0.6883 0.7247
vn -0.0767 0.1091 0.9911
vn -0.0178 0.1050 0.9943
vn 0.0156 -0.0424 0.9990
vn -0.0628 -0.5515 0.8318
vn 0.0728 -0.8580 0.5085
vn 0.1243 -0.0221 0.9920
vn 0.1220 0.0333 0.9920
vn 0.1039 0.0979 0.9898
vn 0.0022 -0.1764 0.9843
vn -0.0723 -0.0898 0.9933
vn -0.0830 -0.1713 0.9817
vn 0.1746 0.0681 0.9823
vn -0.0838 -0.5442 0.8347
vn -0.0994 -0.3983 0.9118
vn 0.2921 -0.7369 0.6097
vn 0.2060 -0.7456 0.6337
vn 0.2109 -0.6627 0.7185
vn -0.0752 -0.2225 0.9720
vn -0.1074 0.0319 0.9937
vn 0.0239 0.1555 0.9875
vn -0.1750 -0.4488 0.8763
vn 0.0065 -0.0991 0.9951
vn 0.1632 -0.2519 0.9539
vn 0.0947 0.0954 0.9909
vn -0.1963 -0.3708 0.9078
vn 0.0548 0.0734 0.9958
vn 0.0715 0.0515 0.9961
vn 0.0419 -0.1494 0.9879
vn 0.1079 -0.0645 0.9921
vn 0.0020 0.1042 0.9946
vn -0.1633 0.3025 0.9390
vn -0.1879 0.3753 0.9077
vn 0.0182 0.2833 0.9589
vn 0.1076 -0.7570 0.6445
vn -0.2144 0.1692 0.9620
vn -0.0010 -0.0273 0.9996
vn -0.0036 0.0556 0.9984
vn 0.0913 0.0992 0.9909
vn 0.1117 0.0330 0.9932
vn 0.1542 0.2317 0.9605
vn 0.0875 0.2065 0.9745
vn 0.1636 0.3439 0.9246
vn 0.6033 -0.2990 0.7393
vn 0.0304 0.1174 0.9926
vn 0.0482 -0.4510 0.8912
vn 0.1779 0.2117 0.9610
vn -0.2051 -0.2791 0.9381
vn 0.0902 0.1927 0.9771
vn 0.1623 0.3422 0.9255
vn 0.0392 -0.3950 0.9179
vn 0.2035 -0.9646 -0.1680
vn 0.2042 -0.9730 -0.1075
vn 0.0825 0.0934 0.9922
vn 0.2577 -0.9425 0.2127
vn 0.2952 -0.8091 0.5081
vn -0.1594 -0.3293 0.9307
vn -0.2984 -0.1857 0.9362
vn -0.2597 0.0802 0.9624
vn -0.2770 -0.0087 0.9608
vn -0.3038 0.0606 0.9508
vn -0.1541 0.4557 0.8767
vn -0.1203 0.6070 0.7856
vn -0.1795 0.3623 0.9146
vn -0.1498 0.4136 0.8980
vn -0.0754 0.5374 0.8399
vn -0.2554 -0.0734 0.9641
vn -0.2818 0.0427 0.9585
vn -0.3147 0.0147 0.9491
vn -0.3070 -0.0495 0.9504
vn -0.1445 0.1697 0.9748
vn -0.1261 0.1180 0.9850
vn -0.1645 0.1452 0.9756
vn -0.2361 0.1269 0.9634
vn -0.3088 0.1436 0.9402
vn -0.2654 0.1057 0.9583
vn -0.3102 0.1785 0.9338
vn -0.2809 0.1392 0.9496
vn -0.1051 -0.2687 0.9575
vn -0.0661 -0.2719 0.9601
vn -0.0921 -0.1773 0.9798
vn -0.1571 -0.3076 0.9385
vn -0.0955 -0.3455 0.9335
vn -0.1751 -0.1028 0.9792
vn -0.1875 0.2044 0.9608
vn -0.2974 -0.1031 0.9492
vn -0.1738 -0.2172 0.9605
vn -0.1204 -0.3955 0.9106
vn -0.1563 -0.4793 0.8636
vn -0.1884 -0.3538 0.9162
vn -0.1605 0.2767 0.9475
vn -0.2847 0.0294 0.9582
vn -0.2831 0.0400 0.9582
vn -0.2065 0.0606 0.9766
vn -0.2326 -0.2219 0.9469
vn -0.1655 0.1462 0.9753
vn -0.1780 0.1177 0.9770
vn -0.2305 0.0346 0.9725
vn -0.1413 -0.0398 0.9892
vn -0.2827 -0.1828 0.9416
vn -0.1376 0.2018 0.9697
vn -0.1806 0.1548 0.9713
vn -0.1662 0.2764 0.9466
vn -0.3322 -0.2153 0.9183
vn -0.2457 -0.3201 0.9150
vn -0.2439 -0.4054 0.8810
vn -0.1663 -0.4229 0.8908
vn -0.2300 -0.3584 0.9048
vn -0.3630 -0.0240 0.9315
vn -0.3421 0.1253 0.9313
vn -0.2217 0.1201 0.9677
vn -0.1860 0.0488 0.9813
vn -0.2424 0.0434 0.9692
vn -0.2897 -0.1460 0.9459
vn -0.1016 -0.3159 0.9433
vn -0.2962 -0.2907 0.9098
vn -0.2751 -0.3145 0.9085
vn -0.2750 -0.3566 0.8928
vn -0.2122 -0.2742 0.9380
vn -0.3106 -0.2314 0.9219
vn -0.1130 -0.2417 0.9638
vn -0.2060 -0.1905 0.9598
vn -0.1119 -0.3451 0.9319
vn -0.2338 0.1623 0.9586
vn -0.2710 0.1810 0.9454
vn -0.1563 -0.3277 0.9318
vn -0.2434 -0.2876 0.9263
vn -0.2240 -0.3025 0.9265
vn -0.2673 0.3267 0.9065
vn -0.2955 0.1859 0.9371
vn -0.1312 0.0415 0.9905
vn -0.1613 0.0330 0.9864
vn -0.1483 0.1019 0.9837
vn -0.1218 -0.3675 0.9220
vn -0.1198 -0.3697 0.9214
vn -0.2053 -0.0631 0.9767
vn -0.1490 0.1381 0.9791
vn -0.1695 -0.3092 0.9358
vn -0.1461 -0.3859 0.9109
vn -0.1319 -0.3821 0.9146
vn -0.2247 0.2068 0.9522
vn -0.2994 -0.2745 0.9138
vn -0.1169 -0.1133 0.9867
vn -0.1320 -0.5742 0.8080
vn -0.1545 -0.3753 0.9140
vn -0.3199 0.1398 0.9371
vn -0.3285 0.0873 0.9405
vn -0.2253 -0.4283 0.8751
vn -0.1115 -0.6753 0.7290
vn -0.1919 0.0492 0.9802
vn -0.1688 0.0059 0.9856
vn -0.1376 -0.5571 0.8190
vn -0.1907 0.0446 0.9806
vn -0.0630 0.0421 0.9971
vn -0.0985 0.1285 0.9868
vn -0.1206 0.0302 0.9922
vn 0.0376 -0.9358 0.3506
vn -0.2685 0.1565 0.9505
vn -0.2567 -0.3760 0.8903
vn -0.0851 -0.7919 0.6047
vn -0.2438 0.1614 0.9563
vn -0.2170 0.0616 0.9742
vn -0.0811 0.0098 0.9967
vn -0.1291 0.0362 0.9910
vn -0.1531 0.0611 0.9863
vn -0.0780 -0.0669 0.9947
vn -0.1976 0.1789 0.9638
vn -0.1671 0.0858 0.9822
vn -0.1664 0.0623 0.9841
vn -0.0772 0.0959 0.9924
vn -0.1914 0.0846 0.9779
vn -0.2776 0.0704 0.9581
vn -0.1286 0.4396 0.8890
vn -0.0348 0.7253 0.6876
vn 0.9059 0.3653 0.2142
vn 0.9473 0.2467 0.2045
vn 0.9058 0.3432 0.2485
vn 0.4218 0.8790 0.2223
vn 0.4364 0.8710 0.2255
vn 0.4491 0.8628 0.2323
vn 0.9730 -0.0933 0.2113
vn 0.9751 -0.0220 0.2206
vn 0.9712 0.1376 0.1943
vn 0.8294 0.4984 0.2525
vn 0.9235 0.2482 0.2925
vn 0.9520 0.1330 0.2756
vn 0.9410 0.1696 0.2930
vn 0.4558 0.8627 0.2191
vn 0.5400 0.8097 0.2298
vn 0.4687 0.8534 0.2281
vn 0.5360 0.8209 0.1972
vn 0.6021 0.7781 0.1791
vn 0.3524 0.9326 0.0775
vn 0.6648 0.6993 0.2627
vn 0.9448 -0.2461 0.2164
vn 0.4671 0.8557 0.2227
vn 0.5514 0.7936 0.2571
vn 0.6844 0.6813 0.2597
vn 0.7012 0.6653 0.2564
vn 0.3814 0.8995 0.2132
vn 0.3292 0.9244 0.1925
vn 0.9682 -0.0276 0.2487
vn 0.9644 0.0538 0.2589
vn 0.4366 0.8604 0.2629
vn 0.3446 0.9058 0.2467
vn 0.4843 0.8322 0.2701
vn 0.7457 0.6112 0.2652
vn 0.6797 0.6860 0.2599
vn 0.5816 0.7252 0.3685
vn 0.5938 0.7409 0.3138
vn 0.5639 0.7928 0.2314
vn 0.3920 0.8982 0.1987
vn 0.9187 0.2410 0.3129
vn 0.6592 0.6866 0.3067
vn 0.8272 0.4518 0.3342
vn 0.8723 0.3752 0.3136
vn 0.8788 0.3498 0.3246
vn 0.9519 0.1962 0.2354
vn 0.8221 0.4864 0.2958
vn 0.9000 0.3276 0.2876
vn 0.7920 0.5448 0.2756
vn -0.1734 0.9814 0.0820
vn -0.3756 0.9268 -0.0048
vn -0.1269 0.9886 0.0809
vn -0.1929 0.9736 0.1223
vn -0.0270 0.9882 0.1510
vn -0.1986 0.9800 0.0103
vn 0.2253 0.9503 0.2148
vn -0.2448 0.9600 0.1360
vn -0.2982 0.9506 0.0866
vn 0.1047 0.9888 0.1061
vn 0.0567 0.9847 0.1649
vn 0.0089 0.9720 0.2350
vn -0.0322 0.9915 0.1257
vn 0.0412 0.9980 0.0481
vn -0.0473 0.9975 0.0528
vn -0.4322 0.9004 -0.0504
vn -0.2606 0.9653 0.0168
vn -0.2781 0.9598 0.0373
vn 0.1785 0.9692 0.1699
vn 0.1530 0.9611 0.2301
vn -0.2964 0.9542 -0.0410
vn -0.0388 0.9955 0.0867
vn -0.2569 0.9656 0.0397
vn -0.1882 0.9787 0.0823
vn 0.9682 0.1133 0.2230
vn 0.1327 0.9827 0.1290
vn 0.0003 0.9964 0.0846
vn 0.2157 0.9676 0.1314
vn -0.5019 0.8641 -0.0372
vn -0.3862 0.9223 -0.0165
vn 0.0665 0.9929 0.0989
vn -0.0988 0.9768 0.1901
vn 0.2052 0.9623 0.1783
vn -0.4305 0.8906 -0.1469
vn 0.3095 0.9335 0.1810
vn 0.2125 0.9645 0.1567
vn -0.0431 0.9923 0.1160
vn 0.1244 0.9877 0.0951
vn 0.2776 0.9379 0.2082
vn -0.3660 0.9305 0.0133
vn -0.4133 0.9102 0.0252
vn 0.6469 0.6966 0.3103
vn 0.7827 0.5333 0.3209
vn -0.5094 0.8585 -0.0592
vn -0.4955 0.8674 0.0453
vn 0.3425 0.9193 0.1938
vn 0.6885 0.6609 0.2987
vn -0.5018 0.8631 -0.0572
vn 0.1099 0.9823 0.1516
vn 0.0420 0.9796 0.1967
vn -0.4703 0.8702 0.1472
vn -0.4221 0.8992 0.1147
vn -0.2946 0.9529 -0.0724
vn -0.5298 0.7324 0.4276
vn -0.5542 0.7009 0.4491
vn -0.5569 0.7444 0.3684
vn -0.7470 0.6066 0.2720
vn -0.7698 0.5538 0.3172
vn -0.8864 0.4019 0.2298
vn -0.5766 0.6996 0.4220
vn -0.4675 0.7631 0.4463
vn -0.4909 0.8009 0.3429
vn -0.3537 0.8984 0.2602
vn -0.3248 0.8889 0.3230
vn -0.9132 0.2983 -0.2777
vn -0.9424 0.2214 -0.2507
vn -0.9274 0.3092 -0.2107
vn -0.9065 0.0827 -0.4140
vn -0.9501 0.1892 0.2481
vn -0.2677 0.8677 0.4189
vn -0.2902 0.8443 0.4504
vn -0.3620 0.8360 0.4123
vn -0.8820 0.3369 -0.3296
vn -0.9158 0.1947 -0.3513
vn -0.3496 0.8261 0.4420
vn -0.4301 0.8614 0.2701
vn -0.4692 0.8669 0.1680
vn -0.3802 0.8627 0.3335
vn -0.8997 0.1409 -0.4130
vn -0.8958 0.2157 -0.3887
vn -0.9373 0.1759 -0.3009
vn -0.9603 0.1454 -0.2380
vn -0.6025 0.6729 0.4292
vn -0.6395 0.6742 0.3696
vn -0.8664 0.2006 -0.4573
vn -0.5878 0.8058 0.0718
vn -0.5383 0.8251 0.1716
vn -0.4512 0.7688 0.4532
vn -0.9486 0.1943 0.2498
vn -0.9732 0.0700 0.2190
vn -0.9655 0.1848 -0.1837
vn -0.9274 0.3292 -0.1780
vn -0.9323 -0.0511 -0.3581
vn -0.9219 0.1236 -0.3672
vn -0.7856 0.5124 0.3469
vn -0.8892 0.3504 0.2941
vn -0.3679 0.8887 0.2737
vn -0.9818 -0.0334 -0.1871
vn -0.9563 0.0874 -0.2792
vn -0.9598 -0.1467 -0.2391
vn -0.8423 -0.5243 -0.1249
vn -0.6626 0.6278 0.4086
vn -0.9416 -0.1358 -0.3080
vn -0.7103 0.7027 0.0411
vn -0.4474 0.8568 0.2563
vn -0.4677 0.8356 0.2881
vn -0.8922 0.3692 0.2603
vn -0.6324 0.6578 0.4090
vn -0.6467 0.6802 0.3451
vn -0.7572 0.5478 0.3557
vn -0.5574 0.8298 0.0254
vn -0.6764 0.7306 -0.0935
vn -0.8624 0.3413 -0.3739
vn -0.4477 0.7842 0.4296
vn -0.8318 0.5026 0.2356
vn -0.9893 0.0849 0.1187
vn -0.9913 -0.0460 0.1230
vn -0.2251 0.8893 0.3982
vn -0.3772 0.8221 0.4264
vn -0.8610 0.5058 -0.0538
vn -0.8611 0.4896 -0.1372
vn -0.7446 0.6626 -0.0802
vn -0.8791 0.4352 -0.1943
vn -0.8116 0.5447 -0.2111
vn -0.8372 0.4696 -0.2801
vn -0.7186 0.6540 -0.2366
vn -0.9885 -0.1467 0.0372
vn -0.9998 -0.0081 0.0200
vn -0.9934 -0.1071 -0.0416
vn -0.5799 0.7868 0.2114
vn -0.9926 0.1204 -0.0131
vn -0.9978 0.0670 0.0011
vn -0.9768 0.1859 0.1065
vn -0.9905 -0.0815 -0.1109
vn -0.9924 0.0846 -0.0890
vn -0.9962 0.0174 -0.0853
vn -0.9990 0.0270 -0.0359
vn -0.5396 0.7984 0.2671
vn -0.4340 0.8707 0.2315
vn -0.9509 0.2363 0.2001
vn -0.9109 0.3093 0.2732
vn -0.9445 0.3163 0.0888
vn -0.8072 -0.5777 -0.1209
vn -0.9800 0.1799 -0.0852
vn -0.9436 0.3232 -0.0712
vn -0.9822 0.0822 -0.1690
vn -0.5828 0.7232 0.3705
vn -0.6544 0.7209 0.2283
vn -0.8068 0.5834 0.0927
vn -0.8627 0.4857 0.1407
vn -0.4703 0.8801 -0.0643
vn -0.5766 0.8076 -0.1239
vn -0.4713 0.8688 0.1521
vn -0.5571 0.8240 -0.1036
vn -0.6110 0.7617 -0.2159
vn -0.9942 0.0971 0.0463
vn -0.8989 0.3791 -0.2198
vn -0.8335 0.5343 -0.1405
vn -0.9603 0.1814 -0.2119
vn -0.5934 0.7425 -0.3108
vn -0.4850 0.8717 -0.0706
vn -0.6672 0.7413 -0.0735
vn -0.9875 0.0263 -0.1551
vn -0.9899 -0.1201 -0.0752
vn -0.9780 -0.0195 -0.2077
vn -0.7135 0.6853 -0.1459
vn -0.9529 0.2472 -0.1755
vn -0.9721 0.0634 -0.2260
vn -0.8637 0.5039 -0.0092
vn -0.9485 0.3169 -0.0032
vn -0.9861 0.1659 0.0032
vn -0.5038 0.8340 0.2250
vn -0.6239 0.7795 -0.0557
vn -0.7989 0.5761 -0.1730
vn -0.9559 0.1444 -0.2558
vn -0.9492 -0.0384 -0.3123
vn -0.9174 0.1169 -0.3804
vn -0.4916 0.8702 0.0331
vn -0.3882 0.9212 0.0263
vn -0.3612 0.9290 0.0812
vn -0.7299 0.6261 -0.2743
vn -0.6976 0.7042 -0.1324
vn -0.4149 0.9081 -0.0563
vn -0.9482 0.2482 -0.1982
vn -0.5577 0.8275 0.0648
vn -0.4265 0.8985 0.1040
vn -0.9453 0.3198 0.0639
vn -0.9977 0.0574 -0.0355
vn -0.9938 0.0481 -0.1003
vn -0.6610 0.7483 -0.0557
vn -0.8094 0.5633 -0.1658
vn -0.8402 0.5024 -0.2040
vn -0.5460 0.8374 0.0259
vn -0.3845 0.9173 0.1032
vn -0.4982 0.8670 0.0100
vn -0.7359 0.6593 0.1544
vn -0.6685 0.7341 -0.1194
vn -0.8561 0.4222 -0.2980
vn -0.8087 0.5670 -0.1564
vn -0.9625 -0.1788 -0.2041
vn -0.9299 0.1509 -0.3354
vn -0.9251 0.2066 -0.3185
vn -0.9670 0.1581 -0.1999
vn -0.6571 0.7478 0.0949
vn -0.8419 0.5351 0.0705
vn -0.8560 0.5153 0.0409
vn -0.5713 0.8003 0.1820
vn -0.6184 0.7850 -0.0372
vn -0.3224 0.9425 0.0882
vn -0.9817 0.0365 -0.1868
vn -0.9742 0.1173 -0.1927
vn -0.4824 0.8564 0.1842
vn -0.7419 0.6684 -0.0528
vn -0.8019 0.5968 -0.0288
vn -0.9184 0.3946 -0.0270
vn -0.4040 0.9091 -0.1018
vn -0.9092 0.2407 -0.3398
vn -0.6381 0.7696 -0.0253
vn -0.7815 0.5687 -0.2566
vn -0.5784 0.8135 -0.0600
vn -0.9629 0.1274 -0.2379
vn -0.8793 0.4492 -0.1581
vn -0.6485 0.7546 -0.1002
vn -0.5231 0.8390 0.1496
vn -0.6918 0.7121 0.1196
vn -0.8049 0.4853 -0.3415
vn -0.8746 0.4586 -0.1572
vn -0.8841 0.4622 -0.0694
vn -0.9383 0.0478 -0.3424
vn -0.9356 0.2462 -0.2528
vn -0.9279 -0.3050 -0.2145
vn -0.9580 -0.1480 -0.2458
vn -0.9932 0.0494 -0.1055
vn -0.9426 0.3083 -0.1286
vn -0.9849 0.0863 -0.1500
vn -0.9703 0.0338 -0.2394
vn -0.9637 0.1629 -0.2116
vn -0.9742 -0.0722 -0.2138
vn -0.9106 0.3817 -0.1582
vn -0.7627 -0.6284 -0.1531
vn -0.4619 -0.8811 -0.1020
vn -0.9678 0.2289 -0.1044
vn -0.7979 -0.5830 -0.1529
vn -0.9693 -0.1373 -0.2039
vn -0.9997 0.0032 0.0233
vn -0.9715 0.1922 -0.1389
vn -0.1545 -0.8243 0.5446
vn -0.2070 -0.4715 0.8572
vn -0.2238 -0.3767 0.8989
vn -0.0640 -0.9696 0.2361
vn 0.0152 -0.9979 -0.0636
vn 0.0035 -0.9892 -0.1468
vn -0.0517 -0.9911 0.1225
vn 0.0283 -0.9952 -0.0939
vn -0.0709 -0.9967 -0.0397
vn -0.1585 -0.9178 0.3641
vn -0.1782 -0.9107 0.3726
vn -0.0691 -0.9967 -0.0432
vn -0.0604 -0.9981 -0.0083
vn -0.1475 -0.9093 0.3891
vn -0.2126 -0.5106 0.8332
vn -0.2564 -0.3148 0.9139
vn -0.2528 -0.6104 0.7506
vn -0.1274 -0.7446 0.6553
vn -0.1449 -0.6321 0.7612
vn -0.2298 -0.4510 0.8624
vn -0.2402 -0.3166 0.9176
vn -0.2125 -0.5384 0.8154
vn -0.2689 -0.3581 0.8941
vn -0.2901 -0.3762 0.8800
vn -0.3180 -0.3117 0.8954
vn -0.3254 -0.1787 0.9285
vn -0.3685 -0.2354 0.8993
vn -0.3023 -0.2653 0.9155
vn -0.1960 -0.5583 0.8061
vn -0.1956 -0.6527 0.7319
vn -0.2320 -0.1792 0.9561
vn -0.2392 -0.2830 0.9288
vn -0.2566 -0.1772 0.9501
vn -0.4207 -0.1295 0.8979
vn -0.3951 -0.1351 0.9086
vn -0.3753 -0.0399 0.9260
vn -0.2521 -0.6841 0.6844
vn -0.2646 -0.1205 0.9568
vn -0.3193 -0.2025 0.9257
vn -0.3435 -0.0798 0.9357
vn -0.3897 -0.2233 0.8935
vn -0.2539 -0.4905 0.8337
vn -0.2604 -0.4231 0.8679
vn -0.2647 -0.3475 0.8995
vn -0.2826 -0.2664 0.9215
vn -0.2804 -0.0027 0.9599
vn -0.2244 -0.0541 0.9730
vn -0.3477 -0.0308 0.9371
vn -0.1238 -0.7088 0.6945
vn -0.1545 -0.2061 0.9663
vn -0.2140 -0.0977 0.9719
vn -0.2239 -0.1041 0.9690
vn -0.2678 0.0269 0.9631
vn -0.1942 -0.1513 0.9692
vn -0.3060 -0.1439 0.9411
vn -0.2191 -0.1082 0.9697
vn -0.2199 -0.0130 0.9754
vn -0.3746 -0.1986 0.9057
vn -0.2622 -0.0420 0.9641
vn -0.2630 0.0622 0.9628
vn -0.2114 -0.1894 0.9589
vn -0.2012 -0.2079 0.9572
vn -0.2113 -0.2091 0.9548
vn -0.1989 -0.2055 0.9582
vn -0.2692 0.0349 0.9625
vn -0.2648 0.1187 0.9570
vn -0.3498 0.0268 0.9364
vn -0.3148 -0.0582 0.9474
vn -0.2195 -0.1497 0.9641
vn -0.2403 -0.1201 0.9632
vn -0.2417 -0.0258 0.9700
vn -0.4203 -0.1663 0.8920
vn -0.4304 -0.1801 0.8845
vn -0.2137 -0.4525 0.8658
vn -0.2872 -0.1487 0.9463
vn -0.1734 -0.4708 0.8651
vn -0.1797 -0.4302 0.8847
vn -0.1969 -0.6041 0.7722
vn -0.1804 -0.5972 0.7816
vn -0.2008 -0.6377 0.7437
vn -0.2781 -0.2044 0.9385
vn -0.1753 -0.2632 0.9487
vn -0.3585 -0.1290 0.9246
vn -0.2573 -0.0563 0.9647
vn -0.2284 -0.2016 0.9525
vn -0.2014 -0.3814 0.9022
vn -0.2046 0.0731 0.9761
vn -0.2440 0.0607 0.9679
vn -0.2175 0.1179 0.9689
vn -0.2134 -0.4228 0.8808
vn -0.2099 -0.4961 0.8425
vn -0.2335 -0.1282 0.9639
vn -0.2112 -0.2495 0.9451
vn -0.2551 -0.0424 0.9660
vn -0.1990 -0.5971 0.7771
vn -0.2034 -0.6282 0.7510
vn -0.2928 -0.3256 0.8991
vn -0.2098 -0.2033 0.9564
vn -0.2695 -0.1971 0.9426
vn -0.0992 -0.9081 0.4067
vn -0.3400 0.0075 0.9404
vn -0.2169 0.0271 0.9758
vn -0.2001 -0.3830 0.9018
vn -0.2367 -0.1345 0.9622
vn -0.2796 0.0753 0.9572
vn -0.2669 0.0147 0.9636
vn -0.2005 -0.2729 0.9409
vn -0.2593 0.0204 0.9656
vn -0.1503 -0.7657 0.6254
vn -0.3214 0.0137 0.9468
vn -0.2287 -0.1826 0.9562
vn -0.1935 -0.3806 0.9043
vn -0.2098 -0.6078 0.7659
vn 0.0343 -0.9970 0.0692
vn -0.2911 0.0430 0.9557
vn -0.0849 -0.8580 0.5066
vn 0.0210 -0.9993 0.0320
vn 0.2177 0.4849 0.8471
vn 0.2923 0.6235 0.7251
vn 0.2269 0.3677 0.9018
vn 0.2784 0.5484 0.7885
vn 0.2021 0.4378 0.8761
vn 0.1938 0.4109 0.8908
vn 0.3034 0.7781 0.5499
vn 0.3700 0.8704 0.3247
vn 0.3089 0.7420 0.5950
vn 0.1766 0.2370 0.9553
vn -0.0566 0.2179 0.9743
vn -0.0371 0.1781 0.9833
vn -0.0272 0.3800 0.9246
vn 0.2463 0.6110 0.7523
vn 0.0009 0.2489 0.9685
vn 0.0737 0.2476 0.9660
vn 0.1191 0.3282 0.9371
vn 0.0277 0.1343 0.9906
vn 0.0782 0.1516 0.9853
vn -0.0222 0.3732 0.9275
vn 0.0817 0.4735 0.8770
vn 0.0465 0.4997 0.8649
vn 0.0911 0.5782 0.8108
vn 0.0329 0.3861 0.9219
vn -0.0767 0.1769 0.9812
vn -0.0698 0.1458 0.9868
vn -0.0801 0.1278 0.9886
vn -0.0483 0.2255 0.9730
vn -0.0038 0.2934 0.9560
vn 0.2539 0.7294 0.6352
vn 0.2508 0.7991 0.5464
vn -0.0023 0.3449 0.9386
vn -0.0316 0.2704 0.9622
vn -0.0419 0.1300 0.9906
vn -0.0883 0.1568 0.9837
vn 0.2509 0.6178 0.7452
vn 0.0339 0.5315 0.8464
vn 0.0330 0.5937 0.8040
vn 0.1416 0.3202 0.9367
vn 0.1910 0.5282 0.8273
vn 0.0919 0.7137 0.6944
vn 0.2175 0.7730 0.5959
vn -0.0291 0.4618 0.8865
vn -0.0432 0.1254 0.9912
vn -0.1211 0.1430 0.9823
vn 0.4458 0.8949 -0.0177
vn 0.3824 0.7443 0.5475
vn 0.4402 0.8459 0.3012
vn 0.3883 0.7497 0.5359
vn 0.4107 0.9060 0.1025
vn 0.4369 0.8911 0.1226
vn 0.3925 0.9136 0.1059
vn 0.3999 0.9150 0.0527
vn 0.3591 0.9228 0.1395
vn 0.2746 0.9133 0.3008
vn 0.3588 0.8546 0.3753
vn 0.3600 0.7730 0.5224
vn 0.3433 0.9277 0.1465
vn 0.3028 0.9039 0.3021
vn 0.3841 0.8950 0.2268
vn 0.3446 0.9176 0.1981
vn 0.3658 0.8960 0.2515
vn 0.2061 0.8477 0.4887
vn 0.3043 0.9156 0.2628
vn -0.0584 0.0586 0.9966
vn -0.0866 0.0389 0.9955
vn 0.0026 0.6663 0.7457
vn -0.0642 0.0574 0.9963
vn -0.0496 0.1441 0.9883
vn 0.4208 0.9069 0.0237
vn -0.0674 0.1084 0.9918
vn -0.0299 0.0594 0.9978
vn -0.0886 0.0877 0.9922
vn -0.0503 0.0938 0.9943
vn -0.1092 0.0556 0.9925
vn 0.1161 0.7978 0.5916
vn 0.0965 0.7201 0.6872
vn 0.1041 0.6834 0.7226
vn -0.0365 0.8956 0.4433
vn -0.0546 0.8516 0.5213
vn -0.0054 0.9553 0.2955
vn -0.1340 0.2936 0.9465
vn 0.0137 0.8098 0.5865
vn -0.0765 0.6375 0.7666
vn -0.0487 0.8042 0.5924
vn -0.1293 0.5556 0.8213
vn 0.1438 0.8904 0.4319
vn 0.2203 0.8910 0.3971
vn 0.2223 0.9494 0.2218
vn -0.0242 0.7749 0.6316
vn -0.0825 0.5792 0.8110
vn 0.1070 0.7505 0.6522
vn 0.0964 0.8858 0.4539
vn -0.0420 0.8743 0.4835
vn 0.0739 0.7045 0.7059
vn 0.0296 0.8692 0.4937
vn 0.1568 0.8018 0.5767
vn 0.0958 0.9526 0.2887
vn 0.1059 0.9320 0.3465
vn 0.1114 0.8288 0.5484
vn 0.0376 0.8952 0.4441
vn 0.0306 0.7807 0.6241
vn 0.2190 0.9659 0.1381
vn 0.2333 0.8706 0.4331
vn 0.3754 0.8830 0.2817
vn 0.1291 0.9622 0.2399
vn 0.1483 0.9800 0.1325
vn 0.1875 0.9613 0.2019
vn 0.2138 0.9763 0.0343
vn 0.1691 0.9467 0.2743
vn 0.1693 0.9517 0.2562
vn 0.0944 0.9639 0.2490
vn 0.1385 0.9489 0.2837
vn 0.1168 0.9516 0.2843
vn 0.0176 0.9332 0.3588
vn 0.0942 0.9819 0.1643
vn 0.0418 0.9828 0.1800
vn 0.2944 0.9548 0.0403
vn 0.2623 0.9595 0.1025
vn 0.2492 0.9659 0.0708
vn 0.0870 0.9552 0.2829
vn -0.0085 0.9698 0.2436
vn 0.0309 0.9746 0.2216
vn 0.0796 0.9717 0.2224
vn 0.0329 0.9963 0.0790
vn 0.0642 0.9755 0.2102
vn 0.0128 0.9793 0.2020
vn -0.0108 0.9851 0.1718
vn -0.0889 0.9479 0.3061
vn 0.1693 0.9721 0.1622
vn 0.1253 0.9582 0.2572
vn 0.1150 0.9286 0.3528
vn 0.1338 0.9480 0.2886
vn 0.1172 0.9749 0.1895
vn 0.1362 0.9806 0.1413
vn 0.0025 0.9910 0.1338
vn 0.0563 0.9764 0.2083
vn -0.0622 0.9797 0.1907
vn -0.0778 0.9735 0.2150
vn -0.0365 0.9923 0.1186
vn 0.0769 0.9155 0.3949
vn 0.0228 0.9543 0.2979
vn 0.1111 0.9928 0.0446
vn 0.1832 0.9730 0.1402
vn 0.2648 0.9623 0.0616
vn 0.1892 0.9750 0.1164
vn 0.0683 0.9772 0.2010
vn 0.2721 0.9584 0.0857
vn 0.1418 0.9699 0.1980
vn 0.1739 0.9781 0.1141
vn 0.1476 0.9192 0.3652
vn -0.0624 0.9371 0.3433
vn 0.2187 0.9752 -0.0331
vn 0.1478 0.9821 0.1168
vn 0.1932 0.9679 0.1605
vn 0.1159 0.9697 0.2150
vn -0.0914 0.8932 0.4403
vn 0.0701 0.9214 0.3821
vn 0.0463 0.9749 0.2178
vn -0.0522 0.8464 0.5299
vn -0.0551 0.7636 0.6434
vn -0.0473 0.7662 0.6409
vn 0.0073 0.9763 0.2162
vn -0.0649 0.6253 0.7777
vn -0.1301 0.3748 0.9179
vn 0.0557 0.9397 0.3375
vn 0.1253 0.9682 0.2164
vn 0.1724 0.9810 0.0891
vn 0.0745 0.9490 0.3064
vn 0.0522 0.8577 0.5115
vn 0.5485 0.6841 -0.4809
vn 0.5049 0.7115 -0.4887
vn 0.2293 0.9714 0.0615
vn 0.2707 0.9626 0.0073
vn 0.2649 0.9622 -0.0629
vn 0.3713 0.8472 -0.3799
vn 0.4278 0.8539 -0.2964
vn -0.0036 0.8766 0.4811
vn 0.3095 0.9106 -0.2739
vn 0.1717 0.9540 -0.2456
vn 0.4320 0.7896 -0.4358
vn 0.2932 0.9088 -0.2968
vn -0.0776 0.6479 0.7577
vn -0.0158 0.8914 0.4528
vn 0.3945 0.9185 -0.0266
vn 0.3897 0.9204 0.0314
vn 0.3192 0.9465 0.0472
vn 0.3136 0.9488 0.0376
vn 0.3095 0.9509 0.0103
vn 0.2950 0.9553 0.0191
vn 0.3002 0.9537 0.0159
vn 0.2639 0.9646 0.0001
vn 0.3229 0.9447 0.0573
vn 0.3271 0.9433 -0.0571
vn 0.3279 0.9446 -0.0124
vn 0.1675 0.9758 -0.1408
vn 0.1091 0.9922 -0.0609
vn 0.1463 0.9740 -0.1728
vn 0.2023 0.9784 -0.0437
vn 0.1305 0.9759 -0.1748
vn 0.1884 0.9807 -0.0518
vn 0.2514 0.9663 -0.0552
vn 0.2126 0.9657 -0.1488
vn 0.1611 0.9791 -0.1240
vn 0.2078 0.9684 -0.1381
vn 0.1826 0.9766 -0.1133
vn 0.1668 0.9715 -0.1683
vn 0.1652 0.9825 -0.0857
vn 0.2303 0.9724 -0.0385
vn 0.1495 0.9805 -0.1277
vn 0.1185 0.9807 -0.1558
vn 0.2099 0.9744 -0.0801
vn 0.0966 0.9760 -0.1952
vn 0.1413 0.9889 -0.0461
vn 0.1842 0.9829 0.0043
vn -0.0799 0.9143 0.3970
vn -0.0155 0.9445 0.3283
vn -0.0447 0.8867 0.4601
vn -0.0356 0.8727 0.4870
vn -0.0597 0.8552 0.5148
vn -0.0378 0.8597 0.5093
vn 0.0535 0.8857 0.4612
vn 0.0134 0.9495 0.3134
vn 0.1073 0.9443 0.3112
vn 0.1453 0.8816 0.4491
vn -0.0466 0.9209 0.3870
vn -0.0479 0.9149 0.4008
vn -0.0552 0.9131 0.4039
vn -0.0568 0.9324 0.3571
vn -0.1002 0.8972 0.4300
vn -0.1595 0.9171 0.3653
vn -0.0542 0.9316 0.3593
vn -0.0011 0.8913 0.4535
vn -0.0423 0.8620 0.5051
vn -0.0339 0.8885 0.4576
vn -0.0473 0.9016 0.4300
vn -0.0984 0.8854 0.4542
vn -0.1022 0.9007 0.4222
vn -0.0035 0.9408 0.3390
vn -0.2327 0.2815 0.9309
vn -0.2378 0.4581 0.8565
vn -0.2110 0.4442 0.8707
vn -0.1409 0.7360 0.6622
vn -0.1235 0.7505 0.6493
vn -0.0290 0.8983 0.4385
vn -0.1985 0.5971 0.7772
vn -0.1724 0.7849 0.5952
vn -0.1654 0.2778 0.9463
vn -0.2446 0.2521 0.9363
vn -0.1724 0.1455 0.9742
vn -0.1451 0.4168 0.8973
vn -0.1525 0.6388 0.7541
vn -0.2405 0.5033 0.8300
vn -0.0810 0.9142 0.3971
vn -0.0242 0.9299 0.3671
vn -0.0475 0.9164 0.3973
vn 0.0119 0.9155 0.4022
vn -0.0538 0.9320 0.3583
vn -0.0075 0.9896 0.1434
vn -0.0174 0.9642 0.2646
vn 0.0325 0.9621 0.2709
vn -0.0021 0.9222 0.3867
vn -0.0036 0.9293 0.3693
vn -0.0018 0.9561 0.2931
vn -0.0028 0.9999 0.0167
vn -0.0576 0.9955 0.0749
vn -0.0242 0.9996 0.0134
vn 0.1066 0.9915 0.0746
vn 0.0680 0.9960 0.0577
vn 0.0644 0.9979 -0.0039
vn 0.0236 0.9971 0.0726
vn -0.0373 0.9991 0.0212
vn 0.1648 0.9359 -0.3114
vn 0.1295 0.6865 -0.7155
vn -0.0277 0.9836 -0.1783
vn -0.1020 0.8666 -0.4885
vn -0.3636 0.7365 -0.5703
vn -0.4011 0.6015 -0.6909
vn -0.2951 0.5472 -0.7833
vn -0.1374 0.5126 -0.8475
vn 0.1255 0.9079 -0.4001
vn 0.1433 0.8284 -0.5415
vn 0.1164 0.9882 -0.0991
vn -0.0374 0.9412 0.3357
vn 0.0237 0.9770 0.2121
vn 0.1849 0.9655 -0.1833
vn 0.0875 0.9935 0.0733
vn 0.0887 0.9891 0.1179
vn 0.0090 0.9670 0.2545
vn 0.0583 0.9878 0.1444
vn 0.1217 0.9924 -0.0171
vn 0.0378 0.9858 0.1637
vn 0.0747 0.8446 0.5301
vn -0.2418 0.7917 0.5611
vn -0.0279 0.8260 0.5630
vn -0.3449 0.9184 -0.1938
vn -0.5552 0.8289 -0.0688
vn -0.5389 0.7462 -0.3907
vn -0.6723 0.7263 -0.1433
vn -0.6629 0.7484 -0.0222
vn -0.6285 0.6834 -0.3713
vn -0.0600 0.9605 -0.2716
vn 0.0781 0.9960 0.0427
vn -0.0292 0.9970 -0.0722
vn 0.0168 0.7973 -0.6033
vn -0.5384 0.7823 0.3133
vn -0.3870 0.8839 0.2627
vn -0.5823 0.8018 -0.1341
vn 0.1025 0.8597 0.5005
vn 0.2490 0.9005 0.3565
vn 0.2263 0.8657 0.4464
vn 0.0369 0.8565 0.5149
vn 0.4556 0.7184 -0.5257
vn 0.1721 0.9842 0.0426
vn -0.1049 0.8491 0.5178
vn -0.2027 0.9091 -0.3640
vn 0.2547 0.3648 -0.8956
vn 0.4467 0.3488 -0.8239
vn 0.3374 0.5814 -0.7404
vn -0.5241 0.6117 -0.5926
vn 0.5142 0.8374 -0.1854
vn 0.2755 0.5756 -0.7700
vn 0.3123 0.4875 -0.8154
vn 0.4207 0.5427 -0.7270
vn -0.0635 0.9937 0.0923
vn 0.0532 0.9972 -0.0528
vn 0.0672 0.9890 -0.1314
vn 0.0473 0.9859 -0.1605
vn 0.5758 0.4662 -0.6716
vn 0.4776 0.4126 -0.7756
vn 0.4111 0.9097 0.0584
vn 0.5125 0.6390 -0.5735
vn 0.4026 0.9076 -0.1187
vn 0.0878 0.5579 -0.8252
vn 0.1595 0.5307 -0.8324
vn 0.0105 0.4428 -0.8966
vn 0.1764 0.9287 0.3263
vn -0.0245 0.9563 0.2912
vn 0.1245 0.9176 -0.3775
vn 0.0086 0.9064 0.4223
vn -0.0663 0.9805 -0.1849
vn -0.6139 0.7675 0.1847
vn 0.4262 0.8277 0.3649
vn -0.3337 0.9187 -0.2113
vn -0.0459 0.9484 0.3138
vn -0.0807 0.9285 0.3624
vn -0.1807 0.4376 0.8808
vn -0.1502 0.5826 0.7987
vn -0.0390 0.8938 0.4468
vn -0.1623 0.5493 0.8197
vn -0.1798 0.3716 0.9108
vn -0.1103 0.7432 0.6600
vn -0.0679 0.8781 0.4736
vn -0.1390 0.8168 0.5600
vn -0.0493 0.9196 0.3898
vn -0.5254 0.6727 -0.5210
vn 0.4114 0.4230 -0.8073
vn 0.3221 0.8317 -0.4522
vn 0.2533 0.9307 0.2641
vn -0.0479 0.9889 -0.1408
vn 0.0351 0.9860 -0.1631
vn -0.1935 0.7084 -0.6788
vn 0.4025 0.5347 -0.7430
vn 0.0812 0.9913 0.1039
vn 0.0699 0.9973 0.0237
vn 0.0500 0.9954 -0.0816
vn 0.1153 0.9692 -0.2179
vn -0.0498 0.9191 0.3909
vn -0.0800 0.8878 0.4532
vn -0.0924 0.9296 0.3569
vn -0.0653 0.9223 0.3809
vn -0.0112 0.9563 0.2920
vn -0.0556 0.9106 0.4096
vn -0.2001 0.1981 0.9595
vn -0.1811 0.1162 0.9766
vn -0.1090 0.9181 0.3811
vn -0.1899 0.0564 0.9802
vn 0.0851 0.9959 0.0291
vn -0.0771 0.9094 0.4087
vn -0.2302 0.0515 0.9718
vn -0.2171 0.0391 0.9754
vn -0.2588 0.0187 0.9658
vn -0.1664 -0.1266 0.9779
vn -0.1501 -0.1107 0.9825
vn -0.1405 -0.0913 0.9859
vn -0.0192 0.1036 0.9944
vn -0.0889 -0.0020 0.9960
vn -0.0391 0.0809 0.9960
vn -0.1350 -0.4329 0.8913
vn -0.0808 -0.8606 0.5029
vn -0.1021 -0.8789 0.4659
vn -0.1471 -0.2293 0.9622
vn -0.2017 -0.1392 0.9695
vn -0.1985 -0.2254 0.9538
vn -0.1798 -0.6759 0.7148
vn -0.1953 -0.4708 0.8603
vn -0.2122 -0.0199 0.9770
vn -0.2080 -0.1058 0.9724
vn -0.2148 -0.1568 0.9640
vn -0.2131 -0.1229 0.9693
vn -0.1219 0.0313 0.9921
vn -0.1376 0.1883 0.9724
vn -0.1376 0.1482 0.9793
vn -0.1571 0.3267 0.9320
vn -0.1486 0.4706 0.8698
vn -0.1559 0.3565 0.9212
vn -0.1407 0.5264 0.8385
vn -0.1348 -0.1861 0.9732
vn -0.1265 -0.2027 0.9710
vn -0.1412 0.0999 0.9849
vn -0.0919 0.1133 0.9893
vn -0.1417 0.0702 0.9874
vn -0.2550 -0.0760 0.9639
vn -0.1499 0.0342 0.9881
vn -0.2015 -0.2848 0.9372
vn -0.2876 -0.1815 0.9404
vn -0.2261 -0.0840 0.9705
vn -0.1288 0.5331 0.8362
vn -0.2854 -0.1310 0.9494
vn -0.1368 0.0194 0.9904
vn -0.1689 0.3099 0.9357
vn -0.2122 -0.1682 0.9626
vn -0.1880 -0.1237 0.9743
vn -0.1817 -0.2179 0.9589
vn -0.2011 -0.0229 0.9793
vn -0.1869 -0.1999 0.9618
vn -0.2213 -0.0475 0.9741
vn -0.1546 0.0982 0.9831
vn -0.1793 0.0086 0.9838
vn -0.1706 -0.2286 0.9585
vn -0.1452 -0.1914 0.9707
vn -0.2561 -0.2270 0.9396
vn -0.2335 -0.1910 0.9534
vn -0.1695 0.1513 0.9738
vn -0.0722 -0.9459 0.3163
vn -0.1713 -0.4989 0.8496
vn -0.2066 -0.0510 0.9771
vn -0.1870 0.0547 0.9808
vn -0.1937 -0.0414 0.9802
vn -0.1070 -0.4637 0.8795
vn -0.1415 -0.6868 0.7129
vn -0.1662 -0.5424 0.8235
vn -0.2026 -0.0339 0.9787
vn -0.2206 -0.0443 0.9744
vn -0.0240 -0.9987 -0.0458
vn -0.2472 -0.0053 0.9689
vn -0.2423 -0.0135 0.9701
vn -0.2448 0.0288 0.9691
vn -0.1337 -0.2178 0.9668
vn -0.2179 0.0612 0.9741
vn -0.1966 -0.6251 0.7554
vn -0.2342 -0.0432 0.9712
vn -0.2073 0.0273 0.9779
vn -0.2396 -0.0910 0.9666
vn -0.1164 0.0683 0.9909
vn -0.2312 0.0315 0.9724
vn -0.1284 0.3911 0.9113
vn -0.1751 -0.2132 0.9612
vn -0.1069 -0.1337 0.9852
vn -0.1621 -0.1694 0.9721
vn -0.1618 -0.7277 0.6665
vn -0.1538 0.0105 0.9881
vn -0.1493 0.1053 0.9832
vn -0.0841 -0.0258 0.9961
vn -0.0761 -0.0252 0.9968
vn -0.0287 0.0433 0.9987
vn -0.1645 0.0247 0.9861
vn -0.1563 -0.0503 0.9864
vn -0.1572 0.1127 0.9811
vn -0.1321 0.1119 0.9849
vn -0.2011 -0.1061 0.9738
vn -0.0056 0.0914 0.9958
vn -0.2676 -0.1914 0.9443
vn -0.1361 -0.1438 0.9802
vn -0.0976 0.3208 0.9421
vn -0.1048 0.2442 0.9641
vn -0.1398 0.3889 0.9106
vn -0.1271 -0.1036 0.9865
vn -0.2624 -0.1759 0.9488
vn -0.0580 -0.5517 0.8320
vn -0.1319 -0.6254 0.7690
vn -0.2191 0.2200 0.9506
vn -0.1760 0.3384 0.9244
vn -0.1772 0.4865 0.8555
vn -0.1328 -0.1065 0.9854
vn -0.0455 0.1487 0.9878
vn -0.0296 0.0811 0.9963
vn -0.1323 0.6088 0.7822
vn -0.1667 0.1422 0.9757
vn -0.1572 0.4035 0.9014
vn -0.1009 0.6604 0.7441
vn -0.0469 0.4492 0.8922
vn -0.0115 0.6262 0.7796
vn 0.0194 0.6955 0.7183
vn -0.1271 -0.0997 0.9869
vn -0.1046 -0.0982 0.9897
vn -0.1889 -0.2292 0.9549
vn -0.2457 0.1751 0.9534
vn -0.2490 0.0643 0.9664
vn -0.0697 0.2819 0.9569
vn -0.1136 0.3609 0.9256
vn -0.0770 0.2579 0.9631
vn -0.0869 0.1600 0.9833
vn -0.1909 0.4943 0.8481
vn -0.0775 0.6359 0.7679
vn -0.0548 0.3696 0.9276
vn -0.0759 0.0287 0.9967
vn -0.0573 0.1508 0.9869
vn -0.0650 0.4483 0.8915
vn 0.0031 0.7461 0.6658
vn -0.2199 -0.2199 0.9504
vn -0.1986 -0.2568 0.9458
vn -0.1605 -0.1794 0.9706
vn -0.0653 0.2184 0.9737
vn -0.1813 -0.1843 0.9660
vn -0.1430 -0.3073 -0.9408
vn -0.1398 -0.3448 -0.9282
vn -0.1523 -0.4301 -0.8898
vn -0.1087 -0.0220 0.9938
vn -0.1278 -0.0918 0.9875
vn -0.0261 -0.0295 0.9992
vn -0.1123 -0.1941 -0.9745
vn -0.1184 -0.2179 -0.9688
vn 0.0436 0.0294 0.9986
vn 0.0180 -0.0359 0.9992
vn 0.0775 0.0462 0.9959
vn -0.1037 -0.1650 -0.9808
vn -0.0501 -0.1551 -0.9866
vn -0.0788 -0.0296 -0.9965
vn -0.0982 -0.4622 -0.8813
vn -0.1819 -0.6668 -0.7226
vn -0.2524 -0.5779 -0.7761
vn -0.0230 -0.1999 0.9796
vn -0.0168 -0.3940 0.9189
vn -0.0210 -0.2074 0.9780
vn 0.0520 -0.0353 0.9980
vn 0.0141 -0.0750 0.9971
vn -0.0097 -0.0165 0.9998
vn -0.0850 -0.1209 -0.9890
vn -0.0958 -0.0564 -0.9938
vn -0.1137 -0.5707 -0.8133
vn -0.0789 -0.2952 -0.9522
vn -0.0775 -0.6770 0.7319
vn -0.0758 -0.0901 -0.9930
vn -0.0154 0.0050 -0.9999
vn 0.0034 0.0061 -1.0000
vn 0.0119 0.0490 -0.9987
vn 0.0074 -0.2929 0.9561
vn -0.0083 -0.2143 0.9767
vn 0.0212 -0.2760 0.9609
vn -0.0082 0.0320 0.9995
vn -0.0800 -0.0991 0.9919
vn 0.0499 -0.2668 0.9625
vn -0.0140 -0.2947 0.9555
vn 0.1442 -0.3441 0.9278
vn 0.0894 -0.2916 0.9524
vn 0.1016 -0.2904 0.9515
vn -0.0104 -0.7077 0.7064
vn -0.0239 -0.9705 0.2400
vn 0.0090 -0.7789 0.6271
vn -0.0026 -0.1761 0.9844
vn -0.0064 -0.0395 0.9992
vn -0.0464 -0.0958 -0.9943
vn 0.0256 -0.1103 0.9936
vn 0.0208 -0.1086 0.9939
vn 0.0499 -0.0036 0.9987
vn -0.0227 -0.0972 0.9950
vn -0.0295 -0.0453 -0.9985
vn -0.0966 0.1256 -0.9874
vn -0.0999 0.0399 -0.9942
vn -0.0190 -0.4269 -0.9041
vn -0.0000 -0.3307 -0.9437
vn 0.0276 -0.4927 -0.8698
vn -0.0998 -0.8602 -0.5000
vn -0.0108 -0.0731 0.9973
vn -0.0296 0.0156 0.9994
vn 0.0182 0.0069 0.9998
vn -0.0225 -0.1953 -0.9805
vn -0.0540 0.0976 -0.9938
vn 0.0096 0.0215 -0.9997
vn -0.0457 -0.0327 -0.9984
vn -0.0315 -0.9798 -0.1976
vn -0.0365 -0.9974 -0.0625
vn 0.2013 -0.8529 0.4816
vn 0.0278 -0.9719 0.2339
vn -0.0209 -0.1290 -0.9914
vn -0.0623 -0.5327 0.8440
vn -0.0597 -0.8344 0.5480
vn -0.0422 -0.6074 0.7933
vn 0.1452 -0.2381 0.9603
vn -0.0698 -0.6177 -0.7833
vn 0.0321 -0.7892 -0.6133
vn 0.0848 -0.6106 -0.7874
vn -0.0146 -0.5455 -0.8380
vn -0.0813 -0.9444 0.3185
vn 0.0582 0.0551 0.9968
vn 0.0152 -0.0199 0.9997
vn 0.0595 -0.9838 0.1689
vn 0.0342 -0.1648 0.9857
vn 0.0658 -0.1849 0.9806
vn 0.0340 -0.2404 0.9701
vn -0.1107 -0.1915 0.9752
vn -0.1565 -0.5275 -0.8350
vn -0.0961 -0.6203 -0.7784
vn 0.1188 -0.1046 0.9874
vn 0.0154 -0.0450 0.9989
vn -0.0420 -0.1417 0.9890
vn -0.0186 -0.0502 0.9986
vn 0.0817 -0.0192 0.9965
vn 0.0254 -0.0965 0.9950
vn 0.0391 -0.4204 -0.9065
vn 0.1019 -0.9524 0.2873
vn 0.0675 -0.0090 0.9977
vn 0.1032 0.0272 0.9943
vn -0.0908 -0.3954 -0.9140
vn 0.0453 -0.9285 0.3687
vn 0.1546 -0.1272 0.9797
vn 0.1227 -0.0186 0.9923
vn -0.0427 -0.9557 0.2914
vn 0.0814 0.0332 0.9961
vn 0.1019 0.0590 0.9930
vn 0.0852 -0.1002 0.9913
vn 0.0654 -0.0891 0.9939
vn 0.0857 -0.1232 0.9887
vn 0.1087 -0.5263 -0.8433
vn 0.0484 0.0470 0.9977
vn 0.0645 0.0761 0.9950
vn 0.2726 -0.1615 0.9485
vn 0.3156 -0.1455 0.9377
vn 0.1025 -0.0559 0.9932
vn -0.0874 -0.3629 -0.9277
vn 0.2218 -0.1386 0.9652
vn 0.1823 0.0031 0.9832
vn -0.0296 -0.0732 0.9969
vn -0.0002 -0.0902 0.9959
vn 0.0464 -0.0616 0.9970
vn 0.0913 -0.6525 0.7522
vn 0.1273 -0.4541 0.8818
vn 0.0867 0.0753 0.9934
vn 0.0336 0.0869 -0.9957
vn -0.0727 -0.6213 0.7802
vn 0.0818 -0.0366 0.9960
vn 0.1867 -0.1719 0.9673
vn 0.2281 -0.2620 0.9377
vn -0.0142 -0.2951 0.9554
vn -0.0510 -0.1883 0.9808
vn -0.0842 -0.2468 -0.9654
vn 0.1005 -0.6545 0.7494
vn 0.0394 -0.0022 0.9992
vn 0.0756 -0.0370 0.9965
vn -0.0382 -0.3233 0.9455
vn 0.1222 -0.4634 0.8777
vn -0.0921 -0.3556 -0.9301
vn -0.1284 -0.2412 -0.9619
vn -0.1146 -0.1028 -0.9881
vn -0.0556 -0.2447 -0.9680
vn 0.0198 -0.0657 0.9976
vn 0.1001 0.0497 0.9937
vn 0.0928 0.1217 0.9882
vn 0.0304 -0.4870 0.8729
vn 0.1821 -0.5254 0.8311
vn -0.0617 -0.0599 -0.9963
vn 0.2394 -0.0306 0.9704
vn 0.7449 0.0311 0.6664
vn 0.6910 0.0818 0.7182
vn 0.7336 0.1299 0.6670
vn 0.2269 0.8026 0.5517
vn 0.1954 0.8303 0.5220
vn 0.4068 0.6643 0.6271
vn 0.1580 0.9221 0.3532
vn 0.1632 0.8587 0.4858
vn 0.2547 0.8350 0.4878
vn 0.7806 0.4049 0.4762
vn 0.7017 0.4086 0.5837
vn 0.6938 0.5493 0.4656
vn 0.5060 0.5822 0.6364
vn 0.1834 0.8402 0.5104
vn 0.3391 0.7901 0.5106
vn 0.2722 0.8109 0.5181
vn 0.1971 0.7999 0.5669
vn 0.8720 0.1303 0.4718
vn 0.6069 0.4565 0.6507
vn 0.8517 0.1326 0.5070
vn 0.8717 0.2039 0.4456
vn 0.8491 -0.0335 0.5271
vn 0.8754 0.2998 0.3793
vn 0.6931 0.0463 0.7193
vn 0.7579 -0.0403 0.6511
vn 0.6747 -0.1295 0.7267
vn 0.7688 0.1174 0.6286
vn 0.6687 0.1192 0.7340
vn 0.6731 0.1383 0.7265
vn 0.7195 -0.0126 0.6943
vn 0.2547 0.7338 0.6298
vn 0.7854 0.0011 0.6190
vn 0.7922 0.0091 0.6101
vn 0.6554 0.3263 0.6811
vn 0.7472 0.1985 0.6343
vn 0.7184 0.1153 0.6860
vn 0.8403 -0.3695 0.3967
vn 0.8390 0.0804 0.5381
vn 0.8051 0.0516 0.5909
vn 0.7993 0.0956 0.5932
vn 0.7253 0.0025 0.6884
vn 0.7199 0.0203 0.6938
vn 0.7513 0.0428 0.6586
vn 0.7586 0.0553 0.6492
vn 0.7576 0.0121 0.6526
vn 0.3412 0.7476 0.5698
vn 0.5710 0.5699 0.5909
vn 0.7969 0.2833 0.5336
vn 0.8331 -0.2982 0.4659
vn 0.8430 -0.1785 0.5074
vn 0.7810 0.0464 0.6228
vn 0.3622 0.7737 0.5197
vn 0.4729 0.5473 0.6906
vn 0.6307 0.3830 0.6749
vn 0.8697 -0.3195 0.3763
vn 0.8732 -0.2062 0.4415
vn 0.7616 -0.4066 0.5046
vn 0.7931 0.1292 0.5952
vn 0.7839 0.0210 0.6205
vn 0.0911 0.8760 0.4737
vn 0.2017 0.8439 0.4972
vn 0.0861 0.8435 0.5303
vn 0.7384 -0.3566 0.5724
vn 0.6429 0.5191 0.5632
vn 0.7641 0.1354 0.6307
vn 0.6913 0.3133 0.6511
vn 0.7695 0.1695 0.6158
vn 0.6992 0.1853 0.6905
vn 0.6188 0.3752 0.6902
vn 0.5685 0.6156 0.5457
vn 0.4827 0.5675 0.6670
vn 0.4181 0.7378 0.5299
vn 0.6431 0.4205 0.6401
vn 0.7465 0.2986 0.5947
vn 0.3688 0.7177 0.5906
vn 0.5646 0.4836 0.6688
vn 0.5756 0.5204 0.6308
vn 0.7547 0.2036 0.6237
vn 0.8593 0.1995 0.4709
vn 0.6476 0.1696 0.7429
vn 0.4683 0.5613 0.6823
vn 0.6035 0.3117 0.7339
vn 0.4824 0.3903 0.7842
vn 0.8899 0.1216 0.4397
vn 0.9168 0.1423 0.3732
vn 0.5101 0.6514 0.5617
vn 0.2082 0.5700 0.7949
vn 0.1284 0.6421 0.7558
vn 0.2733 0.5796 0.7677
vn 0.2776 0.8516 0.4447
vn 0.1158 0.9221 0.3692
vn 0.2320 0.7002 0.6752
vn 0.2008 0.8663 0.4574
vn 0.1226 0.8732 0.4718
vn 0.1878 0.8937 0.4074
vn 0.0869 0.8779 0.4708
vn -0.0135 0.9114 0.4112
vn 0.0867 0.9090 0.4077
vn 0.3932 0.5732 0.7190
vn 0.3827 0.6815 0.6238
vn 0.2914 0.7883 0.5419
vn 0.1834 0.7475 0.6384
vn 0.3764 0.8093 0.4510
vn 0.3855 0.8164 0.4299
vn 0.2554 0.8467 0.4668
vn 0.6251 0.3497 0.6979
vn 0.2939 0.6564 0.6948
vn 0.1846 0.7109 0.6787
vn 0.3787 0.8176 0.4337
vn 0.3942 0.7817 0.4833
vn 0.2759 0.8635 0.4223
vn 0.3450 0.7430 0.5735
vn -0.0482 0.9390 0.3404
vn -0.1124 0.8993 0.4226
vn -0.0994 0.9170 0.3863
vn 0.1929 0.8207 0.5378
vn 0.0615 0.8104 0.5826
vn 0.0741 0.8594 0.5059
vn -0.0133 0.8843 0.4668
vn 0.3270 0.8027 0.4987
vn 0.0978 0.9320 0.3491
vn 0.1139 0.9297 0.3504
vn 0.2380 0.8754 0.4208
vn 0.0366 0.8626 0.5046
vn -0.2769 0.8540 0.4406
vn -0.1517 0.8312 0.5349
vn -0.2466 0.8708 0.4254
vn -0.2696 0.8856 0.3783
vn -0.1574 0.9143 0.3731
vn -0.1446 0.8767 0.4587
vn -0.0799 0.9134 0.3993
vn 0.0679 0.8857 0.4592
vn 0.0052 0.8954 0.4452
vn -0.0028 0.8384 0.5450
vn 0.1195 0.8481 0.5163
vn 0.0686 0.8238 0.5627
vn 0.0743 0.8460 0.5280
vn -0.1965 0.9055 0.3761
vn -0.0297 0.8076 0.5890
vn 0.1189 0.8937 0.4326
vn 0.0343 0.9106 0.4120
vn -0.0528 0.8548 0.5162
vn 0.0230 0.8968 0.4418
vn 0.0902 0.9327 0.3493
vn 0.0828 0.8478 0.5238
vn 0.0594 0.9420 0.3303
vn 0.0966 0.6520 0.7521
vn 0.4552 0.7132 0.5330
vn 0.3950 0.7619 0.5133
vn 0.5415 0.6183 0.5697
vn 0.0190 0.7668 0.6416
vn 0.1686 0.7987 0.5776
vn 0.4431 0.3893 0.8075
vn 0.1245 0.6786 0.7239
vn 0.2234 0.8765 0.4265
vn 0.0643 0.6978 0.7134
vn 0.0823 0.9027 0.4224
vn 0.0196 0.9129 0.4077
vn 0.0701 0.9067 0.4160
vn 0.1188 0.8787 0.4624
vn 0.0873 0.7288 0.6791
vn 0.1656 0.8711 0.4624
vn 0.3326 0.8204 0.4650
vn 0.3429 0.7899 0.5085
vn 0.3237 0.7714 0.5478
vn 0.1384 0.8823 0.4499
vn 0.0752 0.8768 0.4750
vn 0.1543 0.8890 0.4312
vn 0.0980 0.8994 0.4260
vn 0.6462 0.1596 0.7463
vn 0.6406 0.1803 0.7464
vn 0.6213 0.2833 0.7305
vn 0.6337 0.1619 0.7564
vn 0.6227 0.2692 0.7347
vn 0.6858 0.1530 0.7116
vn 0.4898 -0.0798 0.8682
vn 0.5169 -0.0595 0.8540
vn 0.5072 -0.0785 0.8582
vn 0.3044 0.0357 0.9519
vn 0.2629 0.0520 0.9634
vn 0.2728 0.0389 0.9613
vn 0.6668 0.1860 0.7216
vn 0.6911 0.0327 0.7220
vn 0.6426 0.0775 0.7623
vn 0.5546 -0.0819 0.8281
vn 0.5781 0.1789 0.7961
vn 0.5577 0.2307 0.7973
vn 0.2740 -0.2867 0.9180
vn 0.3586 -0.3396 0.8695
vn 0.2255 -0.5936 0.7725
vn 0.2317 -0.1081 0.9668
vn 0.1823 0.1709 0.9683
vn 0.2158 0.0471 0.9753
vn -0.0453 -0.9986 0.0271
vn 0.7870 -0.0865 0.6109
vn 0.7128 -0.0601 0.6988
vn 0.7398 -0.1760 0.6494
vn 0.7196 0.0575 0.6920
vn 0.6629 -0.2332 0.7114
vn 0.7028 -0.1720 0.6903
vn 0.6492 -0.1799 0.7391
vn 0.5878 -0.2956 0.7531
vn 0.6091 -0.3096 0.7301
vn 0.6302 -0.2455 0.7366
vn 0.6686 0.0057 0.7436
vn 0.7315 0.1511 0.6649
vn 0.6324 0.1297 0.7637
vn 0.6140 -0.0211 0.7890
vn 0.6336 0.0354 0.7728
vn 0.6867 -0.1037 0.7195
vn 0.6270 -0.1367 0.7669
vn 0.5820 -0.1386 0.8013
vn 0.6070 -0.0456 0.7934
vn 0.7014 -0.2563 0.6651
vn 0.7178 -0.2427 0.6526
vn 0.6490 -0.2919 0.7026
vn 0.3220 -0.2473 0.9139
vn 0.3397 -0.0423 0.9396
vn 0.3787 -0.1713 0.9095
vn 0.5368 -0.3028 0.7875
vn 0.6046 -0.2253 0.7640
vn 0.6360 0.1369 0.7595
vn 0.6722 0.2943 0.6794
vn 0.6609 0.2456 0.7092
vn 0.6152 -0.1050 0.7814
vn 0.7453 -0.1570 0.6480
vn 0.7385 -0.0151 0.6740
vn 0.6187 0.1888 0.7626
vn 0.6105 0.3282 0.7208
vn 0.5591 0.3969 0.7279
vn 0.5419 -0.0192 0.8402
vn 0.5944 0.0486 0.8027
vn 0.2970 0.8191 0.4908
vn 0.3992 0.7177 0.5706
vn 0.3179 0.8304 0.4577
vn 0.3589 0.7553 0.5484
vn 0.2806 0.8290 0.4838
vn 0.6315 0.0758 0.7717
vn 0.6294 0.0568 0.7750
vn 0.6015 0.0097 0.7988
vn 0.6160 -0.0317 0.7871
vn 0.6195 0.3558 0.6997
vn 0.5744 0.4735 0.6677
vn 0.7258 0.2018 0.6576
vn 0.0750 0.1325 0.9883
vn 0.1179 -0.0047 0.9930
vn 0.4947 0.5716 0.6546
vn 0.3954 0.7338 0.5525
vn 0.4326 0.6910 0.5791
vn 0.2756 -0.2661 0.9237
vn 0.2936 -0.0306 0.9554
vn 0.2470 -0.0339 0.9684
vn 0.2731 -0.1378 0.9521
vn 0.1377 -0.1952 0.9710
vn 0.0515 -0.6930 0.7191
vn 0.5359 0.1437 0.8320
vn 0.4907 0.1643 0.8557
vn 0.0014 -0.9978 0.0665
vn 0.2050 -0.7716 0.6021
vn 0.1653 -0.3282 0.9300
vn 0.5375 0.4832 0.6911
vn 0.1393 -0.0585 0.9885
vn 0.1126 0.0582 0.9919
vn 0.3198 -0.1643 0.9331
vn 0.4000 -0.1421 0.9054
vn 0.2973 -0.1251 0.9466
vn 0.7127 0.0024 0.7014
vn 0.5917 0.0571 0.8041
vn 0.6054 0.0782 0.7921
vn 0.5966 0.0036 0.8025
vn 0.7725 0.0978 0.6275
vn 0.7779 -0.2057 0.5937
vn 0.6000 0.3117 0.7368
vn 0.2281 -0.1373 0.9639
vn 0.1697 -0.0350 0.9849
vn 0.2064 -0.0259 0.9781
vn 0.6763 -0.0367 0.7357
vn 0.7300 -0.0168 0.6833
vn 0.1752 -0.1029 0.9791
vn -0.0794 -0.9956 -0.0497
vn 0.1812 0.2680 0.9462
vn 0.5880 0.1554 0.7938
vn 0.3163 -0.8823 0.3487
vn 0.5008 0.0803 0.8618
vn 0.2656 -0.1067 0.9582
vn 0.5616 0.4688 0.6818
vn 0.1932 -0.0071 0.9811
vn 0.7399 -0.1971 0.6432
vn 0.7481 -0.1575 0.6446
vn 0.4997 -0.2229 0.8371
vn 0.2761 0.8215 0.4989
vn 0.2715 -0.1993 0.9416
vn 0.4103 -0.0589 0.9100
vn 0.4394 -0.0715 0.8955
vn 0.4006 -0.0537 0.9147
vn 0.7835 -0.1584 0.6008
vn 0.3019 -0.0303 0.9529
vn 0.4806 -0.1473 0.8645
vn 0.4893 -0.2326 0.8405
vn 0.5547 -0.1836 0.8115
vn 0.1706 0.1495 0.9739
vn 0.7489 0.0082 0.6626
vn 0.4730 0.6285 0.6175
vn 0.2465 -0.0487 0.9679
vn 0.2178 -0.1101 0.9698
vn 0.7703 -0.2345 0.5930
vn 0.2437 -0.1446 0.9590
vn 0.4972 -0.1185 0.8595
vn 0.4625 -0.0667 0.8841
vn 0.4789 -0.6126 0.6288
vn 0.7720 -0.2420 0.5878
vn 0.4497 0.2432 0.8594
vn 0.6441 -0.1036 0.7579
vn 0.1885 0.1854 0.9644
vn 0.4538 -0.1276 0.8819
vn 0.2829 -0.1035 0.9535
vn 0.1596 0.1047 0.9816
vn 0.4955 0.5506 0.6718
vn 0.4006 0.7239 0.5617
vn 0.6111 -0.1444 0.7783
vn 0.5552 -0.1510 0.8179
vn 0.4141 0.7248 0.5506
vn 0.2951 -0.1861 0.9372
vn 0.4271 0.6687 0.6086
vn 0.3370 -0.0842 0.9377
vn 0.3889 -0.1412 0.9104
vn 0.2467 0.0201 0.9689
vn 0.2333 0.0461 0.9713
vn 0.5018 0.5837 0.6384
vn 0.3984 0.7464 0.5331
vn 0.4404 -0.2099 0.8729
vn 0.4399 -0.0935 0.8932
vn 0.4475 -0.1527 0.8811
vn 0.1737 -0.6008 0.7803
vn 0.5677 0.0506 0.8217
vn 0.4338 -0.4182 0.7981
vn 0.3933 -0.2033 0.8967
vn 0.4352 0.1554 0.8868
vn 0.6266 -0.0709 0.7761
vn 0.5192 -0.0945 0.8494
vn 0.4841 -0.5753 0.6593
vn 0.3015 -0.0331 0.9529
vn 0.6385 -0.2109 0.7401
vn 0.3326 0.0151 0.9429
vn 0.3262 -0.0063 0.9453
vn 0.2766 -0.1648 0.9468
vn 0.6351 0.2717 0.7231
vn 0.2214 0.0052 0.9752
vn 0.2848 -0.1489 0.9469
vn 0.5535 0.3573 0.7523
vn 0.2077 -0.0051 0.9782
vn 0.3027 -0.0111 0.9530
vn 0.4957 0.0275 0.8681
vn 0.3168 0.0090 0.9484
vn 0.3762 -0.0520 0.9251
vn 0.2703 -0.1074 0.9568
vn 0.2411 -0.6843 0.6882
vn 0.4645 -0.1896 0.8650
vn 0.4127 -0.1927 0.8903
vn 0.2663 0.8730 0.4086
vn 0.2465 0.0089 0.9691
vn 0.2470 0.8768 0.4125
vn 0.3990 0.7016 0.5904
vn 0.2074 0.8649 0.4571
vn 0.4774 -0.0384 0.8778
vn -0.1132 0.8313 0.5442
vn -0.0266 0.8950 0.4453
vn -0.0232 0.8183 0.5743
vn -0.1850 0.8588 0.4777
vn -0.1596 0.8333 0.5293
vn -0.2309 0.6400 0.7329
vn -0.0456 0.9973 0.0576
vn -0.0072 0.9999 0.0087
vn 0.0489 0.9808 0.1885
vn -0.2012 0.9079 0.3677
vn -0.2301 0.9049 0.3581
vn -0.1936 0.9335 0.3018
vn -0.1734 0.4953 0.8512
vn -0.2315 0.3577 0.9047
vn -0.1737 0.5722 0.8015
vn -0.3125 0.8408 0.4420
vn -0.3046 0.7372 0.6031
vn -0.2738 0.7336 0.6219
vn 0.0699 0.9975 0.0133
vn 0.1308 0.9908 -0.0337
vn 0.2298 0.9731 0.0156
vn 0.3947 0.9072 -0.1456
vn -0.1051 0.9289 0.3552
vn -0.2163 0.3883 0.8958
vn -0.1666 0.5243 0.8350
vn -0.2161 0.4655 0.8583
vn 0.2250 0.9724 0.0619
vn -0.2497 0.2963 0.9219
vn -0.2823 0.1387 0.9493
vn -0.2500 0.1871 0.9500
vn -0.0525 0.9072 0.4174
vn -0.0779 0.9268 0.3673
vn -0.0630 0.9077 0.4149
vn -0.1834 0.8834 0.4311
vn -0.1075 0.8392 0.5331
vn -0.2336 0.4169 0.8784
vn -0.2711 0.1963 0.9423
vn -0.2361 0.3741 0.8968
vn 0.0222 0.9964 0.0823
vn -0.2126 0.7462 0.6308
vn -0.1830 0.6418 0.7447
vn -0.1149 0.7563 0.6440
vn -0.0699 0.8299 0.5535
vn -0.2206 0.2752 0.9357
vn -0.2479 0.4628 0.8511
vn -0.2173 0.4145 0.8837
vn -0.1438 0.8023 0.5793
vn -0.2675 0.8450 0.4631
vn -0.1084 0.6632 0.7406
vn -0.1325 0.6616 0.7380
vn -0.1196 0.9258 0.3587
vn -0.0920 0.9152 0.3924
vn 0.2861 0.9480 -0.1397
vn -0.1153 0.9082 0.4024
vn -0.1873 0.7828 0.5934
vn -0.1762 0.8901 0.4204
vn -0.2491 0.3928 0.8852
vn -0.2350 0.6047 0.7610
vn 0.0968 0.9401 0.3270
vn 0.0523 0.9638 0.2615
vn 0.0793 0.9683 0.2369
vn -0.3004 0.0868 0.9499
vn 0.0547 0.9553 0.2905
vn 0.1186 0.9691 0.2161
vn 0.1122 0.9681 0.2242
vn -0.0504 0.9845 0.1677
vn 0.1131 0.9836 0.1404
vn -0.0254 0.9878 0.1536
vn 0.0289 0.9347 0.3542
vn 0.0089 0.9530 0.3027
vn -0.0366 0.9424 0.3325
vn 0.0757 0.9555 0.2850
vn -0.0902 0.9405 0.3275
vn 0.0684 0.9923 0.1033
vn -0.0692 0.9564 0.2838
vn -0.2163 0.9610 0.1726
vn -0.1344 0.9710 0.1976
vn -0.1882 0.9464 0.2623
vn -0.0059 1.0000 -0.0050
vn -0.0292 0.9745 0.2225
vn -0.0411 0.9822 0.1833
vn 0.0175 0.9983 -0.0551
vn -0.0481 0.9955 0.0810
vn -0.0878 0.9917 0.0941
vn -0.0082 0.9857 0.1681
vn -0.1124 0.9932 0.0296
vn -0.3213 0.9092 0.2648
vn 0.1227 0.9911 0.0525
vn -0.1530 0.9821 0.1101
vn 0.0594 0.9898 0.1291
vn -0.0126 0.9999 0.0074
vn -0.0738 0.9598 0.2707
vn 0.0846 0.9863 0.1416
vn -0.0140 0.9833 0.1815
vn -0.2512 0.9502 0.1843
vn -0.0314 0.9986 -0.0423
vn 0.0794 0.9794 0.1857
vn -0.0465 0.9229 0.3823
vn -0.2254 0.5705 0.7898
vn -0.2195 0.5262 0.8215
vn -0.2566 0.3947 0.8822
vn -0.2357 0.2692 0.9338
vn -0.1797 0.4908 0.8525
vn -0.2309 0.1242 0.9650
vn -0.2204 0.0787 0.9722
vn -0.2871 0.0957 0.9531
vn -0.2315 0.8265 0.5132
vn -0.1327 0.7723 0.6212
vn -0.1101 0.7836 0.6114
vn -0.1244 0.8441 0.5215
vn -0.0739 0.8335 0.5475
vn -0.2486 0.2916 0.9237
vn -0.1582 0.6935 0.7029
vn -0.1650 0.8202 0.5477
vn -0.0508 0.9202 0.3882
vn -0.2900 0.1845 0.9391
vn -0.1160 0.8036 0.5837
vn -0.2530 0.2593 0.9321
vn -0.2744 0.1066 0.9557
vn -0.1878 0.5787 0.7936
vn -0.2348 0.2604 0.9365
vn -0.2394 0.7872 0.5684
vn -0.0918 0.8688 0.4866
vn -0.1628 0.6986 0.6968
vn -0.0790 0.8913 0.4464
vn 0.0190 0.9778 0.2085
vn 0.0318 0.9208 0.3888
vn -0.1891 0.6658 0.7217
vn -0.1071 0.8419 0.5289
vn -0.2207 0.1596 0.9622
vn -0.0169 0.8261 0.5633
vn -0.1926 0.5566 0.8081
vn -0.1064 0.9203 0.3764
vn -0.2496 0.4974 0.8308
vn -0.2537 0.3579 0.8986
vn -0.2162 0.3684 0.9042
vn -0.0563 0.9009 0.4303
vn -0.0526 0.9226 0.3821
vn 0.0960 0.9649 0.2445
vn -0.0820 0.7591 0.6458
vn -0.2958 0.8067 0.5115
vn -0.3246 0.8697 0.3719
vn -0.3557 0.7901 0.4992
vn 0.0700 0.9186 0.3889
vn -0.2822 0.6246 0.7282
vn -0.1395 0.9022 0.4081
vn -0.2217 0.8822 0.4154
vn 0.1621 0.9561 0.2441
vn -0.2432 0.2312 0.9420
vn -0.2120 0.3159 0.9248
vn -0.1634 0.4762 0.8640
vn -0.1795 0.8763 0.4471
vn -0.2204 0.9180 0.3296
vn 0.0811 0.9173 0.3898
vn -0.0925 0.7708 0.6303
vn -0.2043 0.8717 0.4455
vn -0.2694 0.2306 0.9350
vn -0.2275 0.5731 0.7873
vn -0.2426 0.6389 0.7300
vn -0.2741 0.7517 0.5999
vn -0.3305 0.0707 0.9411
vn -0.1553 0.8275 0.5395
vn -0.1188 0.9011 0.4170
vn -0.1253 0.7297 0.6722
vn -0.1038 0.7524 0.6505
vn -0.2449 0.8853 0.3953
vn -0.1927 0.1375 0.9716
vn -0.2042 0.5777 0.7903
vn -0.0330 0.8887 0.4574
vn -0.0810 0.9923 0.0933
vn -0.1141 0.9934 0.0110
vn -0.1810 0.7490 0.6374
vn -0.2624 0.8430 0.4695
vn -0.0840 0.6902 0.7187
vn -0.0490 0.9479 0.3147
vn -0.1047 0.9424 0.3178
vn 0.0911 0.9834 0.1568
vn 0.1302 0.9554 0.2652
vn -0.0570 0.9980 -0.0255
vn -0.0457 0.9986 -0.0268
vn 0.0221 0.9281 0.3716
vn 0.0036 0.8335 0.5524
vn 0.0214 0.9660 0.2577
vn 0.0124 0.9452 0.3262
vn -0.0463 0.9574 0.2849
vn -0.0045 0.9414 0.3372
vn 0.0365 0.9495 0.3116
vn 0.0618 0.9420 0.3299
vn 0.0163 0.9694 0.2451
vn 0.0266 0.9748 0.2214
vn -0.1285 0.8549 0.5026
vn -0.2150 0.9096 0.3555
vn -0.1829 0.8835 0.4313
vn -0.1567 0.8999 0.4070
vn -0.1904 0.9327 0.3062
vn -0.1686 0.9504 0.2612
vn -0.1051 0.9428 0.3162
vn -0.0395 0.9939 0.1033
vn -0.1194 0.9811 0.1522
vn 0.0219 0.9632 0.2680
vn -0.0679 0.9798 0.1883
vn -0.0526 0.9705 0.2354
vn 0.0105 0.9808 0.1946
vn -0.1167 0.9907 0.0697
vn -0.0479 0.9356 0.3497
vn 0.0802 0.9488 0.3055
vn 0.0362 0.9078 0.4179
vn -0.0038 0.9657 0.2595
vn 0.0125 0.9721 0.2343
vn -0.1615 0.8401 0.5178
vn -0.0650 0.8125 0.5793
vn -0.1308 0.7594 0.6374
vn -0.0765 0.7758 0.6263
vn -0.0025 0.9703 0.2421
vn 0.0185 0.9786 0.2051
vn -0.0076 0.9997 -0.0237
vn -0.1229 0.9868 0.1057
vn -0.1614 0.4357 0.8855
vn -0.0960 0.8701 0.4834
vn -0.0558 0.9889 -0.1376
vn 0.0552 0.9246 0.3769
vn 0.1115 0.9884 0.1036
vn 0.0063 0.9672 0.2538
vn 0.0607 0.8831 0.4653
vn 0.0332 0.9706 0.2383
vn 0.0438 0.9466 0.3194
vn -0.1309 0.6615 0.7384
vn 0.0463 0.9882 0.1459
vn -0.0003 0.9839 0.1789
vn 0.1157 0.9722 0.2037
vn 0.0602 0.9782 0.1985
vn 0.1665 0.5658 -0.8076
vn 0.1399 0.4602 -0.8767
vn 0.1742 0.5938 -0.7855
vn -0.1056 0.8591 0.5008
vn -0.0298 0.8619 0.5062
vn -0.0440 0.8983 0.4372
vn -0.0852 0.8990 0.4296
vn 0.0067 0.9032 0.4291
vn -0.0759 0.9110 0.4053
vn -0.1224 0.8904 0.4384
vn -0.1221 0.7546 0.6448
vn -0.1030 0.8861 0.4519
vn -0.0609 0.8261 0.5602
vn -0.0850 0.8076 0.5836
vn 0.3689 0.8746 -0.3148
vn 0.1644 0.6497 -0.7422
vn 0.1040 0.3943 -0.9131
vn 0.0667 0.5333 -0.8433
vn 0.1235 0.4798 -0.8686
vn 0.1941 0.7656 -0.6134
vn 0.1857 0.7549 -0.6290
vn 0.1891 0.8129 -0.5509
vn 0.0807 0.4154 -0.9061
vn 0.1232 0.3692 -0.9212
vn 0.1059 0.3639 -0.9254
vn -0.0979 0.6275 0.7725
vn -0.0583 0.7685 0.6372
vn 0.1780 0.6842 -0.7072
vn 0.1254 0.6166 -0.7773
vn 0.1685 0.4048 -0.8988
vn 0.0913 0.7581 -0.6457
vn 0.1039 0.7135 -0.6929
vn 0.0823 0.6866 -0.7223
vn -0.1488 0.8981 0.4138
vn -0.0247 0.9088 0.4166
vn -0.1182 0.8754 0.4687
vn -0.1321 0.5958 0.7922
vn 0.0024 0.7711 -0.6368
vn 0.0758 0.8165 -0.5723
vn 0.1305 0.7491 -0.6495
vn 0.0624 0.9126 -0.4040
vn 0.1334 0.8710 -0.4728
vn -0.1155 0.8965 0.4278
vn -0.0596 0.9119 0.4060
vn -0.0650 0.9299 0.3622
vn -0.1513 0.6091 0.7785
vn -0.1114 0.9528 0.2825
vn -0.1512 0.9483 0.2791
vn -0.1164 0.9595 0.2565
vn -0.0937 0.8678 0.4879
vn -0.0538 0.8880 0.4568
vn 0.0183 0.9133 -0.4070
vn -0.0426 0.8935 -0.4470
vn -0.0632 0.9172 0.3934
vn -0.0892 0.8964 0.4342
vn 0.0226 0.8870 -0.4611
vn -0.0849 0.8295 -0.5520
vn 0.1655 0.9061 -0.3892
vn 0.0427 0.7761 -0.6291
vn -0.0306 0.8924 -0.4503
vn 0.2060 0.5998 -0.7732
vn 0.1200 0.6157 -0.7788
vn -0.0239 0.9745 0.2232
vn 0.0319 0.9697 0.2423
vn 0.0121 0.9658 0.2592
vn -0.0899 0.9273 0.3633
vn -0.0595 0.8587 0.5090
vn 0.0347 0.9322 0.3602
vn 0.1362 0.5850 -0.7995
vn 0.1749 0.7353 -0.6548
vn 0.1822 0.7708 -0.6104
vn 0.1584 0.7760 -0.6105
vn 0.2036 0.7102 -0.6739
vn 0.0618 0.8700 0.4892
vn 0.0140 0.8513 0.5245
vn -0.0037 0.8672 -0.4979
vn 0.0026 0.8782 -0.4782
vn 0.1238 0.8614 -0.4926
vn 0.0691 0.7981 -0.5986
vn 0.0618 0.7278 -0.6830
vn -0.0395 0.7306 -0.6817
vn 0.0507 0.9766 -0.2091
vn 0.0899 0.9646 -0.2479
vn 0.0947 0.9915 -0.0896
vn 0.1298 0.9809 0.1450
vn 0.1087 0.9753 0.1924
vn 0.0656 0.9978 -0.0132
vn 0.2532 0.9434 0.2143
vn -0.1051 0.7342 0.6707
vn -0.0305 0.8915 0.4520
vn -0.0909 0.9474 0.3068
vn 0.0295 0.9334 0.3576
vn -0.1414 0.9702 0.1969
vn -0.0554 0.9693 0.2395
vn 0.0551 0.9688 0.2416
vn -0.0289 0.9794 0.1998
vn -0.1302 0.9667 0.2205
vn -0.1492 0.9720 0.1814
vn 0.0396 0.9854 0.1656
vn 0.0186 0.9624 0.2709
vn -0.0526 0.9919 0.1153
vn -0.1429 0.9610 0.2370
vn 0.0594 0.5955 -0.8011
vn 0.1119 0.3965 -0.9112
vn 0.1219 0.8340 -0.5381
vn -0.0256 0.8147 -0.5793
vn -0.1563 0.6772 0.7190
vn -0.0822 0.8832 0.4617
vn -0.0152 0.9220 -0.3870
vn 0.1295 0.9352 -0.3296
vn 0.0764 0.9417 -0.3275
vn 0.0747 0.9841 -0.1613
vn 0.1934 0.6707 -0.7161
vn 0.1159 0.3621 -0.9249
vn 0.0878 0.3858 -0.9184
vn -0.1390 0.8792 0.4557
vn 0.1579 0.7825 -0.6023
vn 0.0745 0.7923 -0.6055
vn 0.1274 0.9738 -0.1884
vn -0.0943 0.9351 0.3416
vn -0.0657 0.9130 0.4026
vn -0.0636 0.9273 0.3688
vn 0.0456 0.9197 0.3900
vn 0.0273 0.8924 0.4505
vn 0.1622 0.7539 -0.6367
vn 0.0874 0.9266 -0.3656
vn 0.2404 0.9695 -0.0473
vn -0.0692 0.9609 0.2680
vn -0.0993 0.9291 0.3563
vn 0.0107 0.9013 0.4330
vn 0.1588 0.9310 0.3287
vn 0.1467 0.3097 -0.9395
vn 0.1671 0.3000 -0.9392
vn 0.0137 0.8916 0.4527
vn 0.1399 0.6757 -0.7238
vn 0.1474 0.5467 -0.8243
vn 0.1325 0.8030 -0.5810
vn -0.0611 0.9035 0.4242
vn 0.3463 0.9006 -0.2627
vn 0.2672 0.9629 0.0374
vn -0.0212 0.9365 0.3500
vn -0.1662 0.7581 0.6306
vn -0.1053 0.9439 0.3130
vn -0.1128 0.9800 0.1641
vn 0.1441 0.5094 -0.8484
vn -0.0137 0.8839 0.4674
vn -0.0197 0.8123 0.5829
vn -0.0701 0.9091 0.4107
vn -0.0991 0.9201 0.3790
vn -0.0749 0.8836 0.4623
vn -0.0771 0.9199 0.3845
vn -0.0662 0.9595 0.2737
vn 0.0261 0.9486 0.3154
vn -0.0862 0.6809 0.7272
vn -0.1019 0.9034 0.4165
vn -0.1096 0.9144 0.3897
vn -0.0510 0.9332 0.3557
vn -0.1353 0.5942 0.7929
vn -0.1539 0.8600 0.4864
vn -0.1066 0.9297 0.3525
vn -0.1122 0.8367 0.5361
vn 0.0461 0.8995 0.4344
vn 0.1039 0.3817 -0.9184
vn -0.0897 0.9680 0.2346
vn -0.1569 0.9595 0.2340
vn -0.1521 0.9884 0.0008
vn -0.1494 0.9818 0.1175
vn -0.1721 0.9815 0.0834
vn -0.0687 0.9915 0.1104
vn -0.1602 0.9518 0.2614
vn -0.1324 0.9871 -0.0903
vn -0.1026 0.9844 -0.1429
vn 0.0148 0.9936 -0.1119
vn -0.0805 0.9625 -0.2590
vn -0.0660 0.9712 -0.2287
vn -0.0718 0.9753 -0.2091
vn -0.0438 0.9780 -0.2038
vn 0.0558 0.9856 -0.1596
vn 0.0752 0.9862 -0.1473
vn 0.0012 0.9996 0.0285
vn 0.1005 0.9030 -0.4177
vn 0.1245 0.8881 -0.4424
vn -0.0139 0.9946 -0.1030
vn -0.0808 0.9740 -0.2119
vn -0.0181 0.9861 -0.1652
vn 0.0107 0.9961 -0.0879
vn 0.0080 0.9948 -0.1011
vn -0.0902 0.9927 -0.0805
vn -0.0041 0.9957 -0.0921
vn -0.1100 0.9906 -0.0808
vn 0.0910 0.8339 -0.5444
vn -0.0896 0.9855 -0.1439
vn -0.0428 0.9958 -0.0807
vn 0.1340 0.9560 -0.2610
vn 0.1321 0.9466 -0.2942
vn 0.1507 0.9149 -0.3746
vn -0.1388 0.9901 -0.0197
vn -0.1279 0.9878 -0.0884
vn -0.0302 0.9995 0.0075
vn 0.0984 0.9517 -0.2909
vn 0.1489 0.9291 -0.3387
vn -0.1362 0.9897 -0.0436
vn 0.2065 0.9783 -0.0194
vn 0.1699 0.9618 -0.2149
vn 0.2522 0.9677 0.0065
vn 0.2150 0.9646 -0.1530
vn 0.1130 0.8938 -0.4339
vn 0.1490 0.9461 -0.2876
vn 0.1029 0.9879 -0.1157
vn 0.1174 0.8542 -0.5065
vn 0.1260 0.8403 -0.5273
vn 0.1105 0.8641 -0.4911
vn 0.0590 0.9702 -0.2351
vn 0.1490 0.9214 -0.3588
vn 0.1286 0.8459 -0.5176
vn 0.0712 0.9759 -0.2063
vn 0.1229 0.9437 -0.3072
vn 0.1723 0.9296 -0.3257
vn 0.0654 0.9473 -0.3137
vn 0.1018 0.9217 -0.3743
vn 0.1628 0.8451 -0.5091
vn 0.1472 0.8736 -0.4638
vn 0.0386 0.8828 -0.4682
vn 0.0780 0.9300 -0.3593
vn -0.0708 0.9806 -0.1829
vn -0.1046 0.7690 0.6307
vn 0.1636 0.8687 -0.4675
vn 0.1504 0.8121 -0.5638
vn -0.0873 0.8605 -0.5019
vn -0.1366 0.8607 -0.4904
vn -0.1059 0.9180 -0.3822
vn -0.0495 0.9427 -0.3301
vn -0.0875 0.9559 -0.2802
vn -0.0875 0.8771 -0.4723
vn -0.0767 0.9212 -0.3815
vn -0.0615 0.9668 -0.2482
vn -0.0020 0.9731 -0.2305
vn -0.1784 0.6573 0.7322
vn 0.1324 0.4678 -0.8739
vn -0.0710 0.9134 0.4009
vn 0.1183 0.3980 -0.9097
vn 0.1051 0.3842 -0.9173
vn 0.1259 0.5613 -0.8180
vn -0.1312 0.9870 -0.0928
vn -0.0671 0.9915 -0.1118
vn -0.0351 0.8913 -0.4520
vn -0.0544 0.9550 -0.2914
vn -0.0752 0.9970 0.0194
vn -0.0375 0.8688 0.4938
vn -0.0889 0.9694 0.2287
vn -0.0086 1.0000 -0.0049
vn 0.1050 0.3834 -0.9176
vn -0.0536 0.9229 0.3812
vn -0.0260 0.9139 0.4050
vn 0.0167 0.8894 0.4569
vn -0.0686 0.9914 0.1115
vn -0.0843 0.9774 0.1940
vn -0.0767 0.9596 0.2706
vn -0.0807 0.9156 0.3939
vn -0.1061 0.9943 -0.0068
vn -0.0197 0.9977 0.0643
vn -0.0891 0.9888 0.1197
vn -0.0479 0.9291 0.3667
vn -0.1095 0.9824 0.1510
vn -0.0440 0.8930 0.4478
vn -0.0219 0.8934 0.4488
vn -0.0696 0.9423 0.3274
vn 0.0473 0.9039 -0.4252
vn -0.0534 0.9591 -0.2779
vn 0.1076 0.8874 -0.4482
vn -0.0825 0.9926 0.0886
vn -0.1460 0.9890 0.0258
vn 0.0688 0.9850 0.1581
vn 0.0455 0.9862 0.1592
vn -0.1188 0.9855 -0.1214
vn -0.0275 0.9996 0.0073
vn -0.1794 0.9836 -0.0177
vn 0.0496 0.9987 -0.0132
vn 0.0757 0.9777 0.1957
vn 0.0391 0.9738 0.2240
vn 0.0276 0.9865 0.1617
vn 0.1444 0.9764 0.1604
vn 0.0596 0.9969 0.0509
vn 0.0999 0.9905 0.0944
vn 0.0168 0.9902 0.1389
vn -0.0050 0.9981 0.0611
vn 0.2024 0.9786 0.0359
vn -0.0161 0.9979 -0.0626
vn 0.1957 0.9803 0.0250
vn 0.0012 0.9990 -0.0436
vn 0.0780 0.9967 -0.0209
vn -0.0416 0.9666 0.2530
vn 0.0042 0.9547 0.2976
vn 0.0058 0.9814 0.1921
vn -0.1330 0.9795 0.1513
vn -0.0834 0.9824 0.1673
vn -0.0537 0.9915 0.1188
vn -0.1080 0.9849 0.1351
vn -0.1200 0.9893 0.0826
vn -0.1109 0.9617 0.2507
vn -0.1016 0.9897 0.1008
vn -0.0832 0.9898 0.1156
vn -0.0481 0.8437 -0.5347
vn -0.0048 0.8895 -0.4569
vn 0.0063 0.9448 -0.3275
vn 0.0331 0.8870 -0.4607
vn 0.1427 0.9721 -0.1863
vn 0.0613 0.9654 -0.2535
vn 0.0803 0.9751 -0.2068
vn 0.1866 0.9643 -0.1881
vn -0.0261 0.9776 -0.2088
vn 0.4655 0.2284 -0.8551
vn 0.3760 0.2521 -0.8917
vn 0.4356 0.2718 -0.8582
vn -0.1397 0.9703 0.1977
vn 0.3015 0.1440 -0.9425
vn 0.3465 0.2836 -0.8942
vn 0.3343 0.0296 -0.9420
vn -0.2763 0.8043 0.5261
vn 0.1865 0.5236 -0.8313
vn 0.2071 0.3506 -0.9133
vn 0.1799 0.4527 -0.8733
vn -0.3756 0.9263 0.0310
vn -0.1469 0.9889 -0.0207
vn -0.4658 0.8545 0.2298
vn 0.2251 -0.0718 -0.9717
vn 0.2049 -0.3051 -0.9300
vn 0.2470 -0.2091 -0.9462
vn -0.2629 0.9066 0.3302
vn -0.4617 0.7686 0.4428
vn 0.1350 0.2987 -0.9447
vn 0.1870 0.1965 -0.9625
vn -0.0715 0.9878 0.1384
vn -0.2572 0.9308 0.2597
vn -0.0929 0.9879 0.1243
vn 0.0810 0.8265 -0.5571
vn 0.0640 0.7659 -0.6397
vn 0.1090 0.7444 -0.6588
vn 0.2630 0.1211 -0.9572
vn 0.2326 0.0239 -0.9723
vn 0.2101 0.0638 -0.9756
vn 0.2907 0.3426 -0.8934
vn 0.3311 0.2851 -0.8995
vn 0.3245 0.3080 -0.8943
vn 0.2173 0.1498 -0.9645
vn 0.2701 0.1782 -0.9462
vn 0.2363 0.2367 -0.9424
vn 0.2726 0.2593 -0.9265
vn 0.2761 0.3281 -0.9034
vn 0.2105 0.2143 -0.9538
vn 0.3512 0.2705 -0.8964
vn -0.3616 0.8243 0.4357
vn 0.5015 0.1566 -0.8508
vn 0.4363 0.1704 -0.8835
vn 0.3858 0.2032 -0.8999
vn -0.0302 0.9947 -0.0980
vn 0.0222 0.9858 -0.1667
vn -0.0285 0.9992 -0.0266
vn 0.2459 0.2631 -0.9329
vn 0.2767 0.1775 -0.9444
vn 0.1359 0.8690 -0.4758
vn 0.1643 0.8969 -0.4106
vn 0.1733 0.4180 -0.8918
vn 0.2153 0.2762 -0.9367
vn 0.3432 0.4316 -0.8342
vn 0.3390 0.5114 -0.7897
vn 0.3199 0.3091 -0.8956
vn 0.2842 0.1718 -0.9432
vn 0.6066 0.1280 -0.7846
vn 0.6129 0.1929 -0.7662
vn 0.6172 0.1361 -0.7749
vn 0.2187 -0.0238 -0.9755
vn -0.0082 0.9431 -0.3325
vn 0.0666 0.8605 -0.5051
vn 0.0403 0.8878 -0.4585
vn 0.1795 0.8763 -0.4471
vn 0.2024 0.8471 -0.4914
vn 0.1941 0.7064 -0.6806
vn 0.1614 0.7884 -0.5935
vn 0.1469 0.7485 -0.6467
vn 0.0704 0.8193 -0.5690
vn 0.3818 0.0759 -0.9211
vn 0.3536 -0.0843 -0.9316
vn 0.3236 0.1852 -0.9279
vn 0.2834 0.1044 -0.9533
vn 0.3946 0.8218 -0.4111
vn 0.6297 0.1940 -0.7522
vn 0.5582 0.3013 -0.7731
vn 0.4566 0.7486 -0.4808
vn 0.3732 0.7734 -0.5124
vn 0.4731 0.5718 -0.6702
vn 0.5009 0.3958 -0.7697
vn 0.5470 0.2032 -0.8121
vn 0.4545 0.2531 -0.8540
vn 0.4054 0.4091 -0.8175
vn 0.3878 0.5866 -0.7110
vn 0.2724 0.7779 -0.5663
vn 0.3671 0.4281 -0.8258
vn 0.3897 0.3097 -0.8673
vn 0.1798 -0.4206 -0.8892
vn 0.1513 -0.3037 -0.9407
vn 0.1857 -0.2428 -0.9521
vn 0.1982 -0.1362 -0.9707
vn 0.1455 -0.2238 -0.9637
vn 0.1349 -0.1248 -0.9830
vn 0.1956 0.3344 -0.9219
vn 0.1911 0.3791 -0.9054
vn 0.1993 0.3154 -0.9278
vn 0.1386 0.2996 -0.9439
vn 0.1666 0.4009 -0.9008
vn 0.3441 0.5850 -0.7344
vn 0.3540 0.2085 -0.9117
vn 0.2587 0.4716 -0.8430
vn 0.2415 0.3832 -0.8916
vn 0.2420 0.4462 -0.8616
vn 0.3611 0.3443 -0.8666
vn 0.3543 0.2490 -0.9014
vn 0.1431 0.1393 -0.9798
vn 0.1349 0.1985 -0.9708
vn 0.1376 0.0986 -0.9856
vn 0.2893 0.5807 -0.7610
vn 0.3695 0.2655 -0.8905
vn 0.1851 0.7798 -0.5980
vn 0.2421 0.8189 -0.5203
vn 0.1859 0.7814 -0.5957
vn 0.2210 0.7668 -0.6026
vn 0.2124 0.8727 -0.4396
vn 0.2287 0.8999 -0.3713
vn 0.2137 0.8940 -0.3939
vn 0.3500 0.5170 -0.7812
vn 0.3054 0.7353 -0.6050
vn 0.2035 0.7815 -0.5898
vn 0.1772 0.8464 -0.5022
vn 0.2425 0.8591 -0.4507
vn 0.3780 0.3576 -0.8539
vn 0.3435 0.2252 -0.9118
vn 0.4121 0.2211 -0.8839
vn 0.3169 -0.0003 -0.9485
vn 0.3317 -0.1018 -0.9379
vn 0.2883 0.8204 -0.4938
vn 0.3534 0.6786 -0.6439
vn 0.4292 0.2760 -0.8600
vn 0.2861 0.8352 -0.4697
vn 0.1590 0.7956 -0.5846
vn 0.4366 0.4090 -0.8013
vn 0.4044 0.6051 -0.6857
vn 0.3440 0.6064 -0.7169
vn 0.1892 0.8296 -0.5253
vn 0.0266 0.9859 -0.1651
vn 0.3528 0.5248 -0.7747
vn 0.3977 0.4356 -0.8075
vn 0.5108 0.0492 -0.8583
vn 0.4902 0.1195 -0.8634
vn 0.2404 0.8551 -0.4594
vn 0.3022 0.8010 -0.5168
vn 0.2614 0.6174 -0.7419
vn 0.0358 0.9974 -0.0622
vn 0.4203 0.1270 -0.8985
vn 0.4590 0.2503 -0.8525
vn 0.4728 0.2450 -0.8464
vn 0.4719 0.2532 -0.8445
vn 0.4952 0.2889 -0.8193
vn 0.4428 0.3038 -0.8436
vn 0.2394 0.7625 -0.6011
vn -0.0436 0.9974 -0.0580
vn 0.3782 0.4157 -0.8271
vn 0.3718 0.1731 -0.9120
vn 0.1951 0.9711 0.1376
vn 0.2527 0.9628 0.0958
vn 0.1522 0.9880 0.0256
vn 0.3506 0.9355 -0.0445
vn 0.2819 0.9546 -0.0959
vn 0.3551 0.8895 -0.2876
vn 0.3013 0.7016 -0.6457
vn 0.3253 0.9445 0.0466
vn 0.1694 0.9817 -0.0868
vn -0.0115 0.9992 -0.0374
vn 0.1255 -0.0400 -0.9913
vn 0.1484 -0.0330 -0.9884
vn 0.0439 0.9968 -0.0663
vn 0.1041 0.9879 -0.1148
vn 0.1964 -0.1117 -0.9741
vn 0.2043 -0.0538 -0.9774
vn 0.1606 0.1689 -0.9725
vn 0.1779 0.2482 -0.9522
vn 0.3286 0.9379 -0.1110
vn 0.0200 0.9984 -0.0531
vn 0.2683 0.9630 -0.0250
vn 0.2234 0.9730 0.0578
vn -0.0231 0.9949 -0.0979
vn 0.2192 0.9675 -0.1258
vn 0.4579 0.2598 -0.8502
vn 0.3925 0.2911 -0.8724
vn 0.1984 0.8274 -0.5254
vn 0.2469 0.7821 -0.5721
vn 0.2530 0.6427 -0.7231
vn 0.3253 0.2423 -0.9141
vn 0.2324 0.8126 -0.5344
vn 0.2615 0.7943 -0.5484
vn 0.2078 0.8165 -0.5387
vn 0.1933 -0.2135 -0.9576
vn 0.1418 0.9812 -0.1310
vn 0.3208 0.5437 -0.7756
vn 0.2868 0.7842 -0.5502
vn 0.2598 0.7929 -0.5511
vn 0.5132 0.2421 -0.8234
vn 0.2960 0.7026 -0.6471
vn 0.3251 -0.0459 -0.9445
vn 0.1733 0.1461 -0.9740
vn 0.1323 0.2090 -0.9689
vn 0.3896 0.2318 -0.8913
vn 0.2245 0.9741 -0.0250
vn 0.3885 0.8115 -0.4365
vn 0.3167 0.8897 -0.3288
vn 0.2650 0.8224 -0.5034
vn 0.2163 0.8432 -0.4922
vn 0.1579 0.8584 -0.4881
vn 0.3309 0.3263 -0.8854
vn 0.3552 0.9309 -0.0856
vn 0.0411 0.9985 -0.0355
vn -0.0004 1.0000 -0.0067
vn 0.3711 0.9151 -0.1577
vn 0.3647 0.2413 -0.8993
vn 0.3067 0.2349 -0.9224
vn 0.3012 0.2575 -0.9181
vn 0.3015 0.2507 -0.9199
vn 0.3902 0.7573 -0.5237
vn 0.3226 0.9011 -0.2897
vn 0.2884 0.8752 -0.3884
vn 0.1356 0.8825 -0.4504
vn 0.0551 0.9125 -0.4054
vn 0.1432 0.9098 -0.3896
vn 0.3224 0.6695 -0.6692
vn 0.3046 0.4660 -0.8307
vn 0.0511 0.9963 -0.0697
vn 0.3360 0.2337 -0.9124
vn 0.3714 0.7915 -0.4854
vn 0.1001 0.8743 -0.4749
vn 0.2972 0.1312 -0.9458
vn 0.3031 0.2436 -0.9213
vn 0.1048 0.3845 -0.9172
vn 0.0762 0.9796 -0.1860
vn 0.0438 0.9990 -0.0082
vn 0.2851 0.6171 -0.7334
vn 0.1038 0.9339 -0.3421
vn -0.0113 0.9633 -0.2683
vn 0.1407 0.9674 -0.2107
vn 0.3010 0.5528 -0.7770
vn 0.2784 0.6651 -0.6930
vn 0.2985 0.5209 -0.7997
vn 0.0994 0.9709 -0.2179
vn 0.2466 0.1405 -0.9589
vn 0.2339 -0.4042 -0.8842
vn 0.2133 0.8177 -0.5347
vn 0.2672 -0.0650 -0.9614
vn 0.2716 0.0807 -0.9590
vn 0.2805 0.2291 -0.9321
vn 0.3751 0.7548 -0.5381
vn 0.2056 0.8400 -0.5022
vn 0.1202 0.8548 -0.5049
vn 0.2973 0.2517 -0.9210
vn 0.3165 0.3089 -0.8969
vn 0.0838 0.8871 -0.4538
vn 0.3915 0.7525 -0.5296
vn 0.3516 0.7758 -0.5239
vn 0.2974 0.7888 -0.5380
vn 0.2856 0.7296 -0.6214
vn 0.1863 0.7758 -0.6029
vn 0.3159 0.2058 -0.9262
vn 0.2602 0.4500 -0.8543
vn 0.2447 0.5695 -0.7848
vn 0.2460 0.4885 -0.8372
vn 0.1613 0.0800 -0.9837
vn 0.1454 0.1076 -0.9835
vn 0.3055 0.3479 -0.8864
vn -0.0877 0.9899 -0.1112
vn 0.0665 0.9389 -0.3377
vn 0.2605 0.8661 -0.4266
vn 0.1608 0.9690 -0.1877
vn 0.1536 0.8722 -0.4645
vn 0.2214 0.8255 -0.5191
vn 0.2303 0.8826 -0.4098
vn 0.2728 0.8731 -0.4042
vn 0.1468 0.8545 -0.4983
vn 0.2078 0.9124 -0.3526
vn 0.1648 0.8370 -0.5218
vn 0.3214 0.8233 -0.4678
vn 0.1263 0.9453 -0.3008
vn 0.1548 0.9462 -0.2842
vn 0.2074 0.9359 -0.2847
vn 0.3065 0.8973 -0.3175
vn 0.3160 0.9143 -0.2533
vn 0.3585 0.7929 -0.4927
vn 0.2626 0.7798 -0.5683
vn 0.2952 0.8353 -0.4639
vn 0.2753 0.7941 -0.5418
vn 0.2989 0.8567 -0.4204
vn 0.2424 0.7866 -0.5679
vn 0.1795 0.7531 -0.6330
vn 0.2781 0.2327 -0.9319
vn 0.2881 0.2689 -0.9191
vn 0.1227 -0.2137 -0.9692
vn 0.1287 -0.1377 -0.9821
vn 0.2251 -0.0187 -0.9741
vn 0.1880 -0.1110 -0.9759
vn 0.1894 0.0772 -0.9789
vn 0.2682 0.7951 -0.5439
vn 0.3230 0.8007 -0.5045
vn 0.2152 0.8278 -0.5181
vn 0.3065 -0.0311 -0.9514
vn 0.2584 -0.0096 -0.9660
vn 0.3063 0.1181 -0.9446
vn 0.3400 0.2013 -0.9186
vn 0.2774 0.2379 -0.9308
vn 0.3314 0.1666 -0.9287
vn 0.3141 0.0844 -0.9456
vn 0.2834 0.2939 -0.9128
vn 0.3386 0.2222 -0.9143
vn 0.1128 0.9724 -0.2045
vn 0.1738 0.9677 -0.1824
vn -0.0429 0.9987 -0.0260
vn -0.0829 0.9966 -0.0014
vn -0.0056 0.9960 -0.0896
vn 0.1380 0.9904 -0.0070
vn -0.0571 0.9977 0.0356
vn 0.0522 0.9959 0.0740
vn 0.2144 0.9736 0.0785
vn 0.1693 0.9856 -0.0007
vn 0.1373 0.9835 -0.1175
vn 0.1859 0.9770 -0.1043
vn 0.3032 0.9529 0.0006
vn 0.2803 0.9597 -0.0200
vn 0.1880 0.9808 0.0517
vn 0.1226 0.9880 -0.0938
vn 0.2094 0.9735 -0.0920
vn -0.0485 0.9936 -0.1016
vn 0.3063 0.9480 -0.0866
vn 0.0636 0.9491 -0.3085
vn 0.1846 0.9423 -0.2792
vn 0.0633 0.9738 -0.2184
vn 0.1152 0.9826 -0.1459
vn 0.1670 -0.1089 -0.9799
vn 0.1536 0.0191 -0.9880
vn 0.2399 0.1956 -0.9509
vn 0.2395 0.1968 -0.9508
vn 0.2514 0.1840 -0.9502
vn 0.2102 0.1894 -0.9591
vn 0.2528 0.2109 -0.9443
vn -0.1758 0.9844 0.0080
vn -0.0679 0.9833 -0.1688
vn -0.1634 0.9743 -0.1547
vn 0.2243 0.9461 -0.2337
vn -0.0573 0.9395 -0.3378
vn 0.2341 0.2202 -0.9469
vn -0.1305 0.9907 0.0386
vn -0.0537 0.9951 0.0833
vn 0.1058 0.3106 -0.9446
vn 0.3395 0.9274 -0.1569
vn 0.2063 0.0847 -0.9748
vn 0.0495 0.9836 -0.1733
vn -0.0265 0.9985 -0.0481
vn 0.1052 0.9929 -0.0556
vn -0.1334 0.9904 -0.0368
vn -0.1549 0.9875 0.0292
vn -0.1404 0.9873 -0.0747
vn 0.2057 0.6683 -0.7149
vn 0.2219 0.5904 -0.7760
vn -0.0143 0.8949 -0.4460
vn -0.0050 0.9475 -0.3198
vn -0.0988 0.9842 -0.1467
vn 0.2430 0.1918 -0.9509
vn 0.0734 0.9842 -0.1611
vn 0.3446 0.1949 -0.9183
vn 0.3190 0.2239 -0.9209
vn 0.3564 0.9343 -0.0114
vn 0.1598 0.0892 -0.9831
vn 0.2042 0.0489 -0.9777
vn 0.1740 0.4541 -0.8738
vn 0.2023 -0.1859 -0.9615
vn 0.1296 0.0337 -0.9910
vn 0.1469 0.7337 -0.6634
vn 0.2140 0.5061 -0.8355
vn 0.1588 0.7947 -0.5859
vn 0.1564 0.2667 -0.9510
vn 0.1861 0.7472 -0.6380
vn 0.1950 0.6558 -0.7293
vn 0.2398 0.6892 -0.6838
vn 0.3813 0.8942 -0.2346
vn 0.2147 0.6709 -0.7098
vn 0.1053 0.7655 -0.6348
vn 0.2319 0.7008 -0.6746
vn 0.1541 0.6365 -0.7557
vn 0.2604 0.3984 -0.8795
vn 0.2635 0.3208 -0.9097
vn 0.2699 0.3519 -0.8963
vn 0.2691 0.2011 -0.9419
vn 0.2217 0.8664 -0.4473
vn 0.2053 0.6494 -0.7322
vn 0.1423 -0.2642 -0.9539
vn 0.2646 0.1792 -0.9475
vn 0.2601 0.3487 -0.9004
vn 0.2758 0.3160 -0.9078
vn 0.2685 0.2238 -0.9369
vn 0.3028 0.2139 -0.9288
vn 0.0553 0.9139 -0.4021
vn 0.0010 0.9582 -0.2862
vn 0.2160 0.8468 -0.4861
vn 0.1232 0.8979 -0.4225
vn 0.1485 0.2844 -0.9471
vn 0.1463 0.8644 -0.4810
vn 0.1364 0.8428 -0.5207
vn 0.1813 0.8452 -0.5027
vn 0.1321 0.8368 -0.5313
vn 0.1145 -0.3365 -0.9347
vn 0.2465 0.2279 -0.9420
vn 0.2074 0.0446 -0.9772
vn 0.2079 0.1153 -0.9713
vn 0.1147 0.8977 -0.4254
vn 0.1301 0.8665 -0.4818
vn 0.2622 -0.0709 -0.9624
vn 0.1427 0.9153 -0.3766
vn 0.2145 0.2410 -0.9465
vn 0.1286 0.9400 -0.3159
vn 0.3072 0.3221 -0.8955
vn 0.3252 0.3102 -0.8933
vn 0.2625 -0.5363 -0.8022
vn 0.2910 -0.4583 -0.8398
vn 0.2565 -0.4484 -0.8562
vn 0.2665 -0.5347 -0.8019
vn 0.4628 -0.3028 -0.8331
vn 0.4462 -0.3645 -0.8174
vn 0.4555 -0.2591 -0.8517
vn 0.2905 -0.4588 -0.8397
vn 0.2056 -0.5949 -0.7770
vn 0.3023 -0.4757 -0.8260
vn 0.2046 -0.5347 -0.8199
vn 0.2424 -0.4523 -0.8583
vn 0.1711 -0.5436 -0.8217
vn 0.1767 -0.4088 -0.8954
vn 0.1717 -0.4808 -0.8599
vn 0.3182 -0.2249 -0.9209
vn 0.2903 -0.2544 -0.9225
vn 0.1540 -0.4383 -0.8856
vn 0.3055 0.2263 -0.9249
vn 0.4784 -0.1073 -0.8716
vn 0.4739 -0.0231 -0.8803
vn 0.4663 -0.1510 -0.8716
vn 0.3994 -0.0663 -0.9144
vn 0.2510 -0.6061 -0.7547
vn 0.1534 -0.4245 -0.8923
vn 0.3251 -0.4575 -0.8277
vn 0.2911 -0.5323 -0.7949
vn 0.2946 -0.4161 -0.8603
vn 0.3576 -0.3416 -0.8691
vn 0.3127 -0.4286 -0.8477
vn 0.2707 -0.4298 -0.8614
vn 0.1468 -0.6312 -0.7616
vn 0.2180 -0.5882 -0.7788
vn 0.4489 -0.3006 -0.8415
vn 0.2728 -0.5753 -0.7711
vn 0.2809 -0.5181 -0.8079
vn 0.2034 0.6719 -0.7122
vn 0.2785 0.2461 -0.9284
vn 0.2076 0.5865 -0.7829
vn 0.2531 0.3538 -0.9004
vn 0.2428 0.3938 -0.8866
vn 0.2923 0.5563 -0.7779
vn 0.2637 0.6655 -0.6983
vn 0.2416 -0.3552 -0.9030
vn 0.1670 -0.4916 -0.8546
vn 0.2126 -0.3457 -0.9140
vn 0.3050 0.2828 -0.9094
vn 0.2126 0.6738 -0.7077
vn 0.2206 0.6485 -0.7286
vn 0.2448 0.7458 -0.6196
vn 0.2471 0.7684 -0.5903
vn 0.1814 0.8315 -0.5251
vn 0.2014 0.8270 -0.5249
vn 0.2482 0.2092 -0.9459
vn 0.2679 0.5434 -0.7956
vn 0.4906 -0.6151 -0.6172
vn 0.5561 -0.3260 -0.7645
vn 0.6008 -0.4232 -0.6782
vn 0.4794 -0.6033 -0.6373
vn 0.5034 -0.3103 -0.8064
vn 0.6869 0.2147 -0.6943
vn 0.5290 0.0430 -0.8475
vn 0.5006 0.0191 -0.8654
vn 0.4691 0.1941 -0.8616
vn 0.4935 -0.7152 -0.4949
vn 0.7202 -0.1265 -0.6822
vn 0.4979 0.2941 -0.8158
vn 0.4976 0.2997 -0.8140
vn 0.5783 0.2013 -0.7906
vn 0.5046 0.1450 -0.8511
vn 0.4806 -0.5240 -0.7032
vn 0.5663 -0.1608 -0.8084
vn 0.5386 -0.1917 -0.8205
vn 0.4622 0.2954 -0.8361
vn 0.4887 0.3585 -0.7954
vn 0.0991 -0.8131 -0.5737
vn 0.1767 -0.8009 -0.5721
vn 0.4315 -0.2639 -0.8627
vn 0.1443 -0.7108 -0.6884
vn 0.4403 -0.1808 -0.8794
vn 0.1975 -0.5183 -0.8321
vn 0.2916 -0.3852 -0.8755
vn 0.6533 -0.1635 -0.7393
vn 0.6558 0.0577 -0.7528
vn 0.7107 0.0248 -0.7030
vn 0.5993 0.1306 -0.7898
vn 0.6014 -0.0586 -0.7968
vn 0.6449 -0.2825 -0.7102
vn 0.6197 -0.5345 -0.5746
vn 0.5068 0.4329 -0.7455
vn 0.5972 0.3598 -0.7169
vn 0.1921 0.1863 -0.9635
vn 0.2922 -0.2835 -0.9134
vn 0.2526 -0.2606 -0.9318
vn 0.3935 -0.8657 -0.3094
vn 0.3973 0.2414 -0.8854
vn 0.1183 -0.7756 -0.6200
vn 0.2164 -0.6004 -0.7698
vn 0.5053 -0.0640 -0.8606
vn 0.4520 -0.0643 -0.8897
vn 0.4939 0.0295 -0.8690
vn 0.4885 0.1160 -0.8648
vn 0.4627 0.1227 -0.8780
vn 0.1304 -0.4438 -0.8866
vn 0.1021 -0.5499 -0.8290
vn 0.4565 -0.1209 -0.8815
vn 0.3489 -0.3738 -0.8594
vn 0.2062 -0.0899 -0.9744
vn 0.1905 -0.8101 -0.5545
vn 0.6101 0.1361 -0.7806
vn 0.5756 0.1331 -0.8069
vn 0.4367 0.4213 -0.7949
vn 0.3687 -0.8370 -0.4043
vn 0.2736 0.2362 -0.9324
vn 0.4725 -0.0942 -0.8763
vn 0.5137 -0.1562 -0.8436
vn 0.5072 0.2335 -0.8296
vn 0.4662 -0.5952 -0.6545
vn 0.2837 0.3953 -0.8736
vn 0.2860 0.4542 -0.8437
vn 0.2885 0.2466 -0.9252
vn 0.2244 -0.7503 -0.6219
vn 0.1776 -0.3123 -0.9332
vn 0.4374 -0.0738 -0.8962
vn 0.1956 -0.8178 -0.5412
vn 0.2817 -0.2294 -0.9317
vn 0.1880 -0.7620 -0.6197
vn 0.2810 -0.5297 -0.8003
vn 0.3049 0.2434 -0.9207
vn 0.2752 0.7038 -0.6549
vn 0.2479 0.7861 -0.5662
vn 0.2832 0.6267 -0.7260
vn 0.4295 -0.8306 -0.3544
vn 0.2567 -0.9635 -0.0754
vn 0.0806 -0.9918 -0.0995
vn 0.1650 0.4565 -0.8743
vn 0.3073 0.4395 -0.8441
vn 0.2969 0.4311 -0.8521
vn 0.5341 0.1475 -0.8324
vn 0.2895 0.2964 -0.9101
vn 0.5445 0.2534 -0.7996
vn 0.5620 0.2124 -0.7994
vn 0.3140 0.1232 -0.9414
vn 0.0877 0.6504 -0.7545
vn 0.1314 0.6247 -0.7697
vn 0.1294 0.5359 -0.8343
vn 0.2525 0.4990 -0.8290
vn 0.2598 0.3523 -0.8991
vn 0.2557 0.3219 -0.9116
vn 0.2219 0.3293 -0.9178
vn 0.2856 0.3706 -0.8838
vn 0.2670 0.2715 -0.9246
vn 0.2670 0.1815 -0.9464
vn 0.2746 0.3435 -0.8981
vn 0.4640 0.1119 -0.8787
vn 0.4647 0.0062 -0.8854
vn 0.4732 0.0290 -0.8805
vn 0.4850 0.1068 -0.8680
vn 0.4644 -0.0030 -0.8856
vn 0.4737 0.2327 -0.8494
vn -0.0167 -0.8396 -0.5430
vn 0.1801 0.4984 -0.8480
vn 0.4411 0.2802 -0.8526
vn 0.4528 0.2430 -0.8579
vn 0.1234 -0.3747 -0.9189
vn 0.2152 0.3377 -0.9163
vn 0.2538 0.2330 -0.9388
vn 0.2613 0.2111 -0.9419
vn 0.2292 0.2588 -0.9384
vn 0.1302 -0.8794 -0.4580
vn 0.2133 0.2356 -0.9482
vn 0.2299 -0.6966 -0.6797
vn 0.3370 -0.3358 -0.8796
vn 0.3665 -0.2381 -0.8994
vn 0.4517 -0.2004 -0.8694
vn 0.2334 0.1966 -0.9523
vn 0.3495 -0.4073 -0.8438
vn 0.3914 -0.4774 -0.7867
vn 0.2000 0.2592 -0.9449
vn 0.4146 0.2286 -0.8808
vn 0.3519 -0.0896 -0.9317
vn 0.3681 -0.4056 -0.8367
vn 0.3959 -0.3085 -0.8649
vn 0.3696 -0.2395 -0.8978
vn 0.3263 -0.7343 -0.5953
vn 0.4169 -0.3732 -0.8288
vn 0.2141 0.2523 -0.9437
vn 0.0372 -0.6099 -0.7916
vn 0.2045 0.0819 -0.9754
vn 0.1925 0.1465 -0.9703
vn 0.4301 -0.5067 -0.7472
vn 0.4539 0.0049 -0.8910
vn 0.4966 0.2685 -0.8254
vn 0.3950 -0.8972 -0.1974
vn 0.0884 -0.9653 -0.2457
vn 0.3396 -0.8739 -0.3479
vn 0.0252 -0.9687 -0.2470
vn 0.0349 -0.9787 -0.2025
vn -0.1331 0.8664 -0.4812
vn -0.3023 0.8445 -0.4422
vn -0.1505 0.9396 -0.3074
vn 0.0903 0.9959 -0.0062
vn 0.0181 0.9952 0.0957
vn 0.0229 0.9991 -0.0357
vn -0.0072 0.9970 -0.0766
vn 0.0268 0.9781 -0.2063
vn 0.0698 0.9884 -0.1347
vn -0.0078 0.9625 -0.2713
vn -0.0378 0.9876 -0.1523
vn 0.0129 0.9802 -0.1975
vn -0.0990 0.9851 -0.1407
vn -0.0292 0.9954 -0.0910
vn -0.0372 0.9976 0.0592
vn -0.1315 0.9835 -0.1241
vn -0.0498 0.9988 -0.0033
vn 0.0650 0.9679 0.2427
vn 0.0558 0.9901 0.1291
vn 0.0142 0.9859 0.1668
vn 0.0504 0.9860 0.1591
vn -0.0074 0.9991 0.0426
vn -0.0108 0.9990 0.0442
vn 0.1098 0.9939 0.0133
vn 0.0830 0.9884 -0.1274
vn 0.1118 0.8067 -0.5802
vn -0.0554 0.7443 -0.6655
vn 0.0132 0.7464 -0.6654
vn -0.1468 0.9866 -0.0712
vn -0.0699 0.9975 -0.0105
vn -0.1261 0.9892 -0.0740
vn 0.1290 0.9576 0.2574
vn 0.0670 0.9480 0.3110
vn 0.0446 0.9640 0.2623
vn -0.1325 0.8921 -0.4319
vn -0.0274 0.9167 -0.3985
vn -0.0054 0.9112 -0.4119
vn -0.0318 0.9995 0.0047
vn -0.1848 0.9773 -0.1032
vn -0.1352 0.9756 -0.1732
vn -0.3761 0.7243 -0.5779
vn -0.2119 0.6695 -0.7120
vn -0.1886 0.8151 -0.5477
vn 0.0091 0.9783 0.2069
vn 0.0605 0.9730 0.2225
vn 0.0714 0.9854 0.1546
vn 0.0717 0.9891 0.1285
vn 0.0046 0.9922 0.1247
vn 0.0379 0.9944 0.0987
vn -0.2505 0.8867 -0.3886
vn -0.1433 0.8451 -0.5150
vn -0.3413 0.8365 -0.4287
vn -0.0730 0.8467 -0.5270
vn 0.0512 0.9435 0.3275
vn 0.0475 0.9627 0.2662
vn 0.0697 0.9571 0.2812
vn 0.0293 0.9987 -0.0414
vn 0.1143 0.9898 0.0852
vn -0.3451 0.8197 -0.4571
vn -0.3552 0.8566 -0.3742
vn -0.0408 0.9073 -0.4186
vn -0.0528 0.7324 -0.6789
vn 0.0469 0.9945 -0.0935
vn 0.0212 0.9882 -0.1520
vn 0.0884 0.9834 -0.1585
vn 0.0464 0.9716 0.2321
vn -0.0343 0.9773 0.2090
vn 0.0588 0.9634 0.2617
vn -0.0035 0.9933 -0.1151
vn -0.0798 0.9905 -0.1122
vn -0.0997 0.9467 -0.3064
vn -0.0203 0.9792 -0.2019
vn -0.0062 0.9379 -0.3468
vn 0.1439 0.9882 -0.0517
vn 0.1234 0.9800 -0.1562
vn 0.2007 0.9690 -0.1442
vn 0.1206 0.9859 -0.1164
vn -0.3050 0.9022 -0.3050
vn -0.3688 0.5827 -0.7242
vn -0.3840 0.3682 -0.8467
vn -0.2263 0.7208 -0.6552
vn 0.0412 0.8265 -0.5614
vn 0.1261 0.8357 -0.5345
vn -0.2575 0.9453 -0.2003
vn -0.2834 0.8855 -0.3683
vn -0.1598 0.9316 -0.3264
vn -0.0416 0.9985 0.0360
vn -0.0408 0.9972 -0.0628
vn -0.0279 0.9950 -0.0959
vn 0.0715 0.9651 -0.2517
vn -0.1448 0.9077 -0.3940
vn -0.1560 0.9021 -0.4024
vn -0.0753 0.8609 -0.5031
vn -0.0946 0.8742 -0.4763
vn -0.2372 0.8638 -0.4444
vn -0.2666 0.8036 -0.5320
vn -0.1486 0.8315 -0.5353
vn 0.0489 0.9478 0.3151
vn -0.3323 0.8677 -0.3697
vn -0.3047 0.8459 -0.4376
vn -0.2390 0.8886 -0.3915
vn -0.0308 0.9897 0.1398
vn -0.1425 0.9023 -0.4068
vn -0.0880 0.9437 -0.3190
vn -0.0585 0.9556 -0.2889
vn 0.1246 0.9857 -0.1137
vn -0.0848 0.8418 -0.5331
vn -0.0582 0.8529 -0.5187
vn -0.0718 0.8436 -0.5321
vn 0.0049 1.0000 0.0058
vn -0.0452 0.9062 -0.4203
vn -0.0500 0.9705 -0.2359
vn -0.1700 0.9689 -0.1798
vn -0.3897 0.8301 -0.3988
vn -0.3383 0.8406 -0.4229
vn 0.0944 0.9928 -0.0739
vn -0.2550 0.8850 -0.3896
vn -0.1273 0.9228 -0.3636
vn -0.2753 0.7817 -0.5596
vn -0.4061 0.7133 -0.5712
vn -0.3433 0.8148 -0.4672
vn 0.0630 0.9693 0.2377
vn 0.0688 0.9411 0.3311
vn -0.3398 0.7623 -0.5509
vn -0.3306 0.9022 -0.2769
vn -0.4132 0.7454 -0.5232
vn 0.0655 0.9084 -0.4130
vn -0.3669 0.8885 -0.2755
vn -0.4352 0.8595 -0.2681
vn -0.3876 0.8597 -0.3327
vn -0.0149 0.7621 -0.6473
vn -0.0000 0.8092 -0.5876
vn 0.0436 0.7942 -0.6061
vn 0.1294 0.9846 0.1173
vn -0.0624 0.9133 -0.4024
vn 0.0493 0.9753 0.2152
vn -0.0681 0.9759 -0.2075
vn -0.2556 0.8853 -0.3885
vn -0.2994 0.8327 -0.4659
vn -0.2328 0.8748 -0.4248
vn -0.2039 0.9377 -0.2812
vn -0.3262 0.8838 -0.3355
vn 0.0563 0.9934 -0.1002
vn -0.2521 0.9390 -0.2340
vn 0.0640 0.9649 -0.2549
vn -0.2293 0.7767 -0.5867
vn -0.0666 0.8885 -0.4540
vn -0.1262 0.8590 -0.4962
vn 0.0637 0.9710 -0.2304
vn -0.1153 0.9885 0.0982
vn -0.0827 0.9882 0.1293
vn -0.1799 0.9819 0.0594
vn -0.1105 0.7608 -0.6395
vn -0.1764 0.8084 -0.5615
vn -0.3461 0.7435 -0.5722
vn -0.4249 0.6743 -0.6040
vn -0.3304 0.8437 -0.4231
vn 0.0237 0.9902 -0.1375
vn -0.2317 0.7943 -0.5616
vn -0.0286 0.7295 -0.6834
vn -0.0396 0.7631 -0.6450
vn -0.0218 0.8159 -0.5778
vn -0.0247 0.9996 0.0158
vn 0.0003 0.9848 0.1736
vn 0.0307 0.9983 0.0495
vn 0.0176 0.9970 -0.0758
vn 0.1064 0.9921 0.0670
vn 0.0542 0.9956 -0.0764
vn 0.0262 0.9984 -0.0495
vn 0.1609 0.9675 0.1948
vn 0.0752 0.9584 0.2754
vn 0.1406 0.9775 0.1570
vn -0.0299 0.9949 -0.0966
vn 0.0275 0.9915 -0.1275
vn 0.0535 0.9567 0.2861
vn 0.0737 0.9329 0.3525
vn 0.0411 0.9917 0.1216
vn 0.0782 0.9921 0.0984
vn 0.1010 0.9345 0.3415
vn 0.1758 0.9233 0.3415
vn 0.0571 0.9905 0.1249
vn -0.0089 0.9886 0.1503
vn -0.0134 0.9678 0.2512
vn 0.0186 0.9570 0.2896
vn 0.0763 0.9508 0.3003
vn -0.0237 0.9997 0.0095
vn 0.1441 0.9846 0.0989
vn -0.0242 0.9238 0.3822
vn 0.0557 0.9190 0.3902
vn 0.0333 0.9033 0.4278
vn -0.0133 0.9476 0.3191
vn 0.1275 0.9054 0.4050
vn 0.1277 0.9160 0.3803
vn 0.1807 0.9734 0.1406
vn -0.0788 0.9380 0.3376
vn 0.0890 0.9850 0.1476
vn -0.0578 0.9412 0.3329
vn -0.0193 0.9961 0.0858
vn -0.0154 0.9973 0.0725
vn -0.0393 0.9911 0.1275
vn -0.0383 0.5845 -0.8105
vn 0.0682 0.8099 -0.5825
vn 0.1010 0.7585 -0.6438
vn -0.1006 0.7141 -0.6928
vn 0.0288 0.8536 -0.5202
vn 0.2031 0.8930 -0.4015
vn 0.1522 0.8646 -0.4789
vn 0.1375 0.8985 -0.4168
vn 0.1506 0.8870 -0.4366
vn -0.1125 0.8500 -0.5146
vn -0.2111 0.8105 -0.5464
vn -0.0411 0.9196 -0.3907
vn -0.0077 0.9142 -0.4052
vn -0.1854 0.9004 -0.3936
vn -0.2512 0.8784 -0.4067
vn -0.1654 0.8593 -0.4839
vn -0.2408 0.8011 -0.5480
vn -0.2173 0.8673 -0.4478
vn 0.0424 0.8616 -0.5058
vn 0.0027 0.8909 -0.4542
vn -0.1974 0.8766 -0.4389
vn -0.0813 0.8876 -0.4534
vn -0.1479 0.7872 -0.5988
vn -0.2156 0.8886 -0.4048
vn -0.1829 0.8761 -0.4461
vn 0.2655 0.8178 0.5106
vn 0.2819 0.8398 0.4639
vn 0.2676 0.8058 0.5283
vn 0.1027 0.7123 -0.6943
vn -0.0802 0.9489 -0.3051
vn 0.1428 0.9081 -0.3938
vn 0.0381 0.8936 0.4472
vn 0.0905 0.8644 0.4946
vn 0.1799 0.8849 0.4296
vn 0.1594 -0.0609 0.9853
vn 0.1401 0.1108 0.9839
vn 0.1481 0.0767 0.9860
vn 0.1991 0.8360 0.5113
vn 0.1720 0.8308 0.5293
vn 0.2003 0.8050 0.5585
vn 0.2013 0.8050 0.5581
vn -0.0531 0.9543 -0.2941
vn -0.0321 0.9318 -0.3615
vn 0.0358 0.9011 -0.4322
vn 0.1332 0.8695 0.4757
vn 0.1506 0.8983 0.4128
vn 0.1091 0.8811 0.4603
vn 0.3710 0.5002 0.7824
vn 0.4178 0.3673 0.8310
vn 0.3807 0.3361 0.8615
vn 0.2313 -0.1330 0.9637
vn 0.1803 -0.0173 0.9835
vn 0.0271 0.8156 -0.5780
vn -0.0012 0.9247 -0.3807
vn 0.2321 0.7702 0.5940
vn 0.2814 0.7924 0.5413
vn 0.3391 0.7044 0.6236
vn -0.0164 0.8945 -0.4468
vn -0.0571 0.6907 -0.7209
vn -0.0003 0.7774 -0.6290
vn -0.0043 0.8578 -0.5140
vn 0.0563 0.9945 -0.0887
vn 0.1311 0.9765 -0.1710
vn 0.1455 0.8619 -0.4857
vn 0.0367 0.7414 -0.6701
vn 0.1258 0.9904 0.0565
vn 0.1339 0.9568 0.2581
vn 0.0669 0.9426 0.3272
vn 0.1486 0.9664 -0.2095
vn 0.0817 0.9903 0.1127
vn 0.0736 0.7495 -0.6579
vn -0.1108 0.9362 0.3334
vn 0.1374 0.7695 0.6237
vn 0.0404 0.9696 -0.2413
vn 0.0490 0.9900 -0.1323
vn 0.0140 0.9850 -0.1723
vn 0.0662 0.9326 -0.3548
vn 0.0624 0.9812 -0.1828
vn 0.0137 0.9855 -0.1691
vn 0.1027 0.8905 -0.4432
vn -0.0680 0.9971 0.0347
vn -0.2268 0.9737 0.0228
vn -0.0885 0.9928 -0.0809
vn 0.0955 0.9949 0.0318
vn 0.0514 0.9979 0.0404
vn 0.0502 0.9986 0.0137
vn 0.0523 0.9981 -0.0324
vn -0.0106 0.9988 -0.0481
vn 0.0197 0.9998 0.0097
vn 0.0276 0.9988 0.0415
vn -0.0873 0.9925 -0.0860
vn 0.0439 0.9990 0.0066
vn 0.0291 0.9916 -0.1262
vn 0.0535 0.9980 -0.0329
vn -0.0413 0.9991 0.0007
vn 0.0623 0.9620 -0.2658
vn 0.0064 0.9306 -0.3660
vn -0.1203 0.6671 -0.7352
vn 0.3473 0.7652 0.5421
vn -0.4529 0.3263 -0.8297
vn -0.4065 0.2520 -0.8782
vn -0.4530 0.1741 -0.8743
vn -0.4370 0.7161 -0.5443
vn -0.4948 0.7143 -0.4949
vn -0.4302 0.7499 -0.5026
vn -0.2620 0.9286 -0.2627
vn -0.2909 0.9404 -0.1762
vn -0.1398 0.9897 -0.0312
vn -0.0919 0.2195 -0.9713
vn -0.0648 0.2743 -0.9595
vn -0.0652 0.2195 -0.9734
vn -0.4088 0.8915 -0.1950
vn -0.3536 0.8923 -0.2806
vn -0.3538 0.9247 -0.1406
vn -0.1318 0.9888 -0.0707
vn 0.0347 0.9984 0.0449
vn 0.0902 0.9901 -0.1073
vn 0.1381 0.3178 0.9381
vn 0.1205 0.3202 0.9397
vn 0.1170 0.2190 0.9687
vn 0.1405 0.5683 0.8108
vn 0.1341 0.3695 0.9195
vn 0.0275 0.7169 0.6966
vn -0.1465 0.9093 -0.3896
vn -0.4262 0.8567 -0.2907
vn -0.3615 0.9014 -0.2384
vn -0.3683 0.9151 -0.1641
vn 0.0512 0.8792 -0.4738
vn -0.0970 0.6299 -0.7706
vn -0.2132 0.5684 -0.7947
vn -0.4329 0.8136 -0.3881
vn -0.5262 0.7159 -0.4589
vn -0.4270 0.7551 -0.4975
vn 0.1201 0.5984 0.7922
vn 0.0329 0.7729 0.6337
vn 0.0798 0.5096 0.8567
vn 0.2077 0.8654 0.4559
vn 0.1338 0.8350 0.5337
vn 0.1829 0.8295 0.5278
vn 0.1946 0.7998 0.5679
vn -0.0223 0.9871 -0.1585
vn 0.2573 0.8348 0.4867
vn 0.2199 0.7616 0.6096
vn -0.0788 0.1031 -0.9915
vn -0.1397 0.2107 -0.9675
vn -0.3478 0.8587 -0.3764
vn -0.1729 0.9292 -0.3268
vn -0.1461 0.9147 -0.3768
vn -0.0813 0.3029 -0.9495
vn 0.0806 0.8524 0.5167
vn 0.1432 0.8527 0.5024
vn 0.0857 0.8885 0.4508
vn -0.2393 0.7226 -0.6485
vn -0.4321 0.1304 -0.8924
vn -0.4858 0.1155 -0.8664
vn -0.4437 0.1471 -0.8840
vn -0.1377 0.4094 -0.9019
vn -0.0330 0.4348 -0.8999
vn -0.0930 0.3304 -0.9393
vn -0.3253 0.3619 -0.8736
vn -0.2843 0.2497 -0.9257
vn -0.3180 0.2154 -0.9233
vn 0.2588 0.5568 0.7893
vn 0.1776 0.6952 0.6966
vn 0.2799 0.6237 0.7298
vn -0.2098 0.9737 -0.0894
vn 0.0635 0.9485 0.3104
vn 0.2130 0.9016 0.3765
vn 0.0616 0.9532 0.2960
vn 0.1069 0.8550 0.5075
vn 0.0206 0.3501 -0.9365
vn 0.0355 0.2450 -0.9689
vn -0.0632 0.3054 -0.9501
vn 0.2500 -0.0734 0.9655
vn 0.2791 -0.1128 0.9536
vn 0.0842 0.9465 0.3114
vn 0.0667 0.9092 0.4109
vn 0.1884 0.8780 0.4400
vn 0.3209 0.6842 0.6549
vn -0.0257 0.3424 -0.9392
vn 0.3847 0.6333 0.6715
vn 0.4580 0.5232 0.7187
vn 0.4253 0.5027 0.7526
vn 0.2662 0.7946 0.5456
vn -0.1263 0.9166 -0.3794
vn -0.0982 0.9027 -0.4190
vn 0.1330 -0.0445 0.9901
vn 0.1611 -0.0249 0.9866
vn 0.1091 -0.1051 0.9885
vn 0.1350 0.8700 0.4742
vn 0.0459 0.5824 -0.8116
vn -0.0214 0.4845 -0.8745
vn -0.0714 0.6280 -0.7749
vn 0.2894 -0.1219 0.9494
vn -0.4647 0.8248 -0.3221
vn 0.1257 0.5793 0.8054
vn 0.1104 0.5651 0.8176
vn 0.1082 0.4680 0.8771
vn 0.1962 0.1512 0.9689
vn 0.2320 0.3660 0.9012
vn -0.1120 0.9274 -0.3569
vn -0.2602 0.9236 -0.2814
vn -0.1831 0.9672 -0.1758
vn -0.0552 0.8567 -0.5128
vn -0.2455 0.9691 -0.0225
vn 0.4021 0.3449 0.8481
vn 0.3113 0.5080 0.8031
vn -0.3610 0.1248 -0.9242
vn -0.3684 0.8636 -0.3442
vn -0.1102 0.8987 -0.4244
vn -0.2135 0.6503 -0.7290
vn 0.1115 0.8577 0.5019
vn 0.1671 0.6121 0.7729
vn 0.1469 0.7343 0.6628
vn 0.4005 0.3868 0.8307
vn 0.3566 0.3997 0.8444
vn 0.3689 0.5548 0.7457
vn 0.1000 0.6994 -0.7077
vn 0.1161 0.9171 -0.3813
vn 0.0234 0.8240 -0.5661
vn -0.0947 0.3912 -0.9154
vn -0.1448 0.5549 -0.8192
vn -0.3300 0.8375 -0.4357
vn 0.1918 0.8830 -0.4284
vn 0.1189 0.9134 -0.3894
vn 0.1067 0.9475 -0.3013
vn -0.2737 0.9612 -0.0358
vn -0.1998 0.9797 0.0143
vn 0.0417 -0.1011 0.9940
vn 0.0877 -0.1103 0.9900
vn 0.0528 0.6906 -0.7213
vn 0.0913 0.6079 -0.7888
vn -0.2972 0.5395 -0.7878
vn -0.2928 0.3446 -0.8919
vn 0.2881 0.1296 0.9488
vn 0.2553 -0.0141 0.9668
vn 0.0332 0.9005 0.4336
vn 0.1525 0.7978 0.5834
vn 0.2177 0.8471 0.4848
vn 0.3191 0.6677 0.6726
vn 0.0679 0.1665 -0.9837
vn 0.0964 0.2688 -0.9584
vn 0.1167 0.9165 0.3826
vn 0.0588 0.8211 -0.5677
vn 0.0284 0.6235 -0.7813
vn 0.0385 0.6659 -0.7451
vn 0.3136 -0.0297 0.9491
vn 0.3102 0.1652 0.9362
vn 0.3166 0.0291 0.9481
vn -0.1573 0.9017 -0.4027
vn 0.0918 0.7587 -0.6449
vn 0.1141 -0.0057 0.9935
vn 0.1104 -0.0257 0.9936
vn 0.1298 0.2337 0.9636
vn 0.0377 0.6320 -0.7741
vn 0.0751 0.5017 -0.8618
vn 0.1003 0.5744 -0.8124
vn 0.1145 0.5128 -0.8509
vn 0.1163 0.4187 -0.9006
vn 0.1245 0.4215 -0.8982
vn -0.2980 0.1219 -0.9468
vn -0.0854 0.8571 -0.5080
vn 0.1833 0.2671 0.9461
vn 0.1716 0.0687 0.9828
vn -0.2521 0.9666 -0.0459
vn -0.2822 0.8671 -0.4105
vn -0.4069 0.8667 -0.2887
vn 0.0354 0.9416 -0.3348
vn -0.2404 0.3135 -0.9186
vn -0.2233 0.4013 -0.8883
vn -0.1502 0.4666 -0.8716
vn 0.0424 0.8806 0.4720
vn -0.2667 0.2810 -0.9219
vn -0.2391 0.3008 -0.9232
vn -0.2881 0.3061 -0.9074
vn 0.3088 0.6929 0.6516
vn 0.0305 0.5537 0.8322
vn -0.3822 0.2192 -0.8977
vn 0.0659 0.9094 0.4106
vn 0.2123 0.9000 0.3808
vn -0.2627 0.7727 -0.5778
vn 0.0086 0.7288 -0.6847
vn -0.0784 0.7095 -0.7003
vn 0.2772 0.5932 0.7558
vn 0.1466 0.8090 0.5693
vn -0.2847 0.9549 -0.0843
vn -0.3203 0.9307 -0.1767
vn -0.1391 0.4329 -0.8907
vn -0.0861 0.4087 -0.9086
vn 0.0977 0.8425 0.5297
vn 0.1149 0.8174 0.5645
vn 0.0375 0.8185 0.5733
vn 0.0645 0.8645 0.4985
vn 0.2041 -0.1026 0.9736
vn 0.2004 -0.1924 0.9606
vn -0.0248 0.5479 -0.8362
vn 0.2417 0.7713 0.5888
vn 0.1035 0.3508 -0.9307
vn 0.1029 0.3249 -0.9401
vn -0.4516 0.0849 -0.8882
vn -0.5166 0.3048 -0.8001
vn -0.1394 0.2736 -0.9517
vn -0.1805 0.3347 -0.9249
vn -0.0745 0.8920 -0.4459
vn -0.2119 0.4361 -0.8746
vn -0.1772 0.4814 -0.8584
vn 0.2734 -0.1067 0.9560
vn 0.0952 0.3200 0.9426
vn -0.0189 0.7802 0.6253
vn -0.2763 0.1700 -0.9459
vn -0.2861 0.2144 -0.9339
vn -0.3029 0.1526 -0.9407
vn -0.1834 0.1888 -0.9647
vn -0.1933 0.2823 -0.9396
vn -0.2638 0.6007 -0.7547
vn -0.1694 0.9836 -0.0618
vn -0.2078 0.9676 -0.1436
vn -0.1655 0.9748 -0.1497
vn -0.1922 0.9657 -0.1746
vn 0.0413 0.9943 -0.0981
vn 0.1219 0.9714 -0.2039
vn 0.1407 0.9856 -0.0942
vn -0.3705 0.3772 -0.8488
vn -0.4847 0.7916 -0.3719
vn -0.4003 0.8211 -0.4070
vn 0.0468 -0.2261 0.9730
vn 0.0307 -0.1479 0.9885
vn 0.2808 0.0116 0.9597
vn -0.0944 0.9940 -0.0545
vn -0.2956 0.0221 -0.9551
vn 0.4737 0.3287 0.8171
vn -0.0417 0.0961 0.9945
vn -0.0314 0.0835 0.9960
vn -0.0514 -0.0267 0.9983
vn 0.0728 0.2708 0.9599
vn 0.0975 0.5383 0.8371
vn 0.1355 0.3754 0.9169
vn 0.0571 -0.1927 0.9796
vn 0.1099 -0.2350 0.9658
vn 0.0319 0.9989 0.0339
vn -0.1250 0.9437 -0.3064
vn -0.2191 0.4891 -0.8442
vn -0.2788 0.1005 -0.9551
vn -0.2809 0.8297 -0.4823
vn -0.2022 0.9788 0.0321
vn -0.0076 0.4449 -0.8956
vn -0.1522 0.5959 -0.7885
vn -0.1169 0.4901 -0.8638
vn -0.3338 0.5866 -0.7379
vn -0.2843 0.7600 -0.5844
vn -0.1552 0.9817 -0.1107
vn -0.0836 0.9896 -0.1174
vn 0.1682 0.6049 0.7784
vn -0.0435 -0.0861 0.9953
vn -0.0454 -0.1340 0.9899
vn -0.0472 -0.1227 0.9913
vn 0.1820 -0.2074 0.9612
vn -0.1108 0.2243 -0.9682
vn 0.1526 0.7181 0.6790
vn 0.2261 0.5009 0.8354
vn 0.0742 0.4455 -0.8922
vn 0.1612 0.3331 -0.9290
vn 0.1413 0.3184 -0.9374
vn -0.1771 0.9094 -0.3764
vn -0.0408 0.8787 0.4756
vn -0.0334 0.8563 0.5154
vn 0.0098 0.8606 0.5092
vn -0.1611 0.8230 -0.5447
vn -0.1901 0.6774 -0.7106
vn 0.4889 0.0928 0.8674
vn 0.4453 0.1866 0.8757
vn -0.2324 0.8979 -0.3739
vn 0.2061 0.8780 0.4319
vn -0.4915 0.7315 -0.4726
vn 0.3715 0.7834 0.4983
vn 0.0492 -0.0573 0.9971
vn -0.3058 0.8248 -0.4756
vn 0.0294 0.9622 -0.2708
vn -0.0722 0.9639 -0.2565
vn -0.1227 0.9642 -0.2352
vn -0.0368 0.9637 -0.2644
vn -0.2831 0.1948 -0.9391
vn -0.0060 0.7843 -0.6203
vn -0.0415 0.7042 -0.7087
vn 0.1219 0.9222 -0.3670
vn -0.3107 0.1019 -0.9450
vn 0.1869 0.6934 0.6959
vn 0.3140 0.6201 0.7189
vn 0.3625 -0.1023 0.9264
vn 0.2987 0.4844 0.8223
vn 0.1527 0.8864 0.4370
vn 0.1469 0.3961 -0.9064
vn 0.2405 0.4256 0.8724
vn 0.3451 0.1914 0.9189
vn -0.1758 0.4201 -0.8903
vn 0.1461 0.3668 -0.9188
vn 0.4064 0.4112 0.8159
vn -0.0113 0.1746 -0.9846
vn -0.2291 0.2547 -0.9395
vn -0.1471 0.3629 -0.9201
vn 0.0455 0.9258 -0.3753
vn 0.1155 0.8798 0.4611
vn -0.2717 0.2553 -0.9279
vn -0.2519 0.2901 -0.9232
vn -0.2423 0.2416 -0.9396
vn -0.2552 0.2131 -0.9431
vn -0.1649 0.8478 -0.5041
vn -0.1303 0.5147 -0.8474
vn -0.1947 0.3685 -0.9090
vn -0.0254 0.7382 -0.6741
vn 0.0226 0.8562 -0.5161
vn 0.0853 0.6901 -0.7187
vn -0.1571 0.8443 -0.5123
vn -0.1484 0.8669 -0.4760
vn 0.0968 0.8244 -0.5576
vn 0.0703 0.7132 -0.6974
vn -0.1062 0.7257 -0.6798
vn -0.1231 0.6217 -0.7735
vn -0.0704 0.6090 -0.7900
vn -0.0242 0.7258 -0.6875
vn -0.0760 0.7407 -0.6675
vn 0.0441 0.6386 -0.7683
vn -0.0448 0.6441 -0.7637
vn -0.0598 0.8560 0.5135
vn 0.0927 0.3945 -0.9142
vn -0.0329 0.8962 -0.4425
vn -0.0938 0.8441 -0.5280
vn -0.0422 0.8651 -0.4998
vn 0.0201 0.7985 -0.6016
vn 0.0490 0.8910 -0.4513
vn 0.0725 0.7612 -0.6445
vn -0.0774 0.8122 -0.5782
vn 0.0636 0.8434 -0.5335
vn -0.0865 0.9118 -0.4015
vn -0.2606 0.4274 -0.8657
vn -0.1023 0.8787 -0.4663
vn 0.2144 0.9471 -0.2389
vn 0.1746 0.8944 0.4117
vn 0.0282 0.5081 -0.8609
vn -0.2474 0.0817 -0.9655
vn -0.1723 0.0161 -0.9849
vn -0.2148 0.5760 -0.7887
vn 0.1067 -0.0908 0.9901
vn 0.4269 0.2665 0.8641
vn 0.0902 0.9766 -0.1954
vn -0.0109 0.9848 -0.1733
vn -0.0872 0.9238 -0.3728
vn -0.1453 0.9883 0.0464
vn -0.0415 0.8360 -0.5472
vn -0.5086 0.7127 -0.4831
vn -0.4647 0.7917 -0.3965
vn -0.0682 0.9801 -0.1863
vn 0.0349 0.9068 0.4201
vn 0.0604 0.7400 0.6699
vn 0.1133 0.6173 0.7785
vn 0.0376 0.9986 -0.0363
vn -0.0919 0.9698 -0.2258
vn -0.4704 0.8440 -0.2578
vn -0.1319 0.9793 -0.1538
vn -0.1170 0.9895 -0.0850
vn -0.0686 0.9976 0.0087
vn -0.1415 0.9876 -0.0687
vn -0.0820 0.9918 0.0984
vn -0.2834 0.9585 -0.0300
vn -0.0669 0.9231 0.3786
vn -0.1489 0.9724 0.1795
vn -0.0453 0.9621 0.2689
vn -0.0564 0.9758 0.2112
vn 0.0345 0.9695 0.2428
vn -0.0120 0.9456 0.3252
vn 0.1121 0.9836 0.1414
vn -0.0059 0.9819 0.1894
vn 0.1258 0.9556 0.2665
vn 0.1627 0.9579 0.2367
vn 0.1461 0.9499 0.2763
vn 0.0979 0.9538 0.2841
vn -0.0165 0.9887 0.1489
vn -0.2474 0.9688 -0.0120
vn -0.2578 0.9608 0.1016
vn -0.1924 0.9556 0.2233
vn -0.0986 0.9750 0.1990
vn 0.0388 0.9603 0.2762
vn -0.3636 0.8970 -0.2513
vn -0.4172 0.8586 -0.2977
vn 0.0162 0.8299 0.5577
vn 0.0236 0.9265 0.3755
vn -0.0268 0.8721 0.4886
vn -0.0476 0.9869 0.1539
vn -0.1311 0.9788 0.1575
vn -0.0340 0.2362 0.9711
vn 0.0097 0.9799 0.1993
vn -0.0359 0.9924 0.1177
vn -0.2121 0.9566 -0.1997
vn -0.1898 0.9748 -0.1176
vn -0.2814 0.9471 -0.1547
vn -0.4441 0.8429 -0.3039
vn 0.0330 0.9790 0.2009
vn -0.0949 0.0046 0.9955
vn -0.0608 0.9950 0.0795
vn 0.0286 0.9782 0.2055
vn -0.1594 0.9870 -0.0220
vn -0.2341 0.9704 -0.0587
vn -0.0348 0.0716 0.9968
vn 0.0238 0.1743 0.9844
vn 0.0379 0.1299 0.9908
vn -0.2736 0.9251 -0.2633
vn -0.1445 0.6623 0.7351
vn -0.1548 0.8439 0.5137
vn -0.0070 0.8962 -0.4437
vn -0.4774 0.7942 -0.3758
vn 0.2153 0.1809 0.9596
vn 0.1186 0.1712 0.9781
vn 0.1597 0.2338 0.9591
vn -0.0909 0.9821 0.1653
vn -0.0446 0.9890 0.1410
vn 0.1497 0.0931 0.9843
vn 0.1934 0.0622 0.9791
vn 0.0837 0.9653 0.2475
vn 0.0504 0.7543 0.6546
vn 0.0942 0.5165 0.8511
vn 0.0464 0.6347 0.7714
vn 0.0040 0.9837 0.1799
vn -0.0176 0.9597 0.2804
vn -0.1864 0.9465 -0.2636
vn 0.0670 0.9482 0.3105
vn 0.0602 0.9344 0.3511
vn -0.0235 0.9693 0.2448
vn -0.1168 0.9928 0.0270
vn 0.0075 0.9798 0.1999
vn -0.0390 0.9610 0.2738
vn -0.3336 0.8762 -0.3478
vn -0.2528 0.9394 -0.2315
vn -0.4479 0.7989 -0.4015
vn -0.3924 0.8490 -0.3538
vn -0.0844 0.9868 0.1380
vn 0.0947 0.9229 0.3732
vn -0.0410 0.9696 0.2413
vn -0.1104 0.9905 0.0817
vn 0.0349 0.5561 -0.8304
vn 0.0325 0.9619 0.2714
vn -0.0802 0.9776 0.1947
vn -0.0474 0.9839 0.1723
vn -0.4056 0.8743 -0.2667
vn -0.0565 0.9786 0.1979
vn 0.0210 0.9593 0.2816
vn 0.1161 0.9157 0.3846
vn -0.0674 0.9843 0.1629
vn -0.1146 0.9652 0.2350
vn 0.0049 0.9694 0.2454
vn -0.0096 0.9937 0.1113
vn 0.1852 0.9362 0.2988
vn -0.3583 0.9300 -0.0816
vn -0.3920 0.8947 -0.2141
vn -0.1407 0.9659 0.2172
vn -0.1779 0.9590 0.2208
vn -0.1528 0.9377 0.3120
vn 0.1084 0.3770 -0.9198
vn -0.0760 0.9712 0.2260
vn -0.1408 0.9723 0.1865
vn -0.2053 0.9712 0.1208
vn -0.1418 0.9757 0.1669
vn -0.2409 0.9688 -0.0579
vn 0.0486 0.9931 0.1069
vn -0.1270 0.9857 0.1106
vn -0.1148 0.9879 0.1044
vn -0.1365 0.9601 0.2442
vn -0.2241 0.9657 0.1308
vn -0.1080 0.9710 0.2131
vn 0.2233 0.8875 0.4030
vn 0.1254 0.9440 0.3053
vn -0.3344 0.9093 -0.2478
vn 0.0167 0.9249 0.3798
vn -0.0686 0.9577 0.2794
vn 0.0043 0.9298 0.3680
vn -0.1145 0.9764 0.1833
vn -0.0850 0.9744 0.2080
vn -0.0207 0.9773 0.2110
vn -0.0441 0.9678 0.2478
vn -0.0853 0.9863 0.1409
vn -0.1014 0.9877 0.1189
vn 0.5040 0.5487 0.6670
vn 0.3413 0.5245 0.7800
vn 0.2920 0.5344 0.7932
vn 0.3461 0.6303 0.6949
vn 0.0681 0.9719 0.2253
vn 0.2582 0.8734 0.4129
vn 0.2710 0.8444 0.4621
vn 0.7955 0.5896 0.1400
vn 0.6588 0.5066 0.5561
vn 0.5657 0.6833 0.4616
vn 0.6239 0.7815 -0.0069
vn 0.3251 0.9454 -0.0216
vn 0.3584 0.9247 0.1285
vn -0.0557 0.9978 0.0370
vn -0.0580 0.9952 -0.0793
vn -0.1168 0.9787 -0.1690
vn 0.0010 0.7324 -0.6808
vn -0.2836 0.6455 -0.7092
vn -0.1412 0.9893 -0.0377
vn 0.2304 0.7253 -0.6487
vn 0.0597 0.6099 -0.7902
vn -0.1370 0.6123 -0.7787
vn -0.3201 0.6137 -0.7217
vn -0.2321 0.6755 -0.6999
vn -0.0384 0.6861 -0.7265
vn -0.1675 0.7709 -0.6145
vn -0.0418 0.8295 -0.5569
vn -0.1100 0.9735 -0.2003
vn -0.1016 0.9543 -0.2811
vn -0.2457 0.8350 -0.4923
vn -0.3911 0.6638 -0.6375
vn -0.5442 0.7467 -0.3825
vn -0.5031 0.6223 -0.5997
vn -0.4181 0.7887 -0.4507
vn -0.6660 0.6957 -0.2692
vn -0.2148 0.9344 -0.2840
vn -0.0310 0.9943 -0.1016
vn -0.5079 0.6891 -0.5169
vn -0.6074 0.7097 -0.3568
vn 0.0251 0.9989 0.0397
vn -0.0733 0.9907 -0.1146
vn -0.6058 0.7800 0.1570
vn -0.5950 0.8003 -0.0746
vn -0.5146 0.8170 -0.2601
vn 0.1138 0.9828 0.1458
vn 0.0290 0.9941 0.1043
vn -0.2399 0.9248 -0.2954
vn -0.3059 0.9221 -0.2370
vn -0.3527 0.9291 -0.1114
vn -0.1186 0.9928 0.0143
vn -0.1588 0.9798 -0.1218
vn -0.1115 0.8897 -0.4428
vn -0.0332 0.8927 0.4494
vn -0.0187 0.9355 0.3529
vn -0.1522 0.9585 0.2410
vn -0.0735 0.9783 0.1938
vn -0.2287 0.9730 0.0293
vn -0.0523 0.9915 0.1190
vn 0.0570 0.9354 0.3491
vn 0.0601 0.9582 -0.2798
vn -0.0837 0.9764 0.1991
vn -0.0262 0.9589 0.2825
vn 0.2544 0.2614 0.9311
vn 0.2137 0.3725 0.9031
vn -0.0129 0.9991 -0.0414
vn 0.1349 0.9641 0.2287
vn 0.2240 0.4769 0.8499
vn 0.0542 0.9856 0.1602
vn -0.1522 0.9846 0.0865
vn 0.2669 0.4066 0.8738
vn -0.1148 0.9921 0.0503
vn 0.0199 0.8264 0.5627
vn 0.1143 0.7172 0.6874
vn -0.1337 0.9596 0.2478
vn -0.0744 0.9408 0.3307
vn -0.1425 0.3676 -0.9190
vn -0.0080 0.9736 0.2279
vn -0.1340 0.9772 0.1646
vn -0.0680 0.9933 0.0938
vn -0.1356 0.9629 -0.2333
vn 0.1073 0.7248 0.6806
vn 0.1385 0.5619 0.8155
vn -0.2460 0.8388 -0.4858
vn -0.0459 0.9714 0.2331
vn -0.1457 0.9867 0.0720
vn 0.0238 0.9979 -0.0604
vn 0.1260 0.9623 0.2412
vn 0.1300 0.9126 0.3877
vn 0.1236 0.9099 0.3959
vn 0.1087 0.8986 0.4250
vn 0.0470 0.8636 0.5020
vn -0.0417 0.9121 0.4078
vn 0.0779 0.9003 0.4283
vn 0.1289 0.8791 0.4589
vn 0.0306 0.9147 0.4030
vn 0.0912 0.9298 0.3565
vn 0.0805 0.9167 0.3913
vn 0.0873 0.8469 0.5245
vn 0.1023 0.8994 0.4249
vn -0.0820 0.9478 0.3081
vn -0.0601 0.9028 0.4259
vn -0.0871 0.9489 0.3032
vn 0.1663 0.9371 0.3069
vn 0.0397 0.9295 0.3666
vn 0.1573 0.8955 0.4163
vn -0.1017 0.9540 0.2822
vn -0.1389 0.9190 0.3690
vn -0.0588 0.9172 0.3940
vn -0.0876 0.9469 0.3093
vn 0.0780 0.9409 0.3295
vn -0.0093 0.9682 0.2499
vn -0.0106 0.9333 0.3590
vn -0.0662 0.9480 0.3112
vn -0.0736 0.9457 0.3165
vn -0.0491 0.9437 0.3272
vn 0.1102 0.3988 0.9104
vn -0.0607 0.9501 0.3059
vn 0.0313 0.9760 0.2157
vn 0.0754 0.9831 0.1666
vn 0.0100 0.9693 0.2457
vn -0.0022 0.9295 0.3689
vn -0.0104 0.9130 0.4077
vn -0.0009 0.9600 0.2801
vn 0.0440 0.9873 0.1529
vn 0.0299 0.9895 0.1412
vn 0.0098 0.9357 0.3526
vn -0.0229 0.9440 0.3291
vn 0.0409 0.9812 0.1885
vn 0.0094 0.9171 0.3986
vn 0.0303 0.9614 0.2733
vn -0.0693 0.8979 -0.4348
vn 0.4453 0.1065 0.8890
vn 0.0483 0.9650 -0.2576
vn -0.1329 0.9905 -0.0340
vn -0.0102 0.9921 -0.1250
vn -0.0650 0.9706 -0.2317
vn 0.0111 0.9305 -0.3662
vn -0.0901 0.8813 -0.4639
vn 0.1446 0.5381 0.8304
vn 0.1883 0.5263 0.8292
vn 0.0775 0.8358 0.5435
vn 0.1096 0.7329 0.6715
vn 0.0843 0.8170 0.5705
vn -0.1135 0.0713 -0.9910
vn 0.1194 0.4901 -0.8635
vn 0.0672 0.9092 0.4109
vn 0.1034 0.8921 0.4399
vn 0.0742 0.9009 0.4277
vn 0.1025 0.8750 0.4732
vn 0.1607 0.8487 0.5039
vn 0.1341 0.8486 0.5118
vn -0.2472 0.9483 -0.1988
vn 0.1502 0.8904 0.4296
vn 0.1064 0.7784 0.6187
vn 0.0904 0.7792 0.6202
vn 0.0820 0.8488 0.5223
vn 0.0741 0.8288 0.5547
vn 0.1349 0.7086 0.6926
vn 0.1274 0.8461 0.5176
vn 0.1435 0.8631 0.4842
vn 0.0919 0.8865 0.4535
vn 0.0328 0.8541 0.5190
vn 0.1436 0.7993 0.5835
vn 0.0750 0.8242 0.5613
vn 0.0455 0.9454 0.3226
vn 0.2579 0.9207 0.2929
vn 0.1350 0.8487 0.5114
vn 0.0940 0.8128 0.5749
vn 0.0656 0.8694 0.4897
vn -0.1042 0.9334 0.3434
vn 0.3097 0.8292 0.4654
vn 0.2218 0.8490 0.4796
vn 0.2837 0.8800 0.3809
vn 0.3676 0.8504 0.3764
vn 0.2713 0.8534 0.4451
vn 0.1206 0.8801 0.4592
vn -0.0003 -0.1391 0.9903
vn 0.0475 -0.0986 0.9940
vn -0.0316 0.9033 0.4279
vn 0.1887 0.8223 0.5369
vn -0.0494 0.9037 0.4252
vn 0.3255 0.7801 0.5342
vn 0.1406 0.8759 0.4615
vn 0.1506 0.9043 0.3995
vn 0.1673 0.8465 0.5054
vn 0.4038 -0.0033 0.9148
vn 0.0810 0.8465 0.5262
vn -0.1257 0.3968 0.9093
vn -0.1377 0.5363 0.8327
vn -0.0956 0.5004 0.8605
vn 0.0471 0.8909 0.4518
vn 0.1188 0.8896 0.4410
vn 0.1500 0.8451 0.5131
vn 0.0520 0.8533 0.5188
vn 0.0768 0.7740 0.6285
vn 0.1217 0.1400 0.9826
vn 0.1047 -0.1706 0.9798
vn 0.0892 0.9414 0.3253
vn 0.0335 0.9002 0.4341
vn 0.1822 0.8468 0.4997
vn 0.0138 0.3288 0.9443
vn 0.0563 0.4318 0.9002
vn -0.0917 -0.0504 0.9945
vn -0.2941 0.9493 -0.1109
vn 0.2562 0.9090 0.3288
vn 0.1525 0.9344 0.3218
vn 0.1067 0.8154 0.5689
vn -0.0366 0.8882 0.4581
vn 0.0087 0.8710 0.4911
vn 0.3279 0.8682 0.3724
vn 0.0571 0.9271 0.3704
vn 0.0350 0.9453 0.3244
vn 0.0439 0.8902 0.4535
vn 0.1716 0.9065 0.3858
vn -0.0277 0.9167 0.3986
vn -0.0421 0.8919 0.4503
vn -0.0187 -0.1312 0.9912
vn -0.0355 -0.0950 0.9948
vn -0.0690 -0.0435 0.9967
vn 0.1244 0.9223 0.3659
vn -0.0825 0.9956 -0.0445
vn -0.2068 0.9246 -0.3198
vn -0.2252 0.9186 -0.3248
vn -0.2022 0.9718 -0.1215
vn 0.0455 0.8724 0.4866
vn -0.1299 0.8771 -0.4624
vn -0.0768 0.9378 -0.3387
vn 0.1535 0.9701 0.1882
vn -0.0991 0.9589 -0.2659
vn -0.1900 0.7141 -0.6737
vn -0.1250 0.8125 -0.5693
vn 0.0003 0.9441 -0.3296
vn -0.0097 0.9701 -0.2427
vn 0.0124 0.9346 -0.3556
vn -0.1641 0.7922 -0.5878
vn -0.0041 0.8341 -0.5517
vn -0.2172 0.8216 -0.5271
vn 0.0639 0.9516 0.3005
vn -0.1780 0.7009 -0.6907
vn -0.0047 0.9922 -0.1243
vn -0.2340 0.8546 -0.4636
vn 0.0133 0.8975 -0.4407
vn 0.0624 0.9404 0.3343
vn 0.1316 0.9691 0.2088
vn 0.1530 0.9263 0.3444
vn -0.0002 0.9913 -0.1317
vn -0.0293 0.9928 -0.1164
vn 0.0663 0.9761 0.2068
vn 0.1549 0.9405 0.3024
vn 0.0131 -0.0329 0.9994
vn 0.0476 0.0014 0.9989
vn 0.0569 0.8004 0.5967
vn -0.0051 0.8381 0.5456
vn -0.0161 0.6251 0.7804
vn -0.0956 0.7801 0.6183
vn 0.1099 0.9171 0.3831
vn -0.1987 0.8555 -0.4781
vn 0.2686 0.7910 0.5498
vn 0.0450 0.8636 0.5021
vn 0.0710 0.9022 0.4254
vn 0.0563 0.8698 0.4902
vn 0.0707 0.7694 0.6349
vn 0.0590 0.4507 0.8907
vn 0.0648 0.6793 0.7310
vn -0.0203 0.6661 0.7455
vn -0.1299 0.8351 0.5345
vn 0.0076 0.1996 0.9798
vn 0.2736 0.7522 0.5995
vn 0.2182 0.8779 0.4263
vn 0.2434 0.8680 0.4328
vn 0.1978 0.8572 0.4755
vn 0.2878 0.8205 0.4939
vn -0.0695 0.9464 0.3156
vn -0.0034 0.9205 0.3907
vn -0.0423 0.9237 0.3808
vn 0.0026 0.9583 0.2858
vn 0.0830 0.9373 0.3386
vn 0.0345 0.9446 0.3265
vn -0.1273 -0.2078 0.9699
vn -0.1140 -0.1605 0.9804
vn -0.0737 -0.1721 0.9823
vn 0.0883 0.8933 0.4408
vn -0.0445 0.9650 0.2586
vn 0.3061 0.8232 0.4781
vn 0.3476 0.8179 0.4585
vn 0.0353 0.9076 0.4184
vn 0.0665 0.9139 0.4004
vn 0.1627 0.9091 0.3836
vn 0.1639 0.9396 0.3003
vn 0.0950 0.9371 0.3358
vn 0.0924 0.9172 0.3877
vn 0.1642 0.9505 0.2638
vn 0.2006 0.8785 0.4335
vn 0.2278 0.8055 0.5471
vn 0.1961 0.8395 0.5068
vn -0.4331 0.8561 0.2821
vn -0.4927 0.8699 -0.0219
vn -0.3783 0.9115 0.1617
vn -0.2150 0.7567 0.6174
vn -0.1176 0.6310 0.7668
vn -0.5234 0.7398 0.4227
vn 0.2198 0.5597 0.7990
vn 0.4849 0.8618 0.1489
vn 0.1726 0.9750 0.1401
vn -0.0337 0.6668 0.7445
vn -0.3739 0.8163 0.4402
vn 0.0964 0.5743 0.8130
vn 0.6731 0.7077 -0.2150
vn -0.0262 0.9501 0.3107
vn -0.0544 0.9413 0.3332
vn -0.0999 0.9481 0.3017
vn -0.0665 0.9663 0.2487
vn -0.0167 0.9834 0.1806
vn -0.0735 0.9694 0.2343
vn -0.1331 0.9765 0.1696
vn -0.0776 0.9900 0.1181
vn 0.7663 0.5513 -0.3301
vn -0.1083 0.9906 0.0832
vn -0.1572 0.9851 0.0704
vn 0.0301 0.9907 0.1325
vn -0.0570 0.9775 0.2029
vn -0.0890 0.9890 0.1184
vn 0.5024 0.7516 -0.4274
vn 0.2182 0.6634 -0.7157
vn 0.4448 0.5942 -0.6702
vn -0.0627 0.9980 -0.0101
vn 0.0224 0.9968 0.0764
vn 0.0996 0.9193 -0.3807
vn 0.1957 0.9658 -0.1699
vn 0.0882 0.8700 0.4851
vn 0.0772 0.8972 0.4348
vn 0.0991 0.9115 0.3991
vn 0.1298 0.9119 0.3894
vn 0.0614 0.6622 0.7468
vn -0.1909 0.8427 0.5035
vn -0.0317 0.4163 0.9087
vn -0.0810 0.2572 0.9630
vn -0.0530 -0.1289 0.9902
vn 0.1629 0.7392 0.6535
vn 0.0329 0.2322 0.9721
vn 0.0804 0.4045 0.9110
vn 0.0233 0.2421 0.9700
vn 0.1981 0.9501 0.2407
vn 0.2048 0.9524 0.2261
vn 0.1153 0.9069 0.4053
vn 0.0280 0.9287 0.3697
vn -0.1050 0.9413 0.3209
vn -0.1023 0.9851 0.1382
vn 0.1104 0.9575 0.2663
vn 0.0216 0.9054 0.4240
vn -0.0050 0.9132 0.4076
vn 0.0576 0.9219 0.3832
vn -0.0763 -0.1212 0.9897
vn -0.0893 0.9223 0.3761
vn 0.1351 0.9549 0.2643
vn 0.0734 0.9246 0.3739
vn -0.0418 0.9975 0.0578
vn 0.1746 0.9359 0.3059
vn -0.0146 0.8728 0.4878
vn 0.1469 0.9348 0.3233
vn -0.1197 0.6547 -0.7464
vn -0.0044 0.3273 0.9449
vn -0.4810 0.3840 -0.7882
vn -0.4669 0.5204 -0.7150
vn -0.4746 0.4624 -0.7490
vn -0.0835 0.1634 0.9830
vn -0.3912 0.5568 -0.7328
vn -0.0038 0.9824 0.1867
vn 0.0130 0.8799 0.4749
vn -0.3110 0.5806 -0.7524
vn -0.3295 0.4793 -0.8135
vn -0.0605 0.9916 0.1143
vn -0.3334 0.5467 -0.7681
vn -0.3350 0.5848 -0.7388
vn -0.1443 0.8211 -0.5522
vn -0.1972 0.7754 -0.5998
vn 0.0957 0.9272 0.3620
vn 0.1130 0.9383 0.3268
vn 0.1350 0.8596 -0.4928
vn -0.3240 0.7339 -0.5970
vn -0.3229 0.7540 -0.5720
vn -0.1172 0.9360 -0.3319
vn 0.0165 0.8504 0.5258
vn -0.0515 0.9619 -0.2684
vn -0.3123 0.7904 -0.5270
vn -0.0556 0.9914 0.1188
vn 0.0734 0.8808 0.4677
vn 0.0934 0.8588 -0.5037
vn 0.1543 0.9414 -0.2999
vn 0.0482 0.9109 -0.4097
vn -0.2855 0.8339 -0.4724
vn 0.1200 0.9918 -0.0441
vn -0.0043 0.9999 0.0145
vn -0.0435 0.9651 -0.2582
vn -0.3219 0.8311 -0.4535
vn 0.1869 0.9063 0.3790
vn 0.2110 0.9122 0.3512
vn -0.0119 0.9785 0.2059
vn -0.0172 0.8982 0.4393
vn 0.0125 0.4433 0.8963
vn 0.0392 0.4738 0.8798
vn 0.0308 0.9090 -0.4156
vn -0.3099 0.8379 -0.4493
vn -0.0949 0.8534 -0.5126
vn -0.3019 0.8859 -0.3521
vn -0.1335 0.7797 -0.6118
vn -0.1811 0.8750 -0.4489
vn -0.3118 0.8411 -0.4419
vn 0.1061 0.8894 0.4446
vn -0.1887 0.8618 -0.4709
vn -0.1404 0.7723 -0.6195
vn -0.0366 0.9026 -0.4290
vn 0.0728 0.9840 0.1626
vn 0.0390 0.9877 0.1512
vn 0.0174 0.9927 0.1192
vn 0.0466 0.9801 0.1929
vn -0.1255 0.8442 -0.5211
vn -0.0094 0.8870 -0.4617
vn -0.1041 0.3571 0.9282
vn -0.0629 0.7738 -0.6302
vn -0.1548 0.4635 0.8725
vn -0.0699 0.8438 -0.5321
vn -0.1697 0.9754 -0.1409
vn -0.0255 0.8973 -0.4406
vn -0.0608 0.5045 0.8612
vn -0.1723 0.7245 0.6674
vn -0.1761 0.9202 -0.3496
vn 0.0758 0.9970 -0.0144
vn -0.0548 0.8115 0.5818
vn -0.0802 0.3049 0.9490
vn 0.0083 0.9413 -0.3374
vn -0.1445 0.8738 0.4643
vn -0.0852 0.4346 0.8966
vn 0.0470 0.8792 0.4741
vn 0.0937 0.9768 -0.1926
vt 0.007775 0.340938
vt 0.000619 0.353024
vt 0.001663 0.339525
vt 0.007716 0.352250
vt 0.996514 0.745220
vt 0.982190 0.746961
vt 0.982689 0.732867
vt 0.991883 0.731003
vt 0.998398 0.732215
vt 0.987162 0.615591
vt 0.996443 0.607109
vt 0.997041 0.619106
vt 0.986298 0.628105
vt 0.997163 0.636293
vt 0.986048 0.643383
vt 0.993263 0.652597
vt 0.986833 0.608252
vt 0.080325 0.533074
vt 0.087710 0.530825
vt 0.083511 0.536231
vt 0.105775 0.520530
vt 0.100820 0.530332
vt 0.096017 0.519758
vt 0.023538 0.497393
vt 0.081262 0.500662
vt 0.052890 0.527464
vt 0.085448 0.523144
vt 0.075188 0.537358
vt 0.035168 0.538961
vt 0.026352 0.534166
vt 0.073901 0.524275
vt 0.022182 0.540907
vt 0.057383 0.536560
vt 0.069265 0.531773
vt 0.080333 0.521130
vt 0.092278 0.533065
vt 0.110032 0.531586
vt 0.093606 0.514448
vt 0.085829 0.514268
vt 0.089385 0.505245
vt 0.045657 0.261476
vt 0.043132 0.257237
vt 0.050882 0.260624
vt 0.047946 0.264494
vt 0.041738 0.260926
vt 0.063212 0.278263
vt 0.062468 0.284825
vt 0.057842 0.275377
vt 0.043946 0.253806
vt 0.049276 0.246616
vt 0.034491 0.247634
vt 0.068261 0.272192
vt 0.066352 0.268431
vt 0.050544 0.278039
vt 0.051316 0.270002
vt 0.055218 0.257522
vt 0.059412 0.270629
vt 0.057317 0.265799
vt 0.067997 0.237654
vt 0.033297 0.230397
vt 0.078652 0.250477
vt 0.065344 0.247284
vt 0.073931 0.247123
vt 0.027565 0.239662
vt 0.065448 0.258359
vt 0.066219 0.250385
vt 0.048939 0.193139
vt 0.017920 0.206326
vt 0.086487 0.259762
vt 0.071850 0.263329
vt 0.079073 0.271152
vt 0.935505 0.969784
vt 0.917432 0.971610
vt 0.926071 0.960644
vt 0.868137 0.920790
vt 0.876929 0.929504
vt 0.856809 0.937854
vt 0.897126 0.961015
vt 0.905113 0.948688
vt 0.911321 0.959298
vt 0.826603 0.972448
vt 0.817499 0.984801
vt 0.815601 0.969451
vt 0.900726 0.969911
vt 0.862965 0.951439
vt 0.850259 0.965268
vt 0.845072 0.954329
vt 0.885128 0.971051
vt 0.900128 0.981926
vt 0.813766 0.953694
vt 0.823083 0.955612
vt 0.835729 0.970718
vt 0.830855 0.957447
vt 0.881846 0.942512
vt 0.890028 0.947403
vt 0.875948 0.960126
vt 0.833681 0.982329
vt 0.834228 0.943510
vt 0.815462 0.936324
vt 0.832897 0.928148
vt 0.850735 0.927168
vt 0.888668 0.957164
vt 0.859612 0.970299
vt 0.801168 0.985570
vt 0.868187 0.977718
vt 0.900720 0.939483
vt 0.797108 0.974750
vt 0.854364 0.987920
vt 0.845236 0.979549
vt 0.948957 0.985497
vt 0.556041 0.873983
vt 0.555252 0.866791
vt 0.565869 0.873743
vt 0.539382 0.867252
vt 0.535978 0.865521
vt 0.540455 0.861773
vt 0.530738 0.857821
vt 0.536153 0.853344
vt 0.532803 0.862076
vt 0.539857 0.857673
vt 0.530803 0.866710
vt 0.543654 0.863536
vt 0.548567 0.854758
vt 0.545831 0.865660
vt 0.525436 0.863602
vt 0.528577 0.862269
vt 0.540504 0.871184
vt 0.535794 0.871850
vt 0.537276 0.877182
vt 0.545544 0.872690
vt 0.542908 0.878684
vt 0.542818 0.867954
vt 0.535456 0.868806
vt 0.530100 0.872572
vt 0.566870 0.853378
vt 0.560211 0.850509
vt 0.563835 0.847310
vt 0.560830 0.824478
vt 0.542822 0.881196
vt 0.565628 0.860212
vt 0.524879 0.856174
vt 0.548858 0.878528
vt 0.549217 0.869495
vt 0.548115 0.864871
vt 0.559713 0.864721
vt 0.551162 0.866271
vt 0.569808 0.844157
vt 0.566550 0.848039
vt 0.564613 0.844953
vt 0.570314 0.836531
vt 0.564644 0.882140
vt 0.555046 0.882071
vt 0.559523 0.889583
vt 0.576905 0.833631
vt 0.558851 0.856976
vt 0.033316 0.923715
vt 0.029024 0.914656
vt 0.037300 0.918659
vt 0.048051 0.924409
vt 0.046896 0.934492
vt 0.040246 0.930553
vt 0.019867 0.932118
vt 0.037023 0.926388
vt 0.041889 0.898460
vt 0.040305 0.910972
vt 0.030552 0.905006
vt 0.071244 0.966633
vt 0.070684 0.976740
vt 0.060282 0.972516
vt 0.030240 0.945370
vt 0.012195 0.947158
vt 0.037820 0.939613
vt 0.049364 0.904799
vt 0.040733 0.949222
vt 0.033220 0.956716
vt 0.048555 0.914100
vt 0.042515 0.920424
vt 0.045588 0.943128
vt 0.053472 0.926387
vt 0.053176 0.918744
vt 0.052452 0.939048
vt 0.051149 0.931504
vt 0.058530 0.932397
vt 0.063182 0.942363
vt 0.029235 0.986115
vt 0.014550 0.969472
vt 0.020936 0.960594
vt 0.051971 0.950411
vt 0.063862 0.957350
vt 0.036773 0.974484
vt 0.054647 0.960702
vt 0.044743 0.958133
vt 0.050731 0.966500
vt 0.052436 0.973501
vt 0.045530 0.971082
vt 0.083330 0.965063
vt 0.077926 0.972697
vt 0.073327 0.945852
vt 0.068441 0.950294
vt 0.041252 0.964563
vt 0.083154 0.974686
vt 0.087379 0.971750
vt 0.091688 0.971772
vt 0.076214 0.955173
vt 0.944942 0.941049
vt 0.944075 0.929932
vt 0.957684 0.934969
vt 0.902448 0.922123
vt 0.901527 0.913566
vt 0.910885 0.917638
vt 0.919058 0.924859
vt 0.932704 0.919252
vt 0.929311 0.932705
vt 0.966705 0.914972
vt 0.979308 0.916085
vt 0.974143 0.926627
vt 0.945530 0.918277
vt 0.957591 0.923783
vt 0.969740 0.882166
vt 0.969894 0.892810
vt 0.960710 0.890699
vt 0.971186 0.937239
vt 0.966008 0.871229
vt 0.956942 0.881757
vt 0.950278 0.864889
vt 0.941041 0.951138
vt 0.921735 0.955677
vt 0.942777 0.883314
vt 0.934101 0.891952
vt 0.922187 0.881064
vt 0.913004 0.910375
vt 0.902854 0.901044
vt 0.910738 0.926176
vt 0.921201 0.913972
vt 0.931069 0.900900
vt 0.921878 0.896028
vt 0.951249 0.894958
vt 0.946593 0.891831
vt 0.912537 0.942291
vt 0.938479 0.937089
vt 0.940431 0.897264
vt 0.977325 0.904443
vt 0.884452 0.909259
vt 0.960795 0.902801
vt 0.953660 0.913563
vt 0.941494 0.906939
vt 0.955161 0.952972
vt 0.967515 0.948719
vt 0.892175 0.924920
vt 0.925610 0.908319
vt 0.919526 0.904469
vt 0.902413 0.932464
vt 0.879559 0.926832
vt 0.012642 0.289713
vt 0.025616 0.287216
vt 0.025265 0.296945
vt 0.031954 0.268502
vt 0.032956 0.279683
vt 0.021992 0.279744
vt 0.032849 0.303014
vt 0.023295 0.309861
vt 0.036054 0.295815
vt 0.055714 0.319694
vt 0.049606 0.324009
vt 0.046508 0.318226
vt 0.062248 0.297063
vt 0.055258 0.298989
vt 0.061442 0.288026
vt 0.026884 0.333473
vt 0.025486 0.322313
vt 0.039127 0.325012
vt 0.016908 0.343804
vt 0.006916 0.336002
vt 0.056540 0.328867
vt 0.066308 0.325395
vt 0.061752 0.334632
vt 0.047156 0.331074
vt 0.052519 0.338573
vt 0.040187 0.335765
vt 0.036157 0.313168
vt 0.000405 0.312518
vt 0.012539 0.318921
vt 0.000246 0.323866
vt 0.030297 0.342076
vt 0.040445 0.273324
vt 0.043809 0.281257
vt 0.045142 0.296808
vt 0.041499 0.289879
vt 0.049337 0.290701
vt 0.066578 0.315351
vt 0.065566 0.306605
vt 0.073269 0.311654
vt 0.014838 0.351661
vt 0.030485 0.353873
vt 0.010449 0.304542
vt 0.069576 0.297666
vt 0.057133 0.309943
vt 0.048018 0.310726
vt 0.049209 0.303955
vt 0.034662 0.287734
vt 0.074255 0.305973
vt 0.023223 0.268169
vt 0.020850 0.274342
vt 0.041111 0.303777
vt 0.022039 0.358799
vt 0.052098 0.283535
vt 0.040407 0.346831
vt 0.218304 0.861781
vt 0.229212 0.859858
vt 0.228758 0.872781
vt 0.226213 0.878600
vt 0.228465 0.888181
vt 0.217954 0.881009
vt 0.230364 0.898396
vt 0.223409 0.893601
vt 0.244313 0.901094
vt 0.238318 0.893732
vt 0.247760 0.893283
vt 0.236085 0.870665
vt 0.244680 0.873761
vt 0.235640 0.881632
vt 0.243469 0.885482
vt 0.218092 0.891957
vt 0.272900 0.872758
vt 0.262562 0.869228
vt 0.268609 0.860894
vt 0.268442 0.903660
vt 0.263434 0.897577
vt 0.271308 0.895040
vt 0.221222 0.900697
vt 0.225606 0.901167
vt 0.236825 0.902761
vt 0.226833 0.910476
vt 0.255549 0.855444
vt 0.241449 0.857700
vt 0.241245 0.909024
vt 0.255973 0.893103
vt 0.253588 0.880490
vt 0.266205 0.885136
vt 0.263476 0.860263
vt 0.249011 0.907644
vt 0.251564 0.900814
vt 0.247362 0.914134
vt 0.238756 0.918318
vt 0.228876 0.924258
vt 0.257475 0.901401
vt 0.284145 0.885666
vt 0.251824 0.920917
vt 0.240235 0.924042
vt 0.254998 0.912102
vt 0.282440 0.871890
vt 0.241423 0.929425
vt 0.254887 0.906175
vt 0.261670 0.907636
vt 0.275580 0.860982
vt 0.260777 0.915838
vt 0.273380 0.902239
vt 0.279019 0.898931
vt 0.269798 0.912408
vt 0.276904 0.916732
vt 0.265594 0.921910
vt 0.276749 0.907106
vt 0.271933 0.907440
vt 0.273619 0.925035
vt 0.265343 0.929445
vt 0.255344 0.928791
vt 0.044044 0.751541
vt 0.050957 0.748452
vt 0.055201 0.754363
vt 0.026977 0.757867
vt 0.033452 0.751249
vt 0.042236 0.759329
vt 0.034034 0.736628
vt 0.042698 0.738624
vt 0.039349 0.742646
vt 0.043562 0.746751
vt 0.037785 0.747294
vt 0.065476 0.756267
vt 0.071171 0.761014
vt 0.066526 0.760709
vt 0.059247 0.765300
vt 0.058302 0.771999
vt 0.050361 0.766264
vt 0.071848 0.757388
vt 0.070478 0.751807
vt 0.059897 0.750065
vt 0.048709 0.756409
vt 0.064981 0.763946
vt 0.065609 0.769252
vt 0.031493 0.743802
vt 0.061822 0.745237
vt 0.054487 0.744432
vt 0.046943 0.743384
vt 0.069840 0.765023
vt 0.056875 0.739933
vt 0.061644 0.759614
vt 0.035501 0.771526
vt 0.048115 0.777486
vt 0.027575 0.791983
vt 0.023813 0.778084
vt 0.023006 0.768503
vt 0.011769 0.760013
vt 0.015230 0.772929
vt 0.047109 0.786749
vt 0.077367 0.758637
vt 0.053450 0.759565
vt 0.040423 0.733962
vt 0.049183 0.737920
vt 0.044948 0.729158
vt 0.057813 0.777961
vt 0.054734 0.782517
vt 0.064654 0.778409
vt 0.060633 0.782731
vt 0.061130 0.730285
vt 0.063787 0.738532
vt 0.054107 0.732051
vt 0.084567 0.762855
vt 0.082059 0.755383
vt 0.095234 0.762852
vt 0.067435 0.774035
vt 0.070060 0.777729
vt 0.077881 0.747578
vt 0.074261 0.739505
vt 0.085186 0.741134
vt 0.072787 0.769126
vt 0.073872 0.773230
vt 0.070355 0.772991
vt 0.096086 0.742505
vt 0.101448 0.742895
vt 0.102082 0.748902
vt 0.072923 0.729004
vt 0.069405 0.744723
vt 0.089683 0.732405
vt 0.077239 0.770136
vt 0.076182 0.765607
vt 0.088898 0.750193
vt 0.081568 0.769786
vt 0.075523 0.761006
vt 0.079427 0.763089
vt 0.082109 0.766152
vt 0.097966 0.754606
vt 0.081585 0.733136
vt 0.476073 0.898674
vt 0.461523 0.897319
vt 0.469929 0.883462
vt 0.482957 0.882224
vt 0.496523 0.882536
vt 0.476264 0.864273
vt 0.399007 0.894577
vt 0.397334 0.900461
vt 0.390349 0.899590
vt 0.407600 0.891400
vt 0.398876 0.883358
vt 0.408035 0.880235
vt 0.498379 0.861322
vt 0.339674 0.898677
vt 0.320848 0.902634
vt 0.327784 0.892452
vt 0.492557 0.895454
vt 0.358251 0.860609
vt 0.369736 0.853666
vt 0.376013 0.866193
vt 0.350735 0.845956
vt 0.351918 0.835265
vt 0.360327 0.838760
vt 0.449854 0.893680
vt 0.439154 0.891184
vt 0.448269 0.881022
vt 0.417414 0.898190
vt 0.428709 0.895731
vt 0.431044 0.914789
vt 0.405723 0.907208
vt 0.348459 0.873327
vt 0.364887 0.874499
vt 0.332753 0.868946
vt 0.340841 0.856533
vt 0.417559 0.883866
vt 0.427855 0.882357
vt 0.423539 0.872568
vt 0.335881 0.881555
vt 0.389189 0.888868
vt 0.387791 0.877032
vt 0.377463 0.878150
vt 0.369890 0.886200
vt 0.372772 0.904792
vt 0.362907 0.898376
vt 0.374348 0.893851
vt 0.399010 0.857500
vt 0.410076 0.861213
vt 0.401097 0.870563
vt 0.413937 0.870796
vt 0.426874 0.854043
vt 0.381148 0.855950
vt 0.383299 0.845643
vt 0.390245 0.853538
vt 0.350207 0.896440
vt 0.347963 0.908357
vt 0.437135 0.868548
vt 0.398382 0.845296
vt 0.412353 0.849185
vt 0.417407 0.911097
vt 0.343197 0.890068
vt 0.388821 0.863591
vt 0.375563 0.915247
vt 0.367608 0.919178
vt 0.451633 0.903175
vt 0.442392 0.913137
vt 0.382156 0.898053
vt 0.380897 0.885986
vt 0.380304 0.836742
vt 0.363840 0.845599
vt 0.356016 0.886004
vt 0.340567 0.845433
vt 0.318998 0.885690
vt 0.345523 0.882721
vt 0.334829 0.836624
vt 0.459791 0.870118
vt 0.338067 0.921104
vt 0.327651 0.926015
vt 0.316416 0.915198
vt 0.448927 0.865675
vt 0.350221 0.925319
vt 0.326885 0.878045
vt 0.320061 0.873544
vt 0.321325 0.859387
vt 0.353587 0.851942
vt 0.324796 0.847945
vt 0.359129 0.911523
vt 0.360027 0.920970
vt 0.365916 0.906461
vt 0.384349 0.911674
vt 0.394531 0.910300
vt 0.360197 0.852291
vt 0.071166 0.842649
vt 0.059279 0.833849
vt 0.068272 0.813659
vt 0.116260 0.853731
vt 0.116612 0.875515
vt 0.105856 0.868924
vt 0.185340 0.886288
vt 0.167262 0.897677
vt 0.141851 0.885539
vt 0.079393 0.827257
vt 0.079540 0.841877
vt 0.074092 0.829561
vt 0.144787 0.904472
vt 0.136729 0.919194
vt 0.138850 0.911376
vt 0.088929 0.919110
vt 0.106795 0.922331
vt 0.091592 0.934420
vt 0.047555 0.808243
vt 0.055812 0.794852
vt 0.054405 0.814730
vt 0.083373 0.837217
vt 0.149675 0.924020
vt 0.131898 0.909257
vt 0.135799 0.899482
vt 0.093257 0.853200
vt 0.085262 0.819194
vt 0.152272 0.863380
vt 0.143334 0.926775
vt 0.141978 0.946477
vt 0.061694 0.847753
vt 0.114432 0.889828
vt 0.109201 0.880623
vt 0.119714 0.885054
vt 0.075136 0.812713
vt 0.055973 0.920739
vt 0.074405 0.915161
vt 0.068623 0.928189
vt 0.062013 0.795768
vt 0.127977 0.930131
vt 0.105400 0.894418
vt 0.111183 0.905459
vt 0.100254 0.902653
vt 0.128730 0.896630
vt 0.129072 0.904761
vt 0.047335 0.840144
vt 0.084757 0.859063
vt 0.122188 0.889042
vt 0.081774 0.826969
vt 0.078646 0.810292
vt 0.125184 0.946257
vt 0.116174 0.932872
vt 0.089109 0.884254
vt 0.086758 0.891003
vt 0.072625 0.882152
vt 0.082091 0.903360
vt 0.122372 0.917359
vt 0.075244 0.894149
vt 0.065928 0.894227
vt 0.076099 0.868875
vt 0.057625 0.867922
vt 0.066069 0.862777
vt 0.103239 0.909058
vt 0.078543 0.936731
vt 0.096785 0.894492
vt 0.092253 0.903705
vt 0.097938 0.867673
vt 0.105759 0.887085
vt 0.122763 0.900148
vt 0.112175 0.893066
vt 0.114578 0.897175
vt 0.154962 0.933019
vt 0.156273 0.911405
vt 0.149378 0.909002
vt 0.155090 0.907716
vt 0.150385 0.906771
vt 0.088806 0.877170
vt 0.119683 0.894103
vt 0.072045 0.905642
vt 0.066545 0.783849
vt 0.156760 0.904325
vt 0.164750 0.906439
vt 0.106886 0.938701
vt 0.090717 0.863469
vt 0.150508 0.900966
vt 0.163733 0.916215
vt 0.057070 0.853349
vt 0.067860 0.940554
vt 0.206120 0.866264
vt 0.211846 0.884547
vt 0.033440 0.097038
vt 0.031241 0.085059
vt 0.038544 0.087470
vt 0.056412 0.079592
vt 0.060500 0.085665
vt 0.058023 0.090941
vt 0.054601 0.104959
vt 0.060572 0.124231
vt 0.046386 0.117993
vt 0.023308 0.062104
vt 0.018388 0.057057
vt 0.025816 0.055073
vt 0.033633 0.054080
vt 0.029434 0.060286
vt 0.016105 0.051273
vt 0.022397 0.051670
vt 0.011569 0.051550
vt 0.048562 0.089254
vt 0.044984 0.074852
vt 0.021990 0.115012
vt 0.023780 0.134297
vt 0.015219 0.127309
vt 0.024050 0.098106
vt 0.031252 0.107243
vt 0.040323 0.104004
vt 0.050084 0.034384
vt 0.058355 0.028470
vt 0.057026 0.036657
vt 0.064770 0.099735
vt 0.067460 0.094532
vt 0.082252 0.103540
vt 0.061693 0.031979
vt 0.069264 0.033895
vt 0.062503 0.044327
vt 0.064574 0.047855
vt 0.062545 0.090188
vt 0.058695 0.066596
vt 0.068091 0.083126
vt 0.056291 0.072655
vt 0.052039 0.069670
vt 0.053843 0.063938
vt 0.036647 0.075134
vt 0.041152 0.066366
vt 0.046616 0.062585
vt 0.040015 0.056432
vt 0.045724 0.054255
vt 0.033663 0.066283
vt 0.049013 0.040312
vt 0.054431 0.056565
vt 0.056918 0.056472
vt 0.056963 0.047857
vt 0.060287 0.058472
vt 0.044190 0.048413
vt 0.048218 0.055731
vt 0.037303 0.050224
vt 0.040871 0.045008
vt 0.050472 0.048584
vt 0.025260 0.070050
vt 0.022912 0.083362
vt 0.030808 0.075408
vt 0.021326 0.066364
vt 0.017456 0.063142
vt 0.011569 0.060411
vt 0.060604 0.046424
vt 0.028822 0.126018
vt 0.064135 0.053344
vt 0.034838 0.120913
vt 0.066175 0.047742
vt 0.067736 0.050034
vt 0.033429 0.132904
vt 0.067137 0.111759
vt 0.048430 0.132669
vt 0.030702 0.041885
vt 0.034869 0.043464
vt 0.031461 0.044935
vt 0.029616 0.142568
vt 0.034624 0.038841
vt 0.037862 0.038191
vt 0.037497 0.044943
vt 0.040095 0.034576
vt 0.043776 0.037579
vt 0.070805 0.068371
vt 0.098610 0.088970
vt 0.044868 0.031847
vt 0.039764 0.041462
vt 0.027104 0.050254
vt 0.028996 0.046167
vt 0.031395 0.051207
vt 0.042768 0.041914
vt 0.033040 0.048544
vt 0.025024 0.046695
vt 0.064401 0.049057
vt 0.019302 0.138091
vt 0.772556 0.793300
vt 0.777783 0.787655
vt 0.779969 0.799126
vt 0.793103 0.762986
vt 0.781031 0.774979
vt 0.783558 0.760673
vt 0.788541 0.796454
vt 0.784226 0.787810
vt 0.790730 0.787220
vt 0.795658 0.779492
vt 0.798318 0.794308
vt 0.687937 0.770069
vt 0.703810 0.823050
vt 0.690628 0.829425
vt 0.822159 0.763397
vt 0.811642 0.777696
vt 0.813687 0.760443
vt 0.788801 0.778648
vt 0.802562 0.782236
vt 0.804554 0.768944
vt 0.777485 0.763935
vt 0.848957 0.726645
vt 0.836658 0.736853
vt 0.835043 0.719656
vt 0.772323 0.805025
vt 0.772699 0.782239
vt 0.777664 0.750832
vt 0.822347 0.742596
vt 0.821365 0.753062
vt 0.814809 0.748482
vt 0.742177 0.790307
vt 0.743280 0.781405
vt 0.749364 0.786450
vt 0.773314 0.772735
vt 0.766676 0.775991
vt 0.810805 0.738313
vt 0.804805 0.752788
vt 0.785369 0.748087
vt 0.819762 0.778100
vt 0.706032 0.776067
vt 0.716257 0.803281
vt 0.708501 0.811411
vt 0.792898 0.742950
vt 0.743387 0.828810
vt 0.738265 0.809310
vt 0.751702 0.811897
vt 0.745870 0.802893
vt 0.740435 0.798620
vt 0.830200 0.769417
vt 0.726527 0.772815
vt 0.734162 0.772689
vt 0.730894 0.783107
vt 0.832154 0.753058
vt 0.800877 0.740257
vt 0.726034 0.826371
vt 0.724560 0.845003
vt 0.719254 0.835282
vt 0.774692 0.759885
vt 0.740067 0.774887
vt 0.737652 0.782533
vt 0.735948 0.791382
vt 0.747227 0.772443
vt 0.740776 0.765736
vt 0.746153 0.796894
vt 0.818295 0.719843
vt 0.842665 0.762010
vt 0.770557 0.764043
vt 0.764451 0.766663
vt 0.758020 0.775521
vt 0.760322 0.763011
vt 0.739368 0.756041
vt 0.734795 0.761776
vt 0.730121 0.793955
vt 0.724021 0.789007
vt 0.748937 0.752780
vt 0.754092 0.764554
vt 0.765039 0.754152
vt 0.727461 0.802801
vt 0.727484 0.813171
vt 0.733407 0.821477
vt 0.732744 0.834902
vt 0.771873 0.754404
vt 0.734231 0.799651
vt 0.766403 0.808678
vt 0.762920 0.818729
vt 0.759715 0.804130
vt 0.730121 0.766576
vt 0.757715 0.755733
vt 0.752577 0.798129
vt 0.708329 0.854474
vt 0.700479 0.860914
vt 0.711697 0.775709
vt 0.718692 0.775914
vt 0.854414 0.734245
vt 0.874498 0.725892
vt 0.873592 0.745870
vt 0.866482 0.729084
vt 0.860555 0.741745
vt 0.847033 0.739705
vt 0.849968 0.745612
vt 0.854648 0.753456
vt 0.841972 0.746247
vt 0.864601 0.718310
vt 0.766321 0.798000
vt 0.762423 0.782606
vt 0.760600 0.790396
vt 0.766542 0.787318
vt 0.849409 0.719435
vt 0.753879 0.825726
vt 0.076991 0.609403
vt 0.082081 0.599356
vt 0.090473 0.611646
vt 0.094465 0.592989
vt 0.103090 0.595116
vt 0.101335 0.602404
vt 0.075120 0.588282
vt 0.069072 0.593024
vt 0.061143 0.576487
vt 0.031528 0.604879
vt 0.046212 0.596615
vt 0.045318 0.621014
vt 0.073734 0.580520
vt 0.067466 0.549056
vt 0.058594 0.559731
vt 0.053564 0.548415
vt 0.068279 0.571484
vt 0.078007 0.575788
vt 0.102055 0.636199
vt 0.108432 0.630968
vt 0.111206 0.639212
vt 0.103441 0.608237
vt 0.107413 0.604160
vt 0.069426 0.564209
vt 0.029718 0.544337
vt 0.062709 0.616969
vt 0.107737 0.648827
vt 0.105968 0.651992
vt 0.105608 0.644676
vt 0.041509 0.559805
vt 0.075293 0.558915
vt 0.071631 0.560589
vt 0.034304 0.571082
vt 0.055030 0.586007
vt 0.099539 0.611320
vt 0.076606 0.546225
vt 0.082337 0.561478
vt 0.077024 0.566714
vt 0.100135 0.647885
vt 0.089404 0.564621
vt 0.086095 0.573094
vt 0.097082 0.569235
vt 0.084133 0.588674
vt 0.085260 0.581735
vt 0.100568 0.627744
vt 0.104044 0.620652
vt 0.117332 0.620926
vt 0.089548 0.581146
vt 0.089246 0.586223
vt 0.092456 0.601558
vt 0.095926 0.621790
vt 0.087426 0.620963
vt 0.108137 0.612870
vt 0.097889 0.617302
vt 0.033323 0.632646
vt 0.032174 0.619524
vt 0.112310 0.595917
vt 0.089350 0.554529
vt 0.115117 0.608661
vt 0.062344 0.599920
vt 0.096207 0.557866
vt 0.029389 0.587696
vt 0.103538 0.536253
vt 0.104757 0.559557
vt 0.103905 0.658278
vt 0.072342 0.660910
vt 0.059207 0.660658
vt 0.066767 0.645620
vt 0.095126 0.637208
vt 0.089187 0.630985
vt 0.094717 0.628796
vt 0.042984 0.662079
vt 0.058285 0.633089
vt 0.065941 0.677011
vt 0.053556 0.694099
vt 0.047465 0.680018
vt 0.038032 0.645228
vt 0.078442 0.642454
vt 0.084667 0.659522
vt 0.087330 0.543989
vt 0.082233 0.678875
vt 0.088642 0.694606
vt 0.064273 0.705615
vt 0.099073 0.589273
vt 0.093920 0.585730
vt 0.104348 0.587757
vt 0.098780 0.583406
vt 0.104456 0.582916
vt 0.093970 0.579119
vt 0.102482 0.578081
vt 0.110913 0.583715
vt 0.112376 0.573059
vt 0.111393 0.552837
vt 0.117728 0.563648
vt 0.120139 0.553128
vt 0.049777 0.539959
vt 0.108276 0.671126
vt 0.096959 0.663934
vt 0.068508 0.632230
vt 0.110028 0.703447
vt 0.084501 0.705454
vt 0.059043 0.541329
vt 0.078535 0.627434
vt 0.089769 0.643367
vt 0.104468 0.685984
vt 0.730027 0.939671
vt 0.720036 0.930031
vt 0.741839 0.929574
vt 0.745545 0.941732
vt 0.756674 0.936881
vt 0.760357 0.944834
vt 0.770073 0.938805
vt 0.776616 0.950782
vt 0.711775 0.965663
vt 0.698932 0.989416
vt 0.690311 0.978106
vt 0.800625 0.940372
vt 0.793073 0.950917
vt 0.784827 0.940718
vt 0.734108 0.987271
vt 0.732573 0.982386
vt 0.742770 0.984241
vt 0.720832 0.908849
vt 0.698917 0.905606
vt 0.706475 0.893480
vt 0.804473 0.948563
vt 0.791902 0.931191
vt 0.802944 0.961373
vt 0.684692 0.890464
vt 0.808345 0.954346
vt 0.742516 0.908115
vt 0.735326 0.918807
vt 0.686933 0.876040
vt 0.791779 0.969270
vt 0.685188 0.898573
vt 0.743905 0.965863
vt 0.756257 0.962645
vt 0.752894 0.978146
vt 0.696473 0.952683
vt 0.748268 0.952939
vt 0.763424 0.953929
vt 0.713390 0.940312
vt 0.719587 0.950253
vt 0.727822 0.892588
vt 0.715535 0.989202
vt 0.726828 0.974045
vt 0.769259 0.961842
vt 0.734389 0.948634
vt 0.702753 0.915906
vt 0.690904 0.915965
vt 0.730804 0.959859
vt 0.708897 0.880123
vt 0.664552 0.925154
vt 0.649631 0.925738
vt 0.656150 0.919164
vt 0.725328 0.988976
vt 0.669425 0.977851
vt 0.680196 0.904462
vt 0.696770 0.929940
vt 0.678348 0.922274
vt 0.711805 0.915409
vt 0.676973 0.938775
vt 0.676673 0.929387
vt 0.662696 0.932068
vt 0.721039 0.874581
vt 0.735107 0.879054
vt 0.742909 0.874752
vt 0.747320 0.886533
vt 0.662070 0.913802
vt 0.674660 0.913414
vt 0.667159 0.919000
vt 0.710237 0.922518
vt 0.674498 0.954696
vt 0.664454 0.946536
vt 0.649969 0.939345
vt 0.641578 0.931837
vt 0.635516 0.928807
vt 0.700798 0.920865
vt 0.724987 0.921870
vt 0.729436 0.863956
vt 0.667174 0.906347
vt 0.737202 0.846506
vt 0.757921 0.844792
vt 0.752444 0.856257
vt 0.740709 0.860454
vt 0.744059 0.868886
vt 0.756876 0.869847
vt 0.775854 0.852061
vt 0.776464 0.975108
vt 0.769009 0.985104
vt 0.773038 0.874186
vt 0.778161 0.879822
vt 0.763747 0.882428
vt 0.759326 0.890705
vt 0.751394 0.898039
vt 0.764860 0.896953
vt 0.771656 0.888381
vt 0.789665 0.888818
vt 0.741887 0.897123
vt 0.746187 0.919818
vt 0.754832 0.924123
vt 0.774092 0.866845
vt 0.768796 0.905178
vt 0.756470 0.904886
vt 0.757473 0.914567
vt 0.761417 0.930379
vt 0.781336 0.922986
vt 0.767240 0.923086
vt 0.773117 0.913992
vt 0.776098 0.931282
vt 0.802128 0.917701
vt 0.784668 0.905176
vt 0.783858 0.916141
vt 0.789433 0.911966
vt 0.805242 0.931908
vt 0.981036 0.663749
vt 0.995154 0.660313
vt 0.990738 0.674795
vt 0.982266 0.646152
vt 0.981243 0.677194
vt 0.972899 0.671954
vt 0.957764 0.640822
vt 0.967226 0.638175
vt 0.964844 0.647701
vt 0.950601 0.676476
vt 0.943657 0.663627
vt 0.951779 0.665407
vt 0.959587 0.679084
vt 0.976752 0.683513
vt 0.962095 0.669744
vt 0.987788 0.684260
vt 0.954389 0.690063
vt 0.969137 0.681898
vt 0.980350 0.691559
vt 0.980870 0.687449
vt 0.927095 0.639167
vt 0.917375 0.631988
vt 0.920933 0.632781
vt 0.953038 0.703537
vt 0.958094 0.698705
vt 0.986809 0.693970
vt 0.948643 0.695880
vt 0.985365 0.701635
vt 0.982443 0.696528
vt 0.963956 0.699392
vt 0.966924 0.690048
vt 0.992051 0.710112
vt 0.990983 0.702787
vt 0.997880 0.707988
vt 0.958651 0.704632
vt 0.939793 0.713781
vt 0.945185 0.704401
vt 0.945481 0.714378
vt 0.996796 0.683813
vt 0.993405 0.693917
vt 0.975709 0.692070
vt 0.947559 0.724141
vt 0.937392 0.729925
vt 0.950939 0.648212
vt 0.951589 0.646421
vt 0.954987 0.649893
vt 0.972891 0.697797
vt 0.987562 0.723181
vt 0.978766 0.715299
vt 0.988297 0.714126
vt 0.955340 0.714753
vt 0.962241 0.712566
vt 0.944553 0.687302
vt 0.941801 0.676212
vt 0.948698 0.681525
vt 0.970838 0.707234
vt 0.980000 0.703025
vt 0.987452 0.708567
vt 0.959731 0.718008
vt 0.934512 0.638061
vt 0.928400 0.635359
vt 0.934327 0.629770
vt 0.961211 0.722613
vt 0.966302 0.661888
vt 0.913393 0.619167
vt 0.926984 0.622118
vt 0.949915 0.642762
vt 0.942456 0.648543
vt 0.954721 0.657630
vt 0.951647 0.634035
vt 0.999778 0.719490
vt 0.996680 0.721544
vt 0.993764 0.717124
vt 0.936896 0.665349
vt 0.993417 0.725484
vt 0.939549 0.636933
vt 0.942946 0.637249
vt 0.959536 0.655031
vt 0.955969 0.654972
vt 0.980039 0.630840
vt 0.965298 0.628259
vt 0.972717 0.624753
vt 0.914469 0.632198
vt 0.914876 0.629287
vt 0.914309 0.627413
vt 0.958921 0.633133
vt 0.936158 0.652687
vt 0.936040 0.622136
vt 0.934143 0.616342
vt 0.970527 0.715843
vt 0.948726 0.625933
vt 0.962199 0.620117
vt 0.931376 0.642240
vt 0.959735 0.612288
vt 0.969295 0.616904
vt 0.925969 0.685895
vt 0.923251 0.731888
vt 0.888469 0.728499
vt 0.971141 0.655316
vt 0.935472 0.705545
vt 0.941971 0.697806
vt 0.950324 0.617378
vt 0.978225 0.724106
vt 0.907694 0.690873
vt 0.914921 0.650141
vt 0.918882 0.637849
vt 0.943446 0.616066
vt 0.984844 0.729342
vt 0.065957 0.454455
vt 0.048986 0.438933
vt 0.069338 0.436672
vt 0.176850 0.400480
vt 0.176217 0.406031
vt 0.169882 0.403037
vt 0.179075 0.394691
vt 0.180965 0.396941
vt 0.078081 0.411366
vt 0.091687 0.419114
vt 0.072713 0.423045
vt 0.054641 0.425947
vt 0.130995 0.407758
vt 0.138718 0.395155
vt 0.139448 0.414714
vt 0.090433 0.458939
vt 0.089688 0.444533
vt 0.112810 0.460995
vt 0.116429 0.442405
vt 0.139464 0.450753
vt 0.087947 0.384862
vt 0.099285 0.375141
vt 0.105535 0.384291
vt 0.065781 0.388923
vt 0.073389 0.374026
vt 0.093885 0.401566
vt 0.169733 0.390433
vt 0.063823 0.415586
vt 0.078785 0.399592
vt 0.065576 0.344161
vt 0.070958 0.333187
vt 0.083366 0.337673
vt 0.161459 0.408509
vt 0.063103 0.491576
vt 0.054319 0.470417
vt 0.082521 0.470983
vt 0.062842 0.405539
vt 0.150266 0.403327
vt 0.119057 0.408674
vt 0.105680 0.411302
vt 0.109906 0.398517
vt 0.046264 0.413537
vt 0.156469 0.416191
vt 0.151103 0.424589
vt 0.162319 0.425798
vt 0.124270 0.338171
vt 0.123399 0.327943
vt 0.136217 0.331642
vt 0.098643 0.322582
vt 0.107832 0.315866
vt 0.110688 0.323321
vt 0.133739 0.340589
vt 0.141143 0.335915
vt 0.136230 0.467215
vt 0.119152 0.484748
vt 0.138161 0.347821
vt 0.123776 0.348667
vt 0.092786 0.362303
vt 0.110602 0.334390
vt 0.095881 0.338257
vt 0.100383 0.329137
vt 0.107955 0.352563
vt 0.114405 0.342604
vt 0.108232 0.366757
vt 0.117355 0.359136
vt 0.073307 0.354745
vt 0.161750 0.442789
vt 0.158732 0.453918
vt 0.096160 0.352505
vt 0.098119 0.346931
vt 0.042179 0.398493
vt 0.145142 0.337401
vt 0.141191 0.340725
vt 0.162866 0.349077
vt 0.144377 0.358134
vt 0.147319 0.348858
vt 0.061976 0.378168
vt 0.060007 0.366457
vt 0.128089 0.359371
vt 0.134698 0.322935
vt 0.156975 0.341244
vt 0.091041 0.347827
vt 0.048860 0.368223
vt 0.050841 0.358021
vt 0.123769 0.315273
vt 0.146130 0.331776
vt 0.146782 0.341889
vt 0.104541 0.342935
vt 0.120086 0.370498
vt 0.095314 0.305309
vt 0.109790 0.307680
vt 0.096873 0.315433
vt 0.047301 0.379645
vt 0.098855 0.432065
vt 0.084237 0.431774
vt 0.089292 0.324563
vt 0.086399 0.319209
vt 0.097935 0.466362
vt 0.133438 0.368530
vt 0.046436 0.350477
vt 0.147304 0.374030
vt 0.124816 0.388251
vt 0.127728 0.397371
vt 0.119307 0.396143
vt 0.078429 0.313463
vt 0.113082 0.423989
vt 0.092317 0.330080
vt 0.068790 0.324506
vt 0.136647 0.433284
vt 0.092612 0.487441
vt 0.127187 0.377936
vt 0.168544 0.358385
vt 0.136417 0.376864
vt 0.117351 0.385970
vt 0.128427 0.419893
vt 0.176671 0.370967
vt 0.141723 0.383871
vt 0.132346 0.384768
vt 0.151667 0.387257
vt 0.082682 0.498196
vt 0.167374 0.410617
vt 0.182900 0.398823
vt 0.081372 0.291941
vt 0.638458 0.891453
vt 0.628482 0.886472
vt 0.632534 0.877404
vt 0.629947 0.821883
vt 0.635325 0.832942
vt 0.626043 0.831535
vt 0.619192 0.901606
vt 0.609291 0.887822
vt 0.623218 0.896067
vt 0.641614 0.879721
vt 0.620259 0.870904
vt 0.610310 0.875785
vt 0.605774 0.860832
vt 0.619719 0.820496
vt 0.610165 0.819213
vt 0.599099 0.810958
vt 0.611358 0.810796
vt 0.662048 0.869383
vt 0.651197 0.864458
vt 0.659682 0.856270
vt 0.657415 0.872927
vt 0.599639 0.898366
vt 0.586747 0.885785
vt 0.605261 0.893671
vt 0.645922 0.851948
vt 0.640302 0.856689
vt 0.595358 0.877609
vt 0.643055 0.868764
vt 0.650945 0.879935
vt 0.648958 0.845939
vt 0.640825 0.823560
vt 0.620707 0.911832
vt 0.601802 0.908041
vt 0.601063 0.873731
vt 0.597746 0.862503
vt 0.641515 0.841346
vt 0.645511 0.835875
vt 0.634325 0.843696
vt 0.606928 0.825097
vt 0.605254 0.818918
vt 0.661649 0.876500
vt 0.663460 0.884568
vt 0.657972 0.880513
vt 0.616364 0.828140
vt 0.668543 0.878992
vt 0.623806 0.812685
vt 0.610176 0.851714
vt 0.586975 0.863473
vt 0.622037 0.839972
vt 0.621522 0.850373
vt 0.610216 0.840139
vt 0.624979 0.860937
vt 0.619241 0.884246
vt 0.634152 0.867730
vt 0.639586 0.907670
vt 0.650157 0.901718
vt 0.628378 0.869107
vt 0.631291 0.911832
vt 0.610528 0.832430
vt 0.587225 0.845749
vt 0.621499 0.770410
vt 0.632647 0.773470
vt 0.629538 0.782657
vt 0.664538 0.817167
vt 0.656006 0.820063
vt 0.656978 0.805866
vt 0.686076 0.871108
vt 0.679645 0.881246
vt 0.671878 0.869967
vt 0.672607 0.825318
vt 0.670805 0.811680
vt 0.643756 0.812217
vt 0.660814 0.836061
vt 0.660891 0.829849
vt 0.666776 0.832854
vt 0.673945 0.860696
vt 0.675740 0.852126
vt 0.684722 0.859050
vt 0.650685 0.782339
vt 0.642499 0.792188
vt 0.639055 0.786511
vt 0.596710 0.799715
vt 0.647738 0.821066
vt 0.652257 0.829962
vt 0.650274 0.794844
vt 0.640783 0.800015
vt 0.681493 0.846086
vt 0.674227 0.837358
vt 0.615103 0.886953
vt 0.592756 0.835646
vt 0.595146 0.826498
vt 0.632038 0.798379
vt 0.632786 0.792377
vt 0.630730 0.805372
vt 0.634769 0.762288
vt 0.625712 0.765284
vt 0.666415 0.841094
vt 0.664985 0.824993
vt 0.656986 0.842578
vt 0.663271 0.787198
vt 0.633172 0.814616
vt 0.623103 0.796168
vt 0.672784 0.846050
vt 0.666896 0.850164
vt 0.615520 0.796300
vt 0.609214 0.785664
vt 0.639335 0.780609
vt 0.599850 0.819464
vt 0.625933 0.758168
vt 0.614069 0.754722
vt 0.631081 0.851961
vt 0.630559 0.858623
vt 0.647715 0.760496
vt 0.644420 0.747564
vt 0.615781 0.802964
vt 0.636481 0.860660
vt 0.654012 0.892139
vt 0.657439 0.889313
vt 0.645348 0.773207
vt 0.622244 0.787826
vt 0.618180 0.777745
vt 0.605892 0.758241
vt 0.631595 0.743636
vt 0.608956 0.794376
vt 0.623127 0.752706
vt 0.608729 0.742457
vt 0.669394 0.801190
vt 0.609670 0.773673
vt 0.621367 0.729825
vt 0.943447 0.800845
vt 0.934831 0.808186
vt 0.937400 0.791245
vt 0.938220 0.764452
vt 0.926892 0.775509
vt 0.930447 0.758506
vt 0.923235 0.817708
vt 0.933024 0.822441
vt 0.920685 0.834408
vt 0.937401 0.859238
vt 0.921756 0.847945
vt 0.929592 0.843159
vt 0.931697 0.747615
vt 0.920632 0.746755
vt 0.845589 0.860523
vt 0.850649 0.842444
vt 0.858907 0.849094
vt 0.780584 0.838903
vt 0.795967 0.836722
vt 0.778755 0.855946
vt 0.901285 0.757131
vt 0.910813 0.753079
vt 0.912134 0.763128
vt 0.948516 0.778054
vt 0.951425 0.792439
vt 0.970504 0.827309
vt 0.959420 0.848291
vt 0.947161 0.828186
vt 0.933181 0.834129
vt 0.831882 0.874934
vt 0.828325 0.857508
vt 0.970373 0.810646
vt 0.956760 0.814411
vt 0.899290 0.868023
vt 0.903172 0.888512
vt 0.888057 0.879960
vt 0.912133 0.870245
vt 0.925947 0.874738
vt 0.912037 0.878535
vt 0.807201 0.857433
vt 0.820305 0.871059
vt 0.791348 0.867728
vt 0.837343 0.842324
vt 0.846241 0.831187
vt 0.924703 0.803194
vt 0.926611 0.788836
vt 0.806966 0.878787
vt 0.880507 0.869887
vt 0.889102 0.859468
vt 0.944874 0.812227
vt 0.901063 0.778256
vt 0.896027 0.768258
vt 0.939424 0.774588
vt 0.861765 0.831272
vt 0.868348 0.842867
vt 0.806537 0.818890
vt 0.818827 0.838825
vt 0.797566 0.894642
vt 0.789171 0.880101
vt 0.915575 0.791480
vt 0.912947 0.779160
vt 0.915658 0.859650
vt 0.840054 0.809065
vt 0.831982 0.823569
vt 0.831677 0.809772
vt 0.823939 0.798032
vt 0.841439 0.794340
vt 0.916615 0.801136
vt 0.824322 0.813950
vt 0.879812 0.854257
vt 0.902873 0.852393
vt 0.896412 0.856536
vt 0.900878 0.800402
vt 0.914462 0.813242
vt 0.904659 0.823875
vt 0.907389 0.808871
vt 0.768216 0.813446
vt 0.793222 0.798986
vt 0.876783 0.882632
vt 0.885889 0.891049
vt 0.863387 0.881400
vt 0.819770 0.886371
vt 0.953149 0.802566
vt 0.896616 0.821175
vt 0.888105 0.785758
vt 0.891307 0.756603
vt 0.962303 0.796669
vt 0.884158 0.770530
vt 0.940320 0.842257
vt 0.960526 0.805288
vt 0.875976 0.844500
vt 0.868424 0.853437
vt 0.867023 0.866544
vt 0.859147 0.861089
vt 0.853989 0.872969
vt 0.841791 0.878069
vt 0.846714 0.887885
vt 0.829938 0.894861
vt 0.854566 0.895660
vt 0.815661 0.900164
vt 0.839244 0.903297
vt 0.872101 0.777081
vt 0.873831 0.787922
vt 0.861663 0.789718
vt 0.869576 0.892849
vt 0.892902 0.847425
vt 0.877680 0.812072
vt 0.876382 0.800234
vt 0.887276 0.802353
vt 0.808489 0.896106
vt 0.850159 0.800865
vt 0.865854 0.812910
vt 0.858106 0.803700
vt 0.866176 0.798428
vt 0.905539 0.837744
vt 0.912196 0.846149
vt 0.895930 0.791185
vt 0.901895 0.786920
vt 0.880242 0.749029
vt 0.886026 0.818992
vt 0.860964 0.775550
vt 0.852211 0.784500
vt 0.873673 0.822573
vt 0.875688 0.833540
vt 0.850165 0.816070
vt 0.912302 0.825911
vt 0.896285 0.833978
vt 0.886095 0.837070
vt 0.845549 0.768774
vt 0.950743 0.527057
vt 0.945970 0.545140
vt 0.945768 0.528214
vt 0.950309 0.388827
vt 0.955215 0.404470
vt 0.946188 0.400740
vt 0.968249 0.501355
vt 0.972499 0.493759
vt 0.982647 0.501514
vt 0.973548 0.466755
vt 0.969911 0.460772
vt 0.980974 0.459513
vt 0.940945 0.510658
vt 0.933582 0.528009
vt 0.929874 0.511240
vt 0.953882 0.452078
vt 0.955208 0.463483
vt 0.948025 0.458903
vt 0.976297 0.450766
vt 0.969636 0.453434
vt 0.972397 0.448812
vt 0.967455 0.445285
vt 0.941238 0.488090
vt 0.933731 0.497104
vt 0.934784 0.485435
vt 0.942323 0.396959
vt 0.937499 0.396025
vt 0.940629 0.388448
vt 0.949075 0.464613
vt 0.945927 0.467759
vt 0.955082 0.495038
vt 0.949837 0.505329
vt 0.947115 0.499994
vt 0.973019 0.514509
vt 0.979589 0.519026
vt 0.974986 0.530008
vt 0.948859 0.409701
vt 0.942386 0.406063
vt 0.939846 0.447271
vt 0.936549 0.431470
vt 0.941379 0.436263
vt 0.963154 0.423980
vt 0.967621 0.412281
vt 0.970005 0.423654
vt 0.960982 0.456015
vt 0.963467 0.464287
vt 0.961774 0.394100
vt 0.971263 0.400324
vt 0.963338 0.402442
vt 0.929866 0.396403
vt 0.936895 0.402315
vt 0.964534 0.493507
vt 0.979252 0.443662
vt 0.972960 0.443176
vt 0.946089 0.517718
vt 0.944998 0.501860
vt 0.945280 0.494907
vt 0.952296 0.421144
vt 0.950214 0.428402
vt 0.946415 0.424814
vt 0.965811 0.436004
vt 0.972714 0.432296
vt 0.957391 0.414433
vt 0.956753 0.527739
vt 0.954788 0.542409
vt 0.960117 0.439052
vt 0.953706 0.439602
vt 0.953402 0.434281
vt 0.926897 0.398849
vt 0.929479 0.405903
vt 0.981643 0.433659
vt 0.945185 0.441358
vt 0.951311 0.443862
vt 0.946663 0.447421
vt 0.958216 0.514346
vt 0.952032 0.519257
vt 0.952701 0.511625
vt 0.965446 0.519870
vt 0.957296 0.430451
vt 0.982647 0.424376
vt 0.975425 0.423362
vt 0.980860 0.414181
vt 0.944431 0.453234
vt 0.940540 0.465513
vt 0.970367 0.508019
vt 0.959596 0.474303
vt 0.957390 0.484960
vt 0.953623 0.482208
vt 0.957767 0.399013
vt 0.968102 0.541006
vt 0.947035 0.433643
vt 0.972137 0.486801
vt 0.963061 0.484851
vt 0.959605 0.447072
vt 0.970136 0.475222
vt 0.937324 0.411245
vt 0.944405 0.417117
vt 0.967548 0.467847
vt 0.964791 0.508192
vt 0.958794 0.504067
vt 0.958165 0.451412
vt 0.951970 0.471885
vt 0.954546 0.476609
vt 0.940341 0.429907
vt 0.942054 0.424553
vt 0.929871 0.438800
vt 0.932898 0.420624
vt 0.948273 0.485545
vt 0.953037 0.488679
vt 0.944196 0.477484
vt 0.938727 0.421556
vt 0.948781 0.470727
vt 0.931855 0.465346
vt 0.950999 0.467033
vt 0.921611 0.419170
vt 0.918731 0.445665
vt 0.950489 0.477751
vt 0.901841 0.406407
vt 0.918339 0.402742
vt 0.982261 0.470770
vt 0.925593 0.460229
vt 0.913010 0.499710
vt 0.979776 0.403241
vt 0.931684 0.479374
vt 0.938832 0.503265
vt 0.948856 0.452284
vt 0.976601 0.479837
vt 0.895107 0.458649
vt 0.959358 0.551741
vt 0.258361 0.812241
vt 0.259113 0.824683
vt 0.245724 0.811168
vt 0.217593 0.751796
vt 0.224608 0.722836
vt 0.269000 0.783940
vt 0.310256 0.838582
vt 0.279792 0.822393
vt 0.293265 0.824778
vt 0.234755 0.777087
vt 0.232600 0.785120
vt 0.224754 0.770234
vt 0.245781 0.789724
vt 0.261174 0.802669
vt 0.246901 0.799646
vt 0.215317 0.780579
vt 0.203217 0.769689
vt 0.206170 0.756716
vt 0.197534 0.732442
vt 0.200025 0.743177
vt 0.221681 0.799497
vt 0.210307 0.787888
vt 0.223989 0.796282
vt 0.215477 0.804656
vt 0.218611 0.818781
vt 0.208019 0.814687
vt 0.329708 0.835473
vt 0.193724 0.832620
vt 0.196209 0.821077
vt 0.202935 0.829421
vt 0.220101 0.779900
vt 0.225457 0.794689
vt 0.179835 0.753688
vt 0.190283 0.746939
vt 0.191250 0.764593
vt 0.175192 0.816070
vt 0.184823 0.825702
vt 0.171709 0.832713
vt 0.213266 0.763578
vt 0.198154 0.780746
vt 0.202692 0.798704
vt 0.194304 0.792212
vt 0.197415 0.811219
vt 0.228727 0.817329
vt 0.228213 0.825531
vt 0.222580 0.833342
vt 0.225579 0.854522
vt 0.211973 0.840909
vt 0.136887 0.822210
vt 0.145987 0.806375
vt 0.156489 0.824086
vt 0.295252 0.842292
vt 0.288582 0.849943
vt 0.276727 0.835244
vt 0.174296 0.783790
vt 0.185645 0.774722
vt 0.183369 0.785237
vt 0.181123 0.850587
vt 0.178638 0.862403
vt 0.168062 0.850189
vt 0.155228 0.796224
vt 0.161882 0.807865
vt 0.146428 0.788441
vt 0.137957 0.794667
vt 0.175692 0.802552
vt 0.136276 0.779214
vt 0.128078 0.791555
vt 0.172931 0.766923
vt 0.160179 0.780670
vt 0.158732 0.762763
vt 0.165040 0.749275
vt 0.124634 0.772041
vt 0.116554 0.786818
vt 0.158921 0.838427
vt 0.183565 0.840473
vt 0.189577 0.854962
vt 0.148768 0.749872
vt 0.143637 0.731655
vt 0.132725 0.735569
vt 0.190235 0.804119
vt 0.189036 0.815454
vt 0.231216 0.796551
vt 0.199012 0.845613
vt 0.258582 0.841793
vt 0.248230 0.842202
vt 0.248362 0.830801
vt 0.263708 0.838719
vt 0.246343 0.822609
vt 0.176232 0.793784
vt 0.172205 0.792074
vt 0.185352 0.793743
vt 0.191117 0.784887
vt 0.153657 0.730233
vt 0.190385 0.727629
vt 0.096033 0.767526
vt 0.112224 0.768368
vt 0.105906 0.782072
vt 0.233223 0.833736
vt 0.236230 0.829215
vt 0.148204 0.769786
vt 0.167248 0.794794
vt 0.134917 0.760762
vt 0.268898 0.846501
vt 0.242225 0.854629
vt 0.253302 0.852592
vt 0.151349 0.851727
vt 0.234384 0.807848
vt 0.232106 0.810620
vt 0.212448 0.826764
vt 0.172553 0.734066
vt 0.159125 0.717273
vt 0.201755 0.862334
vt 0.268579 0.821179
vt 0.145867 0.836794
vt 0.131666 0.805664
vt 0.234376 0.843407
vt 0.182606 0.764183
vt 0.211757 0.857540
vt 0.105835 0.809022
vt 0.119750 0.745423
vt 0.180946 0.721773
vt 0.107313 0.753205
vt 0.207720 0.731160
vt 0.131180 0.842820
vt 0.173607 0.715806
vt 0.184248 0.704753
vt 0.263487 0.852798
vt 0.349927 0.792704
vt 0.192625 0.714261
vt 0.216045 0.728160
vt 0.122453 0.829536
vt 0.138036 0.856106
vt 0.209662 0.717078
vt 0.213145 0.709469
vt 0.140516 0.248716
vt 0.146237 0.255064
vt 0.136880 0.250007
vt 0.134337 0.233775
vt 0.129533 0.240482
vt 0.124794 0.226329
vt 0.147087 0.237207
vt 0.138086 0.242489
vt 0.120655 0.239229
vt 0.113100 0.239426
vt 0.114251 0.231965
vt 0.135711 0.225051
vt 0.088271 0.147717
vt 0.092520 0.157922
vt 0.085652 0.156998
vt 0.146009 0.246409
vt 0.146309 0.218999
vt 0.120771 0.232441
vt 0.116612 0.198271
vt 0.121294 0.205255
vt 0.121120 0.211763
vt 0.125713 0.204037
vt 0.132889 0.213482
vt 0.106293 0.191068
vt 0.107841 0.204855
vt 0.093503 0.183281
vt 0.086593 0.173569
vt 0.091172 0.171834
vt 0.101233 0.172060
vt 0.101552 0.160447
vt 0.110196 0.172089
vt 0.095648 0.167024
vt 0.089279 0.164595
vt 0.109484 0.223936
vt 0.109046 0.228454
vt 0.097169 0.175015
vt 0.103352 0.179918
vt 0.118069 0.192560
vt 0.114827 0.185881
vt 0.115935 0.226313
vt 0.084724 0.166222
vt 0.098510 0.195478
vt 0.128076 0.220023
vt 0.113437 0.217780
vt 0.098994 0.204636
vt 0.102544 0.214495
vt 0.080573 0.148428
vt 0.097551 0.149156
vt 0.092486 0.136790
vt 0.125895 0.264296
vt 0.129284 0.276002
vt 0.110298 0.263159
vt 0.131240 0.250381
vt 0.125157 0.251496
vt 0.126160 0.246258
vt 0.117961 0.252856
vt 0.122024 0.257894
vt 0.110590 0.247940
vt 0.099027 0.247372
vt 0.105217 0.237494
vt 0.103164 0.227056
vt 0.108774 0.232160
vt 0.135817 0.254429
vt 0.095473 0.234502
vt 0.093915 0.218951
vt 0.132302 0.257579
vt 0.079624 0.241902
vt 0.086330 0.226832
vt 0.116064 0.280443
vt 0.096134 0.226335
vt 0.120139 0.245685
vt 0.091169 0.208223
vt 0.080202 0.214997
vt 0.125185 0.191730
vt 0.139317 0.184315
vt 0.138546 0.200704
vt 0.150856 0.186784
vt 0.078237 0.157647
vt 0.125564 0.174088
vt 0.103590 0.151115
vt 0.148190 0.176686
vt 0.089371 0.287300
vt 0.086976 0.271233
vt 0.096713 0.257905
vt 0.089422 0.259074
vt 0.115150 0.157098
vt 0.086822 0.251733
vt 0.140402 0.172477
vt 0.147873 0.164959
vt 0.105860 0.140570
vt 0.132944 0.157669
vt 0.121483 0.141918
vt 0.135744 0.140637
vt 0.139907 0.258250
vt 0.126467 0.131740
vt 0.115012 0.128095
vt 0.100011 0.125233
vt 0.084110 0.116687
vt 0.141828 0.131605
vt 0.143699 0.139791
vt 0.144758 0.150581
vt 0.146191 0.133540
vt 0.146845 0.137961
vt 0.149194 0.134014
vt 0.081258 0.190213
vt 0.082358 0.179909
vt 0.088878 0.191637
vt 0.062359 0.147218
vt 0.069668 0.154239
vt 0.061631 0.157960
vt 0.080948 0.135760
vt 0.074090 0.123957
vt 0.064755 0.129585
vt 0.070012 0.127298
vt 0.069970 0.136390
vt 0.075692 0.135025
vt 0.075787 0.195211
vt 0.080311 0.203726
vt 0.073599 0.202658
vt 0.073733 0.147293
vt 0.076546 0.141415
vt 0.065204 0.122534
vt 0.069516 0.122074
vt 0.093901 0.199641
vt 0.073364 0.184683
vt 0.067467 0.143807
vt 0.079809 0.168920
vt 0.062158 0.136114
vt 0.085588 0.199182
vt 0.065841 0.183442
vt 0.067536 0.173891
vt 0.073884 0.172061
vt 0.067450 0.164434
vt 0.074466 0.162391
vt 0.063968 0.208952
vt 0.070013 0.228140
vt 0.084280 0.206325
vt 0.080336 0.223145
vt 0.062333 0.193642
vt 0.180737 0.048112
vt 0.176338 0.062548
vt 0.165705 0.053397
vt 0.191367 0.066208
vt 0.185068 0.057515
vt 0.193727 0.052271
vt 0.203462 0.073680
vt 0.191666 0.079824
vt 0.221635 0.003532
vt 0.213421 0.017109
vt 0.209875 0.005963
vt 0.185036 0.101275
vt 0.195985 0.095627
vt 0.192873 0.102771
vt 0.151356 0.085794
vt 0.162026 0.090833
vt 0.158783 0.103075
vt 0.197298 0.028336
vt 0.203361 0.034687
vt 0.192788 0.040714
vt 0.201852 0.012176
vt 0.202674 0.004586
vt 0.200365 0.089080
vt 0.203586 0.094592
vt 0.200066 0.043565
vt 0.192914 0.089666
vt 0.235892 0.032358
vt 0.233688 0.023040
vt 0.238371 0.023505
vt 0.207241 0.097423
vt 0.207091 0.087412
vt 0.171953 0.096845
vt 0.181436 0.075003
vt 0.210661 0.066276
vt 0.206667 0.058346
vt 0.176255 0.124623
vt 0.200682 0.100895
vt 0.198542 0.083513
vt 0.204156 0.082415
vt 0.208943 0.039942
vt 0.182894 0.087374
vt 0.226007 0.028082
vt 0.225334 0.037066
vt 0.218831 0.036172
vt 0.216564 0.070462
vt 0.209654 0.079411
vt 0.186173 0.032165
vt 0.223852 0.076253
vt 0.215628 0.081433
vt 0.189390 0.115220
vt 0.165334 0.076425
vt 0.155595 0.071481
vt 0.163404 0.070193
vt 0.204834 0.048613
vt 0.160633 0.082043
vt 0.170599 0.071088
vt 0.164422 0.063388
vt 0.215394 0.061736
vt 0.228261 0.043198
vt 0.185491 0.017729
vt 0.193884 0.022325
vt 0.167155 0.085750
vt 0.173290 0.082193
vt 0.236682 0.041506
vt 0.221582 0.052474
vt 0.216256 0.045346
vt 0.251881 0.061459
vt 0.240040 0.055262
vt 0.247138 0.050681
vt 0.242667 0.067066
vt 0.238328 0.062131
vt 0.245717 0.026578
vt 0.214363 0.028368
vt 0.224254 0.016413
vt 0.253086 0.051611
vt 0.252845 0.045264
vt 0.259593 0.042793
vt 0.230610 0.019251
vt 0.205996 0.025683
vt 0.197214 0.023062
vt 0.196636 0.013002
vt 0.202267 0.018525
vt 0.228428 0.067334
vt 0.269074 0.037823
vt 0.264838 0.054945
vt 0.230530 0.074284
vt 0.235195 0.069311
vt 0.079446 0.054799
vt 0.070381 0.056562
vt 0.074527 0.049060
vt 0.075279 0.061828
vt 0.088104 0.058182
vt 0.084493 0.062909
vt 0.178932 0.006240
vt 0.192021 0.001299
vt 0.149675 0.013027
vt 0.167225 0.010786
vt 0.169812 0.017914
vt 0.159508 0.006220
vt 0.090319 0.066871
vt 0.100073 0.056845
vt 0.106890 0.067113
vt 0.232198 0.059255
vt 0.115450 0.056595
vt 0.112449 0.049543
vt 0.088870 0.049609
vt 0.099816 0.045614
vt 0.255446 0.037959
vt 0.248970 0.041453
vt 0.131437 0.108789
vt 0.106639 0.123451
vt 0.128024 0.093998
vt 0.142063 0.073805
vt 0.137830 0.081744
vt 0.139128 0.092602
vt 0.145380 0.100228
vt 0.142829 0.083218
vt 0.107843 0.083071
vt 0.102714 0.074149
vt 0.119535 0.082685
vt 0.133087 0.064668
vt 0.133619 0.077071
vt 0.105993 0.100267
vt 0.118517 0.064990
vt 0.087241 0.076158
vt 0.142844 0.113377
vt 0.154660 0.118723
vt 0.154009 0.129341
vt 0.128998 0.126729
vt 0.144072 0.129080
vt 0.173019 0.027975
vt 0.175589 0.037685
vt 0.166418 0.035713
vt 0.168506 0.043476
vt 0.159435 0.029915
vt 0.155235 0.022633
vt 0.161999 0.047245
vt 0.158786 0.042112
vt 0.139757 0.048487
vt 0.146760 0.039460
vt 0.153636 0.051657
vt 0.155343 0.034794
vt 0.142711 0.027126
vt 0.146725 0.061633
vt 0.138237 0.055407
vt 0.144947 0.053937
vt 0.120664 0.036318
vt 0.141936 0.052575
vt 0.127134 0.055575
vt 0.156876 0.059868
vt 0.243382 0.037793
vt 0.250693 0.033571
vt 0.240261 0.046527
vt 0.231003 0.053280
vt 0.233434 0.046697
vt 0.229237 0.048919
vt 0.223873 0.059483
vt 0.907534 0.620301
vt 0.895298 0.620837
vt 0.896044 0.612982
vt 0.904213 0.509284
vt 0.893934 0.523733
vt 0.888325 0.511054
vt 0.883216 0.525792
vt 0.872864 0.492082
vt 0.876160 0.497084
vt 0.870402 0.497047
vt 0.864730 0.503943
vt 0.871455 0.508429
vt 0.863981 0.512168
vt 0.876391 0.515132
vt 0.879166 0.507067
vt 0.872677 0.502653
vt 0.866230 0.499306
vt 0.864808 0.467610
vt 0.869053 0.472736
vt 0.864019 0.477856
vt 0.858227 0.491704
vt 0.865610 0.489296
vt 0.865277 0.494484
vt 0.868585 0.482457
vt 0.871476 0.486657
vt 0.846406 0.475008
vt 0.831120 0.478625
vt 0.835948 0.469584
vt 0.841577 0.482571
vt 0.840684 0.490186
vt 0.837406 0.485156
vt 0.857767 0.521890
vt 0.873596 0.524977
vt 0.865378 0.533210
vt 0.874917 0.534707
vt 0.883583 0.534786
vt 0.869574 0.563347
vt 0.857850 0.551570
vt 0.872710 0.554910
vt 0.870525 0.544705
vt 0.881785 0.544591
vt 0.881649 0.551492
vt 0.873185 0.568815
vt 0.874170 0.572952
vt 0.871202 0.573600
vt 0.912991 0.553903
vt 0.922239 0.556521
vt 0.915613 0.563783
vt 0.934234 0.530754
vt 0.943267 0.546778
vt 0.880964 0.575139
vt 0.875079 0.581349
vt 0.876520 0.576183
vt 0.907869 0.568700
vt 0.911543 0.574039
vt 0.907261 0.574808
vt 0.903800 0.579473
vt 0.904950 0.573065
vt 0.901336 0.565956
vt 0.896148 0.567989
vt 0.897123 0.563980
vt 0.888593 0.546927
vt 0.891340 0.553544
vt 0.890197 0.567900
vt 0.893999 0.560402
vt 0.902507 0.553063
vt 0.898158 0.546050
vt 0.911935 0.543748
vt 0.904932 0.560412
vt 0.881522 0.561794
vt 0.907570 0.599318
vt 0.911414 0.596171
vt 0.911621 0.608847
vt 0.921239 0.581098
vt 0.916599 0.583352
vt 0.914296 0.579255
vt 0.913975 0.583603
vt 0.911433 0.586019
vt 0.910471 0.582930
vt 0.915244 0.570552
vt 0.919138 0.548828
vt 0.873295 0.576006
vt 0.870136 0.580851
vt 0.912409 0.591143
vt 0.909462 0.592022
vt 0.907715 0.587409
vt 0.902806 0.609345
vt 0.893977 0.606218
vt 0.901583 0.604387
vt 0.906983 0.613405
vt 0.886273 0.574292
vt 0.883452 0.569108
vt 0.911605 0.615562
vt 0.919197 0.575684
vt 0.896740 0.577923
vt 0.892169 0.581121
vt 0.892919 0.573381
vt 0.909104 0.577775
vt 0.891057 0.600434
vt 0.873438 0.597015
vt 0.877977 0.588153
vt 0.882253 0.593985
vt 0.879467 0.569551
vt 0.937877 0.565509
vt 0.948349 0.585926
vt 0.926142 0.570602
vt 0.889479 0.590216
vt 0.886275 0.582723
vt 0.897988 0.599662
vt 0.895895 0.593147
vt 0.899969 0.597787
vt 0.900859 0.570676
vt 0.899737 0.585191
vt 0.901421 0.576427
vt 0.902658 0.600268
vt 0.905371 0.537012
vt 0.901860 0.593195
vt 0.879624 0.539542
vt 0.930741 0.582390
vt 0.913315 0.587535
vt 0.897567 0.602025
vt 0.907292 0.591234
vt 0.906814 0.596370
vt 0.893611 0.538232
vt 0.853749 0.481742
vt 0.849074 0.486504
vt 0.856582 0.503944
vt 0.859708 0.484503
vt 0.858115 0.477795
vt 0.845229 0.494951
vt 0.848963 0.502345
vt 0.852564 0.495684
vt 0.898614 0.499061
vt 0.905874 0.583408
vt 0.894900 0.585284
vt 0.878908 0.602348
vt 0.884033 0.608325
vt 0.950748 0.559625
vt 0.956384 0.571793
vt 0.904935 0.587505
vt 0.882148 0.579759
vt 0.895037 0.625969
vt 0.902920 0.626951
vt 0.907567 0.629751
vt 0.903734 0.633064
vt 0.859557 0.497920
vt 0.851234 0.510690
vt 0.891128 0.530820
vt 0.902582 0.528764
vt 0.911856 0.533488
vt 0.885012 0.541674
vt 0.857833 0.469994
vt 0.854952 0.460071
vt 0.885981 0.496927
vt 0.830605 0.460800
vt 0.843658 0.449831
vt 0.923929 0.563733
vt 0.911375 0.516055
vt 0.398559 0.771208
vt 0.417588 0.788085
vt 0.398398 0.791578
vt 0.529749 0.740716
vt 0.536818 0.757284
vt 0.526345 0.767369
vt 0.447330 0.714068
vt 0.438316 0.716023
vt 0.441450 0.702744
vt 0.560369 0.778042
vt 0.568240 0.759938
vt 0.565191 0.784370
vt 0.501426 0.769821
vt 0.506899 0.782744
vt 0.493891 0.786154
vt 0.529879 0.826690
vt 0.519359 0.833570
vt 0.530476 0.807534
vt 0.510646 0.811416
vt 0.516763 0.811843
vt 0.509552 0.828991
vt 0.500370 0.794110
vt 0.426743 0.713663
vt 0.423113 0.695846
vt 0.412698 0.714037
vt 0.410105 0.703107
vt 0.403203 0.701570
vt 0.400343 0.716472
vt 0.394043 0.712023
vt 0.492868 0.752489
vt 0.513289 0.756650
vt 0.444831 0.722292
vt 0.452629 0.722506
vt 0.446547 0.736457
vt 0.506381 0.858883
vt 0.526627 0.842602
vt 0.502965 0.820803
vt 0.433274 0.726948
vt 0.522467 0.809907
vt 0.492675 0.816499
vt 0.500631 0.807233
vt 0.391381 0.727494
vt 0.497710 0.830488
vt 0.413655 0.732739
vt 0.395284 0.732622
vt 0.468362 0.784295
vt 0.471969 0.763161
vt 0.484065 0.775571
vt 0.495353 0.849849
vt 0.526168 0.781529
vt 0.533973 0.779283
vt 0.520340 0.797029
vt 0.397930 0.740972
vt 0.405700 0.752046
vt 0.485302 0.837489
vt 0.515811 0.742160
vt 0.544651 0.753752
vt 0.479819 0.800802
vt 0.492544 0.801491
vt 0.403356 0.727333
vt 0.558260 0.798353
vt 0.549884 0.794814
vt 0.454701 0.782151
vt 0.439201 0.772723
vt 0.457023 0.766536
vt 0.551491 0.757164
vt 0.544405 0.788958
vt 0.540667 0.785071
vt 0.518772 0.782569
vt 0.509951 0.795809
vt 0.581658 0.775722
vt 0.399461 0.812444
vt 0.408693 0.802032
vt 0.419157 0.814974
vt 0.506496 0.746037
vt 0.419042 0.763702
vt 0.532587 0.848055
vt 0.534931 0.824428
vt 0.545989 0.836239
vt 0.450727 0.820481
vt 0.440728 0.799763
vt 0.457629 0.800519
vt 0.428673 0.740521
vt 0.441103 0.857459
vt 0.435393 0.827387
vt 0.386024 0.741981
vt 0.503065 0.729522
vt 0.484921 0.728737
vt 0.490300 0.708907
vt 0.535072 0.806974
vt 0.418344 0.748187
vt 0.427116 0.752188
vt 0.468318 0.704299
vt 0.464842 0.725817
vt 0.462120 0.710211
vt 0.446350 0.755848
vt 0.461621 0.748428
vt 0.434152 0.758793
vt 0.437232 0.748464
vt 0.463302 0.773779
vt 0.455149 0.848733
vt 0.455318 0.712534
vt 0.467398 0.801012
vt 0.514443 0.772067
vt 0.418949 0.680022
vt 0.429885 0.676632
vt 0.411885 0.690875
vt 0.539875 0.743006
vt 0.466768 0.820616
vt 0.559541 0.758135
vt 0.554897 0.779298
vt 0.383595 0.767301
vt 0.375853 0.773064
vt 0.374402 0.766242
vt 0.475642 0.744771
vt 0.449947 0.687079
vt 0.456486 0.700216
vt 0.398341 0.700380
vt 0.470039 0.862338
vt 0.393016 0.754705
vt 0.385036 0.753829
vt 0.404357 0.687205
vt 0.415407 0.663781
vt 0.409212 0.670425
vt 0.409713 0.661905
vt 0.477757 0.682897
vt 0.477681 0.711460
vt 0.507468 0.701641
vt 0.559979 0.819633
vt 0.380174 0.782668
vt 0.385439 0.800291
vt 0.421971 0.668047
vt 0.422184 0.652877
vt 0.437517 0.657387
vt 0.437239 0.685692
vt 0.405894 0.836830
vt 0.362125 0.779777
vt 0.422094 0.847759
vt 0.413653 0.655903
vt 0.368636 0.796485
vt 0.414667 0.672739
vt 0.589081 0.835700
vt 0.463634 0.684757
vt 0.454993 0.671171
vt 0.410849 0.679554
vt 0.405392 0.675763
vt 0.376673 0.807321
vt 0.518381 0.730968
vt 0.390231 0.829363
vt 0.380581 0.817397
vt 0.516717 0.716651
vt 0.493709 0.688870
vt 0.443103 0.671631
vt 0.523194 0.720416
vt 0.163212 0.495770
vt 0.177202 0.502553
vt 0.168503 0.507719
vt 0.207352 0.653264
vt 0.198439 0.662082
vt 0.186963 0.653384
vt 0.166250 0.482969
vt 0.178720 0.493703
vt 0.155819 0.648408
vt 0.163373 0.639170
vt 0.170590 0.646969
vt 0.154887 0.477984
vt 0.149421 0.480250
vt 0.150700 0.471362
vt 0.182204 0.511497
vt 0.164233 0.514585
vt 0.157715 0.512079
vt 0.160452 0.628878
vt 0.164013 0.618391
vt 0.173054 0.629199
vt 0.154728 0.659561
vt 0.142062 0.665385
vt 0.146786 0.652947
vt 0.177932 0.483855
vt 0.160446 0.471298
vt 0.175158 0.514535
vt 0.191107 0.504547
vt 0.195251 0.620512
vt 0.218152 0.617206
vt 0.219515 0.625307
vt 0.171221 0.472939
vt 0.210388 0.488297
vt 0.198199 0.475813
vt 0.215108 0.478837
vt 0.152326 0.621121
vt 0.148453 0.624789
vt 0.150383 0.612856
vt 0.195192 0.644846
vt 0.207134 0.641325
vt 0.152891 0.608556
vt 0.155720 0.615234
vt 0.137083 0.609105
vt 0.142051 0.606834
vt 0.139932 0.613311
vt 0.155039 0.604785
vt 0.155736 0.600728
vt 0.157146 0.606787
vt 0.152910 0.630165
vt 0.153380 0.640097
vt 0.195014 0.492068
vt 0.159968 0.670600
vt 0.149406 0.671510
vt 0.174733 0.636028
vt 0.191231 0.633124
vt 0.185270 0.476417
vt 0.156776 0.459558
vt 0.167864 0.462886
vt 0.192314 0.512889
vt 0.202525 0.509546
vt 0.201533 0.518874
vt 0.174224 0.520690
vt 0.145421 0.524826
vt 0.147109 0.633501
vt 0.144745 0.642483
vt 0.141907 0.635147
vt 0.200617 0.500271
vt 0.175980 0.458173
vt 0.183531 0.465209
vt 0.176387 0.465503
vt 0.184929 0.541632
vt 0.236032 0.563939
vt 0.155815 0.584415
vt 0.231241 0.663539
vt 0.200261 0.669202
vt 0.126203 0.572775
vt 0.142921 0.588935
vt 0.209824 0.501166
vt 0.174773 0.620102
vt 0.170811 0.611329
vt 0.194508 0.622959
vt 0.135602 0.615622
vt 0.183482 0.517534
vt 0.192761 0.524983
vt 0.207280 0.524698
vt 0.189887 0.517120
vt 0.224018 0.607532
vt 0.188968 0.616399
vt 0.178582 0.645380
vt 0.136449 0.651276
vt 0.157739 0.604609
vt 0.143595 0.623394
vt 0.140563 0.619613
vt 0.145286 0.615248
vt 0.180348 0.675435
vt 0.154018 0.506869
vt 0.143764 0.511899
vt 0.136190 0.623091
vt 0.171191 0.659867
vt 0.167263 0.670279
vt 0.116837 0.661334
vt 0.107619 0.656808
vt 0.119629 0.655761
vt 0.210042 0.514732
vt 0.151395 0.596494
vt 0.224393 0.484550
vt 0.216668 0.534522
vt 0.137723 0.632350
vt 0.131481 0.639243
vt 0.108334 0.536805
vt 0.138381 0.503592
vt 0.146936 0.506362
vt 0.152542 0.596614
vt 0.131417 0.614748
vt 0.131789 0.624888
vt 0.154065 0.599041
vt 0.123723 0.641351
vt 0.128585 0.634017
vt 0.128040 0.657692
vt 0.122419 0.669343
vt 0.124040 0.655009
vt 0.135999 0.510877
vt 0.216079 0.521990
vt 0.122727 0.636985
vt 0.126308 0.629963
vt 0.137064 0.596103
vt 0.131445 0.597004
vt 0.220433 0.495697
vt 0.114159 0.644696
vt 0.224959 0.629566
vt 0.228845 0.633319
vt 0.146454 0.496893
vt 0.139382 0.601396
vt 0.144090 0.600199
vt 0.133489 0.671603
vt 0.123863 0.672644
vt 0.141125 0.622542
vt 0.160348 0.608689
vt 0.142079 0.596070
vt 0.168913 0.640086
vt 0.200559 0.464521
vt 0.225966 0.518722
vt 0.152715 0.603060
vt 0.219506 0.469437
vt 0.226731 0.505095
vt 0.123494 0.648934
vt 0.217774 0.512736
vt 0.127570 0.606840
vt 0.133599 0.606497
vt 0.233553 0.527301
vt 0.155610 0.622208
vt 0.158993 0.680774
vt 0.155573 0.486152
vt 0.145717 0.595357
vt 0.145377 0.601611
vt 0.129434 0.649669
vt 0.191675 0.628623
vt 0.191927 0.688206
vt 0.198027 0.677982
vt 0.147398 0.598805
vt 0.135958 0.496515
vt 0.130628 0.495993
vt 0.122224 0.488863
vt 0.131664 0.491418
vt 0.133154 0.484958
vt 0.141903 0.486996
vt 0.145331 0.606481
vt 0.217096 0.647167
vt 0.124973 0.615822
vt 0.126898 0.622617
vt 0.150374 0.603059
vt 0.149023 0.600444
vt 0.140993 0.477831
vt 0.132093 0.602090
vt 0.858027 0.033078
vt 0.844129 0.032136
vt 0.849718 0.020058
vt 0.924761 0.032423
vt 0.923280 0.039704
vt 0.916609 0.032502
vt 0.967991 0.008276
vt 0.951630 0.025876
vt 0.948614 0.018732
vt 0.837054 0.103589
vt 0.842968 0.102723
vt 0.840876 0.109987
vt 0.922822 0.021908
vt 0.930799 0.028736
vt 0.918453 0.054034
vt 0.912818 0.047540
vt 0.921499 0.046997
vt 0.773387 0.049269
vt 0.775721 0.055527
vt 0.768148 0.086241
vt 0.849197 0.101800
vt 0.810976 0.107669
vt 0.818174 0.089381
vt 0.824772 0.098519
vt 0.785433 0.049902
vt 0.828782 0.112380
vt 0.830342 0.103792
vt 0.830732 0.036877
vt 0.818056 0.049071
vt 0.819239 0.030175
vt 0.864650 0.011354
vt 0.870371 0.053813
vt 0.857577 0.067514
vt 0.858894 0.051390
vt 0.916928 0.039719
vt 0.837628 0.017727
vt 0.874273 0.022297
vt 0.880508 0.000304
vt 0.920859 0.004848
vt 0.904075 0.016212
vt 0.912059 0.000207
vt 0.787982 0.074906
vt 0.778394 0.095506
vt 0.772938 0.088208
vt 0.812867 0.074948
vt 0.817698 0.062770
vt 0.825383 0.073044
vt 0.849553 0.060133
vt 0.843407 0.049381
vt 0.840337 0.068771
vt 0.829450 0.055863
vt 0.874467 0.038342
vt 0.910338 0.038737
vt 0.908860 0.032661
vt 0.834509 0.097792
vt 0.791623 0.063003
vt 0.803228 0.064835
vt 0.889976 0.021844
vt 0.903875 0.044494
vt 0.895102 0.048067
vt 0.894724 0.041922
vt 0.790590 0.088065
vt 0.807830 0.040673
vt 0.782550 0.071916
vt 0.796811 0.051473
vt 0.896318 0.016854
vt 0.898007 0.002046
vt 0.938524 0.034618
vt 0.940878 0.025267
vt 0.946805 0.035345
vt 0.798457 0.043796
vt 0.806236 0.098739
vt 0.902183 0.037508
vt 0.891430 0.035360
vt 0.802001 0.034655
vt 0.844820 0.000207
vt 0.842785 0.095232
vt 0.796943 0.025367
vt 0.833647 0.086549
vt 0.847967 0.082021
vt 0.858937 0.081123
vt 0.780279 0.032467
vt 0.848745 0.111519
vt 0.854632 0.105320
vt 0.854700 0.113993
vt 0.912207 0.023304
vt 0.901491 0.028584
vt 0.807695 0.017341
vt 0.823085 0.004215
vt 0.862163 0.102686
vt 0.859054 0.094916
vt 0.927157 0.010347
vt 0.875306 0.000207
vt 0.807475 0.087294
vt 0.884709 0.047645
vt 0.823043 0.109357
vt 0.867827 0.075483
vt 0.864636 0.072336
vt 0.874825 0.063545
vt 0.764473 0.062680
vt 0.806058 0.078015
vt 0.799141 0.088020
vt 0.864350 0.095342
vt 0.889232 0.062708
vt 0.888281 0.071352
vt 0.880409 0.070174
vt 0.857259 0.121716
vt 0.864332 0.125192
vt 0.853154 0.133418
vt 0.883889 0.078815
vt 0.931808 0.048495
vt 0.932105 0.040577
vt 0.936545 0.051944
vt 0.941474 0.092873
vt 0.934991 0.083145
vt 0.950482 0.073058
vt 0.873900 0.071059
vt 0.874149 0.077895
vt 0.882821 0.087947
vt 0.893020 0.086713
vt 0.915070 0.060819
vt 0.911459 0.054744
vt 0.927407 0.052098
vt 0.851991 0.091938
vt 0.896165 0.054820
vt 0.901434 0.062549
vt 0.869406 0.096138
vt 0.874376 0.087459
vt 0.878665 0.097667
vt 0.878461 0.082698
vt 0.935112 0.075918
vt 0.925161 0.081377
vt 0.927483 0.076743
vt 0.890602 0.097059
vt 0.904840 0.093680
vt 0.918299 0.103736
vt 0.922158 0.090824
vt 0.904406 0.053107
vt 0.930013 0.072728
vt 0.938522 0.064296
vt 0.925029 0.062837
vt 0.920790 0.074477
vt 0.930923 0.154697
vt 0.909970 0.155616
vt 0.918985 0.144084
vt 0.912882 0.137109
vt 0.922653 0.135888
vt 0.935640 0.139756
vt 0.931418 0.129881
vt 0.901488 0.142966
vt 0.944724 0.120842
vt 0.939181 0.109452
vt 0.968168 0.113779
vt 0.961701 0.126890
vt 0.893045 0.137045
vt 0.904208 0.131138
vt 0.920085 0.115688
vt 0.915440 0.123043
vt 0.903924 0.117063
vt 0.969000 0.150159
vt 0.946536 0.131545
vt 0.912835 0.082851
vt 0.886381 0.110038
vt 0.888465 0.126498
vt 0.919564 0.129851
vt 0.927654 0.121590
vt 0.894975 0.154023
vt 0.875611 0.121061
vt 0.882262 0.145238
vt 0.900618 0.104316
vt 0.872570 0.132465
vt 0.895887 0.069329
vt 0.862021 0.136994
vt 0.834170 0.117011
vt 0.930361 0.017261
vt 0.928728 0.022547
vt 0.845506 0.124739
vt 0.838811 0.120822
vt 0.866685 0.086338
vt 0.800825 0.098524
vt 0.912441 0.075770
vt 0.912484 0.067539
vt 0.888135 0.054262
vt 0.894660 0.077591
vt 0.787278 0.099162
vt 0.868292 0.110657
vt 0.904285 0.074603
vt 0.867818 0.143606
vt 0.952283 0.050224
vt 0.955849 0.032545
vt 0.969000 0.036537
vt 0.941686 0.042295
vt 0.901973 0.083974
vt 0.928122 0.046660
vt 0.933606 0.021826
vt 0.908981 0.060211
vt 0.939014 0.014922
vt 0.969000 0.084519
vt 0.968490 0.100449
vt 0.969000 0.069168
vt 0.969000 0.056190
vt 0.794677 0.098310
vt 0.260182 0.528453
vt 0.255823 0.542563
vt 0.249896 0.536024
vt 0.303288 0.522004
vt 0.305057 0.513727
vt 0.312896 0.513203
vt 0.251411 0.620700
vt 0.241111 0.605370
vt 0.260717 0.613820
vt 0.295583 0.682057
vt 0.295503 0.692604
vt 0.288382 0.692928
vt 0.268110 0.485810
vt 0.274388 0.488828
vt 0.270145 0.500536
vt 0.265392 0.600983
vt 0.257619 0.552668
vt 0.245955 0.550263
vt 0.323961 0.655632
vt 0.325915 0.644234
vt 0.331082 0.645069
vt 0.316835 0.670203
vt 0.320943 0.677883
vt 0.312663 0.685624
vt 0.344900 0.637895
vt 0.397788 0.542963
vt 0.387033 0.637726
vt 0.339459 0.552463
vt 0.339802 0.565735
vt 0.337623 0.559402
vt 0.346499 0.572929
vt 0.351547 0.534224
vt 0.320474 0.568872
vt 0.331151 0.565735
vt 0.326453 0.576571
vt 0.308847 0.587720
vt 0.303829 0.580397
vt 0.316221 0.581264
vt 0.290254 0.502354
vt 0.303184 0.496591
vt 0.299235 0.511375
vt 0.288134 0.546986
vt 0.299078 0.533965
vt 0.301990 0.545083
vt 0.282239 0.584166
vt 0.282442 0.597135
vt 0.272786 0.583271
vt 0.308586 0.553223
vt 0.317193 0.556691
vt 0.309621 0.566505
vt 0.314658 0.650281
vt 0.303036 0.651760
vt 0.312696 0.636090
vt 0.304867 0.594281
vt 0.292901 0.586375
vt 0.265080 0.542041
vt 0.311355 0.505097
vt 0.305485 0.504441
vt 0.284504 0.571361
vt 0.328947 0.508530
vt 0.328947 0.526642
vt 0.320105 0.523478
vt 0.261336 0.512428
vt 0.252577 0.522038
vt 0.254262 0.509612
vt 0.255647 0.588574
vt 0.273147 0.562665
vt 0.249530 0.471680
vt 0.253378 0.464703
vt 0.252676 0.474756
vt 0.247445 0.475996
vt 0.248230 0.482908
vt 0.244783 0.485331
vt 0.269969 0.531602
vt 0.270267 0.517808
vt 0.280613 0.526974
vt 0.279477 0.510505
vt 0.262577 0.483160
vt 0.259928 0.476873
vt 0.266957 0.470554
vt 0.323587 0.475990
vt 0.328452 0.491761
vt 0.317623 0.496635
vt 0.279164 0.718809
vt 0.271027 0.731353
vt 0.267279 0.718458
vt 0.249885 0.502721
vt 0.245077 0.497563
vt 0.248726 0.490915
vt 0.314274 0.659921
vt 0.247538 0.691807
vt 0.255615 0.679958
vt 0.260341 0.685314
vt 0.328539 0.659425
vt 0.333640 0.671224
vt 0.261364 0.564048
vt 0.250515 0.563413
vt 0.337368 0.695029
vt 0.318965 0.709251
vt 0.319974 0.692465
vt 0.243486 0.529643
vt 0.297566 0.711760
vt 0.289895 0.718923
vt 0.294545 0.709528
vt 0.274262 0.654085
vt 0.283415 0.647222
vt 0.282059 0.663002
vt 0.309467 0.531424
vt 0.293379 0.526719
vt 0.274732 0.543657
vt 0.288437 0.515729
vt 0.311535 0.481763
vt 0.300788 0.479882
vt 0.330374 0.552332
vt 0.260449 0.497272
vt 0.307746 0.683998
vt 0.305037 0.701057
vt 0.298510 0.698673
vt 0.280215 0.495492
vt 0.280068 0.482554
vt 0.301661 0.715021
vt 0.302612 0.723788
vt 0.296814 0.723352
vt 0.358566 0.580933
vt 0.312622 0.694864
vt 0.266900 0.553540
vt 0.373383 0.550705
vt 0.359839 0.564594
vt 0.365271 0.539320
vt 0.251685 0.576998
vt 0.301454 0.682223
vt 0.256485 0.488789
vt 0.278622 0.706053
vt 0.375943 0.759145
vt 0.336745 0.729040
vt 0.342478 0.507380
vt 0.338693 0.524146
vt 0.311874 0.543048
vt 0.260387 0.727747
vt 0.298467 0.607521
vt 0.240808 0.491030
vt 0.309037 0.670643
vt 0.239932 0.650458
vt 0.238951 0.636125
vt 0.260228 0.642250
vt 0.319816 0.535932
vt 0.300854 0.667803
vt 0.319209 0.608873
vt 0.311222 0.603996
vt 0.316707 0.595457
vt 0.306610 0.710907
vt 0.289702 0.485891
vt 0.257322 0.470913
vt 0.254706 0.725975
vt 0.249495 0.712523
vt 0.259927 0.712648
vt 0.317182 0.547450
vt 0.269359 0.702792
vt 0.278553 0.615286
vt 0.261960 0.627576
vt 0.345664 0.598845
vt 0.336520 0.539666
vt 0.240984 0.561428
vt 0.335879 0.581221
vt 0.307771 0.720526
vt 0.312233 0.703608
vt 0.279099 0.634164
vt 0.279606 0.692885
vt 0.281615 0.725897
vt 0.288686 0.706330
vt 0.246821 0.517112
vt 0.241999 0.512623
vt 0.241799 0.740761
vt 0.274232 0.477608
vt 0.281500 0.466314
vt 0.326577 0.587607
vt 0.330017 0.600943
vt 0.398658 0.664032
vt 0.293099 0.459113
vt 0.241233 0.504604
vt 0.308194 0.659625
vt 0.240845 0.523647
vt 0.266133 0.652976
vt 0.272756 0.645382
vt 0.253075 0.671549
vt 0.248492 0.679953
vt 0.253815 0.481132
vt 0.252584 0.480211
vt 0.312198 0.610608
vt 0.294824 0.640692
vt 0.296772 0.626309
vt 0.331002 0.648504
vt 0.262976 0.575243
vt 0.330810 0.631025
vt 0.320440 0.626980
vt 0.241640 0.575185
vt 0.306857 0.469804
vt 0.339749 0.595075
vt 0.335256 0.611706
vt 0.339166 0.622264
vt 0.288261 0.676931
vt 0.298269 0.564522
vt 0.261755 0.465712
vt 0.259324 0.460586
vt 0.255680 0.659052
vt 0.246442 0.659487
vt 0.272660 0.683733
vt 0.306821 0.509462
vt 0.241162 0.684896
vt 0.258862 0.698683
vt 0.241016 0.543392
vt 0.239410 0.715111
vt 0.237817 0.696908
vt 0.231981 0.589763
vt 0.294219 0.660789
vt 0.291672 0.651239
vt 0.265674 0.668131
vt 0.331730 0.639607
vt 0.325743 0.617813
vt 0.312918 0.618954
vt 0.240256 0.460217
vt 0.247992 0.463308
vt 0.245243 0.469532
vt 0.238249 0.671950
vt 0.242010 0.474687
vt 0.241640 0.518075
vt 0.240294 0.485648
vt 0.231457 0.618144
vt 0.886837 0.253646
vt 0.901051 0.255088
vt 0.894670 0.260474
vt 0.910380 0.324719
vt 0.913287 0.315913
vt 0.917770 0.324492
vt 0.844609 0.283002
vt 0.842836 0.290664
vt 0.838457 0.285722
vt 0.901792 0.280913
vt 0.896921 0.272411
vt 0.903648 0.271791
vt 0.921238 0.234098
vt 0.929467 0.244345
vt 0.921541 0.246848
vt 0.894305 0.279371
vt 0.886930 0.280655
vt 0.890354 0.272164
vt 0.842828 0.296317
vt 0.836976 0.295195
vt 0.832044 0.292205
vt 0.823665 0.308266
vt 0.826192 0.291462
vt 0.899192 0.264956
vt 0.931909 0.290704
vt 0.922885 0.293578
vt 0.925635 0.281433
vt 0.830524 0.286942
vt 0.940632 0.296849
vt 0.951964 0.284672
vt 0.950484 0.305827
vt 0.840149 0.303176
vt 0.902333 0.235040
vt 0.896832 0.231738
vt 0.902591 0.223534
vt 0.908637 0.277686
vt 0.910605 0.287135
vt 0.928296 0.257546
vt 0.940207 0.259926
vt 0.932259 0.272987
vt 0.848556 0.289332
vt 0.915737 0.276138
vt 0.919054 0.285828
vt 0.911155 0.222378
vt 0.909836 0.233358
vt 0.928516 0.337304
vt 0.918121 0.336543
vt 0.921828 0.329546
vt 0.899840 0.292805
vt 0.897391 0.284907
vt 0.914578 0.229581
vt 0.916698 0.237813
vt 0.865721 0.237111
vt 0.866647 0.222467
vt 0.878864 0.225279
vt 0.820930 0.282406
vt 0.908848 0.263279
vt 0.914672 0.264495
vt 0.909714 0.270060
vt 0.854989 0.234174
vt 0.858786 0.220770
vt 0.926710 0.320823
vt 0.922188 0.312432
vt 0.869985 0.337161
vt 0.862336 0.332796
vt 0.869148 0.329531
vt 0.969902 0.240024
vt 0.958915 0.262822
vt 0.949206 0.242236
vt 0.854217 0.329694
vt 0.856967 0.341599
vt 0.856995 0.305581
vt 0.863268 0.299672
vt 0.864127 0.309803
vt 0.862715 0.325742
vt 0.864430 0.315803
vt 0.862610 0.319886
vt 0.858114 0.315524
vt 0.849931 0.311076
vt 0.845324 0.317402
vt 0.852622 0.321100
vt 0.847658 0.324386
vt 0.850292 0.298233
vt 0.858831 0.321791
vt 0.869271 0.321254
vt 0.857015 0.324452
vt 0.860445 0.261821
vt 0.856576 0.253127
vt 0.862732 0.251596
vt 0.849717 0.272228
vt 0.844168 0.273888
vt 0.844839 0.269381
vt 0.852856 0.269261
vt 0.847703 0.265125
vt 0.852554 0.258330
vt 0.851160 0.246149
vt 0.854933 0.266113
vt 0.868464 0.261048
vt 0.867855 0.312866
vt 0.861066 0.269484
vt 0.872362 0.312576
vt 0.858225 0.275201
vt 0.858511 0.243306
vt 0.868798 0.305397
vt 0.865412 0.276348
vt 0.866233 0.268827
vt 0.852338 0.278356
vt 0.856426 0.284592
vt 0.891992 0.222974
vt 0.883505 0.209169
vt 0.921317 0.277572
vt 0.924917 0.301208
vt 0.931042 0.306571
vt 0.940112 0.280877
vt 0.918249 0.223234
vt 0.929827 0.194121
vt 0.947002 0.197683
vt 0.939763 0.220255
vt 0.885205 0.288936
vt 0.879129 0.282626
vt 0.916268 0.304538
vt 0.907449 0.310890
vt 0.909279 0.304770
vt 0.937443 0.315771
vt 0.887976 0.264262
vt 0.893936 0.266294
vt 0.896116 0.209900
vt 0.937605 0.238541
vt 0.907372 0.211501
vt 0.927508 0.227641
vt 0.883984 0.195249
vt 0.963956 0.196760
vt 0.955736 0.216157
vt 0.914681 0.213924
vt 0.922149 0.209339
vt 0.911563 0.333477
vt 0.910459 0.254448
vt 0.917680 0.255479
vt 0.895322 0.242464
vt 0.875646 0.305668
vt 0.879353 0.314672
vt 0.901084 0.191933
vt 0.907722 0.199517
vt 0.902211 0.201646
vt 0.946568 0.325728
vt 0.909049 0.298643
vt 0.913740 0.206633
vt 0.896692 0.199801
vt 0.908701 0.357076
vt 0.917307 0.350740
vt 0.911155 0.367109
vt 0.882588 0.305172
vt 0.878532 0.295752
vt 0.871267 0.296865
vt 0.916178 0.294233
vt 0.892206 0.287473
vt 0.894724 0.193437
vt 0.873254 0.258601
vt 0.876173 0.265060
vt 0.873350 0.288398
vt 0.911640 0.344725
vt 0.881967 0.240935
vt 0.874866 0.251285
vt 0.966626 0.299332
vt 0.967000 0.319271
vt 0.914089 0.196842
vt 0.865546 0.287657
vt 0.944228 0.359658
vt 0.928693 0.372777
vt 0.923489 0.360203
vt 0.914812 0.380413
vt 0.899298 0.378084
vt 0.898405 0.194700
vt 0.868585 0.252686
vt 0.871412 0.281309
vt 0.913656 0.244532
vt 0.873751 0.271377
vt 0.924285 0.378748
vt 0.922689 0.268046
vt 0.882604 0.271131
vt 0.879554 0.261085
vt 0.953655 0.229949
vt 0.889100 0.297162
vt 0.888988 0.232674
vt 0.907716 0.189756
vt 0.895133 0.301553
vt 0.901784 0.304840
vt 0.929627 0.382968
vt 0.959348 0.342053
vt 0.906438 0.339511
vt 0.942226 0.340873
vt 0.895604 0.186491
vt 0.923017 0.256548
vt 0.936990 0.177558
vt 0.918404 0.189548
vt 0.923569 0.178638
vt 0.970397 0.209198
vt 0.961633 0.177558
vt 0.905566 0.243931
vt 0.836916 0.258280
vt 0.827129 0.259915
vt 0.830137 0.249354
vt 0.820789 0.255579
vt 0.903359 0.359364
vt 0.904763 0.349695
vt 0.901216 0.367468
vt 0.875090 0.211974
vt 0.898194 0.358093
vt 0.969493 0.281236
vt 0.904971 0.265574
vt 0.862142 0.280898
vt 0.858221 0.294782
vt 0.850033 0.281935
vt 0.848148 0.277599
vt 0.886046 0.387926
vt 0.887253 0.389465
vt 0.881751 0.393652
vt 0.883723 0.384774
vt 0.891025 0.383074
vt 0.886917 0.376900
vt 0.890523 0.365649
vt 0.893247 0.352858
vt 0.881846 0.370493
vt 0.888092 0.361291
vt 0.886398 0.369099
vt 0.888788 0.373946
vt 0.886700 0.371925
vt 0.879616 0.381518
vt 0.891360 0.374192
vt 0.903466 0.337479
vt 0.903892 0.331078
vt 0.896738 0.337574
vt 0.899846 0.343974
vt 0.901172 0.349799
vt 0.890922 0.345154
vt 0.845327 0.254214
vt 0.840147 0.245538
vt 0.839463 0.268222
vt 0.840107 0.278185
vt 0.837786 0.274556
vt 0.839652 0.272741
vt 0.835059 0.277658
vt 0.830157 0.267017
vt 0.887278 0.338511
vt 0.878408 0.338713
vt 0.884100 0.334438
vt 0.876481 0.362533
vt 0.854952 0.363650
vt 0.875496 0.353297
vt 0.902653 0.320791
vt 0.890748 0.319762
vt 0.899283 0.312871
vt 0.891176 0.308359
vt 0.884854 0.352610
vt 0.882513 0.357837
vt 0.827131 0.275190
vt 0.833707 0.272729
vt 0.868455 0.376731
vt 0.898806 0.390051
vt 0.892097 0.330223
vt 0.820936 0.265858
vt 0.879507 0.328251
vt 0.830762 0.282156
vt 0.882171 0.345735
vt 0.899064 0.362586
vt 0.874541 0.345132
vt 0.864670 0.348712
vt 0.835170 0.216901
vt 0.916014 0.400092
vt 0.892653 0.400092
vt 0.873206 0.341635
vt 0.891912 0.379155
vt 0.846099 0.294540
vt 0.844571 0.309045
vt 0.839785 0.312590
vt 0.844257 0.299555
vt 0.846188 0.304120
vt 0.277466 0.331411
vt 0.258478 0.340886
vt 0.255751 0.325390
vt 0.252327 0.127137
vt 0.261054 0.128730
vt 0.260727 0.139434
vt 0.245060 0.116170
vt 0.234672 0.122106
vt 0.237781 0.113472
vt 0.211534 0.125901
vt 0.211021 0.117935
vt 0.213524 0.120885
vt 0.233640 0.109612
vt 0.241748 0.106131
vt 0.335318 0.182853
vt 0.330436 0.189572
vt 0.324443 0.181501
vt 0.234618 0.347218
vt 0.222292 0.329679
vt 0.240249 0.333078
vt 0.352480 0.288043
vt 0.338490 0.293606
vt 0.346052 0.278339
vt 0.204123 0.378058
vt 0.224009 0.388619
vt 0.206998 0.391255
vt 0.229758 0.103065
vt 0.225101 0.111119
vt 0.183525 0.334433
vt 0.196077 0.332866
vt 0.185650 0.343086
vt 0.307593 0.301494
vt 0.324845 0.302709
vt 0.314086 0.310331
vt 0.242521 0.147815
vt 0.234381 0.139501
vt 0.242324 0.131269
vt 0.238571 0.099991
vt 0.334388 0.175831
vt 0.201540 0.323546
vt 0.190361 0.325773
vt 0.170059 0.335789
vt 0.170823 0.329627
vt 0.179572 0.329646
vt 0.209666 0.139263
vt 0.219649 0.133190
vt 0.217205 0.143080
vt 0.247463 0.098171
vt 0.181105 0.170676
vt 0.194096 0.175916
vt 0.180375 0.179933
vt 0.250688 0.105409
vt 0.259042 0.115461
vt 0.160434 0.318129
vt 0.160202 0.329880
vt 0.279869 0.130802
vt 0.274351 0.117436
vt 0.288668 0.122907
vt 0.182485 0.320763
vt 0.201379 0.309877
vt 0.309882 0.189308
vt 0.315341 0.178835
vt 0.307546 0.179967
vt 0.340244 0.308538
vt 0.236818 0.323755
vt 0.171921 0.164185
vt 0.170683 0.155133
vt 0.180554 0.155021
vt 0.158189 0.148319
vt 0.162114 0.138932
vt 0.172291 0.141106
vt 0.326335 0.312346
vt 0.282809 0.306786
vt 0.264236 0.306056
vt 0.273210 0.295359
vt 0.245139 0.090683
vt 0.203973 0.117618
vt 0.210361 0.110513
vt 0.263853 0.314578
vt 0.171885 0.132498
vt 0.179424 0.133440
vt 0.169987 0.135864
vt 0.231974 0.095492
vt 0.154582 0.302628
vt 0.182572 0.306459
vt 0.326918 0.277983
vt 0.320559 0.291022
vt 0.229288 0.315956
vt 0.212950 0.319398
vt 0.333708 0.230214
vt 0.320479 0.235750
vt 0.320860 0.225527
vt 0.323636 0.212985
vt 0.338476 0.212122
vt 0.336380 0.219725
vt 0.326256 0.199550
vt 0.339711 0.193737
vt 0.254251 0.099779
vt 0.257318 0.106058
vt 0.320639 0.173206
vt 0.329781 0.169661
vt 0.253342 0.087459
vt 0.188895 0.159351
vt 0.185286 0.144134
vt 0.187968 0.188312
vt 0.178275 0.189163
vt 0.168654 0.194098
vt 0.178261 0.198397
vt 0.187690 0.202231
vt 0.197986 0.198328
vt 0.161583 0.200531
vt 0.171633 0.178576
vt 0.163635 0.209783
vt 0.205234 0.183710
vt 0.207308 0.329331
vt 0.205251 0.343494
vt 0.239079 0.300674
vt 0.221400 0.305541
vt 0.260700 0.094626
vt 0.260941 0.103632
vt 0.301335 0.185129
vt 0.365923 0.230034
vt 0.346853 0.237254
vt 0.351693 0.223969
vt 0.368115 0.220569
vt 0.363830 0.216190
vt 0.275052 0.320235
vt 0.244850 0.380753
vt 0.218018 0.363443
vt 0.264017 0.100650
vt 0.187652 0.128359
vt 0.177743 0.127662
vt 0.295340 0.291523
vt 0.311341 0.290896
vt 0.295847 0.191553
vt 0.163782 0.132951
vt 0.207132 0.167154
vt 0.199806 0.147820
vt 0.214327 0.151985
vt 0.214296 0.094557
vt 0.228000 0.132656
vt 0.226097 0.122988
vt 0.248291 0.312552
vt 0.174376 0.325095
vt 0.350166 0.213880
vt 0.300170 0.198655
vt 0.263630 0.154751
vt 0.253950 0.148267
vt 0.194099 0.139152
vt 0.336283 0.204531
vt 0.347375 0.206623
vt 0.186583 0.354967
vt 0.177983 0.352785
vt 0.192090 0.132565
vt 0.295874 0.317046
vt 0.298264 0.329418
vt 0.359711 0.279231
vt 0.199760 0.134701
vt 0.320452 0.192214
vt 0.311757 0.202851
vt 0.224848 0.146395
vt 0.262645 0.078881
vt 0.268843 0.096760
vt 0.219333 0.175716
vt 0.218246 0.189582
vt 0.176956 0.340304
vt 0.272519 0.133840
vt 0.280036 0.095647
vt 0.282665 0.106298
vt 0.275452 0.102616
vt 0.197545 0.126173
vt 0.241540 0.159217
vt 0.251310 0.156630
vt 0.249874 0.165787
vt 0.217379 0.111594
vt 0.204804 0.129527
vt 0.267857 0.105998
vt 0.235883 0.170166
vt 0.339910 0.188844
vt 0.273456 0.093941
vt 0.249749 0.139385
vt 0.274858 0.108369
vt 0.192651 0.115984
vt 0.293098 0.104076
vt 0.203745 0.123065
vt 0.229786 0.116142
vt 0.167822 0.350411
vt 0.174672 0.207420
vt 0.181486 0.212000
vt 0.156796 0.223572
vt 0.172403 0.214390
vt 0.176059 0.219095
vt 0.190761 0.215540
vt 0.193182 0.206700
vt 0.175040 0.227643
vt 0.149724 0.241176
vt 0.192415 0.227919
vt 0.183287 0.260519
vt 0.165056 0.254707
vt 0.181576 0.242488
vt 0.197155 0.254439
vt 0.199593 0.240101
vt 0.207556 0.225685
vt 0.205787 0.214353
vt 0.342353 0.253661
vt 0.362189 0.245280
vt 0.208944 0.249832
vt 0.212347 0.262785
vt 0.218412 0.226444
vt 0.214553 0.238753
vt 0.246186 0.241805
vt 0.239060 0.227319
vt 0.255340 0.225924
vt 0.221791 0.252140
vt 0.310748 0.282754
vt 0.228761 0.221654
vt 0.220385 0.214045
vt 0.257355 0.251574
vt 0.271078 0.248445
vt 0.273020 0.265040
vt 0.223166 0.243318
vt 0.224508 0.233230
vt 0.238809 0.209463
vt 0.276048 0.239051
vt 0.284799 0.248303
vt 0.231769 0.242810
vt 0.308994 0.218104
vt 0.308915 0.232454
vt 0.293276 0.209963
vt 0.295286 0.226116
vt 0.311448 0.270890
vt 0.286649 0.235732
vt 0.275995 0.223832
vt 0.262057 0.284160
vt 0.250692 0.290056
vt 0.245915 0.284602
vt 0.246154 0.252589
vt 0.300239 0.258345
vt 0.360925 0.264190
vt 0.262935 0.238546
vt 0.312999 0.245157
vt 0.298761 0.241006
vt 0.329244 0.243679
vt 0.323650 0.259649
vt 0.281071 0.282054
vt 0.339582 0.267505
vt 0.229096 0.290735
vt 0.247120 0.261934
vt 0.236635 0.253058
vt 0.275683 0.097843
vt 0.295601 0.275972
vt 0.256278 0.297298
vt 0.215092 0.297582
vt 0.207672 0.296353
vt 0.197483 0.280938
vt 0.181314 0.276776
vt 0.198817 0.269948
vt 0.196692 0.294042
vt 0.214874 0.280859
vt 0.174475 0.264961
vt 0.158793 0.264462
vt 0.350988 0.199884
vt 0.276034 0.088199
vt 0.283285 0.351386
vt 0.233834 0.154421
vt 0.180803 0.381580
vt 0.287742 0.095708
vt 0.190786 0.365392
vt 0.275810 0.082569
vt 0.282080 0.083307
vt 0.313919 0.319894
vt 0.299243 0.177601
vt 0.307734 0.173436
vt 0.310539 0.176878
vt 0.313600 0.174108
vt 0.303519 0.168560
vt 0.218136 0.120029
vt 0.275709 0.073068
vt 0.312584 0.167574
vt 0.229256 0.183747
vt 0.309509 0.163815
vt 0.315132 0.161995
vt 0.308164 0.161038
vt 0.262631 0.365407
vt 0.222235 0.161650
vt 0.285034 0.089187
vt 0.316141 0.170175
vt 0.273397 0.147357
vt 0.269748 0.140336
vt 0.273633 0.166056
vt 0.265597 0.166013
vt 0.273096 0.159464
vt 0.293191 0.134893
vt 0.286541 0.135193
vt 0.286718 0.171377
vt 0.276885 0.175591
vt 0.279575 0.165744
vt 0.293356 0.151403
vt 0.300444 0.155466
vt 0.290930 0.161512
vt 0.287208 0.144836
vt 0.303551 0.142496
vt 0.279231 0.139051
vt 0.282164 0.156195
vt 0.236705 0.276412
vt 0.229181 0.265379
vt 0.253578 0.273852
vt 0.299313 0.163471
vt 0.295222 0.170422
vt 0.271922 0.184462
vt 0.263978 0.176644
vt 0.294065 0.183951
vt 0.287034 0.181236
vt 0.292219 0.177410
vt 0.289914 0.188600
vt 0.263181 0.187967
vt 0.252065 0.178408
vt 0.263074 0.197473
vt 0.273402 0.196597
vt 0.267404 0.205923
vt 0.281224 0.188968
vt 0.252571 0.193209
vt 0.256014 0.205948
vt 0.288529 0.196917
vt 0.251392 0.215587
vt 0.277891 0.206208
vt 0.261479 0.214411
vt 0.270488 0.211716
vt 0.257283 0.162032
vt 0.258438 0.169520
vt 0.241340 0.183003
vt 0.207162 0.192642
vt 0.207520 0.201454
vt 0.235638 0.193774
vt 0.222418 0.196592
vt 0.227424 0.189827
vt 0.198061 0.205465
vt 0.229680 0.202497
vt 0.218232 0.204875
vt 0.188759 0.298213
vt 0.179672 0.292289
vt 0.151464 0.278645
vt 0.162788 0.293257
vt 0.558832 0.340348
vt 0.560924 0.346183
vt 0.550411 0.342208
vt 0.568852 0.338861
vt 0.564769 0.340646
vt 0.559426 0.334318
vt 0.582354 0.340259
vt 0.588595 0.351346
vt 0.571643 0.349162
vt 0.469152 0.159110
vt 0.484102 0.164521
vt 0.469012 0.182171
vt 0.661567 0.342283
vt 0.661852 0.333426
vt 0.671202 0.340405
vt 0.605055 0.175931
vt 0.599638 0.179399
vt 0.596138 0.171835
vt 0.654145 0.340807
vt 0.658922 0.346263
vt 0.650787 0.347479
vt 0.737392 0.252979
vt 0.734463 0.236656
vt 0.755477 0.248250
vt 0.635192 0.343797
vt 0.631245 0.347031
vt 0.629478 0.341078
vt 0.640028 0.344577
vt 0.636699 0.347239
vt 0.675265 0.160046
vt 0.657239 0.148368
vt 0.680598 0.147120
vt 0.649619 0.335010
vt 0.623899 0.346885
vt 0.645503 0.350788
vt 0.645361 0.346224
vt 0.853340 0.159428
vt 0.852738 0.171878
vt 0.833944 0.167171
vt 0.641648 0.335967
vt 0.640840 0.340335
vt 0.635078 0.337808
vt 0.641523 0.348233
vt 0.711278 0.280016
vt 0.713317 0.271739
vt 0.723826 0.272135
vt 0.727077 0.178610
vt 0.715162 0.162758
vt 0.740045 0.167870
vt 0.525642 0.183223
vt 0.523456 0.176529
vt 0.530725 0.176331
vt 0.748214 0.184555
vt 0.734631 0.195403
vt 0.596037 0.202955
vt 0.576398 0.188989
vt 0.599136 0.188724
vt 0.752562 0.202828
vt 0.487936 0.175834
vt 0.646245 0.339753
vt 0.390743 0.161408
vt 0.409201 0.152345
vt 0.402302 0.172561
vt 0.591543 0.318477
vt 0.611904 0.322008
vt 0.599532 0.327676
vt 0.738470 0.215741
vt 0.714074 0.203552
vt 0.725108 0.282955
vt 0.719522 0.294291
vt 0.709424 0.307262
vt 0.697362 0.291746
vt 0.688570 0.307842
vt 0.691359 0.321683
vt 0.719158 0.248292
vt 0.711855 0.238850
vt 0.514489 0.237717
vt 0.503935 0.236253
vt 0.509674 0.225711
vt 0.717506 0.188260
vt 0.376133 0.160090
vt 0.364225 0.171485
vt 0.361784 0.156174
vt 0.731023 0.158456
vt 0.613570 0.312481
vt 0.608443 0.303441
vt 0.624013 0.307502
vt 0.675193 0.295725
vt 0.683150 0.280886
vt 0.623299 0.274490
vt 0.635075 0.286083
vt 0.610329 0.286975
vt 0.623265 0.297445
vt 0.505660 0.153077
vt 0.509323 0.151284
vt 0.510365 0.159615
vt 0.616114 0.173024
vt 0.372174 0.221037
vt 0.380139 0.236221
vt 0.367797 0.235361
vt 0.353020 0.167405
vt 0.370535 0.184069
vt 0.349019 0.184650
vt 0.378962 0.225844
vt 0.387645 0.228829
vt 0.382565 0.218962
vt 0.368757 0.212193
vt 0.377524 0.204221
vt 0.361965 0.193503
vt 0.378379 0.172305
vt 0.387438 0.183999
vt 0.391215 0.213733
vt 0.394204 0.222347
vt 0.400854 0.234476
vt 0.402130 0.220732
vt 0.393506 0.200615
vt 0.704852 0.127589
vt 0.726905 0.127487
vt 0.711378 0.136172
vt 0.727852 0.148655
vt 0.737125 0.133894
vt 0.746040 0.145446
vt 0.772448 0.218753
vt 0.762360 0.230027
vt 0.760327 0.215091
vt 0.787028 0.213423
vt 0.784190 0.226025
vt 0.401356 0.229427
vt 0.414160 0.165794
vt 0.538568 0.243465
vt 0.548267 0.237948
vt 0.552765 0.246017
vt 0.400803 0.211202
vt 0.400470 0.187662
vt 0.794694 0.182428
vt 0.785643 0.197390
vt 0.778299 0.178349
vt 0.410152 0.226786
vt 0.408591 0.200139
vt 0.442542 0.252936
vt 0.455968 0.254470
vt 0.450599 0.266007
vt 0.417216 0.236526
vt 0.448009 0.245338
vt 0.452816 0.239098
vt 0.463738 0.244167
vt 0.422168 0.224096
vt 0.432520 0.233385
vt 0.428217 0.247704
vt 0.437132 0.243442
vt 0.443513 0.236418
vt 0.411617 0.215574
vt 0.412293 0.182448
vt 0.422235 0.190691
vt 0.581990 0.170645
vt 0.590493 0.161784
vt 0.459866 0.236577
vt 0.452392 0.232337
vt 0.426331 0.208021
vt 0.469793 0.255420
vt 0.466660 0.236662
vt 0.438619 0.220187
vt 0.443254 0.228479
vt 0.463708 0.235091
vt 0.472214 0.239774
vt 0.572430 0.333782
vt 0.464083 0.230998
vt 0.453942 0.224508
vt 0.475845 0.146182
vt 0.463443 0.146260
vt 0.474321 0.246369
vt 0.484055 0.254353
vt 0.474079 0.232035
vt 0.568729 0.327624
vt 0.598053 0.345279
vt 0.486303 0.152403
vt 0.442456 0.206517
vt 0.441118 0.187463
vt 0.455514 0.199401
vt 0.454240 0.170499
vt 0.458088 0.212338
vt 0.480673 0.239245
vt 0.582554 0.329108
vt 0.471696 0.222102
vt 0.497516 0.156460
vt 0.428248 0.291404
vt 0.420177 0.285776
vt 0.435822 0.287486
vt 0.411486 0.277320
vt 0.421789 0.279786
vt 0.410130 0.268459
vt 0.491872 0.239746
vt 0.407129 0.280967
vt 0.566777 0.318332
vt 0.577664 0.321131
vt 0.763117 0.149972
vt 0.744965 0.156516
vt 0.611573 0.346054
vt 0.603938 0.336920
vt 0.380415 0.278110
vt 0.377665 0.290663
vt 0.371618 0.285189
vt 0.706977 0.149325
vt 0.693121 0.155171
vt 0.766774 0.192468
vt 0.771338 0.206975
vt 0.399009 0.267772
vt 0.618043 0.338625
vt 0.399838 0.280275
vt 0.412970 0.291155
vt 0.417923 0.304584
vt 0.399744 0.301481
vt 0.592716 0.335182
vt 0.394621 0.288143
vt 0.427043 0.302875
vt 0.385472 0.265425
vt 0.467676 0.200327
vt 0.477353 0.209322
vt 0.538152 0.260559
vt 0.527191 0.255325
vt 0.539522 0.251392
vt 0.498894 0.166464
vt 0.750685 0.263839
vt 0.762578 0.262768
vt 0.496353 0.276169
vt 0.496610 0.263512
vt 0.508737 0.270823
vt 0.694650 0.145194
vt 0.370971 0.273909
vt 0.364429 0.281696
vt 0.365759 0.265990
vt 0.370651 0.261366
vt 0.484210 0.229887
vt 0.496170 0.251598
vt 0.510393 0.254793
vt 0.455217 0.157556
vt 0.502258 0.245412
vt 0.606037 0.164405
vt 0.810383 0.173829
vt 0.803772 0.190852
vt 0.385012 0.293260
vt 0.479538 0.196886
vt 0.556077 0.324191
vt 0.566377 0.298949
vt 0.550473 0.300819
vt 0.559240 0.287179
vt 0.522708 0.265002
vt 0.519245 0.276417
vt 0.491177 0.218367
vt 0.545474 0.331230
vt 0.609452 0.330961
vt 0.540701 0.341071
vt 0.627876 0.334940
vt 0.535312 0.332506
vt 0.486888 0.187500
vt 0.494270 0.200524
vt 0.502603 0.180477
vt 0.506497 0.168273
vt 0.571058 0.291302
vt 0.563995 0.308974
vt 0.577975 0.305006
vt 0.535906 0.273675
vt 0.522573 0.287391
vt 0.541664 0.287914
vt 0.510310 0.243454
vt 0.495571 0.230247
vt 0.533170 0.340467
vt 0.520862 0.336131
vt 0.618837 0.331690
vt 0.520379 0.170171
vt 0.577180 0.298360
vt 0.552915 0.275612
vt 0.572058 0.174096
vt 0.583322 0.178297
vt 0.797693 0.223011
vt 0.641466 0.329676
vt 0.633638 0.333612
vt 0.812240 0.226885
vt 0.801071 0.239240
vt 0.523525 0.245830
vt 0.592569 0.308235
vt 0.604539 0.312444
vt 0.578573 0.313892
vt 0.654837 0.255154
vt 0.645166 0.263218
vt 0.645962 0.251949
vt 0.629078 0.325550
vt 0.709026 0.175786
vt 0.681869 0.136907
vt 0.591265 0.296802
vt 0.571231 0.162033
vt 0.561386 0.171081
vt 0.504960 0.211491
vt 0.580934 0.291592
vt 0.565970 0.275664
vt 0.554132 0.262558
vt 0.519011 0.197777
vt 0.517409 0.180857
vt 0.563881 0.267902
vt 0.578799 0.284973
vt 0.571026 0.283573
vt 0.579608 0.273010
vt 0.591969 0.283412
vt 0.547118 0.257493
vt 0.517276 0.213832
vt 0.615812 0.246000
vt 0.608529 0.253507
vt 0.600628 0.248690
vt 0.751813 0.172836
vt 0.761219 0.179998
vt 0.529215 0.234351
vt 0.651818 0.329691
vt 0.675611 0.329648
vt 0.623180 0.315248
vt 0.424643 0.271832
vt 0.431118 0.281457
vt 0.453830 0.277965
vt 0.461964 0.273886
vt 0.468597 0.284557
vt 0.486111 0.284355
vt 0.505853 0.285957
vt 0.494305 0.293103
vt 0.438022 0.269983
vt 0.473564 0.275782
vt 0.442450 0.282006
vt 0.459087 0.292675
vt 0.478754 0.295892
vt 0.399218 0.257250
vt 0.386658 0.250509
vt 0.475836 0.265326
vt 0.423952 0.259907
vt 0.409807 0.257678
vt 0.465201 0.265604
vt 0.370558 0.247431
vt 0.395303 0.243870
vt 0.417070 0.247811
vt 0.435557 0.259444
vt 0.580195 0.210746
vt 0.562531 0.196161
vt 0.758322 0.127455
vt 0.758036 0.137820
vt 0.636611 0.169816
vt 0.654488 0.164037
vt 0.652051 0.172743
vt 0.414989 0.254848
vt 0.485256 0.270936
vt 0.408852 0.245283
vt 0.536857 0.160086
vt 0.551596 0.160507
vt 0.543687 0.164780
vt 0.534669 0.170249
vt 0.552750 0.179066
vt 0.533633 0.162028
vt 0.527138 0.158663
vt 0.546370 0.228017
vt 0.530580 0.221080
vt 0.470762 0.303563
vt 0.461765 0.302801
vt 0.491790 0.308116
vt 0.489930 0.313879
vt 0.480512 0.311562
vt 0.523888 0.324509
vt 0.514809 0.320324
vt 0.524375 0.317284
vt 0.445991 0.310079
vt 0.437336 0.301560
vt 0.444699 0.299242
vt 0.447669 0.292517
vt 0.453915 0.301865
vt 0.542908 0.319841
vt 0.531846 0.326267
vt 0.531912 0.318566
vt 0.461947 0.314425
vt 0.536456 0.311656
vt 0.475179 0.320807
vt 0.462438 0.330001
vt 0.555323 0.315584
vt 0.529390 0.294416
vt 0.538034 0.297996
vt 0.528725 0.303896
vt 0.483120 0.304397
vt 0.782286 0.138423
vt 0.781640 0.159515
vt 0.699214 0.192565
vt 0.686472 0.205596
vt 0.705846 0.185058
vt 0.693902 0.179096
vt 0.709519 0.224049
vt 0.501394 0.319418
vt 0.506239 0.325740
vt 0.494248 0.325349
vt 0.540569 0.304656
vt 0.519320 0.296949
vt 0.696728 0.235710
vt 0.437764 0.310260
vt 0.510695 0.312500
vt 0.518225 0.316437
vt 0.807704 0.208065
vt 0.546142 0.310087
vt 0.693686 0.167008
vt 0.496019 0.301320
vt 0.448043 0.327352
vt 0.521673 0.311049
vt 0.529029 0.312808
vt 0.502023 0.307928
vt 0.497227 0.313041
vt 0.488356 0.319447
vt 0.737994 0.267912
vt 0.741000 0.262035
vt 0.482191 0.336017
vt 0.513325 0.293423
vt 0.506042 0.296291
vt 0.512194 0.304487
vt 0.678904 0.226023
vt 0.515167 0.328202
vt 0.527349 0.210240
vt 0.546871 0.207153
vt 0.768801 0.250180
vt 0.500650 0.330480
vt 0.538261 0.327063
vt 0.509487 0.333643
vt 0.793546 0.170117
vt 0.802384 0.153441
vt 0.781017 0.234848
vt 0.783062 0.247083
vt 0.636083 0.158049
vt 0.760661 0.166934
vt 0.564418 0.256332
vt 0.569955 0.250348
vt 0.573058 0.261240
vt 0.835974 0.212559
vt 0.821925 0.189939
vt 0.839434 0.191021
vt 0.588323 0.262735
vt 0.601578 0.259129
vt 0.595572 0.269640
vt 0.553689 0.310217
vt 0.603457 0.276650
vt 0.703933 0.270770
vt 0.688181 0.267102
vt 0.702375 0.266178
vt 0.586104 0.243828
vt 0.581316 0.229715
vt 0.602238 0.236984
vt 0.565086 0.177710
vt 0.570814 0.268945
vt 0.555427 0.253776
vt 0.803524 0.123582
vt 0.772940 0.118307
vt 0.630836 0.176329
vt 0.629406 0.182299
vt 0.733492 0.276121
vt 0.622872 0.195120
vt 0.644507 0.203650
vt 0.632366 0.214116
vt 0.653409 0.322832
vt 0.664939 0.324996
vt 0.668184 0.284759
vt 0.635404 0.315021
vt 0.839950 0.179028
vt 0.660013 0.303942
vt 0.640835 0.301411
vt 0.658194 0.293480
vt 0.695877 0.276475
vt 0.750831 0.120692
vt 0.601719 0.220093
vt 0.840101 0.144060
vt 0.853650 0.182365
vt 0.816228 0.146832
vt 0.833857 0.133160
vt 0.822328 0.155184
vt 0.667785 0.312819
vt 0.649729 0.313699
vt 0.620338 0.163625
vt 0.641685 0.322994
vt 0.682068 0.187340
vt 0.869660 0.179859
vt 0.677856 0.320361
vt 0.540216 0.178064
vt 0.538574 0.187816
vt 0.567412 0.128616
vt 0.583065 0.133190
vt 0.567014 0.138429
vt 0.553220 0.131272
vt 0.433399 0.095527
vt 0.454586 0.098695
vt 0.448527 0.105281
vt 0.494184 0.109884
vt 0.519738 0.114163
vt 0.510477 0.125190
vt 0.661183 0.124490
vt 0.660267 0.139232
vt 0.640555 0.125509
vt 0.649650 0.132042
vt 0.632339 0.131738
vt 0.531713 0.151085
vt 0.545908 0.149203
vt 0.649789 0.141384
vt 0.546681 0.220044
vt 0.461985 0.125647
vt 0.440618 0.123544
vt 0.452100 0.114917
vt 0.500054 0.147523
vt 0.495442 0.098782
vt 0.638986 0.144949
vt 0.522885 0.135485
vt 0.528300 0.127735
vt 0.535274 0.138452
vt 0.496136 0.126591
vt 0.493544 0.118330
vt 0.551808 0.140030
vt 0.702556 0.108605
vt 0.682291 0.119185
vt 0.458982 0.107464
vt 0.538115 0.124330
vt 0.543202 0.132819
vt 0.611993 0.274447
vt 0.561110 0.222163
vt 0.586900 0.253602
vt 0.562019 0.232073
vt 0.568036 0.240591
vt 0.639446 0.255822
vt 0.632272 0.263100
vt 0.606530 0.142972
vt 0.619199 0.137469
vt 0.625952 0.149134
vt 0.551265 0.193764
vt 0.607211 0.268153
vt 0.616576 0.260976
vt 0.635907 0.274045
vt 0.649241 0.274912
vt 0.646629 0.291846
vt 0.653522 0.284140
vt 0.597868 0.212090
vt 0.629199 0.252151
vt 0.343938 0.169807
vt 0.397042 0.066146
vt 0.394432 0.076441
vt 0.383986 0.066480
vt 0.410412 0.073627
vt 0.413951 0.087631
vt 0.349656 0.096997
vt 0.342391 0.088862
vt 0.355791 0.089723
vt 0.381889 0.099204
vt 0.394050 0.103160
vt 0.382462 0.107252
vt 0.390018 0.058032
vt 0.349913 0.079363
vt 0.343354 0.066882
vt 0.354774 0.072367
vt 0.381759 0.125109
vt 0.397678 0.122988
vt 0.388562 0.133818
vt 0.405897 0.122605
vt 0.425840 0.082174
vt 0.379558 0.087116
vt 0.394423 0.090804
vt 0.388791 0.115677
vt 0.366687 0.124036
vt 0.645067 0.114537
vt 0.664736 0.110158
vt 0.471289 0.113264
vt 0.514629 0.104084
vt 0.478851 0.127936
vt 0.601237 0.131532
vt 0.595071 0.137921
vt 0.365200 0.081169
vt 0.364389 0.086390
vt 0.358500 0.082047
vt 0.386589 0.147493
vt 0.369208 0.086779
vt 0.367606 0.072940
vt 0.373684 0.054709
vt 0.361878 0.106733
vt 0.343004 0.107103
vt 0.357567 0.098863
vt 0.604522 0.211085
vt 0.349141 0.054777
vt 0.361344 0.042771
vt 0.586663 0.146708
vt 0.563184 0.149411
vt 0.435041 0.075906
vt 0.423802 0.155250
vt 0.612448 0.120845
vt 0.588449 0.126982
vt 0.479149 0.137725
vt 0.488184 0.142531
vt 0.451276 0.132557
vt 0.456340 0.139344
vt 0.448152 0.139048
vt 0.722278 0.122328
vt 0.731165 0.102536
vt 0.435969 0.109993
vt 0.512240 0.135609
vt 0.810204 0.136909
vt 0.825338 0.120103
vt 0.678327 0.105755
vt 0.375703 0.146052
vt 0.368556 0.094262
vt 0.371187 0.112979
vt 0.333908 0.124732
vt 0.392222 0.043086
vt 0.611612 0.208155
vt 0.414145 0.104667
vt 0.403128 0.095360
vt 0.372563 0.104467
vt 0.447292 0.086319
vt 0.370030 0.022949
vt 0.629406 0.241175
vt 0.639751 0.245190
vt 0.619427 0.228905
vt 0.539497 0.114891
vt 0.641186 0.149772
vt 0.471502 0.133157
vt 0.689531 0.097553
vt 0.609768 0.154455
vt 0.571453 0.122823
vt 0.576999 0.126931
vt 0.591911 0.177875
vt 0.658570 0.267379
vt 0.667878 0.273795
vt 0.669222 0.261474
vt 0.463709 0.082968
vt 0.477913 0.076438
vt 0.494178 0.084518
vt 0.770589 0.240565
vt 0.651740 0.247009
vt 0.665408 0.249616
vt 0.397943 0.142082
vt 0.642877 0.234226
vt 0.349915 0.134715
vt 0.365805 0.137928
vt 0.587258 0.174555
vt 0.335518 0.148132
vt 0.342984 0.156113
vt 0.714489 0.264307
vt 0.730502 0.262608
vt 0.722547 0.256527
vt 0.683970 0.255217
vt 0.611260 0.181406
vt 0.639763 0.190744
vt 0.645574 0.184661
vt 0.656916 0.242180
vt 0.665754 0.237243
vt 0.711061 0.193580
vt 0.678509 0.246707
vt 0.432761 0.138593
vt 0.471247 0.138721
vt 0.463601 0.135449
vt 0.417856 0.133245
vt 0.423718 0.119479
vt 0.447727 0.149633
vt 0.739609 0.081488
vt 0.715537 0.088287
vt 0.703920 0.257803
vt 0.432728 0.157036
vt 0.438040 0.145811
vt 0.769494 0.109757
vt 0.697234 0.246617
vt 0.748562 0.094480
vt 0.683100 0.239595
vt 0.653727 0.221214
vt 0.791797 0.107681
vt 0.660096 0.193231
vt 0.508671 0.101302
vt 0.785538 0.101670
vt 0.641663 0.177604
vt 0.552333 0.121254
vt 0.524873 0.142947
vt 0.513174 0.146138
vt 0.488483 0.134698
vt 0.664222 0.209803
vt 0.479560 0.104323
vt 0.474915 0.097108
vt 0.656828 0.179132
vt 0.426155 0.172691
vt 0.518143 0.153581
vt 0.482272 0.110537
vt 0.485215 0.120527
vt 0.500951 0.137173
vt 0.480505 0.093234
vt 0.468560 0.101102
vt 0.669515 0.180605
vt 0.524464 0.106820
vt 0.665313 0.171486
vt 0.679935 0.173805
vt 0.461294 0.092479
vt 0.430086 0.127888
vt 0.441553 0.164963
vt 0.449678 0.073650
vt 0.868480 0.167550
vt 0.684719 0.328276
vt 0.745896 0.275924
vt 0.650511 0.091245
vt 0.411312 0.057588
vt 0.545780 0.103455
vt 0.733495 0.054707
vt 0.698969 0.085571
vt 0.466625 0.055851
vt 0.395178 0.015249
vt 0.559840 0.036513
vt 0.359559 0.012283
vt 0.669484 0.037870
vt 0.722565 0.005947
vt 0.509497 0.588776
vt 0.522762 0.587016
vt 0.514361 0.599572
vt 0.638381 0.519112
vt 0.647367 0.510633
vt 0.649475 0.523143
vt 0.525719 0.507919
vt 0.531195 0.517311
vt 0.518946 0.515214
vt 0.666441 0.573482
vt 0.655887 0.564636
vt 0.674648 0.560194
vt 0.554780 0.513234
vt 0.539148 0.506299
vt 0.557128 0.500382
vt 0.569364 0.520750
vt 0.573465 0.509745
vt 0.584378 0.495979
vt 0.585864 0.504220
vt 0.573490 0.501417
vt 0.555559 0.490052
vt 0.540565 0.491973
vt 0.608486 0.522784
vt 0.619341 0.523070
vt 0.618430 0.530681
vt 0.726429 0.602707
vt 0.728862 0.591421
vt 0.735907 0.601102
vt 0.581027 0.526013
vt 0.594620 0.525239
vt 0.586773 0.534816
vt 0.564692 0.481990
vt 0.578635 0.479816
vt 0.569761 0.491795
vt 0.686968 0.608188
vt 0.691903 0.593646
vt 0.698312 0.606257
vt 0.659167 0.514389
vt 0.566850 0.534206
vt 0.552839 0.525797
vt 0.478346 0.571502
vt 0.492042 0.573030
vt 0.487437 0.583723
vt 0.608009 0.509631
vt 0.623833 0.504362
vt 0.616920 0.515084
vt 0.635402 0.509581
vt 0.595350 0.509469
vt 0.588012 0.509595
vt 0.565319 0.571784
vt 0.569077 0.581325
vt 0.554933 0.585050
vt 0.568061 0.591402
vt 0.612199 0.483225
vt 0.612528 0.493853
vt 0.596957 0.489990
vt 0.518014 0.504331
vt 0.626833 0.516231
vt 0.537357 0.575313
vt 0.552238 0.569794
vt 0.498917 0.591113
vt 0.501937 0.579757
vt 0.643760 0.538091
vt 0.639355 0.555237
vt 0.621980 0.543123
vt 0.499761 0.471784
vt 0.488401 0.466667
vt 0.494150 0.460790
vt 0.604348 0.534721
vt 0.594963 0.543768
vt 0.593179 0.556152
vt 0.602410 0.549822
vt 0.608057 0.558280
vt 0.628552 0.525450
vt 0.580869 0.618795
vt 0.579179 0.615067
vt 0.587825 0.617207
vt 0.560536 0.560650
vt 0.530706 0.633998
vt 0.520450 0.641675
vt 0.515556 0.624320
vt 0.741584 0.608959
vt 0.733803 0.609302
vt 0.556992 0.548847
vt 0.544443 0.560600
vt 0.537051 0.548105
vt 0.586817 0.516604
vt 0.662671 0.529603
vt 0.660248 0.547768
vt 0.574391 0.612856
vt 0.575870 0.622942
vt 0.565313 0.609854
vt 0.602683 0.568660
vt 0.588528 0.567326
vt 0.632026 0.591129
vt 0.616831 0.595044
vt 0.617110 0.580476
vt 0.584764 0.486470
vt 0.536319 0.607701
vt 0.534694 0.618892
vt 0.523109 0.612862
vt 0.599045 0.517095
vt 0.648799 0.587882
vt 0.635334 0.572964
vt 0.654301 0.577208
vt 0.630402 0.533628
vt 0.669706 0.603765
vt 0.660698 0.620255
vt 0.656487 0.600675
vt 0.525982 0.497108
vt 0.617294 0.567538
vt 0.537098 0.531972
vt 0.549520 0.537833
vt 0.537641 0.592443
vt 0.552379 0.604535
vt 0.638314 0.527531
vt 0.485110 0.602848
vt 0.497647 0.606833
vt 0.492745 0.613066
vt 0.479454 0.609912
vt 0.470644 0.598802
vt 0.637404 0.498457
vt 0.595935 0.476984
vt 0.431422 0.585601
vt 0.438430 0.579628
vt 0.440323 0.588712
vt 0.704636 0.597457
vt 0.442648 0.573691
vt 0.449961 0.574879
vt 0.448231 0.583943
vt 0.587046 0.584556
vt 0.589081 0.594598
vt 0.578376 0.587853
vt 0.552794 0.479121
vt 0.509437 0.610265
vt 0.597682 0.500894
vt 0.542628 0.518259
vt 0.480585 0.591365
vt 0.472179 0.585283
vt 0.634680 0.606908
vt 0.629071 0.618564
vt 0.621619 0.611545
vt 0.607495 0.544347
vt 0.567551 0.553833
vt 0.523243 0.530022
vt 0.522609 0.574479
vt 0.679464 0.595154
vt 0.678795 0.604653
vt 0.622216 0.558389
vt 0.476807 0.467402
vt 0.489948 0.475373
vt 0.484768 0.484266
vt 0.597449 0.588178
vt 0.602131 0.599437
vt 0.460904 0.598802
vt 0.450069 0.596866
vt 0.459076 0.590672
vt 0.587830 0.625947
vt 0.586311 0.633300
vt 0.512778 0.570910
vt 0.500799 0.566948
vt 0.511844 0.561651
vt 0.701998 0.534954
vt 0.703673 0.525304
vt 0.711241 0.532829
vt 0.689751 0.537762
vt 0.688251 0.526148
vt 0.680269 0.533606
vt 0.673447 0.526615
vt 0.674346 0.506690
vt 0.674745 0.496521
vt 0.683448 0.503544
vt 0.673421 0.539365
vt 0.682555 0.543108
vt 0.626721 0.489640
vt 0.629524 0.475541
vt 0.690373 0.496894
vt 0.692993 0.506795
vt 0.643475 0.488103
vt 0.645608 0.476260
vt 0.666983 0.510138
vt 0.658185 0.505936
vt 0.686927 0.486972
vt 0.651214 0.499581
vt 0.663919 0.502031
vt 0.667395 0.518763
vt 0.675548 0.517237
vt 0.669833 0.485459
vt 0.658292 0.491399
vt 0.657970 0.482411
vt 0.661798 0.473290
vt 0.651776 0.484491
vt 0.652966 0.477930
vt 0.684648 0.512662
vt 0.672882 0.475508
vt 0.695612 0.516780
vt 0.685150 0.476723
vt 0.701725 0.500516
vt 0.702272 0.509708
vt 0.705828 0.516298
vt 0.711670 0.651972
vt 0.711852 0.642089
vt 0.719424 0.646650
vt 0.700535 0.643425
vt 0.705436 0.636052
vt 0.720179 0.627522
vt 0.722448 0.640003
vt 0.710362 0.630060
vt 0.710245 0.614186
vt 0.697816 0.635541
vt 0.690542 0.638812
vt 0.697769 0.620766
vt 0.700927 0.630256
vt 0.692481 0.630270
vt 0.681851 0.634813
vt 0.675235 0.614589
vt 0.681171 0.641948
vt 0.672445 0.639192
vt 0.652274 0.637381
vt 0.647199 0.623962
vt 0.672479 0.628300
vt 0.663559 0.635002
vt 0.663896 0.644634
vt 0.684177 0.623021
vt 0.419745 0.580095
vt 0.424185 0.576950
vt 0.505044 0.413137
vt 0.512541 0.408177
vt 0.514550 0.413739
vt 0.837758 0.611797
vt 0.832442 0.603837
vt 0.840959 0.600636
vt 0.551546 0.458302
vt 0.552918 0.448531
vt 0.564858 0.454422
vt 0.672001 0.406351
vt 0.666936 0.414751
vt 0.657668 0.410073
vt 0.518807 0.410154
vt 0.490866 0.404529
vt 0.483327 0.389332
vt 0.496552 0.396139
vt 0.627492 0.628430
vt 0.638541 0.624921
vt 0.640904 0.634314
vt 0.562682 0.442315
vt 0.543127 0.444390
vt 0.552738 0.435373
vt 0.524831 0.384657
vt 0.518856 0.375939
vt 0.533309 0.378055
vt 0.659204 0.390396
vt 0.653500 0.402665
vt 0.849206 0.604739
vt 0.848508 0.594026
vt 0.488676 0.382930
vt 0.480989 0.378087
vt 0.487602 0.374698
vt 0.750657 0.640293
vt 0.753279 0.649064
vt 0.745155 0.644392
vt 0.744277 0.567713
vt 0.742324 0.561160
vt 0.750944 0.561244
vt 0.758081 0.564775
vt 0.757080 0.574788
vt 0.754724 0.556897
vt 0.746540 0.556476
vt 0.753456 0.551114
vt 0.762388 0.557172
vt 0.762295 0.551744
vt 0.775038 0.575841
vt 0.761992 0.544767
vt 0.742967 0.546165
vt 0.811944 0.542227
vt 0.804484 0.531304
vt 0.823980 0.531207
vt 0.782642 0.552390
vt 0.771672 0.552103
vt 0.782278 0.546470
vt 0.771311 0.560307
vt 0.772157 0.546465
vt 0.773971 0.538857
vt 0.780788 0.540522
vt 0.790713 0.513544
vt 0.789439 0.508313
vt 0.796079 0.512208
vt 0.802742 0.522542
vt 0.816063 0.520414
vt 0.780947 0.516544
vt 0.802750 0.504104
vt 0.782036 0.531010
vt 0.803196 0.515822
vt 0.837625 0.541366
vt 0.835120 0.550496
vt 0.791601 0.537421
vt 0.794269 0.523025
vt 0.810957 0.511892
vt 0.833092 0.509476
vt 0.796915 0.546143
vt 0.814758 0.554752
vt 0.745868 0.580944
vt 0.816613 0.505964
vt 0.848632 0.531845
vt 0.477706 0.370085
vt 0.476157 0.363559
vt 0.479946 0.367148
vt 0.488295 0.631662
vt 0.504903 0.640951
vt 0.490443 0.646197
vt 0.482006 0.558464
vt 0.467474 0.558631
vt 0.479071 0.548580
vt 0.609483 0.615415
vt 0.617253 0.618611
vt 0.608894 0.621994
vt 0.707254 0.700153
vt 0.716253 0.686804
vt 0.721167 0.704740
vt 0.402846 0.519807
vt 0.418304 0.525062
vt 0.407250 0.529218
vt 0.812801 0.602179
vt 0.807096 0.609219
vt 0.805412 0.603801
vt 0.669212 0.422315
vt 0.658327 0.422862
vt 0.654410 0.417044
vt 0.631817 0.421552
vt 0.641541 0.419683
vt 0.638817 0.427166
vt 0.413900 0.554287
vt 0.410087 0.564677
vt 0.402339 0.558453
vt 0.458411 0.517090
vt 0.450188 0.507384
vt 0.469626 0.512130
vt 0.646063 0.638499
vt 0.653918 0.650112
vt 0.671867 0.652790
vt 0.448944 0.524957
vt 0.460385 0.540592
vt 0.444381 0.540893
vt 0.662899 0.428211
vt 0.652826 0.432232
vt 0.653040 0.426944
vt 0.541536 0.433079
vt 0.526300 0.411396
vt 0.532566 0.423703
vt 0.521493 0.417883
vt 0.598573 0.617524
vt 0.505213 0.402666
vt 0.496792 0.388901
vt 0.709351 0.719187
vt 0.690252 0.701250
vt 0.440374 0.564099
vt 0.431617 0.573848
vt 0.430651 0.562391
vt 0.736146 0.690916
vt 0.602948 0.451687
vt 0.592355 0.450545
vt 0.600624 0.442057
vt 0.861928 0.585632
vt 0.858562 0.598813
vt 0.486994 0.365874
vt 0.674558 0.646128
vt 0.526328 0.674036
vt 0.514215 0.674096
vt 0.511098 0.657347
vt 0.699373 0.661998
vt 0.718917 0.662061
vt 0.708501 0.673918
vt 0.558052 0.649844
vt 0.578669 0.663783
vt 0.558558 0.668964
vt 0.544512 0.395436
vt 0.540672 0.402495
vt 0.533088 0.393884
vt 0.619081 0.622176
vt 0.450429 0.379018
vt 0.459364 0.378370
vt 0.454377 0.385363
vt 0.537166 0.413261
vt 0.792347 0.666557
vt 0.799650 0.685506
vt 0.774456 0.677655
vt 0.651293 0.370877
vt 0.669351 0.375275
vt 0.444021 0.384227
vt 0.452779 0.393168
vt 0.439495 0.395793
vt 0.496142 0.382568
vt 0.728057 0.674680
vt 0.495506 0.378277
vt 0.495115 0.373907
vt 0.507386 0.379543
vt 0.507069 0.394832
vt 0.420604 0.567682
vt 0.426203 0.553839
vt 0.726401 0.401116
vt 0.718290 0.405952
vt 0.709933 0.404584
vt 0.544992 0.424489
vt 0.799348 0.643194
vt 0.787220 0.654019
vt 0.781562 0.644839
vt 0.627615 0.368559
vt 0.636191 0.354055
vt 0.465353 0.526810
vt 0.700394 0.431233
vt 0.688084 0.432404
vt 0.692088 0.428054
vt 0.643134 0.409241
vt 0.626919 0.412836
vt 0.499955 0.531044
vt 0.488565 0.527828
vt 0.495557 0.519795
vt 0.828310 0.607707
vt 0.822092 0.606471
vt 0.553635 0.389075
vt 0.537590 0.387913
vt 0.545972 0.688313
vt 0.518263 0.688150
vt 0.434232 0.515249
vt 0.640061 0.616958
vt 0.686751 0.648014
vt 0.603582 0.424088
vt 0.603404 0.415420
vt 0.609694 0.420625
vt 0.577328 0.400684
vt 0.586495 0.403288
vt 0.577698 0.408497
vt 0.813264 0.634441
vt 0.808244 0.624864
vt 0.818604 0.624417
vt 0.745875 0.669648
vt 0.697808 0.652165
vt 0.433494 0.531066
vt 0.727123 0.616738
vt 0.739231 0.616341
vt 0.738954 0.626759
vt 0.477142 0.496070
vt 0.471512 0.480706
vt 0.728698 0.371156
vt 0.728704 0.350946
vt 0.744821 0.363386
vt 0.827326 0.618281
vt 0.826775 0.630320
vt 0.579135 0.642824
vt 0.581278 0.652705
vt 0.629001 0.403616
vt 0.639139 0.397978
vt 0.556038 0.423654
vt 0.530395 0.402750
vt 0.517543 0.402391
vt 0.505510 0.387336
vt 0.840705 0.701903
vt 0.817599 0.697315
vt 0.822811 0.684173
vt 0.567037 0.430593
vt 0.735381 0.643397
vt 0.736043 0.649146
vt 0.726222 0.650971
vt 0.622645 0.393604
vt 0.617903 0.403047
vt 0.607640 0.392614
vt 0.602427 0.609983
vt 0.801687 0.633971
vt 0.688116 0.413581
vt 0.699149 0.412846
vt 0.695537 0.422016
vt 0.849736 0.615912
vt 0.847810 0.630003
vt 0.838800 0.623408
vt 0.821373 0.643011
vt 0.840753 0.653305
vt 0.819680 0.652790
vt 0.546502 0.712487
vt 0.576805 0.705178
vt 0.789796 0.634249
vt 0.712417 0.424593
vt 0.707204 0.415896
vt 0.735833 0.719963
vt 0.468056 0.488480
vt 0.487980 0.540097
vt 0.477950 0.527166
vt 0.799596 0.628377
vt 0.630974 0.659962
vt 0.615161 0.648625
vt 0.636522 0.649342
vt 0.424861 0.588896
vt 0.547768 0.415688
vt 0.622307 0.670000
vt 0.643904 0.675698
vt 0.628952 0.678545
vt 0.518443 0.392095
vt 0.646271 0.426816
vt 0.536617 0.660636
vt 0.564580 0.420216
vt 0.572770 0.421466
vt 0.418989 0.575757
vt 0.491124 0.562757
vt 0.643246 0.642169
vt 0.628163 0.639108
vt 0.591306 0.412579
vt 0.593950 0.421521
vt 0.498788 0.367846
vt 0.485232 0.508730
vt 0.483339 0.519649
vt 0.763574 0.665304
vt 0.777236 0.663552
vt 0.517638 0.702113
vt 0.542578 0.409642
vt 0.537534 0.406991
vt 0.547971 0.408161
vt 0.557296 0.413501
vt 0.685643 0.368571
vt 0.680175 0.383421
vt 0.743838 0.653334
vt 0.568809 0.414386
vt 0.565791 0.719102
vt 0.818278 0.665641
vt 0.847338 0.681207
vt 0.490292 0.656774
vt 0.456854 0.657707
vt 0.463480 0.629735
vt 0.432210 0.632909
vt 0.697363 0.686401
vt 0.686666 0.673271
vt 0.842758 0.583243
vt 0.678794 0.662246
vt 0.662600 0.659384
vt 0.634582 0.384747
vt 0.649930 0.423112
vt 0.644785 0.430746
vt 0.607178 0.693130
vt 0.631074 0.687724
vt 0.627833 0.699515
vt 0.495375 0.673760
vt 0.671135 0.707528
vt 0.672934 0.686330
vt 0.600416 0.640114
vt 0.784162 0.621667
vt 0.778049 0.630408
vt 0.773400 0.622282
vt 0.766065 0.631055
vt 0.792648 0.611975
vt 0.792937 0.603296
vt 0.800536 0.610951
vt 0.537158 0.644638
vt 0.451575 0.567214
vt 0.460724 0.576373
vt 0.702078 0.394006
vt 0.717763 0.388295
vt 0.659382 0.360398
vt 0.650444 0.356770
vt 0.612399 0.627712
vt 0.618099 0.717354
vt 0.639359 0.722140
vt 0.626935 0.724480
vt 0.672137 0.360456
vt 0.510415 0.370475
vt 0.817304 0.404712
vt 0.791194 0.411500
vt 0.801143 0.398559
vt 0.743052 0.427104
vt 0.737075 0.437127
vt 0.731148 0.429388
vt 0.699543 0.379585
vt 0.689672 0.391765
vt 0.598992 0.625404
vt 0.599686 0.632015
vt 0.686971 0.655796
vt 0.610992 0.707467
vt 0.488199 0.552501
vt 0.489040 0.496978
vt 0.733280 0.659428
vt 0.762712 0.652514
vt 0.753619 0.658524
vt 0.563751 0.638018
vt 0.571076 0.631917
vt 0.786961 0.628156
vt 0.793894 0.623356
vt 0.547734 0.400997
vt 0.470681 0.363471
vt 0.716557 0.364699
vt 0.714919 0.375343
vt 0.706839 0.369953
vt 0.678031 0.395495
vt 0.756648 0.698323
vt 0.769613 0.715539
vt 0.757910 0.738457
vt 0.622061 0.422066
vt 0.614577 0.415689
vt 0.805052 0.654589
vt 0.882618 0.625229
vt 0.886089 0.642694
vt 0.874655 0.637002
vt 0.421116 0.541481
vt 0.636018 0.431677
vt 0.629418 0.437822
vt 0.629966 0.428251
vt 0.777309 0.637080
vt 0.769614 0.644391
vt 0.566593 0.376623
vt 0.546911 0.375191
vt 0.546566 0.359264
vt 0.769339 0.636548
vt 0.573496 0.442362
vt 0.662133 0.349214
vt 0.450057 0.554003
vt 0.474024 0.372846
vt 0.701390 0.360411
vt 0.436720 0.552423
vt 0.748019 0.630717
vt 0.756707 0.632580
vt 0.763003 0.622204
vt 0.753542 0.622430
vt 0.581783 0.681706
vt 0.862798 0.604756
vt 0.857174 0.609246
vt 0.875005 0.719756
vt 0.731135 0.632753
vt 0.636008 0.710549
vt 0.413221 0.574572
vt 0.553241 0.406734
vt 0.562711 0.406711
vt 0.612431 0.377181
vt 0.555262 0.399853
vt 0.451391 0.359957
vt 0.446923 0.369720
vt 0.444159 0.357903
vt 0.883295 0.684588
vt 0.890668 0.658178
vt 0.911655 0.662432
vt 0.598417 0.406749
vt 0.594408 0.396182
vt 0.648375 0.660823
vt 0.891463 0.630019
vt 0.912275 0.641797
vt 0.872770 0.654263
vt 0.567346 0.399872
vt 0.874761 0.619348
vt 0.781677 0.698675
vt 0.613789 0.659945
vt 0.757860 0.680569
vt 0.742077 0.636942
vt 0.593910 0.460724
vt 0.612568 0.679208
vt 0.596869 0.657134
vt 0.601874 0.668835
vt 0.650937 0.699163
vt 0.760596 0.641489
vt 0.505228 0.358590
vt 0.772916 0.653205
vt 0.665042 0.669895
vt 0.531642 0.362384
vt 0.519513 0.364741
vt 0.804344 0.581520
vt 0.803407 0.594717
vt 0.796241 0.587765
vt 0.824116 0.585099
vt 0.815921 0.593538
vt 0.788829 0.594228
vt 0.790588 0.582105
vt 0.762032 0.601082
vt 0.753532 0.594221
vt 0.760516 0.588979
vt 0.772801 0.593920
vt 0.749864 0.603719
vt 0.764799 0.582885
vt 0.755364 0.580710
vt 0.644196 0.436327
vt 0.858642 0.637004
vt 0.586692 0.723706
vt 0.832829 0.563061
vt 0.843488 0.556055
vt 0.856131 0.568815
vt 0.830543 0.573418
vt 0.815594 0.564945
vt 0.801695 0.569236
vt 0.799481 0.558949
vt 0.791525 0.574224
vt 0.816084 0.574658
vt 0.786024 0.564049
vt 0.618326 0.633429
vt 0.594942 0.648331
vt 0.758503 0.612770
vt 0.798709 0.601005
vt 0.587208 0.441626
vt 0.860119 0.621249
vt 0.654495 0.718394
vt 0.669158 0.729790
vt 0.614603 0.638180
vt 0.739005 0.336305
vt 0.754832 0.347352
vt 0.742939 0.349501
vt 0.576665 0.393147
vt 0.800876 0.620949
vt 0.809817 0.615541
vt 0.816123 0.613286
vt 0.812374 0.609690
vt 0.826099 0.610276
vt 0.784590 0.727021
vt 0.807468 0.720823
vt 0.470689 0.546050
vt 0.474131 0.537999
vt 0.786047 0.609906
vt 0.621925 0.430886
vt 0.727424 0.444208
vt 0.722647 0.436337
vt 0.837507 0.600502
vt 0.837223 0.593571
vt 0.366988 0.515087
vt 0.393341 0.510678
vt 0.387978 0.520564
vt 0.422874 0.462168
vt 0.412471 0.456567
vt 0.420081 0.453582
vt 0.430906 0.457965
vt 0.410555 0.450113
vt 0.402210 0.452851
vt 0.536604 0.463811
vt 0.532263 0.473884
vt 0.529697 0.466871
vt 0.526984 0.470380
vt 0.515244 0.471932
vt 0.523727 0.464951
vt 0.493174 0.454602
vt 0.482937 0.449093
vt 0.491788 0.450639
vt 0.499054 0.453660
vt 0.500570 0.449635
vt 0.510335 0.459467
vt 0.482152 0.456919
vt 0.822831 0.600551
vt 0.828800 0.600107
vt 0.474595 0.444660
vt 0.473522 0.442911
vt 0.487696 0.445779
vt 0.428236 0.498730
vt 0.423045 0.510840
vt 0.726636 0.454183
vt 0.724343 0.465982
vt 0.712468 0.459663
vt 0.472235 0.455307
vt 0.472700 0.448428
vt 0.830527 0.416321
vt 0.853219 0.411995
vt 0.846396 0.429016
vt 0.830601 0.711529
vt 0.465383 0.445733
vt 0.465081 0.440691
vt 0.430348 0.473655
vt 0.442365 0.469068
vt 0.442833 0.486035
vt 0.410483 0.506853
vt 0.478096 0.439604
vt 0.835867 0.390002
vt 0.864109 0.385456
vt 0.844999 0.400991
vt 0.463282 0.457290
vt 0.458568 0.443174
vt 0.460219 0.467581
vt 0.458907 0.481648
vt 0.763131 0.409300
vt 0.748532 0.417096
vt 0.744563 0.411086
vt 0.424139 0.481656
vt 0.824706 0.450067
vt 0.830228 0.455624
vt 0.824407 0.455205
vt 0.747892 0.613938
vt 0.390199 0.497866
vt 0.725410 0.419914
vt 0.737728 0.417961
vt 0.732978 0.424042
vt 0.456196 0.439413
vt 0.463518 0.437526
vt 0.732235 0.410867
vt 0.718583 0.412104
vt 0.496091 0.441670
vt 0.791179 0.450457
vt 0.794700 0.443235
vt 0.799252 0.447662
vt 0.456332 0.448722
vt 0.452439 0.442306
vt 0.418923 0.470442
vt 0.479713 0.435598
vt 0.489073 0.434226
vt 0.459534 0.434073
vt 0.444420 0.454714
vt 0.465800 0.450277
vt 0.447798 0.438946
vt 0.407497 0.473536
vt 0.409927 0.462843
vt 0.390586 0.480501
vt 0.409647 0.489040
vt 0.446211 0.435411
vt 0.472488 0.429342
vt 0.444211 0.443548
vt 0.428383 0.451145
vt 0.357590 0.496707
vt 0.865351 0.611731
vt 0.868554 0.604654
vt 0.870800 0.608739
vt 0.442827 0.438437
vt 0.431153 0.444525
vt 0.418421 0.446358
vt 0.394466 0.463065
vt 0.366206 0.476775
vt 0.434516 0.435162
vt 0.449028 0.426654
vt 0.376617 0.466643
vt 0.459055 0.421315
vt 0.443149 0.431168
vt 0.405957 0.443419
vt 0.411306 0.414865
vt 0.402138 0.410955
vt 0.413028 0.404600
vt 0.391896 0.451832
vt 0.381774 0.454106
vt 0.382862 0.396619
vt 0.368048 0.400312
vt 0.373475 0.389140
vt 0.860492 0.665292
vt 0.418512 0.437757
vt 0.368350 0.424456
vt 0.387674 0.423067
vt 0.390661 0.428345
vt 0.385085 0.445243
vt 0.360634 0.460319
vt 0.392124 0.414108
vt 0.385683 0.416480
vt 0.384127 0.408317
vt 0.398520 0.439161
vt 0.395636 0.444053
vt 0.404795 0.433520
vt 0.531987 0.437041
vt 0.532024 0.451003
vt 0.374898 0.447399
vt 0.440454 0.419424
vt 0.431624 0.422150
vt 0.425615 0.414423
vt 0.388809 0.436374
vt 0.419677 0.425510
vt 0.407781 0.421112
vt 0.403249 0.416949
vt 0.405490 0.426555
vt 0.399311 0.424184
vt 0.730020 0.539309
vt 0.735761 0.537275
vt 0.735675 0.541515
vt 0.729778 0.544549
vt 0.725602 0.551000
vt 0.723060 0.544702
vt 0.730563 0.549276
vt 0.726773 0.534463
vt 0.732211 0.534993
vt 0.724342 0.539133
vt 0.721433 0.533453
vt 0.717081 0.528386
vt 0.718091 0.537419
vt 0.714048 0.544331
vt 0.699582 0.543713
vt 0.706197 0.555555
vt 0.742830 0.525519
vt 0.749392 0.524063
vt 0.748469 0.531040
vt 0.735719 0.527274
vt 0.738580 0.521977
vt 0.744693 0.520465
vt 0.750579 0.519591
vt 0.748344 0.516397
vt 0.740661 0.518077
vt 0.745457 0.513155
vt 0.737644 0.514039
vt 0.733022 0.510553
vt 0.746348 0.508052
vt 0.754447 0.513885
vt 0.754984 0.518108
vt 0.753816 0.528634
vt 0.755201 0.523231
vt 0.762493 0.519618
vt 0.757729 0.529159
vt 0.762916 0.514708
vt 0.760666 0.509439
vt 0.758700 0.521076
vt 0.761474 0.526285
vt 0.771131 0.508694
vt 0.770333 0.515984
vt 0.761827 0.532836
vt 0.765001 0.530746
vt 0.767324 0.526678
vt 0.764905 0.502135
vt 0.752621 0.500962
vt 0.766947 0.516809
vt 0.769199 0.521780
vt 0.772692 0.531038
vt 0.739518 0.504038
vt 0.775817 0.524010
vt 0.771607 0.611300
vt 0.330467 0.377889
vt 0.337546 0.357423
vt 0.343180 0.371062
vt 0.373181 0.432038
vt 0.434223 0.427530
vt 0.376141 0.439489
vt 0.364408 0.437743
vt 0.398208 0.414507
vt 0.352188 0.370439
vt 0.745856 0.621084
vt 0.397456 0.420679
vt 0.396485 0.417706
vt 0.353152 0.435187
vt 0.606922 0.402666
vt 0.723343 0.427974
vt 0.395899 0.412067
vt 0.513489 0.448184
vt 0.608678 0.409326
vt 0.364054 0.445460
vt 0.396164 0.403841
vt 0.374955 0.419696
vt 0.614780 0.408790
vt 0.369715 0.414356
vt 0.713237 0.446979
vt 0.710984 0.436656
vt 0.357439 0.391929
vt 0.362278 0.380670
vt 0.749303 0.686196
vt 0.342979 0.379427
vt 0.356636 0.407909
vt 0.356025 0.419861
vt 0.337365 0.414139
vt 0.341348 0.423076
vt 0.779286 0.614519
vt 0.683501 0.436609
vt 0.676395 0.429727
vt 0.432097 0.543004
vt 0.347605 0.399736
vt 0.349629 0.384497
vt 0.335007 0.395718
vt 0.328059 0.388516
vt 0.834428 0.599369
vt 0.838626 0.598950
vt 0.314378 0.374160
vt 0.523219 0.449784
vt 0.348800 0.429365
vt 0.751515 0.470147
vt 0.740940 0.465149
vt 0.754906 0.461661
vt 0.756550 0.454729
vt 0.763608 0.455110
vt 0.741616 0.476707
vt 0.752446 0.484278
vt 0.743575 0.487990
vt 0.754208 0.493748
vt 0.761739 0.467056
vt 0.751510 0.455182
vt 0.756919 0.475124
vt 0.775044 0.457846
vt 0.784044 0.453932
vt 0.783443 0.459782
vt 0.763822 0.498468
vt 0.771553 0.481231
vt 0.762142 0.487755
vt 0.821325 0.461620
vt 0.808708 0.462735
vt 0.806780 0.459611
vt 0.798654 0.458475
vt 0.801147 0.464910
vt 0.774213 0.495077
vt 0.826351 0.465575
vt 0.815562 0.463952
vt 0.771554 0.469477
vt 0.783994 0.469953
vt 0.793042 0.465351
vt 0.782089 0.482633
vt 0.683694 0.425773
vt 0.798468 0.478698
vt 0.819517 0.469270
vt 0.825750 0.468376
vt 0.817349 0.466682
vt 0.810942 0.470796
vt 0.780163 0.489643
vt 0.733625 0.482709
vt 0.789232 0.492986
vt 0.778537 0.502167
vt 0.823975 0.479258
vt 0.790459 0.500394
vt 0.765658 0.461814
vt 0.789398 0.460737
vt 0.804995 0.497633
vt 0.787885 0.455948
vt 0.810559 0.487911
vt 0.822329 0.495520
vt 0.814111 0.499760
vt 0.315749 0.403139
vt 0.779387 0.603834
vt 0.500387 0.690365
vt 0.584133 0.384372
vt 0.512085 0.527253
vt 0.497002 0.505281
vt 0.506646 0.514706
vt 0.505034 0.524562
vt 0.512652 0.540445
vt 0.501298 0.551799
vt 0.567753 0.351086
vt 0.710393 0.431336
vt 0.716512 0.430788
vt 0.664119 0.436271
vt 0.669764 0.431630
vt 0.674697 0.436621
vt 0.688241 0.724412
vt 0.836351 0.636662
vt 0.726745 0.740314
vt 0.484371 0.429787
vt 0.494774 0.428720
vt 0.482398 0.426168
vt 0.484232 0.421064
vt 0.493249 0.417075
vt 0.477662 0.412446
vt 0.826535 0.594799
vt 0.474316 0.420911
vt 0.443701 0.409228
vt 0.454722 0.410248
vt 0.449801 0.415490
vt 0.699816 0.440728
vt 0.692869 0.436739
vt 0.582533 0.369275
vt 0.378259 0.340439
vt 0.389142 0.357428
vt 0.372133 0.354821
vt 0.674198 0.445096
vt 0.436971 0.412811
vt 0.441671 0.403856
vt 0.451286 0.403217
vt 0.391757 0.393063
vt 0.404501 0.393462
vt 0.473120 0.397943
vt 0.464466 0.406164
vt 0.460698 0.398555
vt 0.382384 0.388460
vt 0.410040 0.379678
vt 0.411262 0.371211
vt 0.420692 0.379795
vt 0.413109 0.387224
vt 0.405106 0.385131
vt 0.394948 0.384413
vt 0.758071 0.370056
vt 0.742929 0.384888
vt 0.382986 0.383618
vt 0.399771 0.373945
vt 0.373616 0.378840
vt 0.577369 0.416497
vt 0.410417 0.362819
vt 0.405664 0.351882
vt 0.420217 0.364755
vt 0.403487 0.363272
vt 0.597414 0.381043
vt 0.383392 0.372565
vt 0.769278 0.436799
vt 0.771111 0.443716
vt 0.764053 0.442592
vt 0.602405 0.732946
vt 0.365950 0.368206
vt 0.355955 0.353238
vt 0.390923 0.341045
vt 0.463738 0.414397
vt 0.364360 0.334026
vt 0.346789 0.331401
vt 0.331553 0.326972
vt 0.734922 0.459130
vt 0.736745 0.453389
vt 0.679358 0.417930
vt 0.704714 0.759973
vt 0.690891 0.403237
vt 0.643455 0.462741
vt 0.625278 0.463696
vt 0.431351 0.404831
vt 0.754976 0.427581
vt 0.749497 0.435288
vt 0.851562 0.371031
vt 0.818483 0.387668
vt 0.461345 0.495247
vt 0.433025 0.385853
vt 0.434808 0.374727
vt 0.744041 0.456662
vt 0.642781 0.448366
vt 0.628428 0.452553
vt 0.648194 0.745812
vt 0.422009 0.393645
vt 0.670074 0.456459
vt 0.655054 0.455412
vt 0.657474 0.445079
vt 0.422264 0.349100
vt 0.434536 0.361865
vt 0.708820 0.468336
vt 0.701109 0.464888
vt 0.786826 0.349003
vt 0.782081 0.333412
vt 0.794649 0.337045
vt 0.767284 0.387124
vt 0.783002 0.398825
vt 0.595881 0.436053
vt 0.724069 0.556562
vt 0.725216 0.565471
vt 0.713704 0.564183
vt 0.718902 0.558466
vt 0.611311 0.458842
vt 0.712584 0.574729
vt 0.705542 0.568858
vt 0.735469 0.555139
vt 0.733289 0.562727
vt 0.733563 0.575003
vt 0.738371 0.572433
vt 0.682324 0.579150
vt 0.692340 0.563833
vt 0.697773 0.579702
vt 0.719513 0.578282
vt 0.717705 0.589632
vt 0.728375 0.572318
vt 0.444141 0.376783
vt 0.730238 0.580927
vt 0.674409 0.549998
vt 0.718793 0.569850
vt 0.708192 0.585242
vt 0.499609 0.436667
vt 0.506138 0.441552
vt 0.513178 0.437858
vt 0.624296 0.359142
vt 0.611944 0.354457
vt 0.689951 0.551368
vt 0.665576 0.555436
vt 0.654976 0.464962
vt 0.652144 0.470673
vt 0.754156 0.395683
vt 0.743469 0.401754
vt 0.749888 0.449760
vt 0.757796 0.450347
vt 0.755577 0.443574
vt 0.763946 0.447499
vt 0.322442 0.352004
vt 0.462288 0.389783
vt 0.592124 0.353634
vt 0.437047 0.352958
vt 0.610319 0.632473
vt 0.514568 0.420004
vt 0.614985 0.444617
vt 0.609319 0.436487
vt 0.480824 0.670184
vt 0.620166 0.436520
vt 0.738580 0.447928
vt 0.787089 0.438284
vt 0.785897 0.447257
vt 0.778183 0.445883
vt 0.771241 0.449541
vt 0.755553 0.420833
vt 0.679257 0.743394
vt 0.584851 0.416420
vt 0.582344 0.423614
vt 0.470725 0.384931
vt 0.865199 0.599765
vt 0.581549 0.452811
vt 0.458172 0.367333
vt 0.679404 0.472016
vt 0.686334 0.465257
vt 0.698493 0.471347
vt 0.707222 0.477748
vt 0.739864 0.471465
vt 0.726949 0.476719
vt 0.684520 0.346737
vt 0.825566 0.352580
vt 0.819850 0.371134
vt 0.800653 0.363284
vt 0.682054 0.441679
vt 0.672048 0.467637
vt 0.400916 0.543846
vt 0.475316 0.379706
vt 0.467399 0.372324
vt 0.542731 0.456087
vt 0.609008 0.469718
vt 0.456592 0.358720
vt 0.398855 0.530638
vt 0.577984 0.462342
vt 0.569912 0.467377
vt 0.584264 0.470221
vt 0.595584 0.467886
vt 0.523788 0.443231
vt 0.519397 0.435544
vt 0.521323 0.427487
vt 0.508549 0.425803
vt 0.765851 0.537197
vt 0.768786 0.532403
vt 0.770467 0.537880
vt 0.757349 0.539843
vt 0.749405 0.538437
vt 0.756585 0.534445
vt 0.739746 0.538477
vt 0.736335 0.532995
vt 0.741470 0.532955
vt 0.744612 0.537148
vt 0.752876 0.533484
vt 0.741783 0.540952
vt 0.732365 0.531434
vt 0.842260 0.519272
vt 0.714622 0.351334
vt 0.904505 0.684386
vt 0.462417 0.362970
vt 0.721918 0.484298
vt 0.728974 0.487642
vt 0.722126 0.488216
vt 0.715822 0.489068
vt 0.704624 0.488487
vt 0.737869 0.496115
vt 0.723075 0.494117
vt 0.711858 0.495573
vt 0.728113 0.531080
vt 0.713441 0.505638
vt 0.728511 0.503920
vt 0.711454 0.526198
vt 0.709500 0.520941
vt 0.712456 0.515015
vt 0.725196 0.527288
vt 0.732812 0.521867
vt 0.730436 0.527684
vt 0.721199 0.513540
vt 0.714728 0.520601
vt 0.727563 0.517898
vt 0.719830 0.520978
vt 0.690013 0.440627
vt 0.688805 0.445280
vt 0.598155 0.428717
vt 0.590428 0.430732
vt 0.745602 0.442441
vt 0.704252 0.335938
vt 0.818545 0.454711
vt 0.760344 0.437038
vt 0.765428 0.427178
vt 0.775804 0.364224
vt 0.615399 0.420909
vt 0.807176 0.419673
vt 0.801044 0.433676
vt 0.790309 0.426347
vt 0.559713 0.475117
vt 0.554014 0.473535
vt 0.612661 0.427186
vt 0.532972 0.457083
vt 0.539822 0.469973
vt 0.540339 0.473535
vt 0.545762 0.472244
vt 0.542270 0.465058
vt 0.542962 0.461562
vt 0.556509 0.461987
vt 0.794249 0.384129
vt 0.774259 0.451929
vt 0.571747 0.474159
vt 0.549771 0.465188
vt 0.539527 0.481073
vt 0.555236 0.469582
vt 0.699740 0.456894
vt 0.562231 0.464011
vt 0.741314 0.592462
vt 0.431886 0.604455
vt 0.816981 0.428853
vt 0.450027 0.604920
vt 0.461657 0.611500
vt 0.479319 0.618470
vt 0.778356 0.421124
vt 0.488830 0.618492
vt 0.522061 0.478584
vt 0.697471 0.448728
vt 0.501028 0.622341
vt 0.506426 0.632160
vt 0.499112 0.488792
vt 0.543137 0.638630
vt 0.552700 0.637099
vt 0.503073 0.615460
vt 0.608022 0.588271
vt 0.602588 0.432351
vt 0.596862 0.431178
vt 0.715838 0.600893
vt 0.541481 0.628911
vt 0.556846 0.629197
vt 0.491006 0.596172
vt 0.654840 0.438154
vt 0.503233 0.600223
vt 0.528623 0.624254
vt 0.529137 0.485481
vt 0.686481 0.453249
vt 0.577916 0.598353
vt 0.578678 0.608966
vt 0.570376 0.603108
vt 0.561745 0.619241
vt 0.512431 0.506939
vt 0.506832 0.500976
vt 0.505678 0.594974
vt 0.547379 0.618617
vt 0.579621 0.432464
vt 0.575615 0.425951
vt 0.661860 0.462697
vt 0.779811 0.451333
vt 0.809157 0.437021
vt 0.803310 0.441921
vt 0.589826 0.607254
vt 0.612267 0.606485
vt 0.647623 0.610876
vt 0.849479 0.356399
vt 0.526730 0.599722
vt 0.513805 0.579309
vt 0.561496 0.597780
vt 0.623890 0.602409
vt 0.615384 0.434061
vt 0.644741 0.598778
vt 0.604129 0.580125
vt 0.665873 0.587790
vt 0.653956 0.460665
vt 0.852598 0.338116
vt 0.821873 0.326596
vt 0.518861 0.489105
vt 0.510129 0.491905
vt 0.510631 0.482134
vt 0.525783 0.561658
vt 0.515864 0.552451
vt 0.804637 0.342231
vt 0.836921 0.442177
vt 0.821952 0.437048
vt 0.593991 0.577054
vt 0.820711 0.444499
vt 0.579699 0.575634
vt 0.577020 0.546938
vt 0.525226 0.550993
vt 0.810557 0.444323
vt 0.835283 0.449729
vt 0.815097 0.449887
vt 0.575649 0.561157
vt 0.767977 0.336584
vt 0.515100 0.498141
vt 0.804700 0.451368
vt 0.778732 0.431655
vt 0.525348 0.542585
vt 0.810400 0.455216
vt 0.777565 0.439022
vt 0.794775 0.454140
vt 0.612340 0.550814
s 1
usemtl Texture
f 1044/1/1 4170/2/2 927/3/3
f 911/4/4 4170/2/2 1044/1/1
f 3906/5/5 3903/6/6 3905/7/7
f 3906/5/5 3905/7/7 1023/8/8
f 3906/5/5 1023/8/8 1022/9/9
f 373/10/10 4889/11/11 375/12/12
f 310/13/13 925/14/14 4462/15/15
f 925/14/14 4845/16/16 4462/15/15
f 310/13/13 373/10/10 375/12/12
f 925/14/14 310/13/13 375/12/12
f 4920/17/17 4889/11/11 373/10/10
f 3908/18/18 4037/19/19 3984/20/20
f 3903/21/6 2967/22/21 3905/23/7
f 2988/24/22 279/25/23 3515/26/24
f 4037/19/19 3908/18/18 281/27/25
f 3984/20/20 3910/28/26 3908/18/18
f 3905/23/7 4037/19/19 281/27/25
f 2998/29/27 4592/30/28 3515/26/24
f 279/25/23 3978/31/29 3515/26/24
f 2998/29/27 2946/32/30 4592/30/28
f 3918/33/31 3515/26/24 3937/34/32
f 3978/31/29 279/25/23 3911/35/33
f 3515/26/24 4592/30/28 2988/24/22
f 4026/36/34 4037/19/19 3905/23/7
f 4037/19/19 4026/36/34 3984/20/20
f 2967/22/21 4026/36/34 3905/23/7
f 3556/37/35 2967/22/21 3903/21/6
f 3905/23/7 281/27/25 1023/38/8
f 3908/18/18 3937/34/32 281/27/25
f 3937/34/32 3978/31/29 3911/35/33
f 3911/35/33 279/25/23 1022/39/9
f 3515/26/24 3978/31/29 3937/34/32
f 3908/18/18 3910/28/26 3937/34/32
f 279/25/23 3906/40/5 1022/39/9
f 1022/39/9 1023/38/8 281/27/25
f 3911/35/33 281/27/25 3937/34/32
f 281/27/25 3911/35/33 1022/39/9
f 574/41/36 4080/42/37 2769/43/38
f 574/41/36 575/44/39 3067/45/40
f 912/46/41 913/47/42 513/48/43
f 4080/42/37 3925/49/44 2769/43/38
f 2770/50/45 3925/49/44 546/51/46
f 912/46/41 572/52/47 913/47/42
f 569/53/48 912/46/41 513/48/43
f 513/48/43 514/54/49 540/55/50
f 2769/43/38 3925/49/44 914/56/51
f 539/57/52 540/55/50 538/58/53
f 572/52/47 912/46/41 569/53/48
f 539/57/52 513/48/43 540/55/50
f 2988/59/22 2770/50/45 3827/60/54
f 576/61/55 906/62/56 2987/63/57
f 3827/60/54 2770/50/45 517/64/58
f 2770/50/45 2988/59/22 906/62/56
f 575/44/39 2769/43/38 538/58/53
f 914/56/51 915/65/59 2769/43/38
f 914/56/51 2770/50/45 916/66/60
f 2988/59/22 2987/63/57 906/62/56
f 279/67/23 2988/59/22 3692/68/61
f 2769/43/38 915/65/59 538/58/53
f 3827/60/54 3692/68/61 2988/59/22
f 915/65/59 1954/69/62 907/70/63
f 538/58/53 907/70/63 539/57/52
f 569/53/48 539/57/52 907/70/63
f 569/53/48 571/71/64 572/52/47
f 915/65/59 914/56/51 916/66/60
f 916/66/60 2770/50/45 906/62/56
f 907/70/63 538/58/53 915/65/59
f 916/66/60 1954/69/62 915/65/59
f 906/62/56 576/61/55 916/66/60
f 540/55/50 575/44/39 538/58/53
f 571/71/64 569/53/48 907/70/63
f 3925/49/44 2770/50/45 914/56/51
f 574/41/36 2769/43/38 575/44/39
f 513/48/43 539/57/52 569/53/48
f 3067/45/40 4080/42/37 574/41/36
f 576/61/55 1954/69/62 916/66/60
f 514/54/49 513/48/43 913/47/42
f 517/64/58 2770/50/45 546/51/46
f 759/72/65 4408/73/66 461/74/67
f 451/75/68 758/76/69 444/77/70
f 453/78/71 448/79/72 460/80/73
f 638/81/74 643/82/75 632/83/76
f 460/80/73 4408/73/66 459/84/77
f 460/80/73 461/74/67 4408/73/66
f 2820/85/78 4168/86/79 945/87/80
f 459/84/77 453/78/71 460/80/73
f 459/84/77 4166/88/81 453/78/71
f 4166/88/81 459/84/77 4158/89/82
f 632/83/76 808/90/83 807/91/84
f 962/92/85 4184/93/86 945/87/80
f 945/87/80 4168/86/79 962/92/85
f 2895/94/87 2896/95/88 457/96/89
f 961/97/90 643/82/75 962/92/85
f 808/90/83 450/98/91 807/91/84
f 450/98/91 645/99/92 533/100/93
f 758/76/69 2895/94/87 2820/85/78
f 2820/85/78 945/87/80 444/77/70
f 645/99/92 450/98/91 808/90/83
f 4184/93/86 962/92/85 638/81/74
f 444/77/70 452/101/94 451/75/68
f 456/102/95 453/78/71 4166/88/81
f 2896/95/88 448/79/72 456/102/95
f 444/77/70 450/98/91 452/101/94
f 2820/85/78 2895/94/87 457/96/89
f 4184/93/86 638/81/74 632/83/76
f 4184/93/86 450/98/91 945/87/80
f 628/103/96 2820/85/78 457/96/89
f 948/104/97 632/83/76 643/82/75
f 457/96/89 4166/88/81 704/105/98
f 2850/106/99 448/79/72 2896/95/88
f 807/91/84 4184/93/86 632/83/76
f 808/90/83 632/83/76 646/107/100
f 4166/88/81 457/96/89 456/102/95
f 758/76/69 2820/85/78 444/77/70
f 4184/93/86 807/91/84 450/98/91
f 450/98/91 533/100/93 452/101/94
f 1032/108/101 628/103/96 704/105/98
f 962/92/85 643/82/75 638/81/74
f 457/96/89 2896/95/88 456/102/95
f 4168/86/79 628/103/96 644/109/102
f 4409/110/103 4408/73/66 759/72/65
f 962/92/85 4168/86/79 644/109/102
f 457/96/89 704/105/98 628/103/96
f 644/109/102 628/103/96 1032/108/101
f 4408/73/66 4409/110/103 4158/89/82
f 646/107/100 632/83/76 948/104/97
f 4168/86/79 2820/85/78 628/103/96
f 456/102/95 448/79/72 453/78/71
f 644/109/102 961/97/90 962/92/85
f 2896/95/88 2895/94/87 2850/106/99
f 450/98/91 444/77/70 945/87/80
f 4408/73/66 4158/89/82 459/84/77
f 487/111/104 488/112/105 489/113/106
f 3687/114/107 3419/115/108 3684/116/109
f 3312/117/110 3682/118/111 3314/119/112
f 3684/116/109 3314/119/112 3680/120/113
f 3420/121/114 3314/119/112 3419/115/108
f 3896/122/115 3899/123/116 3897/124/117
f 3314/119/112 3648/125/118 3313/126/119
f 3687/114/107 3248/127/120 1057/128/121
f 3311/129/122 3247/130/123 473/131/124
f 3248/127/120 3311/129/122 1057/128/121
f 3442/132/125 3896/122/115 3897/124/117
f 3420/121/114 3648/125/118 3314/119/112
f 3442/132/125 3247/130/123 3248/127/120
f 3294/133/126 1057/128/121 1056/134/127
f 3899/123/116 3896/122/115 3684/116/109
f 3899/123/116 3680/120/113 3682/118/111
f 3774/135/128 3775/136/129 3709/137/130
f 3311/129/122 3248/127/120 3247/130/123
f 3420/121/114 3419/115/108 3294/133/126
f 3294/133/126 3687/114/107 1057/128/121
f 3692/138/61 3775/136/129 3899/123/116
f 3675/139/131 3311/129/122 473/131/124
f 3775/136/129 3774/135/128 3773/140/132
f 3669/141/133 3313/126/119 3648/125/118
f 483/142/134 484/143/135 487/111/104
f 3314/119/112 3684/116/109 3419/115/108
f 3442/132/125 3897/124/117 3247/130/123
f 3896/122/115 3442/132/125 3687/114/107
f 3897/124/117 485/144/136 484/143/135
f 488/112/105 3899/123/116 3289/145/137
f 3682/118/111 3680/120/113 3314/119/112
f 488/112/105 487/111/104 3898/146/138
f 3291/147/139 3292/148/140 3293/149/141
f 3897/124/117 3899/123/116 485/144/136
f 3717/150/142 3291/147/139 3293/149/141
f 473/131/124 3247/130/123 483/142/134
f 484/143/135 483/142/134 3247/130/123
f 3247/130/123 3897/124/117 484/143/135
f 1056/134/127 3420/121/114 3294/133/126
f 3684/116/109 3680/120/113 3899/123/116
f 3427/151/143 888/152/144 487/111/104
f 3687/114/107 3684/116/109 3896/122/115
f 3314/119/112 3313/126/119 3312/117/110
f 3774/135/128 3709/137/130 3292/148/140
f 888/152/144 483/142/134 487/111/104
f 3717/150/142 3293/149/141 3692/138/61
f 3692/138/61 3293/149/141 3775/136/129
f 3898/146/138 487/111/104 484/143/135
f 3898/146/138 3899/123/116 488/112/105
f 888/152/144 3427/151/143 3402/153/145
f 489/113/106 3427/151/143 487/111/104
f 3313/126/119 3669/141/133 3312/117/110
f 1714/154/146 3291/147/139 3717/150/142
f 3248/127/120 3687/114/107 3442/132/125
f 3289/145/137 3899/123/116 3691/155/147
f 3709/137/130 3775/136/129 3293/149/141
f 3691/155/147 3773/140/132 3289/145/137
f 3773/140/132 3691/155/147 3775/136/129
f 488/112/105 3289/145/137 489/113/106
f 3293/149/141 3292/148/140 3709/137/130
f 484/143/135 485/144/136 3898/146/138
f 3899/123/116 3898/146/138 485/144/136
f 483/142/134 3675/139/131 473/131/124
f 3294/133/126 3419/115/108 3687/114/107
f 3691/155/147 3899/123/116 3775/136/129
f 981/156/148 1833/157/149 1799/158/150
f 1570/159/151 1124/160/152 1767/161/153
f 1549/162/154 1822/163/155 1767/161/153
f 1825/164/156 1824/165/157 1826/166/158
f 1423/167/159 1779/168/160 1777/169/161
f 1549/162/154 4537/170/162 1568/171/163
f 1549/162/154 4663/172/164 4537/170/162
f 1825/164/156 1515/173/165 1824/165/157
f 4537/170/162 4683/174/166 4561/175/167
f 4663/172/164 1549/162/154 1767/161/153
f 1824/165/157 1540/176/168 1823/177/169
f 1823/177/169 1799/158/150 1824/165/157
f 1727/178/170 4663/172/164 1124/160/152
f 1822/163/155 1799/158/150 1823/177/169
f 1767/161/153 1124/160/152 4663/172/164
f 1549/162/154 981/156/148 1822/163/155
f 1486/179/171 1570/159/151 1773/180/172
f 1822/163/155 981/156/148 1799/158/150
f 1570/159/151 1823/177/169 1540/176/168
f 1823/177/169 1767/161/153 1822/163/155
f 1833/157/149 1824/165/157 1799/158/150
f 1826/166/158 1824/165/157 1833/157/149
f 1824/165/157 1515/173/165 1540/176/168
f 1570/159/151 1767/161/153 1823/177/169
f 1124/160/152 1789/181/173 1727/178/170
f 1124/160/152 1801/182/174 1789/181/173
f 1784/183/175 1713/184/176 1789/181/173
f 1801/182/174 1784/183/175 1789/181/173
f 1801/182/174 1486/179/171 1784/183/175
f 4537/170/162 4663/172/164 4683/174/166
f 4537/170/162 4561/175/167 1568/171/163
f 1764/185/177 1577/186/178 1569/187/179
f 1568/171/163 4561/175/167 1569/187/179
f 1716/188/180 1713/184/176 1722/189/181
f 1569/187/179 1776/190/182 1764/185/177
f 1716/188/180 1474/191/183 132/192/184
f 4525/193/185 1485/194/186 1143/195/187
f 1423/167/159 1428/196/188 1513/197/189
f 1789/181/173 1713/184/176 1716/188/180
f 1569/187/179 4561/175/167 1776/190/182
f 1475/198/190 1454/199/191 1713/184/176
f 1423/167/159 1513/197/189 1779/168/160
f 4663/172/164 1727/178/170 4683/174/166
f 1776/190/182 1522/200/192 1143/195/187
f 4683/174/166 132/192/184 4561/175/167
f 1570/159/151 1801/182/174 1124/160/152
f 1780/201/193 1513/197/189 1428/196/188
f 1432/202/194 1428/196/188 1449/203/195
f 1777/169/161 1485/194/186 4525/193/185
f 1432/202/194 1780/201/193 1428/196/188
f 1486/179/171 1801/182/174 1570/159/151
f 1773/180/172 1570/159/151 1540/176/168
f 1722/189/181 1423/167/159 1777/169/161
f 132/192/184 1474/191/183 4525/193/185
f 1474/191/183 1777/169/161 4525/193/185
f 1423/167/159 1722/189/181 1794/204/196
f 1474/191/183 1722/189/181 1777/169/161
f 4525/193/185 1143/195/187 1522/200/192
f 4561/175/167 1522/200/192 1776/190/182
f 1428/196/188 1423/167/159 1794/204/196
f 1722/189/181 1454/199/191 1794/204/196
f 1722/189/181 1474/191/183 1716/188/180
f 1522/200/192 132/192/184 4525/193/185
f 132/192/184 1522/200/192 4561/175/167
f 1454/199/191 1722/189/181 1713/184/176
f 1454/199/191 1475/198/190 1794/204/196
f 1716/188/180 132/192/184 4683/174/166
f 4683/174/166 1727/178/170 1716/188/180
f 1716/188/180 1727/178/170 1789/181/173
f 4012/205/197 3932/206/198 553/207/199
f 4769/208/200 4369/209/201 4770/210/202
f 4309/211/203 3933/212/204 3931/213/205
f 549/214/206 908/215/207 548/216/208
f 3932/206/198 3940/217/209 2949/218/210
f 4013/219/211 3945/220/212 3942/221/213
f 553/207/199 548/216/208 555/222/214
f 2946/223/30 2981/224/215 4592/225/28
f 3995/226/216 3956/227/217 4012/205/197
f 3245/228/218 3928/229/219 4333/230/220
f 3936/231/221 4369/209/201 302/232/222
f 4314/233/223 4770/210/202 4309/211/203
f 4770/210/202 3935/234/224 4309/211/203
f 3278/235/225 3959/236/226 3928/229/219
f 2731/237/227 2951/238/228 2981/224/215
f 3936/231/221 3935/234/224 4770/210/202
f 3956/227/217 4310/239/229 3931/213/205
f 3956/227/217 2743/240/230 4012/205/197
f 3956/227/217 3931/213/205 2743/240/230
f 548/216/208 2949/218/210 549/214/206
f 4309/211/203 4310/239/229 4314/233/223
f 4314/233/223 4769/208/200 4770/210/202
f 2951/238/228 2731/237/227 3280/241/231
f 2978/242/232 908/215/207 549/214/206
f 302/232/222 4369/209/201 1283/243/233
f 3951/244/234 549/214/206 3944/245/235
f 3941/246/236 3280/241/231 2731/237/227
f 3245/228/218 2951/238/228 3928/229/219
f 4333/230/220 3959/236/226 302/232/222
f 555/222/214 4011/247/237 553/207/199
f 4570/248/238 4011/247/237 555/222/214
f 4369/209/201 4368/249/239 1283/243/233
f 3955/250/240 3936/231/221 303/251/241
f 3935/234/224 3936/231/221 3955/250/240
f 3951/244/234 2731/237/227 3942/221/213
f 3278/235/225 3280/241/231 3941/246/236
f 3944/245/235 2949/218/210 3940/217/209
f 3945/220/212 3951/244/234 3942/221/213
f 2978/242/232 549/214/206 3951/244/234
f 3941/246/236 3944/245/235 3940/217/209
f 2981/224/215 3245/228/218 4592/225/28
f 3951/244/234 3941/246/236 2731/237/227
f 3928/229/219 3959/236/226 4333/230/220
f 3951/244/234 3945/220/212 2978/242/232
f 4369/209/201 4769/208/200 4368/249/239
f 3940/217/209 3933/212/204 3941/246/236
f 3995/226/216 4012/205/197 4011/247/237
f 548/216/208 553/207/199 2949/218/210
f 302/232/222 303/251/241 3936/231/221
f 3278/235/225 3941/246/236 3955/250/240
f 2951/238/228 3245/228/218 2981/224/215
f 302/232/222 3959/236/226 303/251/241
f 3280/241/231 3278/235/225 3928/229/219
f 553/207/199 4011/247/237 4012/205/197
f 553/207/199 3932/206/198 2949/218/210
f 4013/219/211 2981/224/215 2946/223/30
f 4314/233/223 4310/239/229 4367/252/242
f 4367/252/242 4769/208/200 4314/233/223
f 2731/237/227 2981/224/215 3942/221/213
f 3932/206/198 2743/240/230 3931/213/205
f 3955/250/240 3933/212/204 3935/234/224
f 3928/229/219 2951/238/228 3280/241/231
f 3932/206/198 4012/205/197 2743/240/230
f 3933/212/204 3955/250/240 3941/246/236
f 3951/244/234 3944/245/235 3941/246/236
f 3935/234/224 3933/212/204 4309/211/203
f 1283/243/233 4368/249/239 4366/253/243
f 303/251/241 3278/235/225 3955/250/240
f 4309/211/203 3931/213/205 4310/239/229
f 303/251/241 3959/236/226 3278/235/225
f 3942/221/213 2981/224/215 4013/219/211
f 3936/231/221 4770/210/202 4369/209/201
f 3931/213/205 3933/212/204 3932/206/198
f 4367/252/242 4368/249/239 4769/208/200
f 3940/217/209 3932/206/198 3933/212/204
f 3944/245/235 549/214/206 2949/218/210
f 4333/230/220 4592/225/28 3245/228/218
f 3668/254/244 3661/255/245 3647/256/246
f 3648/257/118 3659/258/247 3672/259/248
f 3599/260/249 3601/261/250 3647/256/246
f 3599/260/249 3647/256/246 3582/262/251
f 3621/263/252 3699/264/253 3674/265/254
f 3675/266/131 3678/267/255 3311/268/122
f 3619/269/256 3576/270/257 3676/271/258
f 3619/269/256 3700/272/259 3512/273/260
f 3517/274/261 3679/275/262 3702/276/263
f 3585/277/264 3698/278/265 3837/279/266
f 3599/260/249 3649/280/267 3601/261/250
f 3580/281/268 3611/282/269 3634/283/270
f 3668/254/244 3672/259/248 3661/255/245
f 3837/279/266 3587/284/271 3619/269/256
f 3659/258/247 3420/285/114 1056/286/127
f 3576/270/257 3619/269/256 3512/273/260
f 3630/287/272 3582/262/251 3664/288/273
f 3663/289/274 3664/288/273 1056/286/127
f 3649/280/267 3674/265/254 3676/271/258
f 3611/282/269 3601/261/250 3576/270/257
f 3634/283/270 3611/282/269 3512/273/260
f 3341/290/275 3385/291/276 3402/292/145
f 3649/280/267 3576/270/257 3601/261/250
f 3663/289/274 3678/267/255 3630/287/272
f 3676/271/258 3585/277/264 3837/279/266
f 3699/264/253 3676/271/258 3674/265/254
f 3701/293/277 3700/272/259 3670/294/278
f 3610/295/279 3601/261/250 3611/282/269
f 483/296/134 3385/291/276 3675/266/131
f 3385/291/276 3341/290/275 3434/297/280
f 3595/298/281 3434/297/280 3621/263/252
f 3647/256/246 3601/261/250 3610/295/279
f 3592/299/282 3678/267/255 3434/297/280
f 3675/266/131 3385/291/276 3678/267/255
f 3647/256/246 3660/300/283 3582/262/251
f 3660/300/283 1056/286/127 3664/288/273
f 3420/285/114 3659/258/247 3648/257/118
f 3649/280/267 3676/271/258 3576/270/257
f 3670/294/278 3700/272/259 3587/284/271
f 3402/292/145 3385/291/276 888/301/144
f 3678/267/255 3385/291/276 3434/297/280
f 3669/302/133 3648/257/118 3657/303/284
f 3585/277/264 3676/271/258 3699/264/253
f 3585/277/264 3699/264/253 3517/274/261
f 3341/290/275 3621/263/252 3434/297/280
f 3621/263/252 3674/265/254 3595/298/281
f 3341/290/275 3679/275/262 3621/263/252
f 3678/267/255 3592/299/282 3630/287/272
f 888/301/144 3385/291/276 483/296/134
f 3610/295/279 3611/282/269 3580/281/268
f 3592/299/282 3595/298/281 3598/304/285
f 3649/280/267 3595/298/281 3674/265/254
f 3698/278/265 3585/277/264 3517/274/261
f 3630/287/272 3592/299/282 3598/304/285
f 3582/262/251 3660/300/283 3664/288/273
f 3311/268/122 3678/267/255 3663/289/274
f 3661/255/245 3659/258/247 3660/300/283
f 3670/294/278 1/305/286 3701/293/277
f 3598/304/285 3649/280/267 3599/260/249
f 3512/273/260 3611/282/269 3576/270/257
f 3517/274/261 3699/264/253 3621/263/252
f 3668/254/244 3647/256/246 3610/295/279
f 3517/274/261 3702/276/263 3698/278/265
f 1056/286/127 1057/306/121 3663/289/274
f 3582/262/251 3598/304/285 3599/260/249
f 3587/284/271 3700/272/259 3619/269/256
f 3595/298/281 3592/299/282 3434/297/280
f 3630/287/272 3664/288/273 3663/289/274
f 3598/304/285 3595/298/281 3649/280/267
f 1057/306/121 3311/268/122 3663/289/274
f 3511/307/287 3587/284/271 3837/279/266
f 1056/286/127 3660/300/283 3659/258/247
f 3837/279/266 3619/269/256 3676/271/258
f 3672/259/248 3659/258/247 3661/255/245
f 3661/255/245 3660/300/283 3647/256/246
f 3598/304/285 3582/262/251 3630/287/272
f 3698/278/265 3511/307/287 3837/279/266
f 3657/303/284 3648/257/118 3672/259/248
f 3679/275/262 3517/274/261 3621/263/252
f 3587/284/271 3511/307/287 3670/294/278
f 1714/308/146 1715/309/288 3261/310/289
f 3781/311/290 1665/312/291 3291/313/139
f 1665/312/291 1664/314/292 1663/315/293
f 3213/316/294 3714/317/295 3117/318/296
f 3129/319/297 3724/320/298 3262/321/299
f 1664/314/292 1665/312/291 3714/317/295
f 3262/321/299 3715/322/300 3714/317/295
f 3261/310/289 1715/309/288 3129/319/297
f 3291/313/139 1663/315/293 3292/323/140
f 3244/324/301 3132/325/302 3716/326/303
f 3425/327/304 272/328/305 3704/329/306
f 3262/321/299 3714/317/295 1665/312/291
f 3292/323/140 1663/315/293 3774/330/128
f 1666/331/307 1663/315/293 1664/314/292
f 1666/331/307 3774/330/128 1663/315/293
f 3117/318/296 3714/317/295 3715/322/300
f 3711/332/308 3773/333/132 1664/314/292
f 3777/334/309 3724/320/298 3720/335/310
f 3773/333/132 3711/332/308 3265/336/311
f 3269/337/312 3117/318/296 3747/338/313
f 3747/338/313 3254/339/314 3269/337/312
f 3132/325/302 3254/339/314 3747/338/313
f 3777/334/309 3741/340/315 3132/325/302
f 3283/341/316 3265/336/311 3213/316/294
f 3117/318/296 3269/337/312 1429/342/317
f 3265/336/311 3694/343/318 3288/344/319
f 3773/333/132 3288/344/319 3289/345/137
f 3211/346/320 1429/342/317 3269/337/312
f 3254/339/314 3244/324/301 3511/347/287
f 3269/337/312 272/328/305 3211/346/320
f 3265/336/311 3283/341/316 3694/343/318
f 1526/348/321 3288/344/319 3694/343/318
f 3290/349/322 3289/345/137 3288/344/319
f 1525/350/323 3694/343/318 3283/341/316
f 3254/339/314 3704/329/306 272/328/305
f 3511/347/287 3244/324/301 3670/351/278
f 3511/347/287 3704/329/306 3254/339/314
f 3290/349/322 489/352/106 3289/345/137
f 3283/341/316 3706/353/324 1525/350/323
f 3235/354/325 3706/353/324 3211/346/320
f 3670/351/278 3244/324/301 1/355/286
f 489/352/106 3290/349/322 1526/348/321
f 3235/354/325 272/328/305 3425/327/304
f 1526/348/321 1525/350/323 3746/356/326
f 1429/342/317 3283/341/316 3213/316/294
f 3213/316/294 3711/332/308 3714/317/295
f 1525/350/323 3235/354/325 3746/356/326
f 1663/315/293 3291/313/139 1665/312/291
f 3129/319/297 3720/335/310 3724/320/298
f 3262/321/299 3261/310/289 3129/319/297
f 3211/346/320 3706/353/324 1429/342/317
f 3265/336/311 3288/344/319 3773/333/132
f 3117/318/296 3715/322/300 3747/338/313
f 1714/308/146 3781/311/290 3291/313/139
f 3716/326/303 3132/325/302 3741/340/315
f 1525/350/323 1526/348/321 3694/343/318
f 3781/311/290 3262/321/299 1665/312/291
f 3704/329/306 3287/357/327 3425/327/304
f 3511/347/287 3698/358/265 3704/329/306
f 3265/336/311 3711/332/308 3213/316/294
f 3213/316/294 3117/318/296 1429/342/317
f 1664/314/292 3773/333/132 1666/331/307
f 3773/333/132 3774/330/128 1666/331/307
f 1714/308/146 3261/310/289 3781/311/290
f 3777/334/309 3747/338/313 3724/320/298
f 3730/359/328 3679/360/262 3401/361/329
f 3730/359/328 3702/362/263 3679/360/262
f 3425/327/304 3287/357/327 3703/363/330
f 3716/326/303 1/355/286 3244/324/301
f 3132/325/302 3747/338/313 3777/334/309
f 272/328/305 3269/337/312 3254/339/314
f 3401/361/329 3679/360/262 3341/364/275
f 3425/327/304 3703/363/330 3730/359/328
f 3341/364/275 3402/365/145 3401/361/329
f 3290/349/322 3288/344/319 1526/348/321
f 3703/363/330 3702/362/263 3730/359/328
f 3283/341/316 1429/342/317 3706/353/324
f 3704/329/306 3698/358/265 3287/357/327
f 3402/365/145 3427/366/143 3401/361/329
f 3702/362/263 3703/363/330 3287/357/327
f 3730/359/328 3401/361/329 3746/356/326
f 3401/361/329 3427/366/143 1526/348/321
f 3287/357/327 3698/358/265 3702/362/263
f 3730/359/328 3746/356/326 3235/354/325
f 3746/356/326 3401/361/329 1526/348/321
f 1526/348/321 3427/366/143 489/352/106
f 1664/314/292 3714/317/295 3711/332/308
f 3261/310/289 3262/321/299 3781/311/290
f 3235/354/325 3425/327/304 3730/359/328
f 3244/324/301 3254/339/314 3132/325/302
f 3211/346/320 272/328/305 3235/354/325
f 3720/335/310 3129/319/297 1715/309/288
f 3706/353/324 3235/354/325 1525/350/323
f 3715/322/300 3724/320/298 3747/338/313
f 3262/321/299 3724/320/298 3715/322/300
f 4651/367/331 4427/368/332 4804/369/333
f 4385/370/334 4388/371/335 4515/372/336
f 4424/373/337 4281/374/338 4242/375/339
f 4652/376/340 1424/377/341 4242/375/339
f 4803/378/342 1216/379/343 4703/380/344
f 4861/381/345 4860/382/346 388/383/347
f 1216/379/343 4803/378/342 4872/384/348
f 4575/385/349 4803/378/342 4573/386/350
f 4515/372/336 4651/367/331 4432/387/351
f 4652/376/340 4427/368/332 4651/367/331
f 4701/388/352 4839/389/353 4861/381/345
f 4388/371/335 4428/390/354 1424/377/341
f 1424/377/341 4652/376/340 4651/367/331
f 4780/391/355 4575/385/349 4573/386/350
f 4428/390/354 4242/375/339 1424/377/341
f 4575/385/349 4872/384/348 4803/378/342
f 4573/386/350 4423/392/356 4780/391/355
f 4427/368/332 4426/393/357 4423/392/356
f 4703/380/344 1216/379/343 1466/394/358
f 4242/375/339 4428/390/354 4424/373/337
f 4379/395/359 4780/391/355 4423/392/356
f 4281/374/338 4426/393/357 4242/375/339
f 4804/369/333 4427/368/332 4573/386/350
f 4703/380/344 1466/394/358 4701/388/352
f 4573/386/350 4427/368/332 4423/392/356
f 4804/369/333 4803/378/342 4802/396/360
f 4703/380/344 4802/396/360 4803/378/342
f 4839/389/353 4701/388/352 1466/394/358
f 1424/377/341 4651/367/331 4388/371/335
f 4432/387/351 4651/367/331 4804/369/333
f 4701/388/352 4802/396/360 4703/380/344
f 4861/381/345 4802/396/360 4701/388/352
f 4520/397/361 4515/372/336 388/383/347
f 4520/397/361 4742/398/362 1689/399/363
f 4520/397/361 1683/400/364 4133/401/365
f 4385/370/334 4520/397/361 4133/401/365
f 4133/401/365 1674/402/366 4385/370/334
f 4515/372/336 4520/397/361 4385/370/334
f 4228/403/367 1674/402/366 4133/401/365
f 1683/400/364 4520/397/361 1689/399/363
f 1683/400/364 4228/403/367 4133/401/365
f 4624/404/368 1689/399/363 4742/398/362
f 4520/397/361 388/383/347 4742/398/362
f 4839/389/353 4860/382/346 4861/381/345
f 4804/369/333 4573/386/350 4803/378/342
f 4426/393/357 4652/376/340 4242/375/339
f 4575/385/349 4533/405/369 4872/384/348
f 760/406/370 4802/396/360 4861/381/345
f 760/406/370 4432/387/351 4804/369/333
f 4277/407/371 4281/374/338 4424/373/337
f 4426/393/357 4281/374/338 4376/408/372
f 4376/408/372 4277/407/371 1162/409/373
f 4281/374/338 4277/407/371 4376/408/372
f 4652/376/340 4426/393/357 4427/368/332
f 4515/372/336 4432/387/351 760/406/370
f 388/383/347 4515/372/336 760/406/370
f 760/406/370 4861/381/345 388/383/347
f 760/406/370 4804/369/333 4802/396/360
f 4515/372/336 4388/371/335 4651/367/331
f 388/383/347 4860/382/346 4742/398/362
f 4742/398/362 4441/410/374 4556/411/375
f 4441/410/374 4742/398/362 4860/382/346
f 4441/410/374 4834/412/376 4678/413/377
f 4867/414/378 4669/415/379 4812/416/380
f 4834/412/376 4441/410/374 4860/382/346
f 4892/417/381 4823/418/382 4723/419/383
f 4834/412/376 4837/420/384 4936/421/385
f 4434/422/386 4433/423/387 4610/424/388
f 4603/425/389 4647/426/390 4932/427/391
f 4823/418/382 4575/385/349 4434/422/386
f 4932/427/391 4839/389/353 4603/425/389
f 4450/428/392 4856/429/393 4846/430/394
f 4867/414/378 4458/431/395 4669/415/379
f 4669/415/379 4433/423/387 4775/432/396
f 4647/426/390 4936/421/385 4932/427/391
f 4423/392/356 4426/393/357 4376/408/372
f 4610/424/388 4446/433/397 4450/428/392
f 4837/420/384 4839/389/353 4932/427/391
f 4932/427/391 4936/421/385 4837/420/384
f 4579/434/398 4647/426/390 4603/425/389
f 4533/405/369 4575/385/349 4823/418/382
f 4603/425/389 4839/389/353 1466/394/358
f 1216/379/343 4602/435/399 1466/394/358
f 4379/395/359 4423/392/356 4376/408/372
f 4575/385/349 4775/432/396 4434/422/386
f 4823/418/382 4434/422/386 4948/436/400
f 4604/437/401 4579/434/398 4602/435/399
f 4602/435/399 4603/425/389 1466/394/358
f 4678/413/377 4556/411/375 4441/410/374
f 4602/435/399 4859/438/402 4645/439/403
f 4603/425/389 4602/435/399 4579/434/398
f 4892/417/381 4645/439/403 4533/405/369
f 4754/440/404 4602/435/399 4645/439/403
f 4376/408/372 4812/416/380 4379/395/359
f 1216/379/343 4859/438/402 4602/435/399
f 4839/389/353 4834/412/376 4860/382/346
f 4812/416/380 4376/408/372 1162/409/373
f 4379/395/359 4669/415/379 4780/391/355
f 4823/418/382 4948/436/400 4723/419/383
f 4669/415/379 4775/432/396 4780/391/355
f 4450/428/392 4844/441/405 4948/436/400
f 4775/432/396 4575/385/349 4780/391/355
f 4379/395/359 4812/416/380 4669/415/379
f 4872/384/348 4859/438/402 1216/379/343
f 4610/424/388 4433/423/387 4460/442/406
f 4872/384/348 4533/405/369 4859/438/402
f 4754/440/404 4645/439/403 4892/417/381
f 4839/389/353 4837/420/384 4834/412/376
f 4823/418/382 4892/417/381 4533/405/369
f 4533/405/369 4645/439/403 4859/438/402
f 4458/431/395 4460/442/406 4433/423/387
f 4610/424/388 4460/442/406 4446/433/397
f 4610/424/388 4450/428/392 4948/436/400
f 4775/432/396 4433/423/387 4434/422/386
f 4602/435/399 4754/440/404 4604/437/401
f 4433/423/387 4669/415/379 4458/431/395
f 4434/422/386 4610/424/388 4948/436/400
f 4556/411/375 4624/404/368 4742/398/362
f 4844/441/405 4450/428/392 4846/430/394
f 4844/441/405 4723/419/383 4948/436/400
f 3098/443/407 3099/444/408 4019/445/409
f 3155/446/410 3157/447/411 3098/443/407
f 3155/446/410 4019/445/409 4010/448/412
f 4716/449/413 3071/450/414 3121/451/415
f 4006/452/416 4638/453/417 3102/454/418
f 3157/447/411 3155/446/410 4739/455/419
f 3125/456/420 3374/457/421 4259/458/422
f 3161/459/423 3098/443/407 3157/447/411
f 3996/460/424 2785/461/425 3158/462/426
f 4008/463/427 4686/464/428 2749/465/429
f 396/466/430 868/467/431 391/468/432
f 3109/469/433 3101/470/434 4018/471/435
f 3071/450/414 4716/449/413 3416/472/436
f 4006/452/416 3109/469/433 3416/472/436
f 4144/473/437 3996/460/424 3145/474/438
f 4529/475/439 2884/476/440 4144/473/437
f 3105/477/441 3109/469/433 4006/452/416
f 4716/449/413 4638/453/417 4006/452/416
f 4706/478/442 3105/477/441 3992/479/443
f 4144/473/437 4820/480/444 4529/475/439
f 4638/453/417 4054/481/445 4637/482/446
f 3416/472/436 4716/449/413 4006/452/416
f 4006/452/416 3102/454/418 3105/477/441
f 3145/474/438 3939/483/447 3128/484/448
f 3994/485/449 3120/486/450 3059/487/451
f 3146/488/452 3153/489/453 3112/490/454
f 4632/491/455 3153/489/453 3993/492/456
f 4706/478/442 868/467/431 3101/470/434
f 4712/493/457 4650/494/458 4009/495/459
f 3105/477/441 4632/491/455 3992/479/443
f 3138/496/460 3060/497/461 3125/456/420
f 4632/491/455 3993/492/456 3992/479/443
f 3992/479/443 3993/492/456 394/498/462
f 3146/488/452 4007/499/463 4635/500/464
f 3100/501/465 3416/472/436 3109/469/433
f 4820/480/444 3148/502/466 4259/458/422
f 4009/495/459 3152/503/467 4712/493/457
f 3112/490/454 4632/491/455 3102/454/418
f 391/468/432 868/467/431 394/498/462
f 3158/462/426 4712/493/457 3152/503/467
f 4637/482/446 3152/503/467 3112/490/454
f 3099/444/408 396/466/430 391/468/432
f 3153/489/453 4632/491/455 3112/490/454
f 2785/461/425 4650/494/458 4712/493/457
f 3153/489/453 3146/488/452 4635/500/464
f 4638/453/417 4716/449/413 4054/481/445
f 4009/495/459 4007/499/463 3146/488/452
f 3112/490/454 4638/453/417 4637/482/446
f 3112/490/454 3152/503/467 3146/488/452
f 4269/504/468 3066/505/469 3994/485/449
f 4007/499/463 4009/495/459 4650/494/458
f 868/467/431 3107/506/470 3165/507/471
f 4706/478/442 3101/470/434 3105/477/441
f 868/467/431 4706/478/442 394/498/462
f 4054/481/445 3119/508/472 3133/509/473
f 3133/509/473 4637/482/446 4054/481/445
f 3158/462/426 3939/483/447 3145/474/438
f 4716/449/413 3121/451/415 4054/481/445
f 3939/483/447 3133/509/473 3128/484/448
f 4657/510/474 4650/494/458 2750/511/475
f 2750/511/475 2749/465/429 4657/510/474
f 3119/508/472 3059/487/451 3133/509/473
f 3128/484/448 3133/509/473 3059/487/451
f 2785/461/425 2750/511/475 4650/494/458
f 4054/481/445 3121/451/415 3119/508/472
f 3939/483/447 4637/482/446 3133/509/473
f 4637/482/446 3939/483/447 3158/462/426
f 3120/486/450 3388/512/476 3128/484/448
f 3128/484/448 3059/487/451 3120/486/450
f 3128/484/448 3388/512/476 3145/474/438
f 4008/463/427 4753/513/477 4686/464/428
f 3060/497/461 3138/496/460 3120/486/450
f 4820/480/444 4259/458/422 3390/514/478
f 4820/480/444 4688/515/479 3148/502/466
f 555/516/214 4686/464/428 4753/513/477
f 4014/517/480 3099/444/408 391/468/432
f 3388/512/476 3148/502/466 4688/515/479
f 3388/512/476 3120/486/450 3138/496/460
f 3101/470/434 3165/507/471 4018/471/435
f 3107/506/470 396/466/430 3099/444/408
f 3137/518/481 3118/519/482 3375/520/483
f 391/468/432 390/521/484 4014/517/480
f 3125/456/420 4259/458/422 3148/502/466
f 3099/444/408 4014/517/480 4019/445/409
f 3102/454/418 4632/491/455 3105/477/441
f 3374/457/421 3137/518/481 3375/520/483
f 3125/456/420 3060/497/461 3374/457/421
f 3378/522/485 3137/518/481 3060/497/461
f 4014/517/480 4010/448/412 4019/445/409
f 3388/512/476 4144/473/437 3145/474/438
f 4144/473/437 4688/515/479 4820/480/444
f 4530/523/486 3390/514/478 2735/524/487
f 4529/475/439 4530/523/486 2735/524/487
f 4530/523/486 4529/475/439 4820/480/444
f 4144/473/437 3388/512/476 4688/515/479
f 4529/475/439 4636/525/488 2884/476/440
f 4008/463/427 2750/511/475 4155/526/489
f 4753/513/477 2884/476/440 4570/527/238
f 3996/460/424 4144/473/437 2884/476/440
f 4155/526/489 2884/476/440 4008/463/427
f 4530/523/486 4820/480/444 3390/514/478
f 3378/522/485 3056/528/490 4727/529/491
f 3378/522/485 3060/497/461 3056/528/490
f 3120/486/450 3056/528/490 3060/497/461
f 3060/497/461 3137/518/481 3374/457/421
f 2884/476/440 4753/513/477 4008/463/427
f 3158/462/426 3152/503/467 4637/482/446
f 3066/505/469 3061/530/492 3994/485/449
f 390/521/484 391/468/432 394/498/462
f 3112/490/454 3102/454/418 4638/453/417
f 3120/486/450 3061/530/492 3056/528/490
f 394/498/462 4706/478/442 3992/479/443
f 3994/485/449 3061/530/492 3120/486/450
f 4009/495/459 3146/488/452 3152/503/467
f 4269/504/468 3994/485/449 3150/531/493
f 3101/470/434 868/467/431 3165/507/471
f 2884/476/440 4636/525/488 4570/527/238
f 3119/508/472 3150/531/493 3994/485/449
f 3071/450/414 3416/472/436 3122/532/494
f 3121/451/415 3150/531/493 3119/508/472
f 3061/530/492 3066/505/469 3056/528/490
f 3138/496/460 3148/502/466 3388/512/476
f 2749/465/429 2750/511/475 4008/463/427
f 3153/489/453 4635/500/464 3993/492/456
f 4712/493/457 3158/462/426 2785/461/425
f 3150/531/493 3121/451/415 3122/532/494
f 3138/496/460 3125/456/420 3148/502/466
f 3109/469/433 3105/477/441 3101/470/434
f 3119/508/472 3994/485/449 3059/487/451
f 3066/505/469 4727/529/491 3056/528/490
f 3071/450/414 3122/532/494 3121/451/415
f 2750/511/475 2785/461/425 3999/533/495
f 3107/506/470 868/467/431 396/466/430
f 3100/501/465 3109/469/433 4018/471/435
f 4529/475/439 2735/524/487 4636/525/488
f 3145/474/438 3996/460/424 3158/462/426
f 2750/511/475 3999/533/495 4155/526/489
f 4570/527/238 555/516/214 4753/513/477
f 4155/526/489 3996/460/424 2884/476/440
f 4155/526/489 3999/533/495 3996/460/424
f 2785/461/425 3996/460/424 3999/533/495
f 3098/443/407 4019/445/409 3155/446/410
f 4739/455/419 3155/446/410 4010/448/412
f 713/534/496 715/535/497 1014/536/498
f 2044/537/499 649/538/500 742/539/501
f 4333/540/220 302/541/222 648/542/502
f 816/543/503 817/544/504 722/545/505
f 4373/546/506 4363/547/507 4362/548/508
f 703/549/509 4304/550/510 725/551/511
f 964/552/512 676/553/513 4302/554/514
f 817/544/504 816/543/503 977/555/515
f 4373/546/506 4364/556/516 4363/547/507
f 4362/548/508 4374/557/517 4361/558/518
f 1488/559/519 1489/560/520 2044/537/499
f 2044/537/499 4773/561/521 648/542/502
f 4311/562/522 1029/563/523 4363/547/507
f 4357/564/524 715/535/497 713/534/496
f 754/565/525 753/566/526 1019/567/527
f 753/566/526 649/538/500 1019/567/527
f 722/545/505 1013/568/528 816/543/503
f 702/569/529 701/570/530 842/571/531
f 1013/568/528 1014/536/498 743/572/532
f 4374/557/517 4363/547/507 4294/573/533
f 718/574/534 4295/575/535 4359/576/536
f 747/577/537 4361/558/518 721/578/538
f 715/535/497 4357/564/524 1999/579/539
f 817/544/504 1488/559/519 748/580/540
f 648/542/502 650/581/541 1019/567/527
f 1489/560/520 1490/582/542 740/583/543
f 4294/573/533 699/584/544 4297/585/545
f 752/586/546 4296/587/547 4351/588/548
f 701/570/530 4354/589/549 703/549/509
f 4306/590/550 4297/585/545 4304/550/510
f 4351/588/548 656/591/551 839/592/552
f 712/593/553 4350/594/554 4358/595/555
f 4295/575/535 1992/596/556 4359/576/536
f 842/571/531 703/549/509 727/597/557
f 4297/585/545 4306/590/550 4294/573/533
f 4305/598/558 4359/576/536 4353/599/559
f 742/539/501 750/600/560 1488/559/519
f 703/549/509 1992/596/556 4304/550/510
f 4354/589/549 4353/599/559 703/549/509
f 4296/587/547 4353/599/559 4354/589/549
f 977/555/515 1488/559/519 817/544/504
f 750/600/560 742/539/501 753/566/526
f 4353/599/559 1992/596/556 703/549/509
f 752/586/546 4371/601/561 718/574/534
f 4363/547/507 4374/557/517 4362/548/508
f 726/602/562 721/578/538 4306/590/550
f 1490/582/542 1489/560/520 977/555/515
f 727/597/557 703/549/509 725/551/511
f 718/574/534 4371/601/561 723/603/563
f 718/574/534 4359/576/536 4305/598/558
f 4351/588/548 4350/594/554 712/593/553
f 726/602/562 4295/575/535 724/604/564
f 1809/605/565 1029/563/523 4311/562/522
f 1926/606/566 1890/607/567 223/608/568
f 1029/563/523 4294/573/533 4363/547/507
f 223/608/568 1890/607/567 2747/609/569
f 746/610/570 750/600/560 4371/601/561
f 1890/607/567 1926/606/566 4364/556/516
f 752/586/546 712/593/553 746/610/570
f 752/586/546 4351/588/548 712/593/553
f 651/611/571 4371/601/561 754/565/525
f 4361/558/518 4374/557/517 721/578/538
f 4358/595/555 4357/564/524 713/534/496
f 656/591/551 4351/588/548 4296/587/547
f 656/591/551 4354/589/549 655/612/572
f 1489/560/520 1488/559/519 977/555/515
f 753/566/526 4371/601/561 750/600/560
f 4305/598/558 4296/587/547 752/586/546
f 4354/589/549 656/591/551 4296/587/547
f 1013/568/528 741/613/573 740/583/543
f 816/543/503 740/583/543 1490/582/542
f 1809/605/565 4364/556/516 1926/606/566
f 1013/568/528 722/545/505 1014/536/498
f 1014/536/498 722/545/505 713/534/496
f 4295/575/535 718/574/534 724/604/564
f 702/569/529 655/612/572 701/570/530
f 222/614/574 1283/615/233 223/608/568
f 833/616/575 4297/585/545 699/584/544
f 746/610/570 748/580/540 751/617/576
f 839/592/552 656/591/551 655/612/572
f 223/608/568 2747/609/569 224/618/577
f 649/538/500 2044/537/499 648/542/502
f 721/578/538 726/602/562 747/577/537
f 4305/598/558 752/586/546 718/574/534
f 4364/556/516 4311/562/522 4363/547/507
f 4296/587/547 4305/598/558 4353/599/559
f 4371/601/561 752/586/546 746/610/570
f 1890/607/567 4364/556/516 4373/546/506
f 650/581/541 651/611/571 754/565/525
f 1283/615/233 1926/606/566 223/608/568
f 4366/619/243 1926/606/566 1283/615/233
f 648/542/502 224/618/577 4361/558/518
f 4353/599/559 4359/576/536 1992/596/556
f 4358/595/555 4303/620/578 4357/564/524
f 4295/575/535 4306/590/550 4304/550/510
f 833/616/575 4304/550/510 4297/585/545
f 1014/536/498 676/553/513 743/572/532
f 699/584/544 4294/573/533 1029/563/523
f 726/602/562 651/611/571 747/577/537
f 748/580/540 713/534/496 817/544/504
f 743/572/532 741/613/573 1013/568/528
f 842/571/531 727/597/557 688/621/579
f 750/600/560 746/610/570 751/617/576
f 648/542/502 4361/558/518 747/577/537
f 4371/601/561 651/611/571 723/603/563
f 816/543/503 1490/582/542 977/555/515
f 746/610/570 712/593/553 748/580/540
f 742/539/501 649/538/500 753/566/526
f 224/618/577 648/542/502 302/541/222
f 740/583/543 816/543/503 1013/568/528
f 2988/622/22 648/542/502 4773/561/521
f 4358/595/555 4350/594/554 4303/620/578
f 833/616/575 725/551/511 4304/550/510
f 648/542/502 2988/622/22 4333/540/220
f 4303/620/578 1999/579/539 4357/564/524
f 222/614/574 223/608/568 224/618/577
f 4364/556/516 1809/605/565 4311/562/522
f 302/541/222 1283/615/233 224/618/577
f 4358/595/555 713/534/496 712/593/553
f 701/570/530 703/549/509 842/571/531
f 655/612/572 4354/589/549 701/570/530
f 649/538/500 648/542/502 1019/567/527
f 751/617/576 1488/559/519 750/600/560
f 648/542/502 651/611/571 650/581/541
f 651/611/571 726/602/562 724/604/564
f 224/618/577 1283/615/233 222/614/574
f 713/534/496 722/545/505 817/544/504
f 4373/546/506 4361/558/518 224/618/577
f 676/553/513 1014/536/498 4302/554/514
f 751/617/576 748/580/540 1488/559/519
f 651/611/571 648/542/502 747/577/537
f 2747/609/569 4373/546/506 224/618/577
f 4333/540/220 2988/622/22 4592/623/28
f 2747/609/569 1890/607/567 4373/546/506
f 723/603/563 724/604/564 718/574/534
f 4374/557/517 4306/590/550 721/578/538
f 723/603/563 651/611/571 724/604/564
f 1992/596/556 4295/575/535 4304/550/510
f 753/566/526 754/565/525 4371/601/561
f 4306/590/550 4295/575/535 726/602/562
f 712/593/553 713/534/496 748/580/540
f 4374/557/517 4294/573/533 4306/590/550
f 4361/558/518 4373/546/506 4362/548/508
f 4302/554/514 1014/536/498 715/535/497
f 1019/567/527 650/581/541 754/565/525
f 4366/619/243 1809/605/565 1926/606/566
f 1488/559/519 2044/537/499 742/539/501
f 609/624/580 926/625/581 921/626/582
f 950/627/583 990/628/584 951/629/585
f 605/630/586 581/631/587 608/632/588
f 4887/633/589 4562/634/590 4944/635/591
f 4938/636/592 4888/637/593 4944/635/591
f 4888/637/593 4887/633/589 4944/635/591
f 4562/634/590 4556/638/375 4678/639/377
f 4562/634/590 4678/639/377 4944/635/591
f 4562/634/590 4624/640/368 4556/638/375
f 922/641/594 317/642/595 950/627/583
f 4845/643/16 4170/644/2 909/645/596
f 4845/643/16 925/646/14 932/647/597
f 921/626/582 931/648/598 609/624/580
f 4928/649/599 4723/650/383 4842/651/600
f 2690/652/601 3284/653/602 3274/654/603
f 4945/655/604 4844/656/405 4842/651/600
f 1220/657/605 4844/656/405 4846/658/394
f 950/627/583 951/629/585 922/641/594
f 951/629/585 942/659/606 2690/652/601
f 4848/660/607 3279/661/608 991/662/609
f 605/630/586 608/632/588 931/648/598
f 929/663/610 928/664/611 991/662/609
f 1503/665/612 4782/666/613 317/642/595
f 4782/666/613 4933/667/614 317/642/595
f 4933/667/614 4937/668/615 4929/669/616
f 1503/665/612 4814/670/617 4782/666/613
f 950/627/583 317/642/595 929/663/610
f 4928/649/599 4842/651/600 4831/671/618
f 4496/672/619 4848/660/607 928/664/611
f 317/642/595 4933/667/614 929/663/610
f 4497/673/620 4492/674/621 4847/675/622
f 4929/669/616 4937/668/615 4791/676/623
f 928/664/611 929/663/610 4933/667/614
f 4931/677/624 4496/672/619 4933/667/614
f 4933/667/614 4496/672/619 928/664/611
f 4933/667/614 4929/669/616 4931/677/624
f 4937/668/615 4814/670/617 4888/637/593
f 4791/676/623 4939/678/625 4952/679/626
f 4496/672/619 4931/677/624 4829/680/627
f 4829/680/627 4791/676/623 4831/671/618
f 4933/667/614 4782/666/613 4937/668/615
f 4887/633/589 4888/637/593 4889/681/11
f 926/625/581 375/682/12 976/683/628
f 4929/669/616 4829/680/627 4931/677/624
f 4937/668/615 4782/666/613 4814/670/617
f 4492/674/621 4831/671/618 4842/651/600
f 4829/680/627 4929/669/616 4791/676/623
f 976/683/628 1503/665/612 926/625/581
f 926/625/581 925/646/14 375/682/12
f 991/662/609 950/627/583 929/663/610
f 928/664/611 4848/660/607 991/662/609
f 4496/672/619 4829/680/627 4492/674/621
f 375/682/12 4889/681/11 976/683/628
f 4952/679/626 4831/671/618 4791/676/623
f 4920/684/17 4887/633/589 4889/681/11
f 4829/680/627 4831/671/618 4492/674/621
f 4814/670/617 976/683/628 4889/681/11
f 4496/672/619 4497/673/620 4848/660/607
f 4887/633/589 4920/684/17 4921/685/629
f 4497/673/620 4496/672/619 4492/674/621
f 4848/660/607 4497/673/620 4847/675/622
f 4562/634/590 4921/685/629 4437/686/630
f 1503/665/612 976/683/628 4814/670/617
f 4889/681/11 4888/637/593 4814/670/617
f 4842/651/600 1221/687/631 4492/674/621
f 1221/687/631 4847/675/622 4492/674/621
f 1221/687/631 4842/651/600 1220/657/605
f 4887/633/589 4921/685/629 4562/634/590
f 918/688/632 4170/644/2 4845/643/16
f 4437/686/630 4624/640/368 4562/634/590
f 4847/675/622 1221/687/631 898/689/633
f 931/648/598 932/647/597 609/624/580
f 919/690/634 4845/643/16 932/647/597
f 2690/652/601 605/630/586 951/629/585
f 921/626/582 1503/665/612 317/642/595
f 918/688/632 4845/643/16 919/690/634
f 317/642/595 922/641/594 921/626/582
f 4846/658/394 4856/691/393 897/692/635
f 659/693/636 4170/644/2 918/688/632
f 932/647/597 931/648/598 919/690/634
f 605/630/586 2690/652/601 3110/694/637
f 925/646/14 926/625/581 609/624/580
f 608/632/588 917/695/638 919/690/634
f 4945/655/604 4842/651/600 4723/650/383
f 3284/653/602 3279/661/608 3274/654/603
f 990/628/584 3279/661/608 942/659/606
f 4647/696/390 4443/697/639 4644/698/640
f 4170/644/2 659/693/636 927/699/3
f 931/648/598 608/632/588 919/690/634
f 3284/653/602 2690/652/601 942/659/606
f 4443/697/639 4579/700/398 4604/701/401
f 4888/637/593 4938/636/592 4937/668/615
f 4952/679/626 4939/678/625 4883/702/641
f 4754/703/404 4926/704/642 4604/701/401
f 1604/705/643 4851/706/644 3279/661/608
f 950/627/583 3279/661/608 990/628/584
f 4754/703/404 4892/707/381 4926/704/642
f 3279/661/608 950/627/583 991/662/609
f 4892/707/381 4928/649/599 4926/704/642
f 4604/701/401 4926/704/642 4897/708/645
f 1604/705/643 4848/660/607 4847/675/622
f 951/629/585 605/630/586 922/641/594
f 4926/704/642 4928/649/599 4831/671/618
f 4670/709/646 4936/710/385 4909/711/647
f 3279/661/608 3284/653/602 942/659/606
f 917/695/638 659/693/636 919/690/634
f 4895/712/648 4952/679/626 4883/702/641
f 4892/707/381 4723/650/383 4928/649/599
f 608/632/588 581/631/587 917/695/638
f 1503/665/612 921/626/582 926/625/581
f 4883/702/641 4939/678/625 4818/713/649
f 4938/636/592 4909/711/647 4818/713/649
f 922/641/594 605/630/586 931/648/598
f 4926/704/642 4895/712/648 4897/708/645
f 4443/697/639 4604/701/401 4897/708/645
f 4678/639/377 4834/714/376 4670/709/646
f 4895/712/648 4926/704/642 4831/671/618
f 1222/715/650 898/689/633 1220/657/605
f 897/692/635 898/689/633 1222/715/650
f 4895/712/648 4831/671/618 4952/679/626
f 4842/651/600 4844/656/405 1220/657/605
f 4579/700/398 4443/697/639 4647/696/390
f 4897/708/645 4883/702/641 4443/697/639
f 925/646/14 609/624/580 932/647/597
f 4847/675/622 898/689/633 1604/705/643
f 4897/708/645 4895/712/648 4883/702/641
f 4945/655/604 4723/650/383 4844/656/405
f 918/688/632 919/690/634 659/693/636
f 4909/711/647 4936/710/385 4818/713/649
f 4443/697/639 4883/702/641 4818/713/649
f 4851/706/644 3274/654/603 3279/661/608
f 4818/713/649 4644/698/640 4443/697/639
f 4644/698/640 4936/710/385 4647/696/390
f 4936/710/385 4644/698/640 4818/713/649
f 4938/636/592 4818/713/649 4939/678/625
f 4937/668/615 4938/636/592 4939/678/625
f 4670/709/646 4834/714/376 4936/710/385
f 1222/715/650 4846/658/394 897/692/635
f 4944/635/591 4909/711/647 4938/636/592
f 4937/668/615 4939/678/625 4791/676/623
f 1222/715/650 1220/657/605 4846/658/394
f 1604/705/643 3279/661/608 4848/660/607
f 4670/709/646 4909/711/647 4944/635/591
f 4670/709/646 4944/635/591 4678/639/377
f 3110/694/637 581/631/587 605/630/586
f 931/648/598 921/626/582 922/641/594
f 1221/687/631 1220/657/605 898/689/633
f 942/659/606 951/629/585 990/628/584
f 911/716/4 909/645/596 4170/644/2
f 3760/717/651 3501/718/652 3710/719/653
f 3498/720/654 3505/721/655 3491/722/656
f 3570/723/657 3499/724/658 3520/725/659
f 3520/725/659 3507/726/660 3622/727/661
f 3827/728/54 3753/729/662 3692/730/61
f 3552/731/663 956/732/664 3579/733/665
f 3520/725/659 3499/724/658 3522/734/666
f 956/732/664 3526/735/667 3550/736/668
f 3491/722/656 3505/721/655 3748/737/669
f 3446/738/670 3535/739/671 3449/740/672
f 3520/725/659 3522/734/666 3507/726/660
f 3710/719/653 3759/741/673 3760/717/651
f 3501/718/652 3828/742/674 3505/721/655
f 3505/721/655 3522/734/666 3499/724/658
f 3507/726/660 3498/720/654 3550/736/668
f 3710/719/653 3499/724/658 3570/723/657
f 3501/718/652 3760/717/651 3828/742/674
f 3491/722/656 3748/737/669 3495/743/675
f 3551/744/676 3577/745/677 3756/746/678
f 3096/747/679 3822/748/680 3831/749/681
f 3804/750/682 3828/742/674 3811/751/683
f 3551/744/676 3756/746/678 3536/752/684
f 3579/733/665 3550/736/668 3544/753/685
f 3496/754/686 3491/722/656 3495/743/675
f 956/732/664 3552/731/663 3583/755/687
f 3756/746/678 3579/733/665 3544/753/685
f 3622/727/661 3507/726/660 3526/735/667
f 3826/756/688 3849/757/689 3779/758/690
f 3570/723/657 3520/725/659 3622/727/661
f 3498/720/654 4557/759/691 3544/753/685
f 3826/756/688 3753/729/662 3827/728/54
f 3012/760/692 3857/761/693 3686/762/694
f 3802/763/695 3857/761/693 3131/764/696
f 3583/755/687 3552/731/663 3514/765/697
f 3930/766/698 3770/767/699 3788/768/700
f 3496/754/686 3498/720/654 3491/722/656
f 3579/733/665 956/732/664 3550/736/668
f 3577/745/677 3541/769/701 3552/731/663
f 3536/752/684 3756/746/678 3544/753/685
f 3755/770/702 3544/753/685 4557/759/691
f 3202/771/703 3771/772/704 443/773/705
f 3748/737/669 3807/774/706 3495/743/675
f 3207/775/707 3822/748/680 416/776/708
f 3096/747/679 3791/777/709 416/776/708
f 3541/769/701 3577/745/677 3551/744/676
f 3832/778/710 3207/775/707 3208/779/711
f 314/780/712 3096/747/679 3831/749/681
f 3551/744/676 490/781/713 3535/739/671
f 3514/765/697 3541/769/701 3546/782/714
f 3577/745/677 3579/733/665 3756/746/678
f 3807/774/706 3748/737/669 3810/783/715
f 3544/753/685 3755/770/702 3536/752/684
f 3819/784/716 3809/785/717 3823/786/718
f 490/781/713 3551/744/676 3536/752/684
f 3076/787/719 3208/779/711 3829/788/720
f 3199/789/721 3200/790/722 3788/768/700
f 3819/784/716 3810/783/715 3811/751/683
f 3832/778/710 3097/791/723 3808/792/724
f 490/781/713 3449/740/672 3535/739/671
f 3499/724/658 3501/718/652 3505/721/655
f 3498/720/654 3496/754/686 4557/759/691
f 3748/737/669 3505/721/655 3804/750/682
f 3498/720/654 3522/734/666 3505/721/655
f 3823/786/718 3815/793/725 3819/784/716
f 3207/775/707 416/776/708 3770/767/699
f 3501/718/652 3499/724/658 3710/719/653
f 3550/736/668 3526/735/667 3507/726/660
f 3198/794/726 3857/761/693 2985/795/727
f 3577/745/677 3552/731/663 3579/733/665
f 3514/765/697 3552/731/663 3541/769/701
f 3804/750/682 3810/783/715 3748/737/669
f 3544/753/685 3550/736/668 3498/720/654
f 3838/796/728 3012/760/692 3111/797/729
f 3807/774/706 3810/783/715 3690/798/730
f 3551/744/676 3535/739/671 3541/769/701
f 3507/726/660 3522/734/666 3498/720/654
f 3131/764/696 3130/799/731 3791/777/709
f 3131/764/696 3857/761/693 3130/799/731
f 3819/784/716 3811/751/683 3809/785/717
f 3791/777/709 3788/768/700 416/776/708
f 3765/800/732 3845/801/733 3846/802/734
f 3785/803/735 3770/767/699 3930/766/698
f 3200/790/722 3199/789/721 3198/794/726
f 3200/790/722 3930/766/698 3788/768/700
f 3131/764/696 3791/777/709 3096/747/679
f 3770/767/699 3208/779/711 3207/775/707
f 3832/778/710 3208/779/711 3097/791/723
f 3040/804/736 3808/792/724 3097/791/723
f 3202/771/703 3838/796/728 3111/797/729
f 3823/786/718 3808/792/724 3040/804/736
f 3838/796/728 2985/795/727 3857/761/693
f 3130/799/731 3199/789/721 3791/777/709
f 3130/799/731 3857/761/693 3198/794/726
f 3834/805/737 314/780/712 3831/749/681
f 416/776/708 3788/768/700 3770/767/699
f 3788/768/700 3791/777/709 3199/789/721
f 3208/779/711 3076/787/719 3097/791/723
f 2985/795/727 3838/796/728 3202/771/703
f 3111/797/729 3771/772/704 3202/771/703
f 3753/729/662 3732/806/738 3717/807/142
f 3198/794/726 3199/789/721 3130/799/731
f 3838/796/728 3857/761/693 3012/760/692
f 3686/762/694 3834/805/737 3846/802/734
f 2985/795/727 3202/771/703 3849/757/689
f 443/773/705 3732/806/738 3753/729/662
f 2985/795/727 3849/757/689 3198/794/726
f 3826/756/688 3758/808/739 3849/757/689
f 3784/809/740 3849/757/689 3758/808/739
f 3495/743/675 3807/774/706 3690/798/730
f 3200/790/722 3849/757/689 3784/809/740
f 3829/788/720 3208/779/711 3770/767/699
f 3779/758/690 3753/729/662 3826/756/688
f 3432/810/741 3535/739/671 3446/738/670
f 443/773/705 3849/757/689 3202/771/703
f 3849/757/689 443/773/705 3779/758/690
f 4092/811/742 309/812/743 3872/813/744
f 3872/813/744 3554/814/745 3432/810/741
f 3492/815/746 3432/810/741 3545/816/747
f 3870/817/748 3545/816/747 3554/814/745
f 3545/816/747 4035/818/749 3492/815/746
f 3545/816/747 3432/810/741 3554/814/745
f 3541/769/701 3535/739/671 4035/818/749
f 3545/816/747 3870/817/748 3546/782/714
f 3535/739/671 3432/810/741 3492/815/746
f 309/812/743 3554/814/745 3872/813/744
f 3753/729/662 3779/758/690 443/773/705
f 3546/782/714 3541/769/701 4035/818/749
f 3829/788/720 3770/767/699 3785/803/735
f 3432/810/741 3446/738/670 3436/819/750
f 3804/750/682 3505/721/655 3828/742/674
f 3432/810/741 3436/819/750 3872/813/744
f 3763/820/751 3759/741/673 3765/800/732
f 3815/793/725 3823/786/718 3040/804/736
f 3806/821/752 3868/822/753 3809/785/717
f 3763/820/751 3765/800/732 3846/802/734
f 3763/820/751 3846/802/734 3868/822/753
f 3804/750/682 3811/751/683 3810/783/715
f 3760/717/651 3759/741/673 3763/820/751
f 3806/821/752 3811/751/683 3508/823/754
f 3868/822/753 3508/823/754 3763/820/751
f 3846/802/734 3834/805/737 3868/822/753
f 3834/805/737 3831/749/681 3868/822/753
f 3815/793/725 3690/798/730 3810/783/715
f 3809/785/717 3811/751/683 3806/821/752
f 3828/742/674 3508/823/754 3811/751/683
f 3508/823/754 3760/717/651 3763/820/751
f 3686/762/694 3846/802/734 3845/801/733
f 3828/742/674 3760/717/651 3508/823/754
f 3810/783/715 3819/784/716 3815/793/725
f 3806/821/752 3508/823/754 3868/822/753
f 3831/749/681 3809/785/717 3868/822/753
f 3717/807/142 3692/730/61 3753/729/662
f 3535/739/671 3492/815/746 4035/818/749
f 3446/738/670 3449/740/672 3534/824/755
f 3200/790/722 3198/794/726 3849/757/689
f 3845/801/733 3106/825/756 3686/762/694
f 3686/762/694 3802/763/695 3834/805/737
f 314/780/712 3834/805/737 3802/763/695
f 3808/792/724 3823/786/718 3809/785/717
f 3809/785/717 3832/778/710 3808/792/724
f 3822/748/680 3207/775/707 3832/778/710
f 3832/778/710 3831/749/681 3822/748/680
f 3784/809/740 3930/766/698 3200/790/722
f 3831/749/681 3832/778/710 3809/785/717
f 3545/816/747 3546/782/714 4035/818/749
f 309/812/743 3870/817/748 3554/814/745
f 3096/747/679 416/776/708 3822/748/680
f 314/780/712 3802/763/695 3131/764/696
f 3012/760/692 3686/762/694 3106/825/756
f 3131/764/696 3096/747/679 314/780/712
f 3686/762/694 3857/761/693 3802/763/695
f 4283/826/757 3415/827/758 4131/828/759
f 3407/829/760 3406/830/761 3399/831/762
f 4214/832/763 4286/833/764 4117/834/765
f 4367/835/242 4319/836/766 4313/837/767
f 4117/834/765 4115/838/768 4214/832/763
f 4286/833/764 3415/827/758 4283/826/757
f 2735/839/487 4714/840/769 2642/841/770
f 4004/842/771 2518/843/772 4115/838/768
f 4004/842/771 4117/834/765 4714/840/769
f 4881/844/773 4265/845/774 4882/846/775
f 3409/847/776 3399/831/762 3408/848/777
f 2518/843/772 4004/842/771 4005/849/778
f 4714/840/769 4011/850/237 2642/841/770
f 4285/851/779 4313/837/767 4319/836/766
f 4255/852/780 4762/853/781 2710/854/782
f 4117/834/765 3995/855/216 4714/840/769
f 2735/839/487 3395/856/783 4147/857/784
f 4319/836/766 3956/858/217 2953/859/785
f 4130/860/786 3399/831/762 3409/847/776
f 3390/861/478 3395/856/783 2735/839/487
f 4674/862/787 3395/856/783 3390/861/478
f 4005/849/778 4004/842/771 4714/840/769
f 4173/863/788 3395/856/783 4674/862/787
f 2893/864/789 4881/844/773 2710/854/782
f 4915/865/790 4208/866/791 4674/862/787
f 3406/830/761 3408/848/777 3399/831/762
f 4208/866/791 4915/865/790 3410/867/792
f 2518/843/772 4005/849/778 4173/863/788
f 2735/839/487 4147/857/784 4005/849/778
f 4115/838/768 2518/843/772 3404/868/793
f 3404/868/793 4214/832/763 4115/838/768
f 2518/843/772 4216/869/794 3404/868/793
f 4265/845/774 3360/870/795 4910/871/796
f 2916/872/797 4265/845/774 4910/871/796
f 3398/873/798 4216/869/794 4208/866/791
f 3398/873/798 4268/874/799 4216/869/794
f 4011/850/237 4714/840/769 3995/855/216
f 3414/875/800 4130/860/786 4131/828/759
f 4273/876/801 689/877/802 4131/828/759
f 2916/872/797 4910/871/796 3412/878/803
f 4910/871/796 3411/879/804 4130/860/786
f 4313/837/767 4366/880/243 4368/881/239
f 3408/848/777 3406/830/761 4194/882/805
f 4881/844/773 4882/846/775 2710/854/782
f 3412/878/803 4130/860/786 3409/847/776
f 4915/865/790 4674/862/787 4225/883/806
f 3408/848/777 4229/884/807 3412/878/803
f 2953/859/785 2928/885/808 4319/836/766
f 3395/856/783 4173/863/788 4147/857/784
f 3411/879/804 4910/871/796 4273/876/801
f 4005/849/778 4714/840/769 2735/839/487
f 3410/867/792 4915/865/790 3389/886/809
f 3408/848/777 3412/878/803 3409/847/776
f 4208/866/791 2518/843/772 4173/863/788
f 4367/835/242 4310/887/229 4319/836/766
f 4208/866/791 4173/863/788 4674/862/787
f 4173/863/788 4005/849/778 4147/857/784
f 3389/886/809 4225/883/806 3374/888/421
f 4148/889/810 3389/886/809 3374/888/421
f 2893/864/789 4762/853/781 2845/890/811
f 3399/831/762 3414/875/800 3407/829/760
f 4674/862/787 3390/861/478 4225/883/806
f 2953/859/785 3956/858/217 4117/834/765
f 4319/836/766 4310/887/229 3956/858/217
f 4216/869/794 2518/843/772 4208/866/791
f 4131/828/759 3415/827/758 3414/875/800
f 695/891/812 1030/892/813 696/893/814
f 872/894/815 692/895/816 693/896/817
f 1029/897/523 177/898/818 696/893/814
f 698/899/819 833/900/575 699/901/544
f 4225/883/806 3389/886/809 4915/865/790
f 177/898/818 1029/897/523 1809/902/565
f 4148/889/810 3410/867/792 3389/886/809
f 1029/897/523 696/893/814 1030/892/813
f 693/896/817 692/895/816 689/877/802
f 685/903/820 960/904/821 695/891/812
f 4259/905/422 3374/888/421 4225/883/806
f 2928/885/808 4283/826/757 4285/851/779
f 3414/875/800 3404/868/793 3407/829/760
f 4131/828/759 689/877/802 4283/826/757
f 3399/831/762 4130/860/786 3414/875/800
f 694/906/822 728/907/823 725/908/511
f 4273/876/801 4131/828/759 3411/879/804
f 4881/844/773 3360/870/795 4265/845/774
f 3392/909/824 3406/830/761 3407/829/760
f 4268/874/799 3396/910/825 3407/829/760
f 3392/909/824 3407/829/760 3396/910/825
f 3403/911/826 4194/882/805 3406/830/761
f 3403/911/826 3406/830/761 3392/909/824
f 3403/911/826 3376/912/827 4219/913/828
f 3398/873/798 1936/914/829 3396/910/825
f 1936/914/829 3376/912/827 3396/910/825
f 3376/912/827 3392/909/824 3396/910/825
f 3376/912/827 3403/911/826 3392/909/824
f 4219/913/828 3391/915/830 3400/916/831
f 3376/912/827 1936/914/829 3391/915/830
f 3391/915/830 4198/917/832 3400/916/831
f 3403/911/826 4219/913/828 3400/916/831
f 3390/861/478 4259/905/422 4225/883/806
f 4148/889/810 4198/917/832 3410/867/792
f 3375/918/483 3141/919/833 4148/889/810
f 3141/919/833 3375/918/483 3118/920/482
f 1936/914/829 3410/867/792 3391/915/830
f 3410/867/792 4198/917/832 3391/915/830
f 3141/919/833 4198/917/832 4148/889/810
f 3396/910/825 4268/874/799 3398/873/798
f 3374/888/421 3375/918/483 4148/889/810
f 3376/912/827 3391/915/830 4219/913/828
f 3398/873/798 4208/866/791 1936/914/829
f 3400/916/831 4194/882/805 3403/911/826
f 3410/867/792 1936/914/829 4208/866/791
f 2642/841/770 4011/850/237 4570/921/238
f 3412/878/803 4910/871/796 4130/860/786
f 4130/860/786 3411/879/804 4131/828/759
f 4762/853/781 2893/864/789 2710/854/782
f 3956/858/217 3995/855/216 4117/834/765
f 2765/922/834 2723/923/835 2845/890/811
f 2845/890/811 2723/923/835 2893/864/789
f 177/898/818 4285/851/779 4288/924/836
f 688/925/579 727/926/557 728/907/823
f 696/893/814 685/903/820 695/891/812
f 4570/921/238 4636/927/488 2642/841/770
f 707/928/837 697/929/838 685/903/820
f 689/877/802 692/895/816 707/928/837
f 872/894/815 4881/844/773 2893/864/789
f 697/929/838 960/904/821 685/903/820
f 707/928/837 4283/826/757 689/877/802
f 3412/878/803 4229/884/807 2916/872/797
f 697/929/838 707/928/837 692/895/816
f 697/929/838 2893/864/789 2723/923/835
f 833/900/575 694/906/822 725/908/511
f 4288/924/836 707/928/837 685/903/820
f 2765/922/834 4253/930/839 2723/923/835
f 4636/927/488 2735/839/487 2642/841/770
f 693/896/817 4881/844/773 872/894/815
f 689/877/802 4273/876/801 693/896/817
f 4273/876/801 3360/870/795 693/896/817
f 4004/842/771 4115/838/768 4117/834/765
f 4216/869/794 4268/874/799 3404/868/793
f 4286/833/764 2953/859/785 4117/834/765
f 4283/826/757 2928/885/808 4286/833/764
f 3407/829/760 3404/868/793 4268/874/799
f 3415/827/758 3404/868/793 3414/875/800
f 4881/844/773 693/896/817 3360/870/795
f 694/906/822 4253/930/839 728/907/823
f 872/894/815 2893/864/789 697/929/838
f 698/899/819 694/906/822 833/900/575
f 696/893/814 177/898/818 4288/924/836
f 696/893/814 4288/924/836 685/903/820
f 4285/851/779 4319/836/766 2928/885/808
f 4313/837/767 4368/881/239 4367/835/242
f 688/925/579 728/907/823 4253/930/839
f 4253/930/839 694/906/822 2723/923/835
f 692/895/816 872/894/815 697/929/838
f 1030/892/813 695/891/812 699/901/544
f 4288/924/836 4285/851/779 707/928/837
f 4286/833/764 4214/832/763 3415/827/758
f 694/906/822 960/904/821 2723/923/835
f 4194/882/805 4229/884/807 3408/848/777
f 699/901/544 695/891/812 698/899/819
f 960/904/821 697/929/838 2723/923/835
f 727/926/557 725/908/511 728/907/823
f 177/898/818 1809/902/565 4313/837/767
f 4313/837/767 1809/902/565 4366/880/243
f 694/906/822 698/899/819 695/891/812
f 3415/827/758 4214/832/763 3404/868/793
f 1029/897/523 1030/892/813 699/901/544
f 4910/871/796 3360/870/795 4273/876/801
f 695/891/812 960/904/821 694/906/822
f 177/898/818 4313/837/767 4285/851/779
f 4286/833/764 2928/885/808 2953/859/785
f 4285/851/779 4283/826/757 707/928/837
f 827/931/840 837/932/841 830/933/842
f 818/934/843 793/935/844 794/936/845
f 399/937/846 397/938/847 794/936/845
f 425/939/848 883/940/849 429/941/850
f 4437/942/630 4495/943/851 4664/944/852
f 1044/945/1 661/946/853 911/947/4
f 424/948/854 792/949/855 404/950/856
f 4921/951/629 4495/943/851 4437/942/630
f 4437/942/630 4664/944/852 4894/952/857
f 373/953/10 4495/943/851 4921/951/629
f 4664/944/852 397/938/847 399/937/846
f 404/950/856 792/949/855 400/954/858
f 373/953/10 4921/951/629 4920/955/17
f 830/933/842 818/934/843 827/931/840
f 392/956/859 1949/957/860 424/948/854
f 401/958/861 404/950/856 400/954/858
f 373/953/10 310/959/13 4495/943/851
f 108/960/862 400/954/858 792/949/855
f 890/961/863 891/962/864 909/963/596
f 429/941/850 820/964/865 425/939/848
f 891/962/864 412/965/866 892/966/867
f 836/967/868 827/931/840 854/968/869
f 756/969/870 392/956/859 424/948/854
f 661/946/853 3144/970/871 954/971/872
f 891/962/864 892/966/867 395/972/873
f 427/973/874 854/968/869 827/931/840
f 792/949/855 791/974/875 785/975/876
f 427/973/874 426/976/877 854/968/869
f 756/969/870 404/950/856 405/977/878
f 796/978/879 1611/979/880 435/980/881
f 827/931/840 818/934/843 427/973/874
f 412/965/866 890/961/863 426/976/877
f 427/973/874 412/965/866 426/976/877
f 3144/970/871 661/946/853 3135/981/882
f 909/963/596 911/947/4 661/946/853
f 820/964/865 836/967/868 854/968/869
f 3144/970/871 883/940/849 954/971/872
f 661/946/853 954/971/872 909/963/596
f 890/961/863 909/963/596 954/971/872
f 429/941/850 824/982/883 820/964/865
f 954/971/872 426/976/877 890/961/863
f 395/972/873 892/966/867 397/938/847
f 785/975/876 781/983/884 792/949/855
f 785/975/876 786/984/885 831/985/886
f 3516/986/887 791/974/875 792/949/855
f 820/964/865 804/987/888 786/984/885
f 809/988/889 804/987/888 795/989/890
f 1680/990/891 4413/991/892 756/969/870
f 1723/992/893 4412/993/894 4413/991/892
f 795/989/890 1611/979/880 796/978/879
f 430/994/895 782/995/896 775/996/897
f 796/978/879 775/996/897 831/985/886
f 836/967/868 820/964/865 786/984/885
f 3516/986/887 436/997/898 791/974/875
f 804/987/888 823/998/899 805/999/900
f 770/1000/901 795/989/890 804/987/888
f 782/995/896 831/985/886 775/996/897
f 1680/990/891 756/969/870 405/977/878
f 1611/979/880 1610/1001/902 4616/1002/903
f 427/973/874 818/934/843 412/965/866
f 854/968/869 426/976/877 425/939/848
f 820/964/865 854/968/869 425/939/848
f 412/965/866 891/962/864 890/961/863
f 791/974/875 436/997/898 789/1003/904
f 782/995/896 781/983/884 785/975/876
f 837/932/841 814/1004/905 830/933/842
f 814/1004/905 3516/986/887 424/948/854
f 814/1004/905 837/932/841 436/997/898
f 775/996/897 796/978/879 435/980/881
f 1949/957/860 830/933/842 814/1004/905
f 792/949/855 781/983/884 108/960/862
f 820/964/865 823/998/899 804/987/888
f 804/987/888 805/999/900 770/1000/901
f 831/985/886 809/988/889 796/978/879
f 1680/990/891 1736/1005/906 4413/991/892
f 836/967/868 786/984/885 837/932/841
f 4413/991/892 4412/993/894 756/969/870
f 756/969/870 424/948/854 404/950/856
f 782/995/896 785/975/876 831/985/886
f 784/1006/907 782/995/896 430/994/895
f 1736/1005/906 1723/992/893 4413/991/892
f 809/988/889 831/985/886 786/984/885
f 1686/1007/908 1684/1008/909 1708/1009/910
f 1720/1010/911 1686/1007/908 1708/1009/910
f 785/975/876 789/1003/904 786/984/885
f 4615/1011/912 1723/992/893 1736/1005/906
f 1687/1012/913 1723/992/893 4615/1011/912
f 795/989/890 796/978/879 809/988/889
f 310/959/13 395/972/873 397/938/847
f 1737/1013/914 1708/1009/910 1684/1008/909
f 4462/1014/15 395/972/873 310/959/13
f 310/959/13 397/938/847 4495/943/851
f 909/963/596 891/962/864 395/972/873
f 909/963/596 395/972/873 4462/1014/15
f 909/963/596 4462/1014/15 4845/1015/16
f 4410/1016/915 1574/1017/916 4411/1018/917
f 4412/993/894 4109/1019/918 423/1020/919
f 1675/1021/920 4109/1019/918 1673/1022/921
f 4109/1019/918 4412/993/894 4411/1018/917
f 4109/1019/918 1675/1021/920 423/1020/919
f 404/950/856 401/958/861 405/977/878
f 1574/1017/916 1674/1023/366 1673/1022/921
f 1674/1023/366 1675/1021/920 1673/1022/921
f 4109/1019/918 4411/1018/917 1673/1022/921
f 4411/1018/917 1574/1017/916 1673/1022/921
f 1749/1024/922 756/969/870 4412/993/894
f 830/933/842 1949/957/860 1950/1025/923
f 1737/1013/914 1687/1012/913 1708/1009/910
f 837/932/841 786/984/885 436/997/898
f 4412/993/894 1687/1012/913 4411/1018/917
f 423/1020/919 1749/1024/922 4412/993/894
f 392/956/859 756/969/870 1749/1024/922
f 392/956/859 1950/1025/923 1949/957/860
f 1950/1025/923 4448/1026/924 830/933/842
f 1687/1012/913 4410/1016/915 4411/1018/917
f 4412/993/894 1723/992/893 1687/1012/913
f 1687/1012/913 4420/1027/925 4410/1016/915
f 1708/1009/910 1687/1012/913 1720/1010/911
f 1675/1021/920 1674/1023/366 1572/1028/926
f 423/1020/919 393/1029/927 392/956/859
f 4448/1026/924 1950/1025/923 4925/1030/928
f 392/956/859 393/1029/927 4925/1030/928
f 820/964/865 824/982/883 823/998/899
f 830/933/842 4448/1026/924 398/1031/929
f 791/974/875 789/1003/904 785/975/876
f 4925/1030/928 1950/1025/923 392/956/859
f 393/1029/927 423/1020/919 1675/1021/920
f 4654/1032/930 4452/1033/931 1571/1034/932
f 392/956/859 1749/1024/922 423/1020/919
f 4452/1033/931 4183/1035/933 398/1031/929
f 4448/1026/924 4452/1033/931 398/1031/929
f 1571/1034/932 4452/1033/931 4925/1030/928
f 786/984/885 804/987/888 809/988/889
f 4452/1033/931 4654/1032/930 4183/1035/933
f 435/980/881 430/994/895 775/996/897
f 4654/1032/930 1689/1036/363 4894/952/857
f 1949/957/860 814/1004/905 424/948/854
f 4654/1032/930 4894/952/857 4183/1035/933
f 1687/1012/913 4615/1011/912 1720/1010/911
f 1611/979/880 795/989/890 770/1000/901
f 1571/1034/932 4228/1037/367 4230/1038/934
f 4228/1037/367 1571/1034/932 1572/1028/926
f 4654/1032/930 4230/1038/934 1689/1036/363
f 4230/1038/934 4228/1037/367 1683/1039/364
f 1674/1023/366 4228/1037/367 1572/1028/926
f 1720/1010/911 4615/1011/912 1736/1005/906
f 1611/979/880 770/1000/901 1610/1001/902
f 1675/1021/920 1572/1028/926 393/1029/927
f 1687/1012/913 1737/1013/914 4420/1027/925
f 4230/1038/934 4654/1032/930 1571/1034/932
f 4452/1033/931 4448/1026/924 4925/1030/928
f 1571/1034/932 4925/1030/928 1572/1028/926
f 1689/1036/363 4230/1038/934 1683/1039/364
f 4894/952/857 1689/1036/363 4624/1040/368
f 1572/1028/926 4925/1030/928 393/1029/927
f 3516/986/887 814/1004/905 436/997/898
f 827/931/840 836/967/868 837/932/841
f 436/997/898 786/984/885 789/1003/904
f 830/933/842 793/935/844 818/934/843
f 794/936/845 412/965/866 818/934/843
f 793/935/844 830/933/842 398/1031/929
f 892/966/867 412/965/866 794/936/845
f 398/1031/929 399/937/846 793/935/844
f 784/1006/907 781/983/884 782/995/896
f 794/936/845 793/935/844 399/937/846
f 397/938/847 892/966/867 794/936/845
f 883/940/849 425/939/848 954/971/872
f 425/939/848 426/976/877 954/971/872
f 398/1031/929 4183/1035/933 399/937/846
f 399/937/846 4183/1035/933 4664/944/852
f 3516/986/887 792/949/855 424/948/854
f 4894/952/857 4664/944/852 4183/1035/933
f 3135/981/882 661/946/853 1044/945/1
f 4894/952/857 4624/1040/368 4437/942/630
f 4495/943/851 397/938/847 4664/944/852
f 2573/1041/935 4764/1042/936 2472/1043/937
f 2573/1041/935 3740/1044/938 4764/1042/936
f 2487/1045/939 4498/1046/940 2573/1041/935
f 2573/1041/935 2472/1043/937 2487/1045/939
f 4825/1047/941 4794/1048/942 4890/1049/943
f 274/1050/944 299/1051/945 304/1052/946
f 304/1052/946 4833/1053/947 274/1050/944
f 2495/1054/948 4498/1046/940 2487/1045/939
f 4833/1053/947 304/1052/946 301/1055/949
f 2487/1045/939 2472/1043/937 2463/1056/950
f 4833/1053/947 4696/1057/951 274/1050/944
f 4498/1046/940 2495/1054/948 267/1058/952
f 267/1058/952 4833/1053/947 301/1055/949
f 4719/1059/953 2495/1054/948 2539/1060/954
f 896/1061/955 4488/1062/956 4449/1063/957
f 2487/1045/939 2463/1056/950 2539/1060/954
f 2588/1064/958 4696/1057/951 413/1065/959
f 2463/1056/950 2440/1066/960 2539/1060/954
f 2588/1064/958 3270/1067/961 4696/1057/951
f 2442/1068/962 2441/1069/963 2440/1066/960
f 247/1070/964 4696/1057/951 268/1071/965
f 1441/1072/966 4713/1073/967 4258/1074/968
f 4695/1075/969 2588/1064/958 413/1065/959
f 2133/1076/970 3306/1077/971 2078/1078/972
f 2463/1056/950 4774/1079/973 4757/1080/974
f 4724/1081/975 4719/1059/953 2441/1069/963
f 2078/1078/972 2076/1082/976 2132/1083/977
f 4724/1081/975 2495/1054/948 4719/1059/953
f 4869/1084/978 4901/1085/979 4453/1086/980
f 4757/1080/974 2440/1066/960 2463/1056/950
f 2472/1043/937 4774/1079/973 2463/1056/950
f 268/1071/965 4724/1081/975 248/1087/981
f 2078/1078/972 3306/1077/971 2588/1064/958
f 2346/1088/982 4500/1089/983 2453/1090/984
f 2588/1064/958 4695/1075/969 2077/1091/985
f 2132/1083/977 2133/1076/970 2078/1078/972
f 2442/1068/962 2440/1066/960 4713/1073/967
f 413/1065/959 4696/1057/951 247/1070/964
f 4698/1092/986 2077/1091/985 4695/1075/969
f 4698/1092/986 4695/1075/969 247/1070/964
f 3249/1093/987 4740/1094/988 420/1095/989
f 247/1070/964 4695/1075/969 413/1065/959
f 247/1070/964 248/1087/981 4771/1096/990
f 4724/1081/975 4499/1097/991 248/1087/981
f 4713/1073/967 4502/1098/992 2442/1068/962
f 2441/1069/963 4719/1059/953 2440/1066/960
f 3306/1077/971 3270/1067/961 2588/1064/958
f 4499/1097/991 2441/1069/963 2442/1068/962
f 248/1087/981 247/1070/964 268/1071/965
f 4713/1073/967 2440/1066/960 4757/1080/974
f 4698/1092/986 4711/1099/993 2077/1091/985
f 4459/1100/994 1538/1101/995 4447/1102/996
f 4833/1053/947 267/1058/952 268/1071/965
f 4771/1096/990 4698/1092/986 247/1070/964
f 4499/1097/991 4771/1096/990 248/1087/981
f 4709/1103/997 2077/1091/985 4711/1099/993
f 2550/1104/998 4498/1046/940 301/1055/949
f 4449/1063/957 4450/1105/392 4446/1106/397
f 4901/1085/979 4781/1107/999 4453/1086/980
f 298/1108/1000 4908/1109/1001 304/1052/946
f 4825/1047/941 4781/1107/999 4430/1110/1002
f 2367/1111/1003 4027/1112/1004 4461/1113/1005
f 299/1051/945 4740/1094/988 308/1114/1006
f 4461/1113/1005 2351/1115/1007 2346/1088/982
f 298/1108/1000 4445/1116/1008 4456/1117/1009
f 4455/1118/1010 4908/1109/1001 4454/1119/1011
f 304/1052/946 4908/1109/1001 301/1055/949
f 2441/1069/963 4499/1097/991 4724/1081/975
f 4454/1119/1011 4908/1109/1001 4453/1086/980
f 4696/1057/951 3249/1093/987 420/1095/989
f 3776/1120/1012 4438/1121/1013 4907/1122/1014
f 896/1061/955 897/1123/635 4488/1062/956
f 4855/1124/1015 4856/1125/393 4488/1062/956
f 4498/1046/940 2550/1104/998 2573/1041/935
f 4794/1048/942 4891/1126/1016 4438/1121/1013
f 4713/1073/967 1441/1072/966 4502/1098/992
f 3270/1067/961 3249/1093/987 4696/1057/951
f 299/1051/945 300/1127/1017 298/1108/1000
f 1141/1128/1018 4446/1106/397 4460/1129/406
f 299/1051/945 298/1108/1000 304/1052/946
f 4711/1099/993 4698/1092/986 4709/1103/997
f 300/1127/1017 299/1051/945 308/1114/1006
f 4455/1118/1010 4454/1119/1011 4453/1086/980
f 4798/1130/1019 4698/1092/986 4771/1096/990
f 420/1095/989 4740/1094/988 274/1050/944
f 4781/1107/999 4456/1117/1009 4430/1110/1002
f 4258/1074/968 2367/1111/1003 4461/1113/1005
f 4866/1131/1020 4430/1110/1002 4456/1117/1009
f 4798/1130/1019 4709/1103/997 4698/1092/986
f 4500/1089/983 4798/1130/1019 4771/1096/990
f 298/1108/1000 4781/1107/999 4869/1084/978
f 2077/1091/985 4709/1103/997 2076/1082/976
f 4781/1107/999 4825/1047/941 4453/1086/980
f 4713/1073/967 4757/1080/974 4258/1074/968
f 298/1108/1000 4456/1117/1009 4781/1107/999
f 4907/1122/1014 4438/1121/1013 4435/1132/1021
f 2495/1054/948 4724/1081/975 267/1058/952
f 896/1061/955 1538/1101/995 4805/1133/1022
f 2495/1054/948 2487/1045/939 2539/1060/954
f 4500/1089/983 4502/1098/992 2453/1090/984
f 4719/1059/953 2539/1060/954 2440/1066/960
f 4461/1113/1005 2453/1090/984 1441/1072/966
f 3776/1120/1012 3740/1044/938 4794/1048/942
f 299/1051/945 274/1050/944 4740/1094/988
f 2078/1078/972 2077/1091/985 2076/1082/976
f 4461/1113/1005 4027/1112/1004 2351/1115/1007
f 4856/1125/393 4855/1124/1015 897/1123/635
f 4866/1131/1020 4891/1126/1016 4430/1110/1002
f 4890/1049/943 4453/1086/980 4825/1047/941
f 268/1071/965 267/1058/952 4724/1081/975
f 4696/1057/951 4833/1053/947 268/1071/965
f 4794/1048/942 3740/1044/938 4890/1049/943
f 4794/1048/942 4438/1121/1013 3776/1120/1012
f 4891/1126/1016 4866/1131/1020 4438/1121/1013
f 4908/1109/1001 2550/1104/998 301/1055/949
f 4449/1063/957 4446/1106/397 1538/1101/995
f 4459/1100/994 4445/1116/1008 298/1108/1000
f 274/1050/944 4696/1057/951 420/1095/989
f 4435/1132/1021 4812/1134/380 1162/1135/373
f 3249/1093/987 4851/1136/644 4740/1094/988
f 4851/1136/644 2131/1137/1023 1631/1138/1024
f 4855/1124/1015 4488/1062/956 897/1123/635
f 2573/1041/935 2550/1104/998 2554/1139/1025
f 3316/1140/1026 3304/1141/1027 2133/1076/970
f 3270/1067/961 3304/1141/1027 3249/1093/987
f 4450/1105/392 4449/1063/957 4488/1062/956
f 4867/1142/378 4812/1134/380 4435/1132/1021
f 1141/1128/1018 4866/1131/1020 4447/1102/996
f 4851/1136/644 3249/1093/987 3304/1141/1027
f 3304/1141/1027 3306/1077/971 2133/1076/970
f 4743/1143/1028 4709/1103/997 4500/1089/983
f 2133/1076/970 2132/1083/977 2131/1137/1023
f 2573/1041/935 2554/1139/1025 3740/1044/938
f 3274/1144/603 4851/1136/644 1631/1138/1024
f 1604/1145/643 898/1146/633 896/1061/955
f 4851/1136/644 3304/1141/1027 3316/1140/1026
f 4851/1136/644 896/1061/955 308/1114/1006
f 2550/1104/998 4455/1118/1010 2554/1139/1025
f 4866/1131/1020 4435/1132/1021 4438/1121/1013
f 2554/1139/1025 4455/1118/1010 4890/1049/943
f 4867/1142/378 4435/1132/1021 4866/1131/1020
f 4500/1089/983 2346/1088/982 4743/1143/1028
f 4488/1062/956 4856/1125/393 4450/1105/392
f 4851/1136/644 3316/1140/1026 2131/1137/1023
f 3316/1140/1026 2133/1076/970 2131/1137/1023
f 898/1146/633 897/1123/635 896/1061/955
f 4740/1094/988 4851/1136/644 308/1114/1006
f 1141/1128/1018 4458/1147/395 4866/1131/1020
f 4435/1132/1021 1162/1135/373 4907/1122/1014
f 896/1061/955 4805/1133/1022 300/1127/1017
f 896/1061/955 4449/1063/957 1538/1101/995
f 1604/1145/643 896/1061/955 4851/1136/644
f 4447/1102/996 4456/1117/1009 4445/1116/1008
f 4891/1126/1016 4794/1048/942 4825/1047/941
f 4743/1143/1028 2346/1088/982 1483/1148/1029
f 3304/1141/1027 3270/1067/961 3306/1077/971
f 4502/1098/992 1441/1072/966 2453/1090/984
f 4499/1097/991 2442/1068/962 4502/1098/992
f 4500/1089/983 4709/1103/997 4798/1130/1019
f 4447/1102/996 4446/1106/397 1141/1128/1018
f 1483/1148/1029 2346/1088/982 2351/1115/1007
f 4500/1089/983 4771/1096/990 4499/1097/991
f 4891/1126/1016 4825/1047/941 4430/1110/1002
f 4498/1046/940 267/1058/952 301/1055/949
f 1441/1072/966 4258/1074/968 4461/1113/1005
f 2078/1078/972 2588/1064/958 2077/1091/985
f 4502/1098/992 4500/1089/983 4499/1097/991
f 2346/1088/982 2453/1090/984 4461/1113/1005
f 4805/1133/1022 298/1108/1000 300/1127/1017
f 4458/1147/395 1141/1128/1018 4460/1129/406
f 3740/1044/938 2554/1139/1025 4890/1049/943
f 4869/1084/978 4908/1109/1001 298/1108/1000
f 4453/1086/980 4908/1109/1001 4869/1084/978
f 4456/1117/1009 4447/1102/996 4866/1131/1020
f 4445/1116/1008 4459/1100/994 4447/1102/996
f 4453/1086/980 4890/1049/943 4455/1118/1010
f 298/1108/1000 4805/1133/1022 4459/1100/994
f 1538/1101/995 4446/1106/397 4447/1102/996
f 2550/1104/998 4908/1109/1001 4455/1118/1010
f 4781/1107/999 4901/1085/979 4869/1084/978
f 308/1114/1006 896/1061/955 300/1127/1017
f 4458/1147/395 4867/1142/378 4866/1131/1020
f 4459/1100/994 4805/1133/1022 1538/1101/995
f 1135/1149/1030 4029/1150/1031 4238/1151/1032
f 1068/1152/1033 2667/1153/1034 2019/1154/1035
f 1068/1152/1033 2002/1155/1036 1478/1156/1037
f 4252/1157/1038 2760/1158/1039 4176/1159/1040
f 4176/1159/1040 4238/1151/1032 2889/1160/1041
f 2022/1161/1042 1055/1162/1043 1668/1163/1044
f 2645/1164/1045 2646/1165/1046 790/1166/1047
f 44/1167/1048 2401/1168/1049 790/1166/1047
f 122/1169/1050 4240/1170/1051 221/1171/1052
f 60/1172/1053 187/1173/1054 122/1169/1050
f 2760/1158/1039 4252/1157/1038 65/1174/1055
f 1068/1152/1033 2019/1154/1035 2006/1175/1056
f 2006/1175/1056 2002/1155/1036 1068/1152/1033
f 2889/1160/1041 117/1176/1057 4176/1159/1040
f 121/1177/1058 65/1174/1055 4252/1157/1038
f 4672/1178/1059 4690/1179/1060 4679/1180/1061
f 2029/1181/1062 2006/1175/1056 2019/1154/1035
f 121/1177/1058 122/1169/1050 65/1174/1055
f 61/1182/1063 3127/1183/1064 2688/1184/1065
f 4480/1185/1066 4252/1157/1038 117/1176/1057
f 2006/1175/1056 2029/1181/1062 1383/1186/1067
f 3057/1187/1068 46/1188/1069 225/1189/1070
f 117/1176/1057 2889/1160/1041 66/1190/1071
f 2399/1191/1072 1627/1192/1073 1383/1186/1067
f 2399/1191/1072 2029/1181/1062 1660/1193/1074
f 2399/1191/1072 1660/1193/1074 1627/1192/1073
f 4485/1194/1075 4694/1195/1076 1483/1196/1029
f 46/1188/1069 2760/1158/1039 65/1174/1055
f 186/1197/1077 2592/1198/1078 210/1199/1079
f 2607/1200/1080 1483/1196/1029 4733/1201/1081
f 790/1166/1047 1731/1202/1082 2681/1203/1083
f 4687/1204/1084 2778/1205/1085 2607/1200/1080
f 207/1206/1086 122/1169/1050 187/1173/1054
f 4287/1207/1087 4668/1208/1088 185/1209/1089
f 4252/1157/1038 4480/1185/1066 121/1177/1058
f 205/1210/1090 4504/1211/1091 2778/1205/1085
f 4485/1194/1075 4287/1207/1087 4694/1195/1076
f 209/1212/1092 205/1210/1090 211/1213/1093
f 2688/1184/1065 1135/1149/1030 2645/1164/1045
f 2646/1165/1046 1135/1149/1030 4238/1151/1032
f 207/1206/1086 187/1173/1054 206/1214/1094
f 60/1172/1053 121/1177/1058 4480/1185/1066
f 207/1206/1086 209/1212/1092 4240/1170/1051
f 1385/1215/1095 1617/1216/1096 2401/1168/1049
f 208/1217/1097 204/1218/1098 205/1210/1090
f 4480/1185/1066 66/1190/1071 71/1219/1099
f 4733/1201/1081 4729/1220/1100 2606/1221/1101
f 4287/1207/1087 4485/1194/1075 4504/1211/1091
f 2447/1222/1102 2322/1223/1103 2438/1224/1104
f 187/1173/1054 70/1225/1105 4478/1226/1106
f 2633/1227/1107 211/1213/1093 2778/1205/1085
f 4694/1195/1076 4743/1228/1028 1483/1196/1029
f 2438/1224/1104 2462/1229/1108 2447/1222/1102
f 207/1206/1086 206/1214/1094 1144/1230/1109
f 4478/1226/1106 4384/1231/1110 127/1232/1111
f 4694/1195/1076 4709/1233/997 4743/1228/1028
f 4733/1201/1081 1483/1196/1029 2351/1234/1007
f 4729/1220/1100 4725/1235/1112 2606/1221/1101
f 4485/1194/1075 2607/1200/1080 2778/1205/1085
f 4668/1208/1088 4287/1207/1087 4700/1236/1113
f 2633/1227/1107 42/1237/1114 211/1213/1093
f 2607/1200/1080 4733/1201/1081 2606/1221/1101
f 207/1206/1086 4240/1170/1051 122/1169/1050
f 2132/1238/977 2076/1239/976 2597/1240/1115
f 4478/1226/1106 70/1225/1105 116/1241/1116
f 4287/1207/1087 4504/1211/1091 4700/1236/1113
f 2778/1205/1085 4504/1211/1091 4485/1194/1075
f 116/1241/1116 70/1225/1105 60/1172/1053
f 185/1209/1089 210/1199/1079 4287/1207/1087
f 60/1172/1053 4480/1185/1066 71/1219/1099
f 205/1210/1090 4700/1236/1113 4504/1211/1091
f 58/1242/1117 2646/1165/1046 59/1243/1118
f 4658/1244/1119 4679/1180/1061 4690/1179/1060
f 2778/1205/1085 211/1213/1093 205/1210/1090
f 206/1214/1094 4679/1180/1061 1144/1230/1109
f 4725/1235/1112 2438/1224/1104 4687/1204/1084
f 4389/1245/1120 2132/1238/977 2597/1240/1115
f 790/1166/1047 2635/1246/1121 2645/1164/1045
f 185/1209/1089 186/1197/1077 210/1199/1079
f 2592/1198/1078 4709/1233/997 210/1199/1079
f 4478/1226/1106 127/1232/1111 206/1214/1094
f 2322/1223/1103 2657/1247/1122 2633/1227/1107
f 2633/1227/1107 4687/1204/1084 2322/1223/1103
f 2438/1224/1104 2322/1223/1103 4687/1204/1084
f 4700/1236/1113 205/1210/1090 204/1218/1098
f 116/1241/1116 60/1172/1053 71/1219/1099
f 4672/1178/1059 127/1232/1111 4620/1248/1123
f 4672/1178/1059 4679/1180/1061 206/1214/1094
f 2597/1240/1115 2076/1239/976 2592/1198/1078
f 204/1218/1098 4668/1208/1088 4700/1236/1113
f 2457/1249/1124 2657/1247/1122 2322/1223/1103
f 220/1250/1125 2020/1251/1126 226/1252/1127
f 4690/1179/1060 4672/1178/1059 4620/1248/1123
f 70/1225/1105 187/1173/1054 60/1172/1053
f 4252/1157/1038 4176/1159/1040 117/1176/1057
f 3309/1253/1128 2132/1238/977 4389/1245/1120
f 2592/1198/1078 2076/1239/976 4709/1233/997
f 2760/1158/1039 46/1188/1069 2751/1254/1129
f 2633/1227/1107 2657/1247/1122 42/1237/1114
f 4687/1204/1084 2607/1200/1080 2606/1221/1101
f 184/1255/1130 4668/1208/1088 4679/1180/1061
f 221/1171/1052 65/1174/1055 122/1169/1050
f 211/1213/1093 42/1237/1114 209/1212/1092
f 207/1206/1086 205/1210/1090 209/1212/1092
f 60/1172/1053 122/1169/1050 121/1177/1058
f 4389/1245/1120 4691/1256/1131 3309/1253/1128
f 2592/1198/1078 186/1197/1077 2597/1240/1115
f 4658/1244/1119 2597/1240/1115 186/1197/1077
f 66/1190/1071 4480/1185/1066 117/1176/1057
f 1483/1196/1029 2607/1200/1080 4485/1194/1075
f 187/1173/1054 4478/1226/1106 206/1214/1094
f 1668/1163/1044 1627/1192/1073 2000/1257/1132
f 44/1167/1048 2751/1254/1129 2000/1257/1132
f 4694/1195/1076 4287/1207/1087 210/1199/1079
f 184/1255/1130 4658/1244/1119 186/1197/1077
f 2401/1168/1049 1731/1202/1082 790/1166/1047
f 116/1241/1116 4384/1231/1110 4478/1226/1106
f 58/1242/1117 44/1167/1048 2646/1165/1046
f 221/1171/1052 209/1212/1092 42/1237/1114
f 2687/1258/1133 2688/1184/1065 2681/1203/1083
f 61/1182/1063 2688/1184/1065 2687/1258/1133
f 42/1237/1114 2657/1247/1122 219/1259/1134
f 2457/1249/1124 2322/1223/1103 2323/1260/1135
f 2657/1247/1122 2457/1249/1124 2653/1261/1136
f 2323/1260/1135 2322/1223/1103 2447/1222/1102
f 206/1214/1094 127/1232/1111 4672/1178/1059
f 2000/1257/1132 1627/1192/1073 1385/1215/1095
f 1385/1215/1095 2401/1168/1049 2000/1257/1132
f 4725/1235/1112 2462/1229/1108 2438/1224/1104
f 2401/1168/1049 44/1167/1048 2000/1257/1132
f 2778/1205/1085 4687/1204/1084 2633/1227/1107
f 1617/1216/1096 1731/1202/1082 2401/1168/1049
f 4679/1180/1061 4668/1208/1088 1144/1230/1109
f 790/1166/1047 2681/1203/1083 2635/1246/1121
f 184/1255/1130 4679/1180/1061 4658/1244/1119
f 2688/1184/1065 2645/1164/1045 2635/1246/1121
f 790/1166/1047 2646/1165/1046 44/1167/1048
f 213/1262/1137 221/1171/1052 42/1237/1114
f 42/1237/1114 219/1259/1134 213/1262/1137
f 2647/1263/1138 2022/1161/1042 1668/1163/1044
f 2657/1247/1122 2653/1261/1136 219/1259/1134
f 4238/1151/1032 4029/1150/1031 2889/1160/1041
f 184/1255/1130 185/1209/1089 4668/1208/1088
f 1668/1163/1044 1383/1186/1067 1627/1192/1073
f 2457/1249/1124 2323/1260/1135 2584/1264/1139
f 1089/1265/1140 2653/1261/1136 2457/1249/1124
f 1144/1230/1109 208/1217/1097 207/1206/1086
f 1668/1163/1044 2000/1257/1132 2647/1263/1138
f 2020/1251/1126 2481/1266/1141 1055/1162/1043
f 2022/1161/1042 3057/1187/1068 2020/1251/1126
f 2597/1240/1115 4658/1244/1119 4389/1245/1120
f 2647/1263/1138 3057/1187/1068 2022/1161/1042
f 1054/1267/1142 2006/1175/1056 1383/1186/1067
f 2000/1257/1132 2751/1254/1129 2647/1263/1138
f 2020/1251/1126 3057/1187/1068 226/1252/1127
f 58/1242/1117 2751/1254/1129 44/1167/1048
f 3057/1187/1068 2647/1263/1138 2751/1254/1129
f 226/1252/1127 213/1262/1137 220/1250/1125
f 219/1259/1134 220/1250/1125 213/1262/1137
f 4709/1233/997 4694/1195/1076 210/1199/1079
f 2481/1266/1141 219/1259/1134 2653/1261/1136
f 4658/1244/1119 4690/1179/1060 4389/1245/1120
f 2646/1165/1046 2645/1164/1045 1135/1149/1030
f 4668/1208/1088 204/1218/1098 1144/1230/1109
f 2584/1264/1139 1054/1267/1142 2457/1249/1124
f 1089/1265/1140 2457/1249/1124 1054/1267/1142
f 2653/1261/1136 1089/1265/1140 2481/1266/1141
f 2687/1258/1133 51/1268/1143 61/1182/1063
f 1629/1269/1144 2019/1154/1035 2667/1153/1034
f 2399/1191/1072 1383/1186/1067 2029/1181/1062
f 2029/1181/1062 2019/1154/1035 1629/1269/1144
f 226/1252/1127 3057/1187/1068 225/1189/1070
f 2751/1254/1129 58/1242/1117 2760/1158/1039
f 219/1259/1134 2481/1266/1141 220/1250/1125
f 1054/1267/1142 2584/1264/1139 2006/1175/1056
f 1054/1267/1142 1055/1162/1043 1089/1265/1140
f 1055/1162/1043 2481/1266/1141 1089/1265/1140
f 1627/1192/1073 1660/1193/1074 1385/1215/1095
f 1135/1149/1030 2688/1184/1065 3127/1183/1064
f 185/1209/1089 184/1255/1130 186/1197/1077
f 46/1188/1069 3057/1187/1068 2751/1254/1129
f 226/1252/1127 225/1189/1070 213/1262/1137
f 2760/1158/1039 58/1242/1117 59/1243/1118
f 4690/1179/1060 4691/1256/1131 4389/1245/1120
f 2646/1165/1046 4238/1151/1032 59/1243/1118
f 221/1171/1052 213/1262/1137 225/1189/1070
f 1055/1162/1043 1383/1186/1067 1668/1163/1044
f 4729/1220/1100 4733/1201/1081 2351/1234/1007
f 46/1188/1069 65/1174/1055 225/1189/1070
f 4176/1159/1040 2760/1158/1039 59/1243/1118
f 205/1210/1090 207/1206/1086 208/1217/1097
f 4238/1151/1032 4176/1159/1040 59/1243/1118
f 208/1217/1097 1144/1230/1109 204/1218/1098
f 1055/1162/1043 1054/1267/1142 1383/1186/1067
f 209/1212/1092 221/1171/1052 4240/1170/1051
f 1068/1152/1033 1478/1156/1037 2035/1270/1145
f 220/1250/1125 2481/1266/1141 2020/1251/1126
f 225/1189/1070 65/1174/1055 221/1171/1052
f 4687/1204/1084 2606/1221/1101 4725/1235/1112
f 2635/1246/1121 2681/1203/1083 2688/1184/1065
f 2132/1238/977 3309/1253/1128 2131/1271/1023
f 1055/1162/1043 2022/1161/1042 2020/1251/1126
f 3778/1272/1146 3742/1273/1147 3731/1274/1148
f 3695/1275/1149 3733/1276/1150 3843/1277/1151
f 3757/1278/1152 3115/1279/1153 3728/1280/1154
f 3778/1272/1146 3731/1274/1148 3735/1281/1155
f 3725/1282/1156 3772/1283/1157 3835/1284/1158
f 3843/1277/1151 3655/1285/1159 3695/1275/1149
f 3646/1286/1160 3759/1287/673 3853/1288/1161
f 3525/1289/1162 3346/1290/1163 3734/1291/1164
f 3347/1292/1165 3346/1290/1163 3525/1289/1162
f 3732/1293/738 443/1294/705 3719/1295/1166
f 3844/1296/1167 3346/1290/1163 3737/1297/1168
f 3719/1295/1166 443/1294/705 3771/1298/704
f 3739/1299/1169 3346/1290/1163 3736/1300/1170
f 3734/1291/1164 3844/1296/1167 3584/1301/1171
f 3733/1276/1150 3695/1275/1149 3851/1302/1172
f 1714/1303/146 3732/1293/738 3719/1295/1166
f 3717/1304/142 3732/1293/738 1714/1303/146
f 3783/1305/1173 3833/1306/1174 3772/1283/1157
f 3510/1307/1175 3733/1276/1150 3850/1308/1176
f 3839/1309/1177 3843/1277/1151 3733/1276/1150
f 3762/1310/1178 3864/1311/1179 3646/1286/1160
f 3771/1298/704 3115/1279/1153 3719/1295/1166
f 3851/1302/1172 3850/1308/1176 3733/1276/1150
f 3696/1312/1180 1/1313/286 3751/1314/1181
f 3655/1285/1159 3843/1277/1151 3761/1315/1182
f 3701/1316/277 3696/1312/1180 3525/1289/1162
f 3655/1285/1159 3853/1288/1161 3521/1317/1183
f 3757/1278/1152 1714/1303/146 3719/1295/1166
f 3757/1278/1152 3719/1295/1166 3115/1279/1153
f 3771/1298/704 3783/1305/1173 3115/1279/1153
f 3725/1282/1156 3835/1284/1158 3780/1318/1184
f 3111/1319/729 3833/1306/1174 3783/1305/1173
f 3782/1320/1185 3767/1321/1186 3769/1322/1187
f 3725/1282/1156 3780/1318/1184 3738/1323/1188
f 3726/1324/1189 3772/1283/1157 3725/1282/1156
f 3731/1274/1148 3172/1325/1190 3735/1281/1155
f 3646/1286/1160 3864/1311/1179 3759/1287/673
f 3111/1319/729 3783/1305/1173 3771/1298/704
f 3720/1326/310 3778/1272/1146 3777/1327/309
f 3738/1323/1188 3836/1328/1191 3725/1282/1156
f 1714/1303/146 3757/1278/1152 1715/1329/288
f 3764/1330/1192 3761/1315/1182 3782/1320/1185
f 3783/1305/1173 3772/1283/1157 3115/1279/1153
f 3833/1306/1174 3835/1284/1158 3772/1283/1157
f 3111/1319/729 3012/1331/692 3833/1306/1174
f 3529/1332/1193 3538/1333/1194 500/1334/1195
f 3626/1335/1196 3478/1336/1197 3574/1337/1198
f 3512/1338/260 3700/1339/259 3729/1340/1199
f 3445/1341/1200 3626/1335/1196 3571/1342/1201
f 3574/1337/1198 3478/1336/1197 3677/1343/1202
f 3588/1344/1203 3852/1345/1204 3590/1346/1205
f 3620/1347/1206 3618/1348/1207 3634/1349/270
f 3564/1350/1208 3848/1351/1209 3865/1352/1210
f 3710/1353/653 3853/1288/1161 3759/1287/673
f 3851/1302/1172 3625/1354/1211 3586/1355/1212
f 3603/1356/1213 3574/1337/1198 3847/1357/1214
f 1715/1329/288 3757/1278/1152 3728/1280/1154
f 3628/1358/1215 3634/1349/270 3618/1348/1207
f 3445/1341/1200 3581/1359/1216 3590/1346/1205
f 3750/1360/1217 3728/1280/1154 3115/1279/1153
f 3772/1283/1157 3750/1360/1217 3115/1279/1153
f 3012/1331/692 3835/1284/1158 3833/1306/1174
f 3769/1322/1187 3106/1361/756 3845/1362/733
f 3586/1355/1212 3850/1308/1176 3851/1302/1172
f 3712/1363/1218 3607/1364/1219 3847/1357/1214
f 3729/1340/1199 3734/1291/1164 3620/1347/1206
f 3625/1354/1211 3851/1302/1172 3677/1343/1202
f 3734/1291/1164 3729/1340/1199 3525/1289/1162
f 3780/1318/1184 3012/1331/692 3106/1361/756
f 3847/1357/1214 3677/1343/1202 3528/1365/1220
f 3537/1366/1221 3538/1333/1194 3539/1367/1222
f 3720/1326/310 1715/1329/288 3728/1280/1154
f 3625/1354/1211 3677/1343/1202 3478/1336/1197
f 3726/1324/1189 3728/1280/1154 3750/1360/1217
f 3590/1346/1205 3581/1359/1216 3593/1368/1223
f 3726/1324/1189 3750/1360/1217 3772/1283/1157
f 3780/1318/1184 3835/1284/1158 3012/1331/692
f 3510/1307/1175 3839/1309/1177 3733/1276/1150
f 3614/1369/1224 3445/1341/1200 3590/1346/1205
f 3574/1337/1198 3677/1343/1202 3847/1357/1214
f 3588/1344/1203 3593/1368/1223 3513/1370/1225
f 3106/1361/756 3769/1322/1187 3780/1318/1184
f 3574/1337/1198 3603/1356/1213 3602/1371/1226
f 3677/1343/1202 3851/1302/1172 3524/1372/1227
f 3742/1273/1147 3720/1326/310 3728/1280/1154
f 3524/1372/1227 3528/1365/1220 3677/1343/1202
f 3521/1317/1183 3524/1372/1227 3695/1275/1149
f 3851/1302/1172 3695/1275/1149 3524/1372/1227
f 3742/1273/1147 3728/1280/1154 3726/1324/1189
f 3574/1337/1198 3571/1342/1201 3626/1335/1196
f 3528/1365/1220 3573/1373/1228 3712/1363/1218
f 3847/1357/1214 3848/1351/1209 3603/1356/1213
f 3780/1318/1184 3769/1322/1187 3767/1321/1186
f 3764/1330/1192 3769/1322/1187 3845/1362/733
f 3720/1326/310 3742/1273/1147 3778/1272/1146
f 3594/1374/1229 3618/1348/1207 3617/1375/1230
f 3723/1376/1231 3622/1377/661 3573/1373/1228
f 3742/1273/1147 3726/1324/1189 3725/1282/1156
f 3594/1374/1229 3581/1359/1216 3628/1358/1215
f 3671/1378/1232 500/1334/1195 3538/1333/1194
f 3767/1321/1186 3738/1323/1188 3780/1318/1184
f 3764/1330/1192 3782/1320/1185 3769/1322/1187
f 3762/1310/1178 3764/1330/1192 3845/1362/733
f 3845/1362/733 3765/1379/732 3762/1310/1178
f 3765/1379/732 3864/1311/1179 3762/1310/1178
f 3734/1291/1164 3584/1301/1171 3513/1370/1225
f 3568/1380/1233 3539/1367/1222 3583/1381/687
f 3742/1273/1147 3725/1282/1156 3731/1274/1148
f 3782/1320/1185 3377/1382/1234 3767/1321/1186
f 3752/1383/1235 3738/1323/1188 3767/1321/1186
f 3764/1330/1192 3762/1310/1178 3761/1315/1182
f 3865/1352/1210 3671/1378/1232 3564/1350/1208
f 3777/1327/309 3778/1272/1146 3735/1281/1155
f 3634/1349/270 3512/1338/260 3620/1347/1206
f 3731/1274/1148 3725/1282/1156 3836/1328/1191
f 3172/1325/1190 3836/1328/1191 3738/1323/1188
f 3852/1345/1204 3586/1355/1212 3478/1336/1197
f 3767/1321/1186 3377/1382/1234 3752/1383/1235
f 3839/1309/1177 3377/1382/1234 3782/1320/1185
f 3172/1325/1190 3738/1323/1188 3752/1383/1235
f 3850/1308/1176 3586/1355/1212 3513/1370/1225
f 3843/1277/1151 3782/1320/1185 3761/1315/1182
f 3560/1384/1236 3537/1366/1221 3745/1385/1237
f 3761/1315/1182 3762/1310/1178 3646/1286/1160
f 3765/1379/732 3759/1287/673 3864/1311/1179
f 3777/1327/309 3735/1281/1155 3736/1300/1170
f 3528/1365/1220 3858/1386/1238 3573/1373/1228
f 3590/1346/1205 3593/1368/1223 3588/1344/1203
f 3734/1291/1164 3346/1290/1163 3844/1296/1167
f 3172/1325/1190 3731/1274/1148 3836/1328/1191
f 3752/1383/1235 3377/1382/1234 3179/1387/1239
f 3737/1297/1168 3377/1382/1234 3839/1309/1177
f 3839/1309/1177 3782/1320/1185 3843/1277/1151
f 3628/1358/1215 3618/1348/1207 3594/1374/1229
f 3172/1325/1190 3752/1383/1235 3179/1387/1239
f 3646/1286/1160 3655/1285/1159 3761/1315/1182
f 3528/1365/1220 3524/1372/1227 3521/1317/1183
f 3614/1369/1224 3590/1346/1205 3852/1345/1204
f 3593/1368/1223 3581/1359/1216 3594/1374/1229
f 3521/1317/1183 3853/1288/1161 3858/1386/1238
f 3736/1300/1170 3735/1281/1155 3739/1299/1169
f 3777/1327/309 3736/1300/1170 3741/1388/315
f 3739/1299/1169 3735/1281/1155 3172/1325/1190
f 3620/1347/1206 3512/1338/260 3729/1340/1199
f 3593/1368/1223 3617/1375/1230 3513/1370/1225
f 3377/1382/1234 3737/1297/1168 3179/1387/1239
f 3844/1296/1167 3737/1297/1168 3839/1309/1177
f 3179/1387/1239 3739/1299/1169 3172/1325/1190
f 3655/1285/1159 3646/1286/1160 3853/1288/1161
f 3716/1389/303 3741/1388/315 3736/1300/1170
f 3620/1347/1206 3617/1375/1230 3618/1348/1207
f 3564/1350/1208 3671/1378/1232 3547/1390/1240
f 3858/1386/1238 3853/1288/1161 3710/1353/653
f 3737/1297/1168 3739/1299/1169 3179/1387/1239
f 3844/1296/1167 3839/1309/1177 3510/1307/1175
f 3655/1285/1159 3521/1317/1183 3695/1275/1149
f 3548/1391/1241 3573/1373/1228 3622/1377/661
f 3346/1290/1163 3347/1292/1165 3736/1300/1170
f 3346/1290/1163 3739/1299/1169 3737/1297/1168
f 3547/1390/1240 3671/1378/1232 3538/1333/1194
f 3716/1389/303 3736/1300/1170 3751/1314/1181
f 3848/1351/1209 3564/1350/1208 3603/1356/1213
f 3548/1391/1241 3572/1392/1242 500/1334/1195
f 3572/1392/1242 3548/1391/1241 3622/1377/661
f 3525/1289/1162 3729/1340/1199 3701/1316/277
f 3538/1333/1194 3537/1366/1221 3547/1390/1240
f 3529/1332/1193 500/1334/1195 3572/1392/1242
f 3510/1307/1175 3584/1301/1171 3844/1296/1167
f 3529/1332/1193 3572/1392/1242 956/1393/664
f 3858/1386/1238 3528/1365/1220 3521/1317/1183
f 3848/1351/1209 3607/1364/1219 3865/1352/1210
f 3745/1385/1237 3537/1366/1221 3530/1394/1243
f 3568/1380/1233 3537/1366/1221 3539/1367/1222
f 3736/1300/1170 3347/1292/1165 3751/1314/1181
f 1/1313/286 3716/1389/303 3751/1314/1181
f 3529/1332/1193 3583/1381/687 3539/1367/1222
f 3564/1350/1208 3602/1371/1226 3603/1356/1213
f 3570/1395/657 3622/1377/661 3723/1376/1231
f 3850/1308/1176 3584/1301/1171 3510/1307/1175
f 3560/1384/1236 3547/1390/1240 3537/1366/1221
f 3347/1292/1165 3525/1289/1162 3696/1312/1180
f 3530/1394/1243 3537/1366/1221 3568/1380/1233
f 3347/1292/1165 3696/1312/1180 3751/1314/1181
f 3865/1352/1210 3607/1364/1219 500/1334/1195
f 3530/1394/1243 3568/1380/1233 3873/1396/1244
f 3568/1380/1233 3583/1381/687 3873/1396/1244
f 3701/1316/277 1/1313/286 3696/1312/1180
f 3858/1386/1238 3570/1395/657 3723/1376/1231
f 3514/1397/697 3530/1394/1243 3873/1396/1244
f 3671/1378/1232 3865/1352/1210 500/1334/1195
f 3602/1371/1226 3563/1398/1245 3574/1337/1198
f 3526/1399/667 3572/1392/1242 3622/1377/661
f 3850/1308/1176 3513/1370/1225 3584/1301/1171
f 3607/1364/1219 3848/1351/1209 3847/1357/1214
f 3594/1374/1229 3617/1375/1230 3593/1368/1223
f 3607/1364/1219 3548/1391/1241 500/1334/1195
f 3574/1337/1198 3563/1398/1245 3571/1342/1201
f 3478/1336/1197 3614/1369/1224 3852/1345/1204
f 3723/1376/1231 3573/1373/1228 3858/1386/1238
f 3625/1354/1211 3478/1336/1197 3586/1355/1212
f 3514/1397/697 3873/1396/1244 3583/1381/687
f 3513/1370/1225 3586/1355/1212 3588/1344/1203
f 3583/1381/687 3529/1332/1193 956/1393/664
f 3710/1353/653 3570/1395/657 3858/1386/1238
f 3626/1335/1196 3445/1341/1200 3614/1369/1224
f 3607/1364/1219 3712/1363/1218 3573/1373/1228
f 3539/1367/1222 3538/1333/1194 3529/1332/1193
f 3530/1394/1243 3514/1397/697 3546/1400/714
f 3607/1364/1219 3573/1373/1228 3548/1391/1241
f 3700/1339/259 3701/1316/277 3729/1340/1199
f 3614/1369/1224 3478/1336/1197 3626/1335/1196
f 3572/1392/1242 3526/1399/667 956/1393/664
f 3588/1344/1203 3586/1355/1212 3852/1345/1204
f 3617/1375/1230 3734/1291/1164 3513/1370/1225
f 3847/1357/1214 3528/1365/1220 3712/1363/1218
f 3620/1347/1206 3734/1291/1164 3617/1375/1230
f 3869/1401/1246 4061/1402/1247 3553/1403/1248
f 3532/1404/1249 3437/1405/1250 3876/1406/1251
f 3433/1407/1252 4073/1408/1253 3431/1409/1254
f 4010/1410/412 4000/1411/1255 3418/1412/1256
f 3556/1413/35 3876/1406/1251 2967/1414/21
f 2974/1415/1257 3988/1416/1258 2960/1417/1259
f 3945/1418/212 3943/1419/1260 2978/1420/232
f 3984/1421/20 4026/1422/34 535/1423/1261
f 3553/1403/1248 3872/1424/744 3436/1425/750
f 3455/1426/1262 4739/1427/419 3421/1428/1263
f 4073/1408/1253 3424/1429/1264 3431/1409/1254
f 4001/1430/1265 4681/1431/1266 2974/1415/1257
f 535/1423/1261 4026/1422/34 2967/1414/21
f 3534/1432/755 3455/1426/1262 3439/1433/1267
f 4748/1434/1268 394/1435/462 3154/1436/1269
f 4097/1437/1270 4014/1438/480 390/1439/484
f 3981/1440/1271 4681/1431/1266 2922/1441/1272
f 2922/1441/1272 4681/1431/1266 4001/1430/1265
f 908/1442/207 2978/1420/232 3981/1440/1271
f 3997/1443/1273 3912/1444/1274 3988/1416/1258
f 3553/1403/1248 3875/1445/1275 3435/1446/1276
f 2989/1447/1277 3981/1440/1271 2922/1441/1272
f 4531/1448/1278 4188/1449/1279 4748/1434/1268
f 3565/1450/1280 4073/1408/1253 4061/1402/1247
f 421/1451/1281 3909/1452/1282 535/1423/1261
f 4092/1453/742 3553/1403/1248 3435/1446/1276
f 3909/1452/1282 3984/1421/20 535/1423/1261
f 2707/1454/1283 4015/1455/1284 2960/1417/1259
f 3943/1419/1260 2945/1456/1285 3998/1457/1286
f 2989/1447/1277 555/1458/214 548/1459/208
f 3437/1405/1250 418/1460/1287 455/1461/1288
f 455/1461/1288 535/1423/1261 3876/1406/1251
f 4097/1437/1270 4748/1434/1268 2908/1462/1289
f 3947/1463/1290 3946/1464/1291 3923/1465/1292
f 3923/1465/1292 2998/1466/27 3980/1467/1293
f 3435/1446/1276 3875/1445/1275 3531/1468/1294
f 2998/1466/27 3957/1469/1295 2945/1456/1285
f 4681/1431/1266 3998/1457/1286 3997/1443/1273
f 3531/1468/1294 418/1460/1287 3435/1446/1276
f 3872/1424/744 3553/1403/1248 4092/1453/742
f 4531/1448/1278 4569/1470/1296 4188/1449/1279
f 3912/1444/1274 3997/1443/1273 3946/1464/1291
f 3923/1465/1292 3957/1469/1295 2998/1466/27
f 3869/1401/1246 3565/1450/1280 4061/1402/1247
f 3986/1471/1297 4748/1434/1268 4749/1472/1298
f 3437/1405/1250 3435/1446/1276 418/1460/1287
f 418/1460/1287 417/1473/1299 455/1461/1288
f 4681/1431/1266 3981/1440/1271 3998/1457/1286
f 4092/1453/742 3437/1405/1250 3532/1404/1249
f 535/1423/1261 455/1461/1288 421/1451/1281
f 3435/1446/1276 3437/1405/1250 4092/1453/742
f 3555/1474/1300 3640/1475/1301 3422/1476/1302
f 4013/1477/211 2946/1478/30 2945/1456/1285
f 3555/1474/1300 3422/1476/1302 3531/1468/1294
f 4748/1434/1268 3154/1436/1269 4531/1448/1278
f 3981/1440/1271 2978/1420/232 3943/1419/1260
f 3424/1429/1264 3418/1412/1256 3431/1409/1254
f 3531/1468/1294 3422/1476/1302 418/1460/1287
f 535/1423/1261 2967/1414/21 3876/1406/1251
f 2974/1415/1257 3997/1443/1273 3988/1416/1258
f 3875/1445/1275 3553/1403/1248 4061/1402/1247
f 417/1473/1299 418/1460/1287 3422/1476/1302
f 3437/1405/1250 455/1461/1288 3876/1406/1251
f 4028/1479/1303 3154/1436/1269 3993/1480/456
f 3953/1481/1304 4531/1448/1278 4028/1479/1303
f 3998/1457/1286 2945/1456/1285 3946/1464/1291
f 2989/1447/1277 2922/1441/1272 4656/1482/1305
f 3553/1403/1248 3436/1425/750 3869/1401/1246
f 3430/1483/1306 3565/1450/1280 3869/1401/1246
f 908/1442/207 3981/1440/1271 2989/1447/1277
f 3957/1469/1295 3946/1464/1291 2945/1456/1285
f 2960/1417/1259 3988/1416/1258 2707/1454/1283
f 3875/1445/1275 3555/1474/1300 3531/1468/1294
f 3875/1445/1275 4061/1402/1247 3433/1407/1252
f 417/1473/1299 3422/1476/1302 419/1484/1307
f 547/1485/1308 3909/1452/1282 421/1451/1281
f 3433/1407/1252 3555/1474/1300 3875/1445/1275
f 4061/1402/1247 4073/1408/1253 3433/1407/1252
f 3869/1401/1246 3436/1425/750 3430/1483/1306
f 3640/1475/1301 419/1484/1307 3422/1476/1302
f 3909/1452/1282 3910/1486/26 3984/1421/20
f 3446/1487/670 3430/1483/1306 3436/1425/750
f 3909/1452/1282 3589/1488/1309 3910/1486/26
f 3423/1489/1310 3424/1429/1264 3421/1428/1263
f 3439/1433/1267 3565/1450/1280 3430/1483/1306
f 4073/1408/1253 3565/1450/1280 3421/1428/1263
f 3446/1487/670 4003/1490/1311 3430/1483/1306
f 4003/1490/1311 3439/1433/1267 3430/1483/1306
f 3565/1450/1280 3439/1433/1267 3421/1428/1263
f 4073/1408/1253 3421/1428/1263 3424/1429/1264
f 4003/1490/1311 3446/1487/670 3534/1432/755
f 4003/1490/1311 3534/1432/755 3439/1433/1267
f 3421/1428/1263 3439/1433/1267 3455/1426/1262
f 3423/1489/1310 3418/1412/1256 3424/1429/1264
f 3998/1457/1286 3946/1464/1291 3997/1443/1273
f 4000/1411/1255 3431/1409/1254 3418/1412/1256
f 3421/1428/1263 4739/1427/419 3423/1489/1310
f 3418/1412/1256 3423/1489/1310 4010/1410/412
f 4017/1491/1312 4016/1492/1313 4015/1455/1284
f 4015/1455/1284 4016/1492/1313 2960/1417/1259
f 4531/1448/1278 4750/1493/1314 4569/1470/1296
f 2974/1415/1257 2960/1417/1259 2915/1494/1315
f 4020/1495/1316 2915/1494/1315 4750/1493/1314
f 4020/1495/1316 4750/1493/1314 3953/1481/1304
f 4020/1495/1316 4002/1496/1317 2974/1415/1257
f 2915/1494/1315 2960/1417/1259 4016/1492/1313
f 2915/1494/1315 4020/1495/1316 2974/1415/1257
f 4001/1430/1265 2974/1415/1257 4002/1496/1317
f 4020/1495/1316 3953/1481/1304 4680/1497/1318
f 4750/1493/1314 2915/1494/1315 4016/1492/1313
f 4002/1496/1317 4020/1495/1316 4680/1497/1318
f 4014/1438/480 4097/1437/1270 2908/1462/1289
f 4001/1430/1265 4656/1482/1305 2922/1441/1272
f 4657/1498/474 4001/1430/1265 4002/1496/1317
f 4007/1499/463 4680/1497/1318 3953/1481/1304
f 4656/1482/1305 4657/1498/474 2749/1500/429
f 4531/1448/1278 3953/1481/1304 4750/1493/1314
f 4002/1496/1317 4680/1497/1318 4657/1498/474
f 4569/1470/1296 4750/1493/1314 4016/1492/1313
f 4007/1499/463 4650/1501/458 4680/1497/1318
f 4569/1470/1296 4016/1492/1313 4017/1491/1312
f 4656/1482/1305 4001/1430/1265 4657/1498/474
f 4657/1498/474 4680/1497/1318 4650/1501/458
f 4748/1434/1268 390/1439/484 394/1435/462
f 3914/1502/1319 3976/1503/1320 3913/1504/1321
f 908/1442/207 2989/1447/1277 548/1459/208
f 3946/1464/1291 3957/1469/1295 3923/1465/1292
f 3953/1481/1304 4635/1505/464 4007/1499/463
f 3991/1506/1322 3986/1471/1297 4749/1472/1298
f 554/1507/1323 536/1508/1324 414/1509/1325
f 4686/1510/428 555/1458/214 2989/1447/1277
f 3980/1467/1293 3949/1511/1326 3947/1463/1290
f 3980/1467/1293 3947/1463/1290 3923/1465/1292
f 3948/1512/1327 3950/1513/1328 3929/1514/1329
f 3943/1419/1260 4013/1477/211 2945/1456/1285
f 4686/1510/428 4656/1482/1305 2749/1500/429
f 3993/1480/456 4635/1505/464 4028/1479/1303
f 3429/1515/1330 4050/1516/1331 3986/1471/1297
f 547/1485/1308 3589/1488/1309 3909/1452/1282
f 422/1517/1332 421/1451/1281 887/1518/1333
f 4050/1516/1331 4000/1411/1255 2908/1462/1289
f 394/1435/462 3993/1480/456 3154/1436/1269
f 3937/1519/32 3589/1488/1309 3914/1502/1319
f 554/1507/1323 414/1509/1325 415/1520/1334
f 4748/1434/1268 4188/1449/1279 4749/1472/1298
f 3918/1521/31 3913/1504/1321 3921/1522/1335
f 3910/1486/26 3589/1488/1309 3937/1519/32
f 422/1517/1332 887/1518/1333 417/1473/1299
f 2706/1523/1336 415/1520/1334 3983/1524/1337
f 3946/1464/1291 3960/1525/1338 3912/1444/1274
f 3912/1444/1274 2707/1454/1283 3988/1416/1258
f 536/1508/1324 3929/1514/1329 3976/1503/1320
f 4656/1482/1305 4686/1510/428 2989/1447/1277
f 4635/1505/464 3953/1481/1304 4028/1479/1303
f 4013/1477/211 3943/1419/1260 3945/1418/212
f 3981/1440/1271 3943/1419/1260 3998/1457/1286
f 3997/1443/1273 2974/1415/1257 4681/1431/1266
f 4531/1448/1278 3154/1436/1269 4028/1479/1303
f 3947/1463/1290 3960/1525/1338 3946/1464/1291
f 2946/1478/30 2998/1466/27 2945/1456/1285
f 390/1439/484 4748/1434/1268 4097/1437/1270
f 3948/1512/1327 2707/1454/1283 3960/1525/1338
f 4010/1410/412 4014/1438/480 2908/1462/1289
f 3986/1471/1297 3991/1506/1322 3429/1515/1330
f 414/1509/1325 536/1508/1324 547/1485/1308
f 414/1509/1325 547/1485/1308 422/1517/1332
f 3431/1409/1254 3429/1515/1330 3444/1526/1339
f 4748/1434/1268 3986/1471/1297 2908/1462/1289
f 3429/1515/1330 3991/1506/1322 3417/1527/1340
f 3949/1511/1326 3950/1513/1328 3960/1525/1338
f 2908/1462/1289 4000/1411/1255 4010/1410/412
f 4050/1516/1331 3431/1409/1254 4000/1411/1255
f 3976/1503/1320 3929/1514/1329 3913/1504/1321
f 3976/1503/1320 3589/1488/1309 547/1485/1308
f 3982/1528/1341 3983/1524/1337 415/1520/1334
f 3433/1407/1252 3444/1526/1339 3555/1474/1300
f 3431/1409/1254 3444/1526/1339 3433/1407/1252
f 3982/1528/1341 3417/1527/1340 3991/1506/1322
f 3914/1502/1319 3913/1504/1321 3918/1521/31
f 421/1451/1281 422/1517/1332 547/1485/1308
f 3960/1525/1338 3947/1463/1290 3949/1511/1326
f 3991/1506/1322 4749/1472/1298 4188/1449/1279
f 3948/1512/1327 554/1507/1323 2706/1523/1336
f 4569/1470/1296 4017/1491/1312 3982/1528/1341
f 3948/1512/1327 536/1508/1324 554/1507/1323
f 3982/1528/1341 4017/1491/1312 3983/1524/1337
f 3976/1503/1320 547/1485/1308 536/1508/1324
f 3918/1521/31 3937/1519/32 3914/1502/1319
f 887/1518/1333 421/1451/1281 455/1461/1288
f 3991/1506/1322 4188/1449/1279 4569/1470/1296
f 3640/1475/1301 3444/1526/1339 3429/1515/1330
f 4569/1470/1296 3982/1528/1341 3991/1506/1322
f 3913/1504/1321 3950/1513/1328 3949/1511/1326
f 3429/1515/1330 3417/1527/1340 3640/1475/1301
f 3960/1525/1338 2707/1454/1283 3912/1444/1274
f 4015/1455/1284 2707/1454/1283 3983/1524/1337
f 3949/1511/1326 3921/1522/1335 3913/1504/1321
f 419/1484/1307 3982/1528/1341 415/1520/1334
f 3982/1528/1341 419/1484/1307 3417/1527/1340
f 3640/1475/1301 3417/1527/1340 419/1484/1307
f 415/1520/1334 417/1473/1299 419/1484/1307
f 536/1508/1324 3948/1512/1327 3929/1514/1329
f 3983/1524/1337 2707/1454/1283 2706/1523/1336
f 3960/1525/1338 3950/1513/1328 3948/1512/1327
f 2707/1454/1283 3948/1512/1327 2706/1523/1336
f 417/1473/1299 887/1518/1333 455/1461/1288
f 3640/1475/1301 3555/1474/1300 3444/1526/1339
f 415/1520/1334 2706/1523/1336 554/1507/1323
f 3429/1515/1330 3431/1409/1254 4050/1516/1331
f 4015/1455/1284 3983/1524/1337 4017/1491/1312
f 414/1509/1325 422/1517/1332 417/1473/1299
f 3921/1522/1335 3949/1511/1326 3980/1467/1293
f 417/1473/1299 415/1520/1334 414/1509/1325
f 2908/1462/1289 3986/1471/1297 4050/1516/1331
f 3913/1504/1321 3929/1514/1329 3950/1513/1328
f 3976/1503/1320 3914/1502/1319 3589/1488/1309
f 2998/1466/27 3515/1529/24 3980/1467/1293
f 3515/1529/24 3921/1522/1335 3980/1467/1293
f 3921/1522/1335 3515/1529/24 3918/1521/31
f 4010/1410/412 3423/1489/1310 4739/1427/419
f 3559/1530/1342 3876/1531/1251 3556/1532/35
f 3668/1533/244 3637/1534/1343 3644/1535/1344
f 3543/1536/1345 3745/1537/1237 3530/1538/1243
f 3372/1539/1346 3855/1540/1347 3602/1541/1226
f 3900/1542/1348 3903/1543/6 3906/1544/5
f 3473/1545/1349 3440/1546/1350 3891/1547/1351
f 3563/1548/1245 3602/1541/1226 3471/1549/1352
f 541/1550/1353 3471/1549/1352 3470/1551/1354
f 3934/1552/1355 3575/1553/1356 486/1554/1357
f 3642/1555/1358 3657/1556/284 3672/1557/248
f 3891/1547/1351 3332/1558/1359 3889/1559/1360
f 3518/1560/1361 3562/1561/1362 3915/1562/1363
f 365/1563/1364 3546/1564/714 3870/1565/748
f 3656/1566/1365 3665/1567/1366 3644/1535/1344
f 3299/1568/1367 3658/1569/1368 3685/1570/1369
f 3629/1571/1370 3591/1572/1371 3609/1573/1372
f 3884/1574/1373 3855/1540/1347 3885/1575/1374
f 3610/1576/279 3580/1577/268 3604/1578/1375
f 3669/1579/133 3657/1556/284 3345/1580/1376
f 3745/1537/1237 3543/1536/1345 3904/1581/1377
f 3571/1582/1201 3563/1548/1245 3527/1583/1378
f 3004/1584/1379 3559/1530/1342 3556/1532/35
f 3915/1562/1363 3916/1585/1380 2855/1586/1381
f 3615/1587/1382 3631/1588/1383 3639/1589/1384
f 3623/1590/1385 3608/1591/1386 3527/1583/1378
f 3635/1592/1387 3629/1571/1370 3615/1587/1382
f 3879/1593/1388 3532/1594/1249 3876/1531/1251
f 3527/1583/1378 3563/1548/1245 541/1550/1353
f 3471/1549/1352 3855/1540/1347 3884/1574/1373
f 3633/1595/1389 3612/1596/1390 3613/1597/1391
f 3312/1598/110 3669/1579/133 3653/1599/1392
f 3445/1600/1200 3571/1582/1201 3608/1591/1386
f 3662/1601/1393 3506/1602/1394 3379/1603/1395
f 3900/1542/1348 3562/1561/1362 3004/1584/1379
f 3530/1538/1243 3546/1564/714 365/1563/1364
f 3569/1604/1396 3878/1605/1397 3877/1606/1398
f 3569/1604/1396 3557/1607/1399 3879/1593/1388
f 3616/1608/1400 3623/1590/1385 3633/1595/1389
f 3581/1609/1216 3578/1610/1401 3628/1611/1215
f 3892/1612/1402 3890/1613/1403 3299/1568/1367
f 3530/1538/1243 3605/1614/1404 3543/1536/1345
f 3561/1615/1405 3519/1616/1406 3882/1617/1407
f 3890/1613/1403 3892/1612/1402 3891/1547/1351
f 3668/1533/244 3650/1618/1408 3637/1534/1343
f 3557/1607/1399 309/1619/743 3879/1593/1388
f 3883/1620/1409 3613/1597/1391 3612/1596/1390
f 3745/1537/1237 3904/1581/1377 3560/1621/1236
f 3672/1557/248 3668/1533/244 3642/1555/1358
f 3904/1581/1377 3881/1622/1410 3560/1621/1236
f 3877/1606/1398 3004/1584/1379 3562/1561/1362
f 3628/1611/1215 3591/1572/1371 3580/1577/268
f 3854/1623/1411 3506/1602/1394 3612/1596/1390
f 3881/1622/1410 3561/1615/1405 3567/1624/1412
f 3608/1591/1386 3623/1590/1385 3629/1571/1370
f 3322/1625/1413 3665/1567/1366 3386/1626/1414
f 3372/1539/1346 3567/1624/1412 3566/1627/1415
f 3870/1565/748 309/1619/743 3557/1607/1399
f 3650/1618/1408 3668/1533/244 3610/1576/279
f 3605/1614/1404 3606/1628/1416 3543/1536/1345
f 3519/1616/1406 3561/1615/1405 3881/1622/1410
f 3685/1570/1369 3662/1601/1393 3299/1568/1367
f 3518/1560/1361 3904/1581/1377 3907/1629/1417
f 3606/1628/1416 3605/1614/1404 3557/1607/1399
f 3639/1589/1384 3631/1588/1383 3883/1620/1409
f 3637/1534/1343 3635/1592/1387 3656/1566/1365
f 3884/1574/1373 3473/1545/1349 1393/1630/1418
f 3322/1625/1413 3653/1599/1392 3345/1580/1376
f 3561/1615/1405 3885/1575/1374 3566/1627/1415
f 3633/1595/1389 3470/1551/1354 3854/1623/1411
f 3440/1546/1350 3884/1574/1373 3885/1575/1374
f 3441/1631/1419 3561/1615/1405 3989/1632/1420
f 2954/1633/1421 3329/1634/1422 3883/1620/1409
f 3658/1569/1368 3666/1635/1423 3638/1636/1424
f 3566/1627/1415 3567/1624/1412 3561/1615/1405
f 365/1563/1364 3870/1565/748 3557/1607/1399
f 3561/1615/1405 3440/1546/1350 3885/1575/1374
f 3557/1607/1399 3569/1604/1396 3606/1628/1416
f 3665/1567/1366 3345/1580/1376 3642/1555/1358
f 3606/1628/1416 3569/1604/1396 3907/1629/1417
f 3894/1637/1425 3938/1638/1426 2855/1586/1381
f 3506/1602/1394 3854/1623/1411 3473/1545/1349
f 3606/1628/1416 3907/1629/1417 3543/1536/1345
f 3883/1620/1409 3506/1602/1394 3662/1601/1393
f 3889/1559/1360 3023/1639/1427 3890/1613/1403
f 3379/1603/1395 3506/1602/1394 3473/1545/1349
f 3685/1570/1369 2954/1633/1421 3883/1620/1409
f 3658/1569/1368 3654/1640/1428 2954/1633/1421
f 3685/1570/1369 3883/1620/1409 3662/1601/1393
f 3889/1559/1360 3332/1558/1359 3355/1641/1429
f 3386/1626/1414 3656/1566/1365 3615/1587/1382
f 3299/1568/1367 3379/1603/1395 3892/1612/1402
f 3666/1635/1423 3299/1568/1367 3893/1642/1430
f 3653/1599/1392 3322/1625/1413 3638/1636/1424
f 3904/1581/1377 3518/1560/1361 3881/1622/1410
f 3884/1574/1373 3854/1623/1411 3471/1549/1352
f 3331/1643/1431 3440/1546/1350 3441/1631/1419
f 3332/1558/1359 3440/1546/1350 3331/1643/1431
f 3654/1640/1428 3658/1569/1368 3638/1636/1424
f 3653/1599/1392 3638/1636/1424 3689/1644/1432
f 3639/1589/1384 3883/1620/1409 3329/1634/1422
f 3885/1575/1374 3855/1540/1347 3566/1627/1415
f 3612/1596/1390 3633/1595/1389 3854/1623/1411
f 3355/1641/1429 3331/1643/1431 3441/1631/1419
f 3567/1624/1412 3560/1621/1236 3881/1622/1410
f 3891/1547/1351 3440/1546/1350 3332/1558/1359
f 3605/1614/1404 365/1563/1364 3557/1607/1399
f 3332/1558/1359 3331/1643/1431 3355/1641/1429
f 3666/1635/1423 3689/1644/1432 3638/1636/1424
f 3855/1540/1347 3372/1539/1346 3566/1627/1415
f 3518/1560/1361 3915/1562/1363 2855/1586/1381
f 3023/1639/1427 3934/1552/1355 486/1554/1357
f 3877/1606/1398 3562/1561/1362 3907/1629/1417
f 3666/1635/1423 3658/1569/1368 3299/1568/1367
f 3666/1635/1423 3688/1645/1433 3689/1644/1432
f 3894/1637/1425 3882/1617/1407 3938/1638/1426
f 3882/1617/1407 3894/1637/1425 3901/1646/1434
f 3899/1647/116 3682/1648/111 3689/1644/1432
f 3564/1649/1208 3567/1624/1412 3372/1539/1346
f 3470/1551/1354 3527/1583/1378 541/1550/1353
f 3615/1587/1382 3656/1566/1365 3635/1592/1387
f 3559/1530/1342 3879/1593/1388 3876/1531/1251
f 3893/1642/1430 3632/1650/1435 3666/1635/1423
f 3632/1650/1435 279/1651/23 3688/1645/1433
f 3518/1560/1361 2855/1586/1381 3938/1638/1426
f 3613/1597/1391 3883/1620/1409 3631/1588/1383
f 3628/1611/1215 3580/1577/268 3634/1652/270
f 3562/1561/1362 3900/1542/1348 3916/1585/1380
f 3023/1639/1427 3894/1637/1425 3934/1552/1355
f 3890/1613/1403 3023/1639/1427 486/1554/1357
f 3893/1642/1430 3890/1613/1403 530/1653/1436
f 3654/1640/1428 3329/1634/1422 2954/1633/1421
f 3900/1542/1348 2818/1654/1437 3916/1585/1380
f 3004/1584/1379 3903/1543/6 3900/1542/1348
f 3656/1566/1365 3386/1626/1414 3665/1567/1366
f 2818/1654/1437 2855/1586/1381 3916/1585/1380
f 2855/1586/1381 3575/1553/1356 3934/1552/1355
f 3882/1617/1407 3519/1616/1406 3938/1638/1426
f 3644/1535/1344 3665/1567/1366 3642/1555/1358
f 3854/1623/1411 3884/1574/1373 1393/1630/1418
f 279/1651/23 3893/1642/1430 530/1653/1436
f 3312/1598/110 3653/1599/1392 3682/1648/111
f 3473/1545/1349 3854/1623/1411 1393/1630/1418
f 3543/1536/1345 3907/1629/1417 3904/1581/1377
f 3530/1538/1243 365/1563/1364 3605/1614/1404
f 3564/1649/1208 3372/1539/1346 3602/1541/1226
f 3441/1631/1419 3440/1546/1350 3561/1615/1405
f 3632/1650/1435 3688/1645/1433 3666/1635/1423
f 3900/1542/1348 3906/1544/5 2818/1654/1437
f 3901/1646/1434 3023/1639/1427 3355/1641/1429
f 3575/1553/1356 2855/1586/1381 2818/1654/1437
f 3907/1629/1417 3562/1561/1362 3518/1560/1361
f 3471/1549/1352 3602/1541/1226 3855/1540/1347
f 3650/1618/1408 3610/1576/279 3604/1578/1375
f 3635/1592/1387 3637/1534/1343 3591/1572/1371
f 486/1554/1357 279/1651/23 530/1653/1436
f 3386/1626/1414 3615/1587/1382 3639/1589/1384
f 3877/1606/1398 3878/1605/1397 3004/1584/1379
f 3527/1583/1378 3608/1591/1386 3571/1582/1201
f 3665/1567/1366 3322/1625/1413 3345/1580/1376
f 3386/1626/1414 3329/1634/1422 3654/1640/1428
f 3879/1593/1388 309/1619/743 3532/1594/1249
f 3891/1547/1351 3892/1612/1402 3895/1655/1438
f 3575/1553/1356 279/1651/23 486/1554/1357
f 3632/1650/1435 3893/1642/1430 279/1651/23
f 3616/1608/1400 3631/1588/1383 3615/1587/1382
f 3638/1636/1424 3322/1625/1413 3654/1640/1428
f 3473/1545/1349 3895/1655/1438 3379/1603/1395
f 3322/1625/1413 3386/1626/1414 3654/1640/1428
f 3884/1574/1373 3440/1546/1350 3473/1545/1349
f 3580/1577/268 3591/1572/1371 3604/1578/1375
f 3613/1597/1391 3631/1588/1383 3616/1608/1400
f 3547/1656/1240 3567/1624/1412 3564/1649/1208
f 3989/1632/1420 3882/1617/1407 3901/1646/1434
f 3892/1612/1402 3379/1603/1395 3895/1655/1438
f 3656/1566/1365 3644/1535/1344 3637/1534/1343
f 541/1550/1353 3563/1548/1245 3471/1549/1352
f 2818/1654/1437 3906/1544/5 3575/1553/1356
f 3569/1604/1396 3879/1593/1388 3878/1605/1397
f 3470/1551/1354 3633/1595/1389 3623/1590/1385
f 3567/1624/1412 3547/1656/1240 3560/1621/1236
f 3938/1638/1426 3519/1616/1406 3518/1560/1361
f 3575/1553/1356 3906/1544/5 279/1651/23
f 3345/1580/1376 3657/1556/284 3642/1555/1358
f 3685/1570/1369 3658/1569/1368 2954/1633/1421
f 3639/1589/1384 3329/1634/1422 3386/1626/1414
f 3004/1584/1379 3878/1605/1397 3559/1530/1342
f 3612/1596/1390 3506/1602/1394 3883/1620/1409
f 3615/1587/1382 3629/1571/1370 3616/1608/1400
f 3650/1618/1408 3604/1578/1375 3637/1534/1343
f 3662/1601/1393 3379/1603/1395 3299/1568/1367
f 3004/1584/1379 3556/1532/35 3903/1543/6
f 3578/1610/1401 3445/1600/1200 3608/1591/1386
f 3023/1639/1427 3889/1559/1360 3355/1641/1429
f 3473/1545/1349 3891/1547/1351 3895/1655/1438
f 3519/1616/1406 3881/1622/1410 3518/1560/1361
f 3907/1629/1417 3569/1604/1396 3877/1606/1398
f 3608/1591/1386 3629/1571/1370 3609/1573/1372
f 3561/1615/1405 3882/1617/1407 3989/1632/1420
f 3345/1580/1376 3653/1599/1392 3669/1579/133
f 530/1653/1436 3890/1613/1403 486/1554/1357
f 3890/1613/1403 3891/1547/1351 3889/1559/1360
f 3578/1610/1401 3608/1591/1386 3609/1573/1372
f 3901/1646/1434 3355/1641/1429 3441/1631/1419
f 3591/1572/1371 3629/1571/1370 3635/1592/1387
f 3637/1534/1343 3604/1578/1375 3591/1572/1371
f 3613/1597/1391 3616/1608/1400 3633/1595/1389
f 3578/1610/1401 3609/1573/1372 3591/1572/1371
f 3893/1642/1430 3299/1568/1367 3890/1613/1403
f 3915/1562/1363 3562/1561/1362 3916/1585/1380
f 3578/1610/1401 3581/1609/1216 3445/1600/1200
f 3527/1583/1378 3470/1551/1354 3623/1590/1385
f 3653/1599/1392 3689/1644/1432 3682/1648/111
f 3894/1637/1425 2855/1586/1381 3934/1552/1355
f 3989/1632/1420 3901/1646/1434 3441/1631/1419
f 3023/1639/1427 3901/1646/1434 3894/1637/1425
f 3470/1551/1354 3471/1549/1352 3854/1623/1411
f 3616/1608/1400 3629/1571/1370 3623/1590/1385
f 3878/1605/1397 3879/1593/1388 3559/1530/1342
f 3692/1657/61 3688/1645/1433 279/1651/23
f 3642/1555/1358 3668/1533/244 3644/1535/1344
f 3689/1644/1432 3688/1645/1433 3899/1647/116
f 3591/1572/1371 3628/1611/1215 3578/1610/1401
f 3899/1647/116 3688/1645/1433 3692/1657/61
f 309/1619/743 4092/1658/742 3532/1594/1249
f 175/1659/1439 4673/1660/1440 165/1661/1441
f 4503/1662/1442 4642/1663/1443 4609/1664/1444
f 3309/1665/1128 4655/1666/1445 4607/1667/1446
f 15/1668/1447 14/1669/1448 145/1670/1449
f 159/1671/1450 178/1672/1451 13/1673/1452
f 12/1674/1453 72/1675/1454 146/1676/1455
f 9/1677/1456 4503/1662/1442 10/1678/1457
f 12/1674/1453 154/1679/1458 155/1680/1459
f 154/1679/1458 12/1674/1453 7/1681/1460
f 153/1682/1461 4431/1683/1462 118/1684/1463
f 4609/1664/1444 2131/1685/1023 4607/1667/1446
f 76/1686/1464 4298/1687/1465 115/1688/1466
f 12/1674/1453 144/1689/1467 8/1690/1468
f 1484/1691/1469 78/1692/1470 88/1693/1471
f 2876/1694/1472 64/1695/1473 81/1696/1474
f 147/1697/1475 4503/1662/1442 145/1670/1449
f 4442/1698/1476 1336/1699/1477 4179/1700/1478
f 4157/1701/1479 118/1684/1463 4298/1687/1465
f 4431/1683/1462 168/1702/1480 4613/1703/1481
f 69/1704/1482 71/1705/1099 68/1706/1483
f 4157/1701/1479 1336/1699/1477 118/1684/1463
f 145/1670/1449 4503/1662/1442 15/1668/1447
f 1711/1707/1484 3029/1708/1485 3089/1709/1486
f 4691/1710/1131 4690/1711/1060 171/1712/1487
f 3021/1713/1488 2999/1714/1489 2995/1715/1490
f 118/1684/1463 115/1688/1466 4298/1687/1465
f 2659/1716/1491 1135/1717/1030 3127/1718/1064
f 1142/1719/1492 2874/1720/1493 3029/1708/1485
f 1140/1721/1494 3029/1708/1485 3338/1722/1495
f 2874/1720/1493 3032/1723/1496 2876/1694/1472
f 57/1724/1497 3338/1722/1495 47/1725/1498
f 2843/1726/1499 1138/1727/1500 4125/1728/1501
f 1479/1729/1502 2843/1726/1499 4125/1728/1501
f 48/1730/1503 47/1725/1498 1159/1731/1504
f 3088/1732/1505 81/1696/1474 3127/1718/1064
f 2659/1716/1491 67/1733/1506 4029/1734/1031
f 3014/1735/1507 1479/1729/1502 4125/1728/1501
f 4481/1736/1508 3014/1735/1507 3011/1737/1509
f 2876/1694/1472 4159/1738/1510 63/1739/1511
f 4655/1666/1445 3309/1665/1128 4691/1710/1131
f 14/1669/1448 13/1673/1452 170/1740/1512
f 78/1692/1470 72/1675/1454 88/1693/1471
f 4503/1662/1442 4609/1664/1444 15/1668/1447
f 4609/1664/1444 4655/1666/1445 178/1672/1451
f 14/1669/1448 144/1689/1467 145/1670/1449
f 67/1733/1506 76/1686/1464 75/1741/1513
f 4671/1742/1514 265/1743/1515 174/1744/1516
f 178/1672/1451 175/1659/1439 13/1673/1452
f 173/1745/1517 166/1746/1518 4673/1660/1440
f 4159/1738/1510 4179/1700/1478 1336/1699/1477
f 3033/1747/1519 4348/1748/1520 3021/1713/1488
f 3169/1749/1521 4451/1750/1522 4179/1700/1478
f 1479/1729/1502 3014/1735/1507 4137/1751/1523
f 166/1746/1518 165/1661/1441 4673/1660/1440
f 4159/1738/1510 1336/1699/1477 4157/1701/1479
f 166/1746/1518 173/1745/1517 174/1744/1516
f 2843/1726/1499 2999/1714/1489 3021/1713/1488
f 10/1678/1457 11/1752/1524 9/1677/1456
f 43/1753/1525 764/1754/1526 1160/1755/1527
f 155/1680/1459 154/1679/1458 153/1682/1461
f 156/1756/1528 4613/1703/1481 164/1757/1529
f 170/1740/1512 144/1689/1467 14/1669/1448
f 4041/1758/1530 3014/1735/1507 4125/1728/1501
f 3032/1723/1496 2874/1720/1493 3888/1759/1531
f 62/1760/1532 3011/1737/1509 3014/1735/1507
f 4620/1761/1123 4671/1742/1514 174/1744/1516
f 116/1762/1116 265/1743/1515 4384/1763/1110
f 164/1757/1529 265/1743/1515 156/1756/1528
f 1160/1755/1527 764/1754/1526 1159/1731/1504
f 3088/1732/1505 3127/1718/1064 61/1764/1063
f 165/1661/1441 166/1746/1518 169/1765/1533
f 63/1739/1511 4298/1687/1465 64/1695/1473
f 144/1689/1467 12/1674/1453 147/1697/1475
f 169/1765/1533 170/1740/1512 165/1661/1441
f 115/1688/1466 68/1706/1483 75/1741/1513
f 4613/1703/1481 168/1702/1480 164/1757/1529
f 8/1690/1468 144/1689/1467 170/1740/1512
f 13/1673/1452 165/1661/1441 170/1740/1512
f 4041/1758/1530 57/1724/1497 62/1760/1532
f 72/1675/1454 12/1674/1453 155/1680/1459
f 72/1675/1454 4442/1698/1476 88/1693/1471
f 2995/1715/1490 4451/1750/1522 3169/1749/1521
f 154/1679/1458 167/1766/1534 168/1702/1480
f 174/1744/1516 265/1743/1515 164/1757/1529
f 67/1733/1506 81/1696/1474 64/1695/1473
f 114/1767/1535 4431/1683/1462 69/1704/1482
f 77/1768/1536 78/1692/1470 1484/1691/1469
f 146/1676/1455 147/1697/1475 12/1674/1453
f 77/1768/1536 4137/1751/1523 4390/1769/1537
f 75/1741/1513 2889/1770/1041 4029/1734/1031
f 174/1744/1516 164/1757/1529 168/1702/1480
f 4179/1700/1478 4159/1738/1510 3169/1749/1521
f 63/1739/1511 4159/1738/1510 4157/1701/1479
f 167/1766/1534 169/1765/1533 166/1746/1518
f 3169/1749/1521 3032/1723/1496 3033/1747/1519
f 175/1659/1439 176/1771/1538 4673/1660/1440
f 3088/1732/1505 3037/1772/1539 3089/1709/1486
f 61/1764/1063 3037/1772/1539 3088/1732/1505
f 1140/1721/1494 1138/1727/1500 1142/1719/1492
f 1829/1773/1540 3029/1708/1485 1711/1707/1484
f 69/1704/1482 163/1774/1541 71/1705/1099
f 2857/1775/1542 2999/1714/1489 2843/1726/1499
f 4125/1728/1501 1138/1727/1500 4041/1758/1530
f 2889/1770/1041 75/1741/1513 66/1776/1071
f 47/1725/1498 45/1777/1543 1159/1731/1504
f 3888/1759/1531 3021/1713/1488 4348/1748/1520
f 167/1766/1534 154/1679/1458 7/1681/1460
f 169/1765/1533 8/1690/1468 170/1740/1512
f 1138/1727/1500 2843/1726/1499 3021/1713/1488
f 168/1702/1480 167/1766/1534 174/1744/1516
f 45/1777/1543 47/1725/1498 1829/1773/1540
f 64/1695/1473 4298/1687/1465 76/1686/1464
f 8/1690/1468 7/1681/1460 12/1674/1453
f 4431/1683/1462 4613/1703/1481 69/1704/1482
f 62/1760/1532 3014/1735/1507 4041/1758/1530
f 3011/1737/1509 62/1760/1532 54/1778/1544
f 3089/1709/1486 2874/1720/1493 2876/1694/1472
f 4655/1666/1445 171/1712/1487 176/1771/1538
f 8/1690/1468 169/1765/1533 167/1766/1534
f 166/1746/1518 174/1744/1516 167/1766/1534
f 176/1771/1538 175/1659/1439 178/1672/1451
f 265/1743/1515 116/1762/1116 163/1774/1541
f 57/1724/1497 1140/1721/1494 3338/1722/1495
f 78/1692/1470 77/1768/1536 79/1779/1545
f 11/1752/1524 78/1692/1470 79/1779/1545
f 43/1753/1525 52/1780/1546 764/1754/1526
f 1711/1707/1484 45/1777/1543 1829/1773/1540
f 143/1781/1547 4503/1662/1442 9/1677/1456
f 163/1774/1541 116/1762/1116 71/1705/1099
f 1159/1731/1504 764/1754/1526 48/1730/1503
f 78/1692/1470 146/1676/1455 72/1675/1454
f 165/1661/1441 13/1673/1452 175/1659/1439
f 156/1756/1528 163/1774/1541 69/1704/1482
f 153/1682/1461 168/1702/1480 4431/1683/1462
f 4620/1761/1123 173/1745/1517 4690/1711/1060
f 155/1680/1459 4442/1698/1476 72/1675/1454
f 88/1693/1471 2999/1714/1489 2857/1775/1542
f 50/1782/1548 3037/1772/1539 61/1764/1063
f 3033/1747/1519 3888/1759/1531 4348/1748/1520
f 155/1680/1459 153/1682/1461 1336/1699/1477
f 1829/1773/1540 3338/1722/1495 3029/1708/1485
f 67/1733/1506 75/1741/1513 4029/1734/1031
f 4442/1698/1476 2999/1714/1489 88/1693/1471
f 4159/1738/1510 3032/1723/1496 3169/1749/1521
f 64/1695/1473 76/1686/1464 67/1733/1506
f 77/1768/1536 4390/1769/1537 4396/1783/1549
f 118/1684/1463 4431/1683/1462 114/1767/1535
f 54/1778/1544 62/1760/1532 48/1730/1503
f 3089/1709/1486 81/1696/1474 3088/1732/1505
f 79/1779/1545 87/1784/1550 11/1752/1524
f 2857/1775/1542 1484/1691/1469 88/1693/1471
f 4620/1761/1123 127/1785/1111 4671/1742/1514
f 1336/1699/1477 4442/1698/1476 155/1680/1459
f 79/1779/1545 77/1768/1536 4396/1783/1549
f 69/1704/1482 68/1706/1483 114/1767/1535
f 2131/1685/1023 3309/1665/1128 4607/1667/1446
f 3029/1708/1485 2874/1720/1493 3089/1709/1486
f 77/1768/1536 1479/1729/1502 4137/1751/1523
f 8/1690/1468 167/1766/1534 7/1681/1460
f 178/1672/1451 4655/1666/1445 176/1771/1538
f 14/1669/1448 15/1668/1447 159/1671/1450
f 68/1706/1483 66/1776/1071 75/1741/1513
f 4690/1711/1060 173/1745/1517 171/1712/1487
f 54/1778/1544 764/1754/1526 52/1780/1546
f 64/1695/1473 2876/1694/1472 63/1739/1511
f 4609/1664/1444 1631/1786/1024 2131/1685/1023
f 68/1706/1483 71/1705/1099 66/1776/1071
f 2876/1694/1472 3032/1723/1496 4159/1738/1510
f 265/1743/1515 163/1774/1541 156/1756/1528
f 63/1739/1511 4157/1701/1479 4298/1687/1465
f 1142/1719/1492 1138/1727/1500 3888/1759/1531
f 57/1724/1497 4041/1758/1530 1140/1721/1494
f 13/1673/1452 14/1669/1448 159/1671/1450
f 115/1688/1466 118/1684/1463 114/1767/1535
f 3089/1709/1486 3037/1772/1539 1711/1707/1484
f 81/1696/1474 3089/1709/1486 2876/1694/1472
f 54/1778/1544 48/1730/1503 764/1754/1526
f 176/1771/1538 171/1712/1487 4673/1660/1440
f 62/1760/1532 57/1724/1497 48/1730/1503
f 4609/1664/1444 178/1672/1451 159/1671/1450
f 2995/1715/1490 3169/1749/1521 3033/1747/1519
f 50/1782/1548 1711/1707/1484 3037/1772/1539
f 265/1743/1515 127/1785/1111 4384/1763/1110
f 173/1745/1517 4620/1761/1123 174/1744/1516
f 4451/1750/1522 2999/1714/1489 4442/1698/1476
f 145/1670/1449 144/1689/1467 147/1697/1475
f 4179/1700/1478 4451/1750/1522 4442/1698/1476
f 4609/1664/1444 4607/1667/1446 4655/1666/1445
f 153/1682/1461 118/1684/1463 1336/1699/1477
f 2995/1715/1490 2999/1714/1489 4451/1750/1522
f 156/1756/1528 69/1704/1482 4613/1703/1481
f 146/1676/1455 10/1678/1457 4503/1662/1442
f 80/1787/1551 9/1677/1456 11/1752/1524
f 2843/1726/1499 1484/1691/1469 2857/1775/1542
f 4609/1664/1444 159/1671/1450 15/1668/1447
f 114/1767/1535 68/1706/1483 115/1688/1466
f 265/1743/1515 4671/1742/1514 127/1785/1111
f 173/1745/1517 4673/1660/1440 171/1712/1487
f 1484/1691/1469 2843/1726/1499 1479/1729/1502
f 78/1692/1470 11/1752/1524 10/1678/1457
f 3127/1718/1064 67/1733/1506 2659/1716/1491
f 3033/1747/1519 3032/1723/1496 3888/1759/1531
f 9/1677/1456 80/1787/1551 143/1781/1547
f 3888/1759/1531 1138/1727/1500 3021/1713/1488
f 1140/1721/1494 4041/1758/1530 1138/1727/1500
f 77/1768/1536 1484/1691/1469 1479/1729/1502
f 1135/1717/1030 2659/1716/1491 4029/1734/1031
f 4642/1663/1443 4503/1662/1442 149/1788/1552
f 3888/1759/1531 2874/1720/1493 1142/1719/1492
f 3127/1718/1064 81/1696/1474 67/1733/1506
f 47/1725/1498 48/1730/1503 57/1724/1497
f 3033/1747/1519 3021/1713/1488 2995/1715/1490
f 153/1682/1461 154/1679/1458 168/1702/1480
f 1711/1707/1484 1790/1789/1553 45/1777/1543
f 50/1782/1548 61/1764/1063 51/1790/1143
f 150/1791/1554 4503/1662/1442 143/1781/1547
f 150/1791/1554 149/1788/1552 4503/1662/1442
f 4655/1666/1445 4691/1710/1131 171/1712/1487
f 150/1791/1554 4634/1792/1555 149/1788/1552
f 1140/1721/1494 1142/1719/1492 3029/1708/1485
f 11/1752/1524 87/1784/1550 80/1787/1551
f 4137/1751/1523 3014/1735/1507 4481/1736/1508
f 50/1782/1548 1790/1789/1553 1711/1707/1484
f 4634/1792/1555 4642/1663/1443 149/1788/1552
f 47/1725/1498 3338/1722/1495 1829/1773/1540
f 146/1676/1455 4503/1662/1442 147/1697/1475
f 75/1741/1513 76/1686/1464 115/1688/1466
f 146/1676/1455 78/1692/1470 10/1678/1457
f 4904/1793/1556 1162/1794/373 1161/1795/1557
f 4924/1796/1558 4418/1797/1559 2544/1798/1560
f 4924/1796/1558 3776/1799/1012 4271/1800/1561
f 4904/1793/1556 1161/1795/1557 4271/1800/1561
f 2569/1801/1562 2570/1802/1563 3917/1803/1564
f 4343/1804/1565 3776/1799/1012 4924/1796/1558
f 2100/1805/1566 1651/1806/1567 2255/1807/1568
f 4907/1808/1014 1162/1794/373 4904/1793/1556
f 3740/1809/938 3776/1799/1012 4343/1804/1565
f 2544/1798/1560 4343/1804/1565 4924/1796/1558
f 3776/1799/1012 4907/1808/1014 4271/1800/1561
f 1161/1795/1557 4418/1797/1559 4271/1800/1561
f 4418/1797/1559 4924/1796/1558 4271/1800/1561
f 4360/1810/1569 2544/1798/1560 4418/1797/1559
f 4360/1810/1569 4418/1797/1559 2569/1801/1562
f 4904/1793/1556 4271/1800/1561 4907/1808/1014
f 2486/1811/1570 3221/1812/1571 4761/1813/1572
f 2393/1814/1573 3713/1815/1574 4761/1813/1572
f 2251/1816/1575 2486/1811/1570 2227/1817/1576
f 1699/1818/1577 2090/1819/1578 2129/1820/1579
f 2244/1821/1580 1672/1822/1581 2289/1823/1582
f 2325/1824/1583 2210/1825/1584 1651/1806/1567
f 2164/1826/1585 3917/1803/1564 3863/1827/1586
f 2122/1828/1587 2244/1821/1580 2258/1829/1588
f 2122/1828/1587 1699/1818/1577 2129/1820/1579
f 2484/1830/1589 2486/1811/1570 2356/1831/1590
f 2258/1829/1588 2289/1823/1582 2356/1831/1590
f 4360/1810/1569 3917/1803/1564 2167/1832/1591
f 2129/1820/1579 2161/1833/1592 2210/1825/1584
f 2258/1829/1588 2251/1816/1575 1699/1818/1577
f 2234/1834/1593 2251/1816/1575 2227/1817/1576
f 2325/1824/1583 2244/1821/1580 2122/1828/1587
f 2122/1828/1587 2258/1829/1588 1699/1818/1577
f 3713/1815/1574 3721/1835/1594 4761/1813/1572
f 2544/1798/1560 2239/1836/1595 4761/1813/1572
f 2251/1816/1575 2258/1829/1588 2356/1831/1590
f 3233/1837/1596 2227/1817/1576 1702/1838/1597
f 3721/1835/1594 2544/1798/1560 4761/1813/1572
f 4761/1813/1572 2227/1817/1576 2486/1811/1570
f 2101/1839/1598 2100/1805/1566 2255/1807/1568
f 2195/1840/1599 2100/1805/1566 2226/1841/1600
f 4428/1842/354 4388/1843/335 4365/1844/1601
f 4417/1845/1602 4514/1846/1603 4419/1847/1604
f 4365/1844/1601 4372/1848/1605 4511/1849/1606
f 1701/1850/1607 4639/1851/1608 1700/1852/1609
f 3871/1853/1610 3920/1854/1611 1700/1852/1609
f 4546/1855/1612 4417/1845/1602 1161/1795/1557
f 1161/1795/1557 4417/1845/1602 4418/1797/1559
f 3871/1853/1610 1700/1852/1609 4429/1856/1613
f 4365/1844/1601 4639/1851/1608 1701/1850/1607
f 2167/1832/1591 2164/1826/1585 2239/1836/1595
f 3871/1853/1610 3627/1857/1614 1702/1838/1597
f 4417/1845/1602 4424/1858/337 4514/1846/1603
f 1737/1859/914 4331/1860/1615 4429/1856/1613
f 4385/1861/334 4365/1844/1601 4388/1843/335
f 3871/1853/1610 3641/1862/1616 3627/1857/1614
f 4424/1858/337 4428/1842/354 4511/1849/1606
f 1737/1859/914 4429/1856/1613 4639/1851/1608
f 4511/1849/1606 4428/1842/354 4365/1844/1601
f 4511/1849/1606 4372/1848/1605 4514/1846/1603
f 4429/1856/1613 3641/1862/1616 3871/1853/1610
f 1701/1850/1607 4372/1848/1605 4365/1844/1601
f 4424/1858/337 4511/1849/1606 4514/1846/1603
f 2571/1863/1617 4372/1848/1605 1701/1850/1607
f 4372/1848/1605 2571/1863/1617 4514/1846/1603
f 2571/1863/1617 1701/1850/1607 2570/1802/1563
f 4514/1846/1603 2571/1863/1617 4419/1847/1604
f 1702/1838/1597 3627/1857/1614 4605/1864/1618
f 4424/1858/337 4417/1845/1602 4546/1855/1612
f 3627/1857/1614 3641/1862/1616 4331/1860/1615
f 1700/1852/1609 2570/1802/1563 1701/1850/1607
f 1700/1852/1609 4639/1851/1608 4429/1856/1613
f 2570/1802/1563 2569/1801/1562 2571/1863/1617
f 2571/1863/1617 2569/1801/1562 4419/1847/1604
f 4419/1847/1604 4418/1797/1559 4417/1845/1602
f 3627/1857/1614 4331/1860/1615 2262/1865/1619
f 3920/1854/1611 2570/1802/1563 1700/1852/1609
f 4419/1847/1604 2569/1801/1562 4418/1797/1559
f 4429/1856/1613 4331/1860/1615 3641/1862/1616
f 4605/1864/1618 3627/1857/1614 2262/1865/1619
f 2227/1817/1576 3233/1837/1596 2234/1834/1593
f 2486/1811/1570 2393/1814/1573 3221/1812/1571
f 2281/1866/1620 2484/1830/1589 2356/1831/1590
f 2281/1866/1620 2519/1867/1621 4764/1868/936
f 4343/1804/1565 2544/1798/1560 3721/1835/1594
f 1651/1806/1567 2195/1840/1599 1672/1822/1581
f 3863/1827/1586 3920/1854/1611 3871/1853/1610
f 2227/1817/1576 4761/1813/1572 2239/1836/1595
f 2519/1867/1621 2472/1869/937 4764/1868/936
f 2393/1814/1573 4764/1868/936 3713/1815/1574
f 3863/1827/1586 3917/1803/1564 3920/1854/1611
f 1651/1806/1567 2210/1825/1584 2255/1807/1568
f 2325/1824/1583 1672/1822/1581 2244/1821/1580
f 4761/1813/1572 3221/1812/1571 2393/1814/1573
f 2129/1820/1579 2325/1824/1583 2122/1828/1587
f 2164/1826/1585 3863/1827/1586 3871/1853/1610
f 2090/1819/1578 2161/1833/1592 2129/1820/1579
f 2255/1807/1568 2210/1825/1584 2161/1833/1592
f 3920/1854/1611 3917/1803/1564 2570/1802/1563
f 2251/1816/1575 2356/1831/1590 2486/1811/1570
f 2281/1866/1620 2486/1811/1570 2484/1830/1589
f 4764/1868/936 3740/1809/938 3713/1815/1574
f 1702/1838/1597 2239/1836/1595 2164/1826/1585
f 2258/1829/1588 2244/1821/1580 2289/1823/1582
f 2227/1817/1576 2239/1836/1595 1702/1838/1597
f 1651/1806/1567 1672/1822/1581 2325/1824/1583
f 3740/1809/938 4343/1804/1565 3713/1815/1574
f 2325/1824/1583 2129/1820/1579 2210/1825/1584
f 3721/1835/1594 3713/1815/1574 4343/1804/1565
f 2251/1816/1575 2234/1834/1593 1699/1818/1577
f 2281/1866/1620 4764/1868/936 2393/1814/1573
f 4360/1810/1569 2569/1801/1562 3917/1803/1564
f 2393/1814/1573 2486/1811/1570 2281/1866/1620
f 1702/1838/1597 2164/1826/1585 3871/1853/1610
f 2167/1832/1591 2239/1836/1595 2544/1798/1560
f 2100/1805/1566 2195/1840/1599 1651/1806/1567
f 2095/1870/1622 2255/1807/1568 2161/1833/1592
f 2164/1826/1585 2167/1832/1591 3917/1803/1564
f 2544/1798/1560 4360/1810/1569 2167/1832/1591
f 2101/1839/1598 2255/1807/1568 2095/1870/1622
f 1702/1838/1597 4605/1864/1618 3233/1837/1596
f 2281/1866/1620 2356/1831/1590 2342/1871/1623
f 2519/1867/1621 2281/1866/1620 2342/1871/1623
f 2189/1872/1624 1672/1822/1581 2195/1840/1599
f 2519/1867/1621 4774/1873/973 2472/1869/937
f 4365/1844/1601 4385/1861/334 1674/1874/366
f 4365/1844/1601 1674/1874/366 1574/1875/916
f 4639/1851/1608 4365/1844/1601 4421/1876/1625
f 1574/1875/916 4410/1877/915 4421/1876/1625
f 4421/1876/1625 4365/1844/1601 1574/1875/916
f 1672/1822/1581 1692/1878/1626 2289/1823/1582
f 4410/1877/915 4420/1879/925 4421/1876/1625
f 4421/1876/1625 4420/1879/925 4639/1851/1608
f 2189/1872/1624 1692/1878/1626 1672/1822/1581
f 2455/1880/1627 4757/1881/974 4774/1873/973
f 4639/1851/1608 4420/1879/925 1737/1859/914
f 2226/1841/1600 2241/1882/1628 2195/1840/1599
f 2519/1867/1621 2342/1871/1623 2455/1880/1627
f 1692/1878/1626 2189/1872/1624 2241/1882/1628
f 2455/1880/1627 2342/1871/1623 2363/1883/1629
f 2243/1884/1630 1692/1878/1626 2241/1882/1628
f 2462/1885/1108 2363/1883/1629 2243/1884/1630
f 2363/1883/1629 4757/1881/974 2455/1880/1627
f 4424/1858/337 4546/1855/1612 4277/1886/371
f 4277/1886/371 1161/1795/1557 1162/1794/373
f 1161/1795/1557 4277/1886/371 4546/1855/1612
f 1692/1878/1626 2243/1884/1630 2363/1883/1629
f 2447/1887/1102 2243/1884/1630 2323/1888/1135
f 2323/1888/1135 2243/1884/1630 2241/1882/1628
f 2323/1888/1135 2241/1882/1628 2584/1889/1139
f 2584/1889/1139 2226/1841/1600 2006/1890/1056
f 2289/1823/1582 1692/1878/1626 2342/1871/1623
f 4725/1891/1112 2367/1892/1003 2462/1885/1108
f 2462/1885/1108 2243/1884/1630 2447/1887/1102
f 4258/1893/968 2462/1885/1108 2367/1892/1003
f 4729/1894/1100 4027/1895/1004 2367/1892/1003
f 2455/1880/1627 4774/1873/973 2519/1867/1621
f 2462/1885/1108 4258/1893/968 2363/1883/1629
f 2351/1896/1007 4027/1895/1004 4729/1894/1100
f 4725/1891/1112 4729/1894/1100 2367/1892/1003
f 2363/1883/1629 2342/1871/1623 1692/1878/1626
f 2289/1823/1582 2342/1871/1623 2356/1831/1590
f 2189/1872/1624 2195/1840/1599 2241/1882/1628
f 2226/1841/1600 2584/1889/1139 2241/1882/1628
f 2363/1883/1629 4258/1893/968 4757/1881/974
f 3624/1897/1631 2092/1898/1632 1435/1899/1633
f 4487/1900/1634 1625/1901/1635 1431/1902/1636
f 2226/1841/1600 1070/1903/1637 2006/1890/1056
f 2002/1904/1036 2006/1890/1056 1070/1903/1637
f 1618/1905/1638 1476/1906/1639 2148/1907/1640
f 1069/1908/1641 1476/1906/1639 2002/1904/1036
f 2100/1805/1566 2101/1839/1598 1070/1903/1637
f 2148/1907/1640 1476/1906/1639 1069/1908/1641
f 3643/1909/1642 1520/1910/1643 1473/1911/1644
f 2058/1912/1645 2148/1907/1640 1071/1913/1646
f 2035/1914/1145 1476/1906/1639 1618/1905/1638
f 1070/1903/1637 1069/1908/1641 2002/1904/1036
f 2035/1914/1145 1478/1915/1037 1476/1906/1639
f 2234/1834/1593 3233/1837/1596 2214/1916/1647
f 2092/1898/1632 3624/1897/1631 2109/1917/1648
f 1625/1901/1635 2094/1918/1649 2058/1912/1645
f 2102/1919/1650 2095/1870/1622 2161/1833/1592
f 1070/1903/1637 2101/1839/1598 1071/1913/1646
f 2058/1912/1645 2101/1839/1598 2095/1870/1622
f 2094/1918/1649 2148/1907/1640 2058/1912/1645
f 1380/1920/1651 2148/1907/1640 2094/1918/1649
f 1521/1921/1652 3624/1897/1631 1435/1899/1633
f 4605/1864/1618 2214/1916/1647 3233/1837/1596
f 2108/1922/1653 4659/1923/1654 2109/1917/1648
f 1625/1901/1635 2058/1912/1645 2095/1870/1622
f 2100/1805/1566 1070/1903/1637 2226/1841/1600
f 2218/1924/1655 1532/1925/1656 2098/1926/1657
f 2148/1907/1640 1069/1908/1641 1071/1913/1646
f 2094/1918/1649 4487/1900/1634 1380/1920/1651
f 1521/1921/1652 1435/1899/1633 2214/1916/1647
f 2098/1926/1657 1625/1901/1635 2095/1870/1622
f 2102/1919/1650 2090/1819/1578 2092/1898/1632
f 2102/1919/1650 2218/1924/1655 2098/1926/1657
f 2058/1912/1645 1071/1913/1646 2101/1839/1598
f 1740/1927/1658 2262/1865/1619 1684/1928/909
f 1684/1928/909 4331/1860/1615 1737/1859/914
f 2161/1833/1592 2090/1819/1578 2102/1919/1650
f 2050/1929/1659 1521/1921/1652 4605/1864/1618
f 2098/1926/1657 1532/1925/1656 1625/1901/1635
f 2218/1924/1655 4659/1923/1654 1532/1925/1656
f 2095/1870/1622 2102/1919/1650 2098/1926/1657
f 2050/1929/1659 2262/1865/1619 1520/1910/1643
f 2002/1904/1036 1476/1906/1639 1478/1915/1037
f 2262/1865/1619 4331/1860/1615 4326/1930/1660
f 3624/1897/1631 1521/1921/1652 3643/1909/1642
f 4326/1930/1660 4331/1860/1615 1684/1928/909
f 4487/1900/1634 2094/1918/1649 1625/1901/1635
f 1532/1925/1656 1431/1902/1636 1625/1901/1635
f 2092/1898/1632 2109/1917/1648 2218/1924/1655
f 4605/1864/1618 2262/1865/1619 2050/1929/1659
f 1069/1908/1641 1070/1903/1637 1071/1913/1646
f 2234/1834/1593 1435/1899/1633 1699/1818/1577
f 1520/1910/1643 1521/1921/1652 2050/1929/1659
f 1380/1920/1651 1618/1905/1638 2148/1907/1640
f 2109/1917/1648 4659/1923/1654 2218/1924/1655
f 1684/1928/909 2262/1865/1619 4326/1930/1660
f 1521/1921/1652 1520/1910/1643 3643/1909/1642
f 1473/1911/1644 1520/1910/1643 2262/1865/1619
f 2218/1924/1655 2102/1919/1650 2092/1898/1632
f 2109/1917/1648 3643/1909/1642 1730/1931/1661
f 4605/1864/1618 1521/1921/1652 2214/1916/1647
f 2092/1898/1632 1699/1818/1577 1435/1899/1633
f 1730/1931/1661 3643/1909/1642 1473/1911/1644
f 3624/1897/1631 3643/1909/1642 2109/1917/1648
f 1730/1931/1661 2108/1922/1653 2109/1917/1648
f 2090/1819/1578 1699/1818/1577 2092/1898/1632
f 1740/1927/1658 1473/1911/1644 2262/1865/1619
f 1473/1911/1644 1740/1927/1658 1730/1931/1661
f 2234/1834/1593 2214/1916/1647 1435/1899/1633
f 1518/1932/1662 1744/1933/1663 1760/1934/1664
f 1719/1935/1665 1724/1936/1666 1774/1937/1667
f 1719/1935/1665 1419/1938/1668 1747/1939/1669
f 1777/1940/161 1693/1941/1670 1485/1942/186
f 1430/1943/1671 1690/1944/1672 2108/1945/1653
f 1734/1946/1673 4554/1947/1674 1685/1948/1675
f 1726/1949/1676 1421/1950/1677 1741/1951/1678
f 1519/1952/1679 1143/1953/187 1485/1942/186
f 1698/1954/1680 1691/1955/1681 1690/1944/1672
f 1518/1932/1662 1774/1937/1667 1724/1936/1666
f 1774/1937/1667 1741/1951/1678 1728/1956/1682
f 1690/1944/1672 1430/1943/1671 2047/1957/1683
f 1133/1958/1684 1780/1959/193 1432/1960/194
f 1724/1936/1666 1719/1935/1665 1744/1933/1663
f 1532/1961/1656 1691/1955/1681 1431/1962/1636
f 1685/1948/1675 4554/1947/1674 1721/1963/1685
f 1747/1939/1669 1712/1964/1686 1719/1935/1665
f 1082/1965/1687 1419/1938/1668 1437/1966/1688
f 1518/1932/1662 1741/1951/1678 1774/1937/1667
f 1740/1967/1658 1685/1948/1675 1721/1963/1685
f 1691/1955/1681 4659/1968/1654 1690/1944/1672
f 1688/1969/1689 1469/1970/1690 1698/1954/1680
f 1724/1936/1666 1744/1933/1663 1518/1932/1662
f 4659/1968/1654 2108/1945/1653 1690/1944/1672
f 1544/1971/1691 1728/1956/1682 1421/1950/1677
f 1430/1943/1671 1529/1972/1692 2047/1957/1683
f 1430/1943/1671 1740/1967/1658 1721/1963/1685
f 1791/1973/1693 1450/1974/1694 1422/1975/1695
f 1421/1950/1677 1728/1956/1682 1741/1951/1678
f 1061/1976/1696 1419/1938/1668 1082/1965/1687
f 1419/1938/1668 2056/1977/1697 1469/1970/1690
f 1712/1964/1686 1744/1933/1663 1719/1935/1665
f 4738/1978/1698 1741/1951/1678 1518/1932/1662
f 4659/1968/1654 1691/1955/1681 1532/1961/1656
f 2047/1957/1683 1698/1954/1680 1690/1944/1672
f 1380/1979/1651 4487/1980/1634 1061/1976/1696
f 1430/1943/1671 1730/1981/1661 1740/1967/1658
f 1719/1935/1665 1774/1937/1667 1437/1966/1688
f 1534/1982/1699 1732/1983/1700 934/1984/1701
f 1712/1964/1686 1747/1939/1669 1529/1972/1692
f 1419/1938/1668 1061/1976/1696 2056/1977/1697
f 1791/1973/1693 1133/1958/1684 1450/1974/1694
f 1437/1966/1688 1774/1937/1667 1717/1985/1702
f 2047/1957/1683 1688/1969/1689 1698/1954/1680
f 1469/1970/1690 2056/1977/1697 1431/1962/1636
f 1734/1946/1673 4643/1986/1703 4554/1947/1674
f 1744/1933/1663 1626/1987/1704 4553/1988/1705
f 1425/1989/1706 1061/1976/1696 1082/1965/1687
f 1491/1990/1707 1450/1974/1694 1133/1958/1684
f 1741/1951/1678 4738/1978/1698 1726/1949/1676
f 1775/1991/1708 1725/1992/1709 4738/1978/1698
f 1728/1956/1682 1544/1971/1691 1717/1985/1702
f 1721/1963/1685 1805/1993/1710 1704/1994/1711
f 1133/1958/1684 1117/1995/1712 1491/1990/1707
f 1534/1982/1699 1626/1987/1704 1704/1994/1711
f 1437/1966/1688 1419/1938/1668 1719/1935/1665
f 4487/1980/1634 2056/1977/1697 1061/1976/1696
f 1704/1994/1711 1805/1993/1710 1534/1982/1699
f 1453/1996/1713 1437/1966/1688 1709/1997/1714
f 1431/1962/1636 2056/1977/1697 4487/1980/1634
f 934/1984/1701 4553/1988/1705 1626/1987/1704
f 1430/1943/1671 2108/1945/1653 1730/1981/1661
f 2667/1998/1034 1384/1999/1715 1074/2000/1716
f 1082/1965/1687 1437/1966/1688 1425/1989/1706
f 2667/1998/1034 1068/2001/1033 1067/2002/1717
f 1732/1983/1700 4643/1986/1703 1734/1946/1673
f 1432/1960/194 1449/2003/195 1133/1958/1684
f 1717/1985/1702 1709/1997/1714 1437/1966/1688
f 1712/1964/1686 1704/1994/1711 1626/1987/1704
f 1420/2004/1718 1693/1941/1670 1779/2005/160
f 1491/1990/1707 1453/1996/1713 1709/1997/1714
f 1629/2006/1144 1139/2007/1719 1427/2008/1720
f 1791/1973/1693 1513/2009/189 1780/1959/193
f 1421/1950/1677 1726/1949/1676 1172/2010/1721
f 1729/2011/1722 1726/1949/1676 1725/1992/1709
f 1721/1963/1685 1529/1972/1692 1430/1943/1671
f 4536/2012/1723 1482/2013/1724 1725/1992/1709
f 1805/1993/1710 1721/1963/1685 4554/1947/1674
f 1712/1964/1686 1626/1987/1704 1744/1933/1663
f 1337/2014/1725 1380/1979/1651 1061/1976/1696
f 1544/1971/1691 1709/1997/1714 1717/1985/1702
f 1172/2010/1721 1420/2004/1718 1421/1950/1677
f 1660/2015/1074 2029/2016/1062 1427/2008/1720
f 1172/2010/1721 1726/1949/1676 1482/2013/1724
f 1725/1992/1709 1482/2013/1724 1729/2011/1722
f 1729/2011/1722 1482/2013/1724 1726/1949/1676
f 1777/1940/161 1779/2005/160 1693/1941/1670
f 1721/1963/1685 1704/1994/1711 1529/1972/1692
f 1420/2004/1718 1422/1975/1695 1544/1971/1691
f 1698/1954/1680 1431/1962/1636 1691/1955/1681
f 1469/1970/1690 1431/1962/1636 1698/1954/1680
f 1732/1983/1700 1534/1982/1699 4643/1986/1703
f 1337/2014/1725 1618/2017/1638 1380/1979/1651
f 1805/1993/1710 4554/1947/1674 4643/1986/1703
f 1469/1970/1690 1688/1969/1689 1419/1938/1668
f 1422/1975/1695 1709/1997/1714 1544/1971/1691
f 934/1984/1701 1626/1987/1704 1534/1982/1699
f 1709/1997/1714 1422/1975/1695 1450/1974/1694
f 4553/1988/1705 1760/1934/1664 1744/1933/1663
f 1747/1939/1669 2047/1957/1683 1529/1972/1692
f 1420/2004/1718 1172/2010/1721 1693/1941/1670
f 1482/2013/1724 1693/1941/1670 1172/2010/1721
f 1688/1969/1689 2047/1957/1683 1747/1939/1669
f 1068/2001/1033 2035/2018/1145 1067/2002/1717
f 1420/2004/1718 1544/1971/1691 1421/1950/1677
f 1422/1975/1695 1420/2004/1718 1791/1973/1693
f 1805/1993/1710 4643/1986/1703 1534/1982/1699
f 776/2019/1726 1611/2020/880 4616/2021/903
f 435/2022/881 434/2023/1727 430/2024/895
f 1764/2025/177 1776/2026/182 1775/1991/1708
f 1453/1996/1713 1425/1989/1706 1437/1966/1688
f 1576/2027/1728 1758/2028/1729 1815/2029/1730
f 2035/2018/1145 1618/2017/1638 1337/2014/1725
f 1758/2028/1729 1764/2025/177 1815/2029/1730
f 4536/2012/1723 1519/1952/1679 1482/2013/1724
f 4536/2012/1723 1725/1992/1709 1775/1991/1708
f 1482/2013/1724 1485/1942/186 1693/1941/1670
f 1791/1973/1693 1420/2004/1718 1779/2005/160
f 2035/2018/1145 1337/2014/1725 1067/2002/1717
f 1764/2025/177 1775/1991/1708 1815/2029/1730
f 1450/1974/1694 1491/1990/1707 1709/1997/1714
f 1758/2028/1729 1577/2030/178 1764/2025/177
f 784/2031/907 783/2032/1731 967/2033/1732
f 1791/1973/1693 1780/1959/193 1133/1958/1684
f 1704/1994/1711 1712/1964/1686 1529/1972/1692
f 1482/2013/1724 1519/1952/1679 1485/1942/186
f 1143/1953/187 1519/1952/1679 4536/2012/1723
f 1776/2026/182 4536/2012/1723 1775/1991/1708
f 1791/1973/1693 1779/2005/160 1513/2009/189
f 1337/2014/1725 2011/2034/1733 1067/2002/1717
f 434/2023/1727 783/2032/1731 784/2031/907
f 1725/1992/1709 1726/1949/1676 4738/1978/1698
f 1776/2026/182 1143/1953/187 4536/2012/1723
f 1762/2035/1734 783/2032/1731 1681/2036/1735
f 2011/2034/1733 1384/1999/1715 1067/2002/1717
f 4585/2037/1736 783/2032/1731 434/2023/1727
f 1688/1969/1689 1747/1939/1669 1419/1938/1668
f 1681/2036/1735 783/2032/1731 4646/2038/1737
f 1067/2002/1717 1384/1999/1715 2667/1998/1034
f 1065/2039/1738 1427/2008/1720 1139/2007/1719
f 4585/2037/1736 4646/2038/1737 783/2032/1731
f 783/2032/1731 1762/2035/1734 967/2033/1732
f 1629/2006/1144 2667/1998/1034 1074/2000/1716
f 1139/2007/1719 1629/2006/1144 1074/2000/1716
f 2029/2016/1062 1629/2006/1144 1427/2008/1720
f 1122/2040/1739 1065/2039/1738 1139/2007/1719
f 1676/2041/1740 1680/2042/891 1659/2043/1741
f 1717/1985/1702 1774/1937/1667 1728/1956/1682
f 1732/1983/1700 1734/1946/1673 1707/2044/1742
f 1706/2045/1743 1678/2046/1744 1659/2043/1741
f 1734/1946/1673 1742/2047/1745 1678/2046/1744
f 1706/2045/1743 1707/2044/1742 1739/2048/1746
f 967/2033/1732 400/2049/858 108/2050/862
f 401/2051/861 889/2052/1747 886/2053/1748
f 1706/2045/1743 1659/2043/1741 886/2053/1748
f 1676/2041/1740 1659/2043/1741 1678/2046/1744
f 405/2054/878 401/2051/861 1659/2043/1741
f 401/2051/861 886/2053/1748 1659/2043/1741
f 1706/2045/1743 1739/2048/1746 1678/2046/1744
f 1676/2041/1740 1678/2046/1744 1742/2047/1745
f 886/2053/1748 1707/2044/1742 1706/2045/1743
f 1734/1946/1673 1678/2046/1744 1739/2048/1746
f 1739/2048/1746 1707/2044/1742 1734/1946/1673
f 889/2052/1747 1707/2044/1742 886/2053/1748
f 435/2022/881 1611/2020/880 776/2019/1726
f 434/2023/1727 435/2022/881 776/2019/1726
f 784/2031/907 430/2024/895 434/2023/1727
f 1762/2035/1734 1662/2055/1749 967/2033/1732
f 784/2031/907 967/2033/1732 781/2056/884
f 781/2056/884 967/2033/1732 108/2050/862
f 1662/2055/1749 401/2051/861 400/2049/858
f 405/2054/878 1659/2043/1741 1680/2042/891
f 1734/1946/1673 1685/1948/1675 1742/2047/1745
f 1676/2041/1740 1742/2047/1745 1746/2057/1750
f 1685/1948/1675 1740/1967/1658 1686/2058/908
f 1685/1948/1675 1686/2058/908 1746/2057/1750
f 1686/2058/908 1740/1967/1658 1684/2059/909
f 1736/2060/906 1746/2057/1750 1720/2061/911
f 1736/2060/906 1676/2041/1740 1746/2057/1750
f 1746/2057/1750 1686/2058/908 1720/2061/911
f 1746/2057/1750 1742/2047/1745 1685/1948/1675
f 1676/2041/1740 1736/2060/906 1680/2042/891
f 1775/1991/1708 4738/1978/1698 4599/2062/1751
f 1756/2063/1752 4738/1978/1698 1518/1932/1662
f 1756/2063/1752 4599/2062/1751 4738/1978/1698
f 1753/2064/1753 4599/2062/1751 1756/2063/1752
f 1518/1932/1662 1760/1934/1664 1750/2065/1754
f 1753/2064/1753 1754/2066/1755 4599/2062/1751
f 1761/2067/1756 4599/2062/1751 1754/2066/1755
f 1750/2065/1754 1760/1934/1664 4676/2068/1757
f 1753/2064/1753 1750/2065/1754 4633/2069/1758
f 1575/2070/1759 1738/2071/1760 4660/2072/1761
f 1753/2064/1753 4633/2069/1758 1763/2073/1762
f 1754/2066/1755 1763/2073/1762 1811/2074/1763
f 1763/2073/1762 4633/2069/1758 1738/2071/1760
f 1761/2067/1756 1576/2027/1728 1815/2029/1730
f 1763/2073/1762 1738/2071/1760 1811/2074/1763
f 4676/2068/1757 4633/2069/1758 1750/2065/1754
f 4660/2072/1761 1738/2071/1760 4633/2069/1758
f 1733/2075/1764 889/2052/1747 1819/2076/1765
f 4660/2072/1761 4407/2077/1766 1575/2070/1759
f 1775/1991/1708 4599/2062/1751 1815/2029/1730
f 1738/2071/1760 111/2078/1767 1811/2074/1763
f 1738/2071/1760 1575/2070/1759 111/2078/1767
f 1756/2063/1752 1750/2065/1754 1753/2064/1753
f 1819/2076/1765 1755/2079/1768 4407/2077/1766
f 4407/2077/1766 1755/2079/1768 1575/2070/1759
f 1733/2075/1764 4407/2077/1766 4660/2072/1761
f 889/2052/1747 1677/2080/1769 1819/2076/1765
f 1733/2075/1764 1819/2076/1765 4407/2077/1766
f 1763/2073/1762 1754/2066/1755 1753/2064/1753
f 1819/2076/1765 1575/2070/1759 1755/2079/1768
f 1518/1932/1662 1750/2065/1754 1756/2063/1752
f 4660/2072/1761 4633/2069/1758 4676/2068/1757
f 4676/2068/1757 1760/1934/1664 4660/2072/1761
f 401/2051/861 1662/2055/1749 889/2052/1747
f 1754/2066/1755 1811/2074/1763 1761/2067/1756
f 1815/2029/1730 4599/2062/1751 1761/2067/1756
f 1662/2055/1749 1677/2080/1769 889/2052/1747
f 4660/2072/1761 1760/1934/1664 1759/2081/1770
f 1759/2081/1770 4553/1988/1705 1732/1983/1700
f 4660/2072/1761 1759/2081/1770 1733/2075/1764
f 1759/2081/1770 1760/1934/1664 4553/1988/1705
f 1733/2075/1764 1759/2081/1770 1732/1983/1700
f 1733/2075/1764 1732/1983/1700 1707/2044/1742
f 1733/2075/1764 1707/2044/1742 889/2052/1747
f 4553/1988/1705 934/1984/1701 1732/1983/1700
f 776/2019/1726 4585/2037/1736 434/2023/1727
f 1694/2082/1771 1133/1958/1684 1449/2003/195
f 1122/2040/1739 1694/2082/1771 1076/2083/1772
f 1074/2000/1716 1129/2084/1773 1122/2040/1739
f 1694/2082/1771 1117/1995/1712 1133/1958/1684
f 1122/2040/1739 1129/2084/1773 1694/2082/1771
f 1074/2000/1716 1122/2040/1739 1139/2007/1719
f 1368/2085/1774 1384/1999/1715 2011/2034/1733
f 1438/2086/1775 1368/2085/1774 4571/2087/1776
f 1368/2085/1774 4486/2088/1777 1453/1996/1713
f 1129/2084/1773 1074/2000/1716 1384/1999/1715
f 1061/1976/1696 1425/1989/1706 4486/2088/1777
f 1438/2086/1775 1129/2084/1773 1368/2085/1774
f 1438/2086/1775 4571/2087/1776 1491/1990/1707
f 1453/1996/1713 4486/2088/1777 1425/1989/1706
f 1438/2086/1775 1117/1995/1712 1129/2084/1773
f 1368/2085/1774 1453/1996/1713 4571/2087/1776
f 4486/2088/1777 2011/2034/1733 1337/2014/1725
f 4486/2088/1777 1368/2085/1774 2011/2034/1733
f 1491/1990/1707 4571/2087/1776 1453/1996/1713
f 1694/2082/1771 1449/2003/195 1076/2083/1772
f 1129/2084/1773 1117/1995/1712 1694/2082/1771
f 1061/1976/1696 4486/2088/1777 1337/2014/1725
f 1438/2086/1775 1491/1990/1707 1117/1995/1712
f 1368/2085/1774 1129/2084/1773 1384/1999/1715
f 1662/2055/1749 400/2049/858 967/2033/1732
f 4616/2021/903 4585/2037/1736 776/2019/1726
f 2083/2089/1778 2099/2090/1779 2143/2091/1780
f 1128/2092/1781 1398/2093/1782 1131/2094/1783
f 1396/2095/1784 1131/2094/1783 1398/2093/1782
f 1099/2096/1785 1136/2097/1786 1163/2098/1787
f 1072/2099/1788 1104/2100/1789 1156/2101/1790
f 1131/2094/1783 1293/2102/1791 1043/2103/1792
f 1080/2104/1793 1153/2105/1794 1163/2098/1787
f 1514/2106/1795 1315/2107/1796 1105/2108/1797
f 1169/2109/1798 1189/2110/1799 1109/2111/1800
f 1106/2112/1801 1188/2113/1802 1189/2110/1799
f 1295/2114/1803 1292/2115/1804 1291/2116/1805
f 1272/2117/1806 1265/2118/1807 1263/2119/1808
f 1313/2120/1809 1390/2121/1810 1110/2122/1811
f 1370/2123/1812 1110/2122/1811 1390/2121/1810
f 1370/2123/1812 1390/2121/1810 1830/2124/1813
f 2246/2125/1814 2205/2126/1815 1842/2127/1816
f 1370/2123/1812 1403/2128/1817 1110/2122/1811
f 1396/2095/1784 1830/2124/1813 1390/2121/1810
f 1043/2103/1792 1104/2100/1789 1080/2104/1793
f 1377/2129/1818 2228/2130/1819 1403/2128/1817
f 2304/2131/1820 2238/2132/1821 2203/2133/1822
f 2182/2134/1823 2146/2135/1824 2215/2136/1825
f 2146/2135/1824 2213/2137/1826 1555/2138/1827
f 1579/2139/1828 2174/2140/1829 1238/2141/1830
f 2228/2130/1819 1842/2127/1816 1403/2128/1817
f 4522/2142/1831 2172/2143/1832 2252/2144/1833
f 2252/2144/1833 1832/2145/1834 2151/2146/1835
f 2184/2147/1836 4927/2148/1837 2186/2149/1838
f 2228/2130/1819 2211/2150/1839 2204/2151/1840
f 2191/2152/1841 2240/2153/1842 2186/2149/1838
f 2229/2154/1843 1394/2155/1844 2224/2156/1845
f 2173/2157/1846 4522/2142/1831 2184/2147/1836
f 2240/2153/1842 2191/2152/1841 2202/2158/1847
f 1981/2159/1848 2080/2160/1849 2081/2161/1850
f 1984/2162/1851 2088/2163/1852 2181/2164/1853
f 2157/2165/1854 1836/2166/1855 1983/2167/1856
f 2158/2168/1857 2172/2143/1832 4522/2142/1831
f 2173/2157/1846 2215/2136/1825 4522/2142/1831
f 1403/2128/1817 1842/2127/1816 2205/2126/1815
f 2240/2153/1842 2173/2157/1846 2186/2149/1838
f 2229/2154/1843 2240/2153/1842 2204/2151/1840
f 2224/2156/1845 2225/2169/1858 2182/2134/1823
f 2187/2170/1859 1238/2141/1830 1239/2171/1860
f 2229/2154/1843 2204/2151/1840 1394/2155/1844
f 2238/2132/1821 1238/2141/1830 2187/2170/1859
f 2246/2125/1814 1842/2127/1816 2202/2158/1847
f 2146/2135/1824 2182/2134/1823 2225/2169/1858
f 1952/2172/1861 1989/2173/1862 2145/2174/1863
f 2184/2147/1836 2186/2149/1838 2173/2157/1846
f 2224/2156/1845 2213/2137/1826 2225/2169/1858
f 2138/2175/1864 1839/2176/1865 1986/2177/1866
f 2173/2157/1846 2229/2154/1843 2182/2134/1823
f 2182/2134/1823 2215/2136/1825 2173/2157/1846
f 2138/2175/1864 2081/2161/1850 2082/2178/1867
f 2190/2179/1868 2180/2180/1869 2191/2152/1841
f 2211/2150/1839 2228/2130/1819 1377/2129/1818
f 2087/2181/1870 2083/2089/1778 2082/2178/1867
f 2202/2158/1847 2204/2151/1840 2240/2153/1842
f 2146/2135/1824 2225/2169/1858 2213/2137/1826
f 1984/2162/1851 2181/2164/1853 2160/2182/1871
f 2149/2183/1872 2231/2184/1873 2230/2185/1874
f 2181/2164/1853 2103/2186/1875 2172/2143/1832
f 1986/2177/1866 1839/2176/1865 2155/2187/1876
f 2169/2188/1877 2171/2189/1878 4704/2190/1879
f 1579/2139/1828 2180/2180/1869 2190/2179/1868
f 2202/2158/1847 2237/2191/1880 2304/2131/1820
f 2180/2180/1869 2237/2191/1880 2202/2158/1847
f 2191/2152/1841 2186/2149/1838 4927/2148/1837
f 2229/2154/1843 2173/2157/1846 2240/2153/1842
f 2093/2192/1881 2152/2193/1882 2200/2194/1883
f 1031/2195/1884 2178/2196/1885 2231/2184/1873
f 2142/2197/1886 1563/2198/1887 1828/2199/1888
f 2191/2152/1841 2230/2185/1874 2190/2179/1868
f 1579/2139/1828 2237/2191/1880 2180/2180/1869
f 4927/2148/1837 2184/2147/1836 2290/2200/1889
f 2191/2152/1841 2180/2180/1869 2202/2158/1847
f 2191/2152/1841 4927/2148/1837 2230/2185/1874
f 2184/2147/1836 4522/2142/1831 2290/2200/1889
f 1837/2201/1890 2149/2183/1872 2150/2202/1891
f 2158/2168/1857 2215/2136/1825 2200/2194/1883
f 1986/2177/1866 1840/2203/1892 1981/2159/1848
f 2230/2185/1874 2178/2196/1885 2190/2179/1868
f 2237/2191/1880 1579/2139/1828 1238/2141/1830
f 2237/2191/1880 2238/2132/1821 2304/2131/1820
f 2224/2156/1845 1394/2155/1844 2179/2204/1893
f 2290/2200/1889 4522/2142/1831 2151/2146/1835
f 2158/2168/1857 2200/2194/1883 2160/2182/1871
f 2204/2151/1840 2211/2150/1839 1394/2155/1844
f 2172/2143/1832 2158/2168/1857 2160/2182/1871
f 2230/2185/1874 2231/2184/1873 2178/2196/1885
f 2237/2191/1880 1238/2141/1830 2238/2132/1821
f 2290/2200/1889 2150/2202/1891 2149/2183/1872
f 2290/2200/1889 2149/2183/1872 2230/2185/1874
f 2202/2158/1847 1842/2127/1816 2228/2130/1819
f 1828/2199/1888 1841/2205/1894 1840/2203/1892
f 2238/2132/1821 2187/2170/1859 2203/2133/1822
f 2252/2144/1833 2151/2146/1835 4522/2142/1831
f 2290/2200/1889 2151/2146/1835 2150/2202/1891
f 2160/2182/1871 2181/2164/1853 2172/2143/1832
f 2172/2143/1832 2103/2186/1875 2252/2144/1833
f 2181/2164/1853 2088/2163/1852 2157/2165/1854
f 2158/2168/1857 4522/2142/1831 2215/2136/1825
f 1239/2171/1860 1238/2141/1830 2174/2140/1829
f 2151/2146/1835 1832/2145/1834 2150/2202/1891
f 1377/2129/1818 1403/2128/1817 1411/2206/1895
f 2252/2144/1833 2103/2186/1875 1832/2145/1834
f 2160/2182/1871 2159/2207/1896 1984/2162/1851
f 2082/2178/1867 2081/2161/1850 2087/2181/1870
f 2150/2202/1891 1832/2145/1834 1837/2201/1890
f 2224/2156/1845 2182/2134/1823 2229/2154/1843
f 1983/2167/1856 2103/2186/1875 2181/2164/1853
f 1836/2166/1855 2145/2174/1863 1983/2167/1856
f 2290/2200/1889 2230/2185/1874 4927/2148/1837
f 2157/2165/1854 1983/2167/1856 2181/2164/1853
f 2145/2174/1863 1836/2166/1855 1952/2172/1861
f 2088/2163/1852 2156/2208/1897 2157/2165/1854
f 2155/2187/1876 2142/2197/1886 1987/2209/1898
f 1563/2198/1887 2142/2197/1886 2155/2187/1876
f 2156/2208/1897 1836/2166/1855 2157/2165/1854
f 1836/2166/1855 2156/2208/1897 1952/2172/1861
f 2143/2091/1780 1839/2176/1865 2138/2175/1864
f 2080/2160/1849 1989/2173/1862 1952/2172/1861
f 1838/2210/1899 2145/2174/1863 1989/2173/1862
f 1989/2173/1862 2080/2160/1849 1985/2211/1900
f 1985/2211/1900 1838/2210/1899 1989/2173/1862
f 2080/2160/1849 1981/2159/1848 1985/2211/1900
f 2081/2161/1850 2138/2175/1864 1986/2177/1866
f 1841/2205/1894 1838/2210/1899 1985/2211/1900
f 1981/2159/1848 1840/2203/1892 1985/2211/1900
f 1840/2203/1892 1841/2205/1894 1985/2211/1900
f 1986/2177/1866 1981/2159/1848 2081/2161/1850
f 2082/2178/1867 2083/2089/1778 2143/2091/1780
f 2142/2197/1886 1840/2203/1892 1986/2177/1866
f 1828/2199/1888 1840/2203/1892 2142/2197/1886
f 1841/2205/1894 1828/2199/1888 1563/2198/1887
f 2143/2091/1780 2138/2175/1864 2082/2178/1867
f 2142/2197/1886 1986/2177/1866 1987/2209/1898
f 1987/2209/1898 1986/2177/1866 2155/2187/1876
f 1392/2212/1901 2179/2204/1893 1394/2155/1844
f 2204/2151/1840 2202/2158/1847 2228/2130/1819
f 2202/2158/1847 2304/2131/1820 2246/2125/1814
f 1263/2119/1808 1292/2115/1804 1272/2117/1806
f 1295/2114/1803 1152/2213/1902 1208/2214/1903
f 1099/2096/1785 1163/2098/1787 1109/2111/1800
f 1072/2099/1788 1156/2101/1790 1317/2215/1904
f 1150/2216/1905 1151/2217/1906 1105/2108/1797
f 1208/2214/1903 1265/2118/1807 1272/2117/1806
f 1265/2118/1807 1208/2214/1903 1200/2218/1907
f 1053/2219/1908 1200/2218/1907 1170/2220/1909
f 1053/2219/1908 1170/2220/1909 1317/2215/1904
f 1131/2094/1783 1051/2221/1910 1128/2092/1781
f 2145/2174/1863 1838/2210/1899 1834/2222/1911
f 2103/2186/1875 1834/2222/1911 1832/2145/1834
f 2149/2183/1872 1837/2201/1890 1564/2223/1912
f 2149/2183/1872 1564/2223/1912 2231/2184/1873
f 1564/2223/1912 1837/2201/1890 1563/2198/1887
f 1564/2223/1912 1563/2198/1887 1031/2195/1884
f 2178/2196/1885 4704/2190/1879 2171/2189/1878
f 4704/2190/1879 2178/2196/1885 1031/2195/1884
f 2155/2187/1876 1031/2195/1884 1563/2198/1887
f 4704/2190/1879 1031/2195/1884 2155/2187/1876
f 2155/2187/1876 2153/2224/1913 4704/2190/1879
f 2155/2187/1876 1990/2225/1914 2153/2224/1913
f 1990/2225/1914 2155/2187/1876 1839/2176/1865
f 2093/2192/1881 2217/2226/1915 1561/2227/1916
f 2200/2194/1883 2159/2207/1896 2160/2182/1871
f 1839/2176/1865 2143/2091/1780 1990/2225/1914
f 2152/2193/1882 2093/2192/1881 1561/2227/1916
f 2152/2193/1882 2159/2207/1896 2200/2194/1883
f 1841/2205/1894 1563/2198/1887 1837/2201/1890
f 1834/2222/1911 1983/2167/1856 2145/2174/1863
f 1834/2222/1911 1838/2210/1899 1835/2228/1917
f 1835/2228/1917 1838/2210/1899 1841/2205/1894
f 1834/2222/1911 1835/2228/1917 1832/2145/1834
f 2103/2186/1875 1983/2167/1856 1834/2222/1911
f 1837/2201/1890 1832/2145/1834 1835/2228/1917
f 1841/2205/1894 1837/2201/1890 1835/2228/1917
f 2171/2189/1878 2198/2229/1918 2178/2196/1885
f 2198/2229/1918 2171/2189/1878 2174/2140/1829
f 1579/2139/1828 2198/2229/1918 2174/2140/1829
f 2190/2179/1868 2178/2196/1885 2198/2229/1918
f 2190/2179/1868 2198/2229/1918 1579/2139/1828
f 1272/2117/1806 1295/2114/1803 1208/2214/1903
f 1272/2117/1806 1292/2115/1804 1295/2114/1803
f 1344/2230/1919 2099/2090/1779 2083/2089/1778
f 1031/2195/1884 2231/2184/1873 1564/2223/1912
f 1344/2230/1919 2083/2089/1778 2010/2231/1920
f 2083/2089/1778 2053/2232/1921 2010/2231/1920
f 2054/2233/1922 2010/2231/1920 2053/2232/1921
f 1208/2214/1903 1170/2220/1909 1200/2218/1907
f 1170/2220/1909 1169/2109/1798 1164/2234/1923
f 1156/2101/1790 1097/2235/1924 1317/2215/1904
f 1170/2220/1909 1164/2234/1923 1317/2215/1904
f 1208/2214/1903 1169/2109/1798 1170/2220/1909
f 1109/2111/1800 1164/2234/1923 1169/2109/1798
f 1398/2093/1782 1408/2236/1925 1396/2095/1784
f 2179/2204/1893 1407/2237/1926 1412/2238/1927
f 1407/2237/1926 1392/2212/1901 1408/2236/1925
f 1408/2236/1925 1830/2124/1813 1396/2095/1784
f 2179/2204/1893 1392/2212/1901 1407/2237/1926
f 2169/2188/1877 4704/2190/1879 2153/2224/1913
f 2179/2204/1893 1412/2238/1927 2224/2156/1845
f 1408/2236/1925 1398/2093/1782 1407/2237/1926
f 1392/2212/1901 2211/2150/1839 2212/2239/1928
f 1411/2206/1895 2212/2239/1928 1377/2129/1818
f 2211/2150/1839 1392/2212/1901 1394/2155/1844
f 1411/2206/1895 1370/2123/1812 1830/2124/1813
f 1377/2129/1818 2212/2239/1928 2211/2150/1839
f 2212/2239/1928 1830/2124/1813 1392/2212/1901
f 2212/2239/1928 1411/2206/1895 1830/2124/1813
f 1408/2236/1925 1392/2212/1901 1830/2124/1813
f 1370/2123/1812 1411/2206/1895 1403/2128/1817
f 1153/2105/1794 1109/2111/1800 1163/2098/1787
f 1390/2121/1810 1156/2101/1790 1293/2102/1791
f 1151/2217/1906 1528/2240/1929 1514/2106/1795
f 1189/2110/1799 1150/2216/1905 1106/2112/1801
f 1189/2110/1799 1188/2113/1802 1099/2096/1785
f 1150/2216/1905 1105/2108/1797 1106/2112/1801
f 1396/2095/1784 1390/2121/1810 1293/2102/1791
f 1293/2102/1791 1156/2101/1790 1104/2100/1789
f 1104/2100/1789 1072/2099/1788 1080/2104/1793
f 1053/2219/1908 1317/2215/1904 1097/2235/1924
f 1315/2107/1796 1106/2112/1801 1105/2108/1797
f 1528/2240/1929 1295/2114/1803 39/2241/1930
f 1153/2105/1794 1080/2104/1793 1072/2099/1788
f 1131/2094/1783 1396/2095/1784 1293/2102/1791
f 1104/2100/1789 1043/2103/1792 1293/2102/1791
f 1152/2213/1902 1150/2216/1905 1208/2214/1903
f 1105/2108/1797 1151/2217/1906 1514/2106/1795
f 1126/2242/1931 1080/2104/1793 1136/2097/1786
f 1131/2094/1783 1043/2103/1792 1126/2242/1931
f 1126/2242/1931 1051/2221/1910 1131/2094/1783
f 1072/2099/1788 1164/2234/1923 1153/2105/1794
f 1163/2098/1787 1136/2097/1786 1080/2104/1793
f 1164/2234/1923 1072/2099/1788 1317/2215/1904
f 1152/2213/1902 1295/2114/1803 1151/2217/1906
f 1295/2114/1803 1291/2116/1805 39/2241/1930
f 1169/2109/1798 1208/2214/1903 1150/2216/1905
f 1156/2101/1790 1313/2120/1809 1097/2235/1924
f 1152/2213/1902 1151/2217/1906 1150/2216/1905
f 2879/2243/1932 39/2241/1930 1291/2116/1805
f 1164/2234/1923 1109/2111/1800 1153/2105/1794
f 1313/2120/1809 1156/2101/1790 1390/2121/1810
f 1151/2217/1906 1295/2114/1803 1528/2240/1929
f 2879/2243/1932 43/2244/1525 39/2241/1930
f 1169/2109/1798 1150/2216/1905 1189/2110/1799
f 1109/2111/1800 1189/2110/1799 1099/2096/1785
f 2166/2245/1933 2215/2136/1825 2146/2135/1824
f 2215/2136/1825 2166/2245/1933 2200/2194/1883
f 2146/2135/1824 2093/2192/1881 2166/2245/1933
f 2146/2135/1824 1555/2138/1827 2093/2192/1881
f 1126/2242/1931 1043/2103/1792 1080/2104/1793
f 1555/2138/1827 2217/2226/1915 2093/2192/1881
f 2166/2245/1933 2093/2192/1881 2200/2194/1883
f 1492/2246/1934 1407/2237/1926 1398/2093/1782
f 1128/2092/1781 1492/2246/1934 1398/2093/1782
f 1803/2247/1935 53/2248/1936 2966/2249/1937
f 4476/2250/1938 4559/2251/1939 4532/2252/1940
f 3209/2253/1941 3373/2254/1942 3196/2255/1943
f 138/2256/1944 137/2257/1945 148/2258/1946
f 4508/2259/1947 94/2260/1948 82/2261/1949
f 86/2262/1950 87/2263/1550 980/2264/1951
f 4401/2265/1952 4186/2266/1953 3727/2267/1954
f 94/2260/1948 85/2268/1955 82/2261/1949
f 1214/2269/1956 1257/2270/1957 3196/2255/1943
f 1257/2270/1957 1259/2271/1958 1258/2272/1959
f 1203/2273/1960 1258/2272/1959 1207/2274/1961
f 1209/2275/1962 1203/2273/1960 1207/2274/1961
f 4518/2276/1963 3387/2277/1964 4508/2259/1947
f 3216/2278/1965 1543/2279/1966 3348/2280/1967
f 87/2263/1550 79/2281/1545 3727/2267/1954
f 86/2262/1950 80/2282/1551 87/2263/1550
f 4404/2283/1968 4401/2265/1952 3727/2267/1954
f 1802/2284/1969 3216/2278/1965 3348/2280/1967
f 3727/2267/1954 4474/2285/1970 87/2263/1550
f 4099/2286/1971 84/2287/1972 4404/2283/1968
f 1207/2274/1961 1185/2288/1973 1209/2275/1962
f 4399/2289/1974 4404/2283/1968 3727/2267/1954
f 1901/2290/1975 1259/2271/1958 1214/2269/1956
f 1852/2291/1976 1185/2288/1973 1207/2274/1961
f 3705/2292/1977 3358/2293/1978 3874/2294/1979
f 4399/2289/1974 3727/2267/1954 4396/2295/1549
f 3335/2296/1980 4510/2297/1981 3330/2298/1982
f 1844/2299/1983 1901/2290/1975 1934/2300/1984
f 3330/2298/1982 4510/2297/1981 4474/2285/1970
f 79/2281/1545 4396/2295/1549 3727/2267/1954
f 4390/2301/1537 4099/2286/1971 4399/2289/1974
f 4476/2250/1938 3387/2277/1964 4545/2302/1985
f 4597/2303/1986 4510/2297/1981 4559/2251/1939
f 4099/2286/1971 4053/2304/1987 83/2305/1988
f 1895/2306/1989 1844/2299/1983 1852/2291/1976
f 4053/2304/1987 3874/2294/1979 82/2261/1949
f 4648/2307/1990 4611/2308/1991 148/2258/1946
f 3744/2309/1992 49/2310/1993 3743/2311/1994
f 4401/2265/1952 4404/2283/1968 84/2287/1972
f 4390/2301/1537 4399/2289/1974 4396/2295/1549
f 92/2312/1995 113/2313/1996 1297/2314/1997
f 3333/2315/1998 3330/2298/1982 110/2316/1999
f 4390/2301/1537 4053/2304/1987 4099/2286/1971
f 137/2257/1945 4631/2317/2000 148/2258/1946
f 35/2318/2001 1300/2319/2002 2970/2320/2003
f 4512/2321/2004 4545/2302/1985 3387/2277/1964
f 1803/2247/1935 1934/2300/1984 1800/2322/2005
f 143/2323/1547 112/2324/2006 150/2325/1554
f 3958/2326/2007 3754/2327/2008 3356/2328/2009
f 4186/2266/1953 4474/2285/1970 3727/2267/1954
f 2863/2329/2010 1901/2290/1975 1802/2284/1969
f 3011/2330/1509 2665/2331/2011 3958/2326/2007
f 1895/2306/1989 1901/2290/1975 1844/2299/1983
f 1852/2291/1976 1844/2299/1983 1304/2332/2012
f 87/2263/1550 4474/2285/1970 980/2264/1951
f 4631/2317/2000 4648/2307/1990 148/2258/1946
f 4078/2333/2013 3600/2334/2014 3651/2335/2015
f 113/2313/1996 112/2324/2006 982/2336/2016
f 1901/2290/1975 2863/2329/2010 1190/2337/2017
f 765/2338/2018 1190/2337/2017 2863/2329/2010
f 3397/2339/2019 3243/2340/2020 2201/2341/2021
f 3343/2342/2022 3285/2343/2023 3743/2311/1994
f 1259/2271/1958 1901/2290/1975 1895/2306/1989
f 4099/2286/1971 4404/2283/1968 4399/2289/1974
f 1207/2274/1961 1895/2306/1989 1852/2291/1976
f 34/2344/2024 3260/2345/2025 3343/2342/2022
f 4052/2346/2026 3705/2292/1977 3744/2309/1992
f 4481/2347/1508 3011/2330/1509 3958/2326/2007
f 84/2287/1972 83/2305/1988 85/2268/1955
f 3209/2253/1941 3636/2348/2027 1543/2279/1966
f 3356/2328/2009 3705/2292/1977 4062/2349/2028
f 3393/2350/2029 3333/2315/1998 94/2260/1948
f 1207/2274/1961 1258/2272/1959 1259/2271/1958
f 3333/2315/1998 4532/2252/1940 3335/2296/1980
f 1194/2351/2030 1193/2352/2031 1257/2270/1957
f 4493/2353/2032 1258/2272/1959 1203/2273/1960
f 3705/2292/1977 4053/2304/1987 4062/2349/2028
f 4506/2354/2033 4559/2251/1939 4476/2250/1938
f 3636/2348/2027 2201/2341/2021 3243/2340/2020
f 4062/2349/2028 4055/2355/2034 3356/2328/2009
f 135/2356/2035 134/2357/2036 92/2312/1995
f 1802/2284/1969 1901/2290/1975 1214/2269/1956
f 4099/2286/1971 83/2305/1988 84/2287/1972
f 1251/2358/2037 4507/2359/2038 1195/2360/2039
f 4055/2355/2034 4053/2304/1987 4390/2301/1537
f 3600/2334/2014 4518/2276/1963 3282/2361/2040
f 110/2316/1999 4401/2265/1952 84/2287/1972
f 84/2287/1972 85/2268/1955 110/2316/1999
f 1901/2290/1975 1190/2337/2017 1934/2300/1984
f 2629/2362/2041 1855/2363/2042 3196/2255/1943
f 3743/2311/1994 4052/2346/2026 3744/2309/1992
f 1800/2322/2005 1190/2337/2017 765/2338/2018
f 3209/2253/1941 3216/2278/1965 3373/2254/1942
f 3343/2342/2022 3743/2311/1994 49/2310/1993
f 3330/2298/1982 4186/2266/1953 4401/2265/1952
f 94/2260/1948 110/2316/1999 85/2268/1955
f 1543/2279/1966 3636/2348/2027 3243/2340/2020
f 1876/2364/2043 1203/2273/1960 1209/2275/1962
f 4055/2355/2034 4390/2301/1537 4137/2365/1523
f 1844/2299/1983 1934/2300/1984 3223/2366/2044
f 1800/2322/2005 1934/2300/1984 1190/2337/2017
f 1800/2322/2005 34/2344/2024 49/2310/1993
f 1195/2360/2039 1807/2367/2045 1251/2358/2037
f 3356/2328/2009 4055/2355/2034 3958/2326/2007
f 1203/2273/1960 1810/2368/2046 4493/2353/2032
f 4481/2347/1508 4055/2355/2034 4137/2365/1523
f 3958/2326/2007 4055/2355/2034 4481/2347/1508
f 4078/2333/2013 4518/2276/1963 3600/2334/2014
f 3223/2366/2044 1251/2358/2037 1807/2367/2045
f 3744/2309/1992 3754/2327/2008 49/2310/1993
f 1800/2322/2005 49/2310/1993 53/2248/1936
f 94/2260/1948 3333/2315/1998 110/2316/1999
f 4597/2303/1986 92/2312/1995 4510/2297/1981
f 2631/2369/2047 4482/2370/2048 2626/2371/2049
f 1803/2247/1935 1251/2358/2037 3223/2366/2044
f 4052/2346/2026 3358/2293/1978 3705/2292/1977
f 4508/2259/1947 3387/2277/1964 3393/2350/2029
f 3645/2372/2050 3405/2373/2051 3397/2339/2019
f 80/2282/1551 86/2262/1950 112/2324/2006
f 134/2357/2036 135/2356/2035 138/2256/1944
f 3405/2373/2051 3243/2340/2020 3397/2339/2019
f 3667/2374/2052 4078/2333/2013 3651/2335/2015
f 3196/2255/1943 1855/2363/2042 3636/2348/2027
f 3243/2340/2020 3282/2361/2040 3285/2343/2023
f 4611/2308/1991 4648/2307/1990 150/2325/1554
f 4510/2297/1981 1297/2314/1997 980/2264/1951
f 1803/2247/1935 1800/2322/2005 53/2248/1936
f 4648/2307/1990 4634/2375/1555 150/2325/1554
f 1288/2376/2053 4507/2359/2038 1251/2358/2037
f 35/2318/2001 1305/2377/2054 2966/2249/1937
f 2665/2331/2011 3754/2327/2008 3958/2326/2007
f 4474/2285/1970 4510/2297/1981 980/2264/1951
f 1240/2378/2055 2631/2369/2047 1225/2379/2056
f 138/2256/1944 4611/2308/1991 134/2357/2036
f 3330/2298/1982 3333/2315/1998 3335/2296/1980
f 4493/2353/2032 1257/2270/1957 1258/2272/1959
f 1232/2380/2057 1193/2352/2031 1240/2378/2055
f 3358/2293/1978 3282/2361/2040 4518/2276/1963
f 3874/2294/1979 4518/2276/1963 4508/2259/1947
f 34/2344/2024 765/2338/2018 3260/2345/2025
f 3343/2342/2022 49/2310/1993 34/2344/2024
f 3636/2348/2027 3209/2253/1941 3196/2255/1943
f 1251/2358/2037 1803/2247/1935 1288/2376/2053
f 2629/2362/2041 3196/2255/1943 1211/2381/2058
f 4532/2252/1940 4559/2251/1939 4510/2297/1981
f 4532/2252/1940 3387/2277/1964 4476/2250/1938
f 765/2338/2018 2863/2329/2010 3260/2345/2025
f 1214/2269/1956 3196/2255/1943 3373/2254/1942
f 4062/2349/2028 4053/2304/1987 4055/2355/2034
f 980/2264/1951 1297/2314/1997 982/2336/2016
f 52/2382/1546 35/2318/2001 2970/2320/2003
f 3260/2345/2025 2863/2329/2010 3348/2280/1967
f 3754/2327/2008 2970/2320/2003 53/2248/1936
f 4507/2359/2038 1288/2376/2053 1230/2383/2059
f 2665/2331/2011 2970/2320/2003 3754/2327/2008
f 1195/2360/2039 4507/2359/2038 1230/2383/2059
f 3397/2339/2019 2201/2341/2021 1855/2363/2042
f 83/2305/1988 4053/2304/1987 82/2261/1949
f 3705/2292/1977 3356/2328/2009 3744/2309/1992
f 2665/2331/2011 3011/2330/1509 54/2384/1544
f 1304/2332/2012 1185/2288/1973 1852/2291/1976
f 2966/2249/1937 53/2248/1936 1300/2319/2002
f 3373/2254/1942 1802/2284/1969 1214/2269/1956
f 53/2248/1936 2970/2320/2003 1300/2319/2002
f 1226/2385/2060 2631/2369/2047 2626/2371/2049
f 1288/2376/2053 1292/2386/1804 1230/2383/2059
f 3874/2294/1979 4508/2259/1947 82/2261/1949
f 2665/2331/2011 54/2384/1544 2970/2320/2003
f 3387/2277/1964 4518/2276/1963 4512/2321/2004
f 4186/2266/1953 3330/2298/1982 4474/2285/1970
f 82/2261/1949 85/2268/1955 83/2305/1988
f 1934/2300/1984 1803/2247/1935 3223/2366/2044
f 148/2258/1946 4611/2308/1991 138/2256/1944
f 2631/2369/2047 1218/2387/2061 4482/2370/2048
f 1218/2387/2061 2631/2369/2047 1240/2378/2055
f 1226/2385/2060 1225/2379/2056 2631/2369/2047
f 1240/2378/2055 1225/2379/2056 1232/2380/2057
f 1288/2376/2053 1803/2247/1935 2966/2249/1937
f 4631/2317/2000 4642/2388/1443 4634/2375/1555
f 4634/2375/1555 4648/2307/1990 4631/2317/2000
f 1305/2377/2054 1288/2376/2053 2966/2249/1937
f 2966/2249/1937 1300/2319/2002 35/2318/2001
f 1292/2386/1804 1288/2376/2053 1305/2377/2054
f 137/2257/1945 138/2256/1944 135/2356/2035
f 1543/2279/1966 3243/2340/2020 3348/2280/1967
f 34/2344/2024 1800/2322/2005 765/2338/2018
f 3282/2361/2040 3243/2340/2020 3600/2334/2014
f 3348/2280/1967 3243/2340/2020 3285/2343/2023
f 4532/2252/1940 3393/2350/2029 3387/2277/1964
f 113/2313/1996 92/2312/1995 134/2357/2036
f 1957/2389/2062 2629/2362/2041 3500/2390/2063
f 1173/2391/2064 4482/2370/2048 1218/2387/2061
f 1186/2392/2065 4482/2370/2048 1173/2391/2064
f 1259/2271/1958 1895/2306/1989 1207/2274/1961
f 1292/2386/1804 1305/2377/2054 1291/2393/1805
f 1810/2368/2046 1186/2392/2065 1173/2391/2064
f 4518/2276/1963 3874/2294/1979 3358/2293/1978
f 3282/2361/2040 3358/2293/1978 3285/2343/2023
f 3348/2280/1967 2863/2329/2010 1802/2284/1969
f 3705/2292/1977 3874/2294/1979 4053/2304/1987
f 4082/2394/2066 4476/2250/1938 4545/2302/1985
f 4510/2297/1981 3335/2296/1980 4532/2252/1940
f 1957/2389/2062 1855/2363/2042 2629/2362/2041
f 43/2395/1525 35/2318/2001 52/2382/1546
f 3405/2373/2051 3600/2334/2014 3243/2340/2020
f 1291/2393/1805 1305/2377/2054 2879/2396/1932
f 4597/2303/1986 4559/2251/1939 4506/2354/2033
f 1173/2391/2064 1218/2387/2061 1194/2351/2030
f 4512/2321/2004 4078/2333/2013 4545/2302/1985
f 1304/2332/2012 3223/2366/2044 1807/2367/2045
f 2970/2320/2003 54/2384/1544 52/2382/1546
f 3397/2339/2019 1855/2363/2042 1957/2389/2062
f 3343/2342/2022 3260/2345/2025 3348/2280/1967
f 4078/2333/2013 4082/2394/2066 4545/2302/1985
f 4078/2333/2013 3667/2374/2052 100/2397/2067
f 3651/2335/2015 1817/2398/2068 3667/2374/2052
f 3358/2293/1978 4052/2346/2026 3743/2311/1994
f 35/2318/2001 43/2395/1525 2879/2396/1932
f 1957/2389/2062 3645/2372/2050 3397/2339/2019
f 112/2324/2006 4611/2308/1991 150/2325/1554
f 1212/2399/2069 1211/2381/2058 1193/2352/2031
f 978/2400/2070 4476/2250/1938 4082/2394/2066
f 1173/2391/2064 1194/2351/2030 4493/2353/2032
f 3743/2311/1994 3285/2343/2023 3358/2293/1978
f 1304/2332/2012 1844/2299/1983 3223/2366/2044
f 3754/2327/2008 53/2248/1936 49/2310/1993
f 2629/2362/2041 1211/2381/2058 1212/2399/2069
f 4508/2259/1947 3393/2350/2029 94/2260/1948
f 1173/2391/2064 4493/2353/2032 1810/2368/2046
f 2879/2396/1932 1305/2377/2054 35/2318/2001
f 3645/2372/2050 3651/2335/2015 3405/2373/2051
f 1802/2284/1969 3373/2254/1942 3216/2278/1965
f 4401/2265/1952 110/2316/1999 3330/2298/1982
f 1543/2279/1966 3216/2278/1965 3209/2253/1941
f 3636/2348/2027 1855/2363/2042 2201/2341/2021
f 134/2357/2036 4611/2308/1991 113/2313/1996
f 3285/2343/2023 3343/2342/2022 3348/2280/1967
f 4510/2297/1981 92/2312/1995 1297/2314/1997
f 1193/2352/2031 1211/2381/2058 1257/2270/1957
f 1194/2351/2030 1240/2378/2055 1193/2352/2031
f 1257/2270/1957 1214/2269/1956 1259/2271/1958
f 982/2336/2016 1297/2314/1997 113/2313/1996
f 1240/2378/2055 1194/2351/2030 1218/2387/2061
f 1232/2380/2057 1212/2399/2069 1193/2352/2031
f 3651/2335/2015 3645/2372/2050 1817/2398/2068
f 4611/2308/1991 112/2324/2006 113/2313/1996
f 2629/2362/2041 1212/2399/2069 3500/2390/2063
f 4532/2252/1940 3333/2315/1998 3393/2350/2029
f 3744/2309/1992 3356/2328/2009 3754/2327/2008
f 4493/2353/2032 1194/2351/2030 1257/2270/1957
f 100/2397/2067 4082/2394/2066 4078/2333/2013
f 1203/2273/1960 1876/2364/2043 1810/2368/2046
f 4082/2394/2066 100/2397/2067 978/2400/2070
f 4512/2321/2004 4518/2276/1963 4078/2333/2013
f 3405/2373/2051 3651/2335/2015 3600/2334/2014
f 980/2264/1951 982/2336/2016 86/2262/1950
f 982/2336/2016 112/2324/2006 86/2262/1950
f 80/2282/1551 112/2324/2006 143/2323/1547
f 1257/2270/1957 1211/2381/2058 3196/2255/1943
f 4370/2401/2071 2185/2402/2072 757/2403/2073
f 4526/2404/2074 4477/2405/2075 4469/2406/2076
f 1962/2407/2077 4702/2408/2078 4370/2401/2071
f 4165/2409/2079 4528/2410/2080 4544/2411/2081
f 860/2412/2082 4864/2413/2083 669/2414/2084
f 2185/2402/2072 2163/2415/2085 757/2403/2073
f 706/2416/2086 737/2417/2087 757/2403/2073
f 3597/2418/2088 90/2419/2089 4466/2420/2090
f 3673/2421/2091 3558/2422/2092 4164/2423/2093
f 4375/2424/2094 4702/2408/2078 1962/2407/2077
f 669/2414/2084 858/2425/2095 860/2412/2082
f 2163/2415/2085 2165/2426/2096 757/2403/2073
f 757/2403/2073 2165/2426/2096 706/2416/2086
f 2163/2415/2085 2185/2402/2072 665/2427/2097
f 136/2428/2098 137/2429/1945 135/2430/2035
f 858/2425/2095 949/2431/2099 1962/2407/2077
f 4207/2432/2100 681/2433/2101 642/2434/2102
f 1962/2407/2077 949/2431/2099 4375/2424/2094
f 1679/2435/2103 622/2436/2104 618/2437/2105
f 4526/2404/2074 4472/2438/2106 4473/2439/2107
f 1041/2440/2108 89/2441/2109 618/2437/2105
f 593/2442/2110 25/2443/2111 615/2444/2112
f 31/2445/2113 1042/2446/2114 29/2447/2115
f 4587/2448/2116 3597/2418/2088 4163/2449/2117
f 4377/2450/2118 4702/2408/2078 4375/2424/2094
f 3673/2421/2091 3652/2451/2119 3533/2452/2120
f 4472/2438/2106 4465/2453/2121 4464/2454/2122
f 1020/2455/2123 4375/2424/2094 949/2431/2099
f 4210/2456/2124 596/2457/2125 858/2425/2095
f 2219/2458/2126 631/2459/2127 4291/2460/2128
f 2272/2461/2129 1489/2462/520 706/2416/2086
f 2319/2463/2130 4161/2464/2131 4153/2465/2132
f 630/2466/2133 631/2459/2127 665/2427/2097
f 4189/2467/2134 666/2468/2135 943/2469/2136
f 2271/2470/2137 4409/2471/103 2235/2472/2138
f 669/2414/2084 4210/2456/2124 858/2425/2095
f 4477/2405/2075 4476/2473/1938 978/2474/2070
f 4156/2475/2139 2235/2472/2138 597/2476/2140
f 630/2466/2133 4377/2450/2118 607/2477/2141
f 93/2478/2142 402/2479/2143 133/2480/2144
f 631/2459/2127 630/2466/2133 607/2477/2141
f 593/2442/2110 615/2444/2112 623/2481/2145
f 4377/2450/2118 4207/2432/2100 607/2477/2141
f 4526/2404/2074 4476/2473/1938 4477/2405/2075
f 4292/2482/2146 2273/2483/2147 2272/2461/2129
f 2273/2483/2147 4291/2460/2128 4162/2484/2148
f 2273/2483/2147 4292/2482/2146 2220/2485/2149
f 2235/2472/2138 4631/2486/2000 162/2487/2150
f 2219/2458/2126 2163/2415/2085 665/2427/2097
f 4292/2482/2146 2272/2461/2129 2165/2426/2096
f 4540/2488/2151 4472/2438/2106 4469/2406/2076
f 4153/2465/2132 4161/2464/2131 4169/2489/2152
f 681/2433/2101 1020/2455/2123 666/2468/2135
f 2235/2472/2138 402/2479/2143 140/2490/2153
f 2318/2491/2154 617/2492/2155 610/2493/2156
f 2220/2485/2149 2163/2415/2085 2219/2458/2126
f 4477/2405/2075 4471/2494/2157 4469/2406/2076
f 4395/2495/2158 1489/2462/520 738/2496/2159
f 2222/2497/2160 623/2481/2145 615/2444/2112
f 4470/2498/2161 4535/2499/2162 3652/2451/2119
f 2275/2500/2163 591/2501/2164 4468/2502/2165
f 4464/2454/2122 4465/2453/2121 4466/2420/2090
f 4291/2460/2128 631/2459/2127 705/2503/2166
f 2165/2426/2096 2272/2461/2129 706/2416/2086
f 402/2479/2143 2235/2472/2138 162/2487/2150
f 2235/2472/2138 494/2504/2167 597/2476/2140
f 2163/2415/2085 4292/2482/2146 2165/2426/2096
f 642/2434/2102 643/2505/75 4207/2432/2100
f 4158/2506/82 4409/2471/103 2271/2470/2137
f 4409/2471/103 4631/2486/2000 2235/2472/2138
f 2222/2497/2160 4167/2507/2168 4345/2508/2169
f 1489/2462/520 4395/2495/2158 737/2417/2087
f 4292/2482/2146 2163/2415/2085 2220/2485/2149
f 2271/2470/2137 2272/2461/2129 2273/2483/2147
f 1489/2462/520 2235/2472/2138 2044/2509/499
f 738/2496/2159 741/2510/573 739/2511/2170
f 2235/2472/2138 403/2512/2171 494/2504/2167
f 2273/2483/2147 4162/2484/2148 4158/2506/82
f 2316/2513/2172 623/2481/2145 4152/2514/2173
f 403/2512/2171 2235/2472/2138 32/2515/2174
f 4160/2516/2175 4143/2517/2176 4345/2508/2169
f 2235/2472/2138 1489/2462/520 2271/2470/2137
f 2271/2470/2137 1489/2462/520 2272/2461/2129
f 4181/2518/2177 4175/2519/2178 634/2520/2179
f 1489/2462/520 740/2521/543 738/2496/2159
f 737/2417/2087 706/2416/2086 1489/2462/520
f 4290/2522/2180 4162/2484/2148 4291/2460/2128
f 4160/2516/2175 4196/2523/2181 4145/2524/2182
f 612/2525/2183 611/2526/2184 4156/2475/2139
f 1020/2455/2123 681/2433/2101 4377/2450/2118
f 4207/2432/2100 643/2505/75 961/2527/90
f 4196/2523/2181 4160/2516/2175 603/2528/2185
f 1042/2446/2114 2235/2472/2138 140/2490/2153
f 4473/2439/2107 92/2529/1995 4597/2530/1986
f 2235/2472/2138 1042/2446/2114 32/2515/2174
f 591/2501/2164 603/2528/2185 4160/2516/2175
f 757/2403/2073 4395/2495/2158 4370/2401/2071
f 739/2511/2170 714/2531/2186 4395/2495/2158
f 4165/2409/2079 4164/2423/2093 4163/2449/2117
f 3673/2421/2091 4164/2423/2093 4165/2409/2079
f 594/2532/2187 1038/2533/2188 25/2443/2111
f 4169/2489/2152 3549/2534/2189 4171/2535/2190
f 617/2492/2155 2307/2536/2191 4167/2507/2168
f 961/2527/90 607/2477/2141 4207/2432/2100
f 3558/2422/2092 3549/2534/2189 4164/2423/2093
f 89/2441/2109 30/2537/2192 90/2419/2089
f 2318/2491/2154 2319/2463/2130 4153/2465/2132
f 612/2525/2183 4156/2475/2139 598/2538/2193
f 4467/2539/2194 4544/2411/2081 4528/2410/2080
f 3673/2421/2091 4544/2411/2081 4470/2498/2161
f 596/2457/2125 943/2469/2136 949/2431/2099
f 4175/2519/2178 2275/2500/2163 4468/2502/2165
f 653/2540/2195 681/2433/2101 666/2468/2135
f 705/2503/2166 704/2541/98 4290/2522/2180
f 3673/2421/2091 3533/2452/2120 3558/2422/2092
f 4467/2539/2194 4540/2488/2151 4544/2411/2081
f 4528/2410/2080 3597/2418/2088 4466/2420/2090
f 4528/2410/2080 4465/2453/2121 4467/2539/2194
f 90/2419/2089 402/2479/2143 93/2478/2142
f 620/2542/2196 403/2512/2171 32/2515/2174
f 642/2434/2102 653/2540/2195 948/2543/97
f 1020/2455/2123 4377/2450/2118 4375/2424/2094
f 89/2441/2109 1679/2435/2103 618/2437/2105
f 949/2431/2099 858/2425/2095 596/2457/2125
f 4702/2408/2078 2185/2402/2072 4370/2401/2071
f 714/2531/2186 4370/2401/2071 4395/2495/2158
f 644/2544/102 607/2477/2141 961/2527/90
f 665/2427/2097 4377/2450/2118 630/2466/2133
f 4158/2506/82 2271/2470/2137 2273/2483/2147
f 623/2481/2145 2316/2513/2172 593/2442/2110
f 642/2434/2102 948/2543/97 643/2505/75
f 4177/2545/2197 634/2520/2179 4468/2502/2165
f 631/2459/2127 607/2477/2141 1032/2546/101
f 4169/2489/2152 4167/2507/2168 4153/2465/2132
f 610/2493/2156 617/2492/2155 615/2444/2112
f 4468/2502/2165 591/2501/2164 4177/2545/2197
f 2222/2497/2160 4345/2508/2169 4152/2514/2173
f 763/2547/2198 4475/2548/2199 2316/2513/2172
f 140/2490/2153 402/2479/2143 30/2537/2192
f 4163/2449/2117 4161/2464/2131 2319/2463/2130
f 704/2541/98 4166/2549/81 4290/2522/2180
f 4169/2489/2152 4164/2423/2093 3549/2534/2189
f 4290/2522/2180 4291/2460/2128 705/2503/2166
f 1962/2407/2077 860/2412/2082 858/2425/2095
f 135/2430/2035 133/2480/2144 136/2428/2098
f 4544/2411/2081 4540/2488/2151 4470/2498/2161
f 4470/2498/2161 3652/2451/2119 3673/2421/2091
f 4466/2420/2090 4465/2453/2121 4528/2410/2080
f 1679/2435/2103 4586/2550/2200 4587/2448/2116
f 4466/2420/2090 90/2419/2089 93/2478/2142
f 4160/2516/2175 4177/2545/2197 591/2501/2164
f 4468/2502/2165 634/2520/2179 4175/2519/2178
f 136/2428/2098 402/2479/2143 162/2487/2150
f 4470/2498/2161 4540/2488/2151 4469/2406/2076
f 2319/2463/2130 4587/2448/2116 4163/2449/2117
f 3533/2452/2120 3652/2451/2119 3426/2551/2201
f 1962/2407/2077 4370/2401/2071 749/2552/2202
f 4290/2522/2180 4166/2549/81 4158/2506/82
f 1038/2533/2188 599/2553/2203 24/2554/2204
f 626/2555/2205 4181/2518/2177 634/2520/2179
f 4377/2450/2118 665/2427/2097 4702/2408/2078
f 30/2537/2192 29/2447/2115 140/2490/2153
f 597/2476/2140 598/2538/2193 4156/2475/2139
f 4586/2550/2200 1679/2435/2103 89/2441/2109
f 4163/2449/2117 4164/2423/2093 4161/2464/2131
f 31/2445/2113 32/2515/2174 1042/2446/2114
f 4469/2406/2076 4472/2438/2106 4526/2404/2074
f 4540/2488/2151 4465/2453/2121 4472/2438/2106
f 617/2492/2155 2222/2497/2160 615/2444/2112
f 93/2478/2142 91/2556/2206 4466/2420/2090
f 29/2447/2115 30/2537/2192 89/2441/2109
f 3667/2557/2052 4471/2494/2157 100/2558/2067
f 91/2556/2206 93/2478/2142 133/2480/2144
f 681/2433/2101 4207/2432/2100 4377/2450/2118
f 599/2553/2203 494/2504/2167 26/2559/2207
f 4164/2423/2093 4169/2489/2152 4161/2464/2131
f 631/2459/2127 2219/2458/2126 665/2427/2097
f 25/2443/2111 593/2442/2110 594/2532/2187
f 4528/2410/2080 4163/2449/2117 3597/2418/2088
f 4165/2409/2079 4544/2411/2081 3673/2421/2091
f 745/2560/2208 714/2531/2186 741/2510/573
f 4160/2516/2175 4345/2508/2169 4177/2545/2197
f 2220/2485/2149 4291/2460/2128 2273/2483/2147
f 4167/2507/2168 2222/2497/2160 617/2492/2155
f 705/2503/2166 631/2459/2127 1032/2546/101
f 860/2412/2082 1962/2407/2077 749/2552/2202
f 943/2469/2136 666/2468/2135 1020/2455/2123
f 4471/2494/2157 4470/2498/2161 4469/2406/2076
f 4143/2517/2176 4160/2516/2175 4145/2524/2182
f 4471/2494/2157 4535/2499/2162 4470/2498/2161
f 4535/2499/2162 3426/2551/2201 3652/2451/2119
f 644/2544/102 1032/2546/101 607/2477/2141
f 133/2480/2144 402/2479/2143 136/2428/2098
f 89/2441/2109 31/2445/2113 29/2447/2115
f 3597/2418/2088 4587/2448/2116 4586/2550/2200
f 704/2541/98 705/2503/2166 1032/2546/101
f 4189/2467/2134 943/2469/2136 596/2457/2125
f 2318/2491/2154 610/2493/2156 622/2436/2104
f 162/2487/2150 4631/2486/2000 137/2429/1945
f 626/2555/2205 4177/2545/2197 4345/2508/2169
f 4464/2454/2122 4466/2420/2090 91/2556/2206
f 133/2480/2144 92/2529/1995 91/2556/2206
f 741/2510/573 743/2561/532 745/2560/2208
f 949/2431/2099 943/2469/2136 1020/2455/2123
f 4152/2514/2173 4145/2524/2182 2316/2513/2172
f 676/2562/513 744/2563/2209 743/2561/532
f 634/2520/2179 4177/2545/2197 626/2555/2205
f 626/2555/2205 4345/2508/2169 4169/2489/2152
f 91/2556/2206 92/2529/1995 4464/2454/2122
f 740/2521/543 741/2510/573 738/2496/2159
f 744/2563/2209 745/2560/2208 743/2561/532
f 3426/2551/2201 4535/2499/2162 4471/2494/2157
f 744/2563/2209 676/2562/513 675/2564/2210
f 32/2515/2174 31/2445/2113 620/2542/2196
f 847/2565/2211 4864/2413/2083 749/2552/2202
f 4345/2508/2169 4143/2517/2176 4152/2514/2173
f 598/2538/2193 594/2532/2187 612/2525/2183
f 714/2531/2186 739/2511/2170 741/2510/573
f 4165/2409/2079 4163/2449/2117 4528/2410/2080
f 4473/2439/2107 4472/2438/2106 4464/2454/2122
f 133/2480/2144 135/2430/2035 92/2529/1995
f 594/2532/2187 598/2538/2193 1038/2533/2188
f 847/2565/2211 714/2531/2186 745/2560/2208
f 744/2563/2209 847/2565/2211 745/2560/2208
f 847/2565/2211 744/2563/2209 675/2564/2210
f 4471/2494/2157 4477/2405/2075 978/2474/2070
f 599/2553/2203 1038/2533/2188 598/2538/2193
f 739/2511/2170 4395/2495/2158 738/2496/2159
f 26/2559/2207 24/2554/2204 599/2553/2203
f 4291/2460/2128 2220/2485/2149 2219/2458/2126
f 24/2554/2204 1039/2566/2212 25/2443/2111
f 1679/2435/2103 4587/2448/2116 622/2436/2104
f 4526/2404/2074 4473/2439/2107 4506/2567/2033
f 763/2547/2198 2316/2513/2172 2206/2568/2213
f 4158/2506/82 4162/2484/2148 4290/2522/2180
f 4145/2524/2182 4152/2514/2173 4143/2517/2176
f 4473/2439/2107 4464/2454/2122 92/2529/1995
f 714/2531/2186 847/2565/2211 749/2552/2202
f 610/2493/2156 25/2443/2111 1039/2566/2212
f 597/2476/2140 494/2504/2167 599/2553/2203
f 2206/2568/2213 2316/2513/2172 2221/2569/2214
f 620/2542/2196 618/2437/2105 621/2570/2215
f 610/2493/2156 27/2571/2216 621/2570/2215
f 653/2540/2195 642/2434/2102 681/2433/2101
f 29/2447/2115 1042/2446/2114 140/2490/2153
f 675/2564/2210 674/2572/2217 847/2565/2211
f 4702/2408/2078 665/2427/2097 2185/2402/2072
f 4370/2401/2071 714/2531/2186 749/2552/2202
f 621/2570/2215 403/2512/2171 620/2542/2196
f 2307/2536/2191 4153/2465/2132 4167/2507/2168
f 90/2419/2089 4586/2550/2200 89/2441/2109
f 611/2526/2184 612/2525/2183 761/2573/2218
f 4526/2404/2074 4506/2567/2033 4476/2473/1938
f 4465/2453/2121 4540/2488/2151 4467/2539/2194
f 4597/2530/1986 4506/2567/2033 4473/2439/2107
f 674/2572/2217 4864/2413/2083 847/2565/2211
f 4169/2489/2152 4345/2508/2169 4167/2507/2168
f 494/2504/2167 403/2512/2171 27/2571/2216
f 749/2552/2202 4864/2413/2083 860/2412/2082
f 89/2441/2109 1041/2440/2108 31/2445/2113
f 674/2572/2217 669/2414/2084 4864/2413/2083
f 4169/2489/2152 4181/2518/2177 626/2555/2205
f 737/2417/2087 4395/2495/2158 757/2403/2073
f 618/2437/2105 610/2493/2156 621/2570/2215
f 31/2445/2113 1041/2440/2108 620/2542/2196
f 618/2437/2105 622/2436/2104 610/2493/2156
f 4471/2494/2157 978/2474/2070 100/2558/2067
f 137/2429/1945 136/2428/2098 162/2487/2150
f 2316/2513/2172 4475/2548/2199 593/2442/2110
f 598/2538/2193 597/2476/2140 599/2553/2203
f 27/2571/2216 26/2559/2207 494/2504/2167
f 4475/2548/2199 594/2532/2187 593/2442/2110
f 610/2493/2156 615/2444/2112 25/2443/2111
f 618/2437/2105 620/2542/2196 1041/2440/2108
f 4171/2535/2190 4181/2518/2177 4169/2489/2152
f 2221/2569/2214 2316/2513/2172 4145/2524/2182
f 24/2554/2204 26/2559/2207 1039/2566/2212
f 761/2573/2218 4475/2548/2199 763/2547/2198
f 403/2512/2171 621/2570/2215 27/2571/2216
f 594/2532/2187 4475/2548/2199 612/2525/2183
f 2222/2497/2160 4152/2514/2173 623/2481/2145
f 4586/2550/2200 90/2419/2089 3597/2418/2088
f 27/2571/2216 610/2493/2156 1039/2566/2212
f 612/2525/2183 4475/2548/2199 761/2573/2218
f 4587/2448/2116 2319/2463/2130 622/2436/2104
f 2307/2536/2191 617/2492/2155 2318/2491/2154
f 402/2479/2143 90/2419/2089 30/2537/2192
f 26/2559/2207 27/2571/2216 1039/2566/2212
f 24/2554/2204 25/2443/2111 1038/2533/2188
f 4153/2465/2132 2307/2536/2191 2318/2491/2154
f 2319/2463/2130 2318/2491/2154 622/2436/2104
f 3821/2574/2219 3924/2575/2220 3790/2576/2221
f 3961/2577/2222 4040/2578/2223 3962/2579/2224
f 3162/2580/2225 4033/2581/2226 2615/2582/2227
f 3722/2583/2228 3480/2584/2229 3862/2585/2230
f 3961/2577/2222 4043/2586/2231 4039/2587/2232
f 3974/2588/2233 3798/2589/2234 4038/2590/2235
f 3962/2579/2224 4043/2586/2231 3961/2577/2222
f 517/2591/58 516/2592/2236 3826/2593/688
f 3504/2594/2237 3862/2585/2230 3480/2584/2229
f 3097/2595/723 3922/2596/2238 3817/2597/2239
f 3926/2598/2240 3826/2593/688 516/2592/2236
f 3815/2599/725 3803/2600/2241 3722/2583/2228
f 542/2601/2242 3069/2602/2243 3068/2603/2244
f 3790/2576/2221 4090/2604/2245 3821/2574/2219
f 3464/2605/2246 3902/2606/2247 3820/2607/2248
f 3693/2608/2249 3962/2579/2224 4040/2578/2223
f 3924/2575/2220 542/2601/2242 514/2609/49
f 3812/2610/2250 4090/2604/2245 4106/2611/2251
f 4057/2612/2252 2847/2613/2253 4044/2614/2254
f 544/2615/2255 3784/2616/740 3758/2617/739
f 3795/2618/2256 3797/2619/2257 3861/2620/2258
f 3830/2621/2259 3927/2622/2260 3820/2607/2248
f 3830/2621/2259 3793/2623/2261 3927/2622/2260
f 3793/2623/2261 3861/2620/2258 3800/2624/2262
f 3820/2607/2248 3821/2574/2219 3856/2625/2263
f 3973/2626/2264 2800/2627/2265 3962/2579/2224
f 3683/2628/2266 3803/2600/2241 3817/2597/2239
f 544/2615/2255 545/2629/2267 4087/2630/2268
f 4095/2631/2269 3812/2610/2250 4106/2611/2251
f 3475/2632/2270 3964/2633/2271 3681/2634/2272
f 544/2615/2255 4087/2630/2268 3787/2635/2273
f 3067/2636/40 3068/2603/2244 3069/2602/2243
f 543/2637/2274 3926/2598/2240 545/2629/2267
f 3067/2636/40 4087/2630/2268 3825/2638/2275
f 3069/2602/2243 3800/2624/2262 3797/2619/2257
f 3927/2622/2260 3800/2624/2262 542/2601/2242
f 2847/2613/2253 2849/2639/2276 3805/2640/2277
f 3812/2610/2250 3821/2574/2219 4090/2604/2245
f 3826/2593/688 3926/2598/2240 543/2637/2274
f 4032/2641/2278 2613/2642/2279 4025/2643/2280
f 3789/2644/2281 3067/2636/40 3825/2638/2275
f 3067/2636/40 3069/2602/2243 4087/2630/2268
f 3922/2596/2238 3097/2595/723 3076/2645/719
f 3805/2640/2277 4044/2614/2254 2847/2613/2253
f 3886/2646/2282 3681/2634/2272 3887/2647/2283
f 3886/2646/2282 2800/2627/2265 3973/2626/2264
f 3795/2618/2256 3861/2620/2258 3922/2596/2238
f 3789/2644/2281 4080/2648/37 3067/2636/40
f 3693/2608/2249 4038/2590/2235 3798/2589/2234
f 913/2649/42 3790/2576/2221 514/2609/49
f 3758/2617/739 3826/2593/688 543/2637/2274
f 3504/2594/2237 3480/2584/2229 3481/2650/2284
f 542/2601/2242 3800/2624/2262 3069/2602/2243
f 3926/2598/2240 3925/2651/44 4080/2648/37
f 3718/2652/2285 3861/2620/2258 3793/2623/2261
f 3801/2653/2286 3902/2606/2247 3707/2654/2287
f 3817/2597/2239 3922/2596/2238 3718/2652/2285
f 4080/2648/37 3789/2644/2281 3926/2598/2240
f 3798/2589/2234 3973/2626/2264 3693/2608/2249
f 546/2655/46 3926/2598/2240 516/2592/2236
f 3859/2656/2288 3971/2657/2289 3814/2658/2290
f 4091/2659/2291 2800/2627/2265 2801/2660/2292
f 516/2592/2236 517/2591/58 546/2655/46
f 543/2637/2274 544/2615/2255 3758/2617/739
f 4095/2631/2269 4106/2611/2251 3805/2640/2277
f 3068/2603/2244 3067/2636/40 575/2661/39
f 540/2662/50 514/2609/49 542/2601/2242
f 3596/2663/2293 3971/2657/2289 3970/2664/2294
f 3927/2622/2260 3793/2623/2261 3800/2624/2262
f 4043/2586/2231 4057/2612/2252 2632/2665/2295
f 4112/2666/2296 4090/2604/2245 913/2649/42
f 542/2601/2242 3924/2575/2220 3927/2622/2260
f 4091/2659/2291 2801/2660/2292 2847/2613/2253
f 3797/2619/2257 3800/2624/2262 3861/2620/2258
f 3796/2667/2297 3922/2596/2238 3076/2645/719
f 3856/2625/2263 3887/2647/2283 3476/2668/2298
f 3925/2651/44 3926/2598/2240 546/2655/46
f 3825/2638/2275 4087/2630/2268 545/2629/2267
f 3789/2644/2281 3825/2638/2275 3926/2598/2240
f 3803/2600/2241 3040/2669/736 3817/2597/2239
f 4095/2631/2269 3856/2625/2263 3812/2610/2250
f 3596/2663/2293 3814/2658/2290 3971/2657/2289
f 544/2615/2255 543/2637/2274 545/2629/2267
f 3069/2602/2243 3797/2619/2257 4087/2630/2268
f 3799/2670/2299 297/2671/2300 3477/2672/2301
f 3826/2593/688 3827/2673/54 517/2591/58
f 2849/2639/2276 4095/2631/2269 3805/2640/2277
f 3795/2618/2256 3796/2667/2297 3866/2674/2302
f 4095/2631/2269 3887/2647/2283 3856/2625/2263
f 3820/2607/2248 3856/2625/2263 3464/2605/2246
f 3718/2652/2285 3801/2653/2286 3481/2650/2284
f 3830/2621/2259 3902/2606/2247 3793/2623/2261
f 3830/2621/2259 3820/2607/2248 3902/2606/2247
f 3816/2675/2303 4087/2630/2268 3866/2674/2302
f 4593/2676/2304 3596/2663/2293 3970/2664/2294
f 3474/2677/2305 4093/2678/2306 3919/2679/2307
f 3503/2680/2308 4558/2681/2309 4557/2682/691
f 3467/2683/2310 3919/2679/2307 4093/2678/2306
f 2/2684/2311 4/2685/2312 3977/2686/2313
f 3985/2687/2314 4030/2688/2315 4024/2689/2316
f 3792/2690/2317 3919/2679/2307 3479/2691/2318
f 3483/2692/2319 3467/2683/2310 3749/2693/2320
f 3040/2669/736 3803/2600/2241 3815/2599/725
f 3974/2588/2233 3968/2694/2321 3969/2695/2322
f 4583/2696/2323 2/2684/2311 3977/2686/2313
f 3707/2654/2287 3970/2664/2294 3486/2697/2324
f 3474/2677/2305 3967/2698/2325 3463/2699/2326
f 544/2615/2255 3787/2635/2273 3784/2616/740
f 3482/2700/2327 2842/2701/2328 3842/2702/2329
f 3794/2703/2330 3483/2692/2319 2842/2701/2328
f 3987/2704/2331 4560/2705/2332 3965/2706/2333
f 3485/2707/2334 3749/2693/2320 3975/2708/2335
f 3459/2709/2336 3460/2710/2337 3985/2687/2314
f 3967/2698/2325 3972/2711/2338 3463/2699/2326
f 3469/2712/2339 3766/2713/2340 3987/2704/2331
f 3974/2588/2233 3461/2714/2341 3968/2694/2321
f 3040/2669/736 3097/2595/723 3817/2597/2239
f 3465/2715/2342 3469/2712/2339 3965/2706/2333
f 3455/2716/1262 3534/2717/755 3450/2718/2343
f 3880/2719/2344 3443/2720/2345 3450/2718/2343
f 3452/2721/2346 3443/2720/2345 3454/2722/2347
f 3880/2719/2344 3450/2718/2343 3979/2723/2348
f 4601/2724/2349 3456/2725/2350 3161/2726/423
f 3157/2727/411 4601/2724/2349 3161/2726/423
f 3979/2723/2348 3450/2718/2343 3534/2717/755
f 3979/2723/2348 3448/2728/2351 3540/2729/2352
f 3455/2716/1262 3450/2718/2343 3452/2721/2346
f 3487/2730/2353 3447/2731/2354 3453/2732/2355
f 4739/2733/419 3452/2721/2346 4021/2734/2356
f 3454/2722/2347 4601/2724/2349 4021/2734/2356
f 3975/2708/2335 3489/2735/2357 3460/2710/2337
f 3841/2736/2358 3453/2732/2355 3990/2737/2359
f 3487/2730/2353 3459/2709/2336 3456/2725/2350
f 3157/2727/411 4021/2734/2356 4601/2724/2349
f 4021/2734/2356 3452/2721/2346 3454/2722/2347
f 3880/2719/2344 3451/2738/2360 3443/2720/2345
f 3455/2716/1262 3452/2721/2346 4739/2733/419
f 3454/2722/2347 4600/2739/2361 4601/2724/2349
f 3456/2725/2350 4600/2739/2361 3487/2730/2353
f 3453/2732/2355 3540/2729/2352 3990/2737/2359
f 3157/2727/411 4739/2733/419 4021/2734/2356
f 3449/2740/672 3979/2723/2348 3534/2717/755
f 4601/2724/2349 4600/2739/2361 3456/2725/2350
f 4600/2739/2361 3454/2722/2347 3451/2738/2360
f 3443/2720/2345 3452/2721/2346 3450/2718/2343
f 3451/2738/2360 3454/2722/2347 3443/2720/2345
f 3447/2731/2354 4600/2739/2361 3451/2738/2360
f 4600/2739/2361 3447/2731/2354 3487/2730/2353
f 3867/2741/2362 3841/2736/2358 3990/2737/2359
f 3540/2729/2352 3451/2738/2360 3880/2719/2344
f 3451/2738/2360 3540/2729/2352 3447/2731/2354
f 490/2742/713 3979/2723/2348 3449/2740/672
f 3453/2732/2355 3459/2709/2336 3487/2730/2353
f 3453/2732/2355 3447/2731/2354 3540/2729/2352
f 3975/2708/2335 3462/2743/2363 3485/2707/2334
f 3880/2719/2344 3979/2723/2348 3540/2729/2352
f 3453/2732/2355 3462/2743/2363 3459/2709/2336
f 3979/2723/2348 490/2742/713 3448/2728/2351
f 3841/2736/2358 3462/2743/2363 3453/2732/2355
f 3462/2743/2363 3975/2708/2335 3459/2709/2336
f 3990/2737/2359 3540/2729/2352 3448/2728/2351
f 490/2742/713 3990/2737/2359 3448/2728/2351
f 3462/2743/2363 3841/2736/2358 3485/2707/2334
f 3460/2710/2337 3459/2709/2336 3975/2708/2335
f 3502/2744/2364 3990/2737/2359 490/2742/713
f 3990/2737/2359 3502/2744/2364 3867/2741/2362
f 3795/2618/2256 3866/2674/2302 4087/2630/2268
f 3474/2677/2305 3463/2699/2326 3472/2745/2365
f 3787/2635/2273 4087/2630/2268 3816/2675/2303
f 3755/2746/702 4558/2681/2309 3502/2744/2364
f 2847/2613/2253 4057/2612/2252 4091/2659/2291
f 3862/2585/2230 3690/2747/730 3815/2599/725
f 4056/2748/2366 4036/2749/2367 4043/2586/2231
f 3496/2750/686 3495/2751/675 3814/2658/2290
f 3708/2752/2368 3970/2664/2294 3707/2654/2287
f 3483/2692/2319 3485/2707/2334 3842/2702/2329
f 4583/2696/2323 3974/2588/2233 4038/2590/2235
f 4557/2682/691 4558/2681/2309 3755/2746/702
f 3796/2667/2297 3829/2753/720 3816/2675/2303
f 2847/2613/2253 4095/2631/2269 2849/2639/2276
f 3887/2647/2283 4095/2631/2269 2801/2660/2292
f 3464/2605/2246 3856/2625/2263 3476/2668/2298
f 3801/2653/2286 3718/2652/2285 3793/2623/2261
f 3987/2704/2331 4024/2689/2316 4030/2688/2315
f 3465/2715/2342 3488/2754/2369 3457/2755/2370
f 3922/2596/2238 3861/2620/2258 3718/2652/2285
f 3902/2606/2247 3801/2653/2286 3793/2623/2261
f 3795/2618/2256 3922/2596/2238 3796/2667/2297
f 3967/2698/2325 3966/2756/2371 3964/2633/2271
f 3749/2693/2320 3467/2683/2310 3484/2757/2372
f 4583/2696/2323 3977/2686/2313 3461/2714/2341
f 3787/2635/2273 3930/2758/698 3784/2616/740
f 4593/2676/2304 3708/2752/2368 3482/2700/2327
f 3816/2675/2303 3930/2758/698 3787/2635/2273
f 4043/2586/2231 4091/2659/2291 4057/2612/2252
f 3477/2672/2301 3792/2690/2317 3799/2670/2299
f 2613/2642/2279 2615/2582/2227 4033/2581/2226
f 3707/2654/2287 3902/2606/2247 297/2671/2300
f 2801/2660/2292 4095/2631/2269 2847/2613/2253
f 3474/2677/2305 3919/2679/2307 3477/2672/2301
f 3504/2594/2237 3971/2657/2289 3859/2656/2288
f 3967/2698/2325 3964/2633/2271 3972/2711/2338
f 3488/2754/2369 3465/2715/2342 3489/2735/2357
f 3799/2670/2299 3707/2654/2287 297/2671/2300
f 3493/2759/2373 3842/2702/2329 3841/2736/2358
f 4557/2682/691 3496/2750/686 3503/2680/2308
f 3797/2619/2257 3795/2618/2256 4087/2630/2268
f 3821/2574/2219 3820/2607/2248 3927/2622/2260
f 3461/2714/2341 3457/2755/2370 3968/2694/2321
f 3468/2760/2374 3484/2757/2372 3472/2745/2365
f 3755/2746/702 3502/2744/2364 3536/2761/684
f 3496/2750/686 3814/2658/2290 3503/2680/2308
f 4093/2678/2306 3484/2757/2372 3467/2683/2310
f 3465/2715/2342 3461/2714/2341 3469/2712/2339
f 490/2742/713 3536/2761/684 3502/2744/2364
f 4023/2762/2375 3170/2763/2376 3163/2764/2377
f 4558/2681/2309 3503/2680/2308 3493/2759/2373
f 4558/2681/2309 3867/2741/2362 3502/2744/2364
f 4023/2762/2375 4025/2643/2280 3170/2763/2376
f 3493/2759/2373 3867/2741/2362 4558/2681/2309
f 3867/2741/2362 3493/2759/2373 3841/2736/2358
f 3842/2702/2329 3493/2759/2373 3482/2700/2327
f 3842/2702/2329 3485/2707/2334 3841/2736/2358
f 3503/2680/2308 3814/2658/2290 3493/2759/2373
f 3170/2763/2376 4025/2643/2280 4033/2581/2226
f 4033/2581/2226 3162/2580/2225 3170/2763/2376
f 3170/2763/2376 3162/2580/2225 3163/2764/2377
f 3485/2707/2334 3483/2692/2319 3749/2693/2320
f 2842/2701/2328 3483/2692/2319 3842/2702/2329
f 6/2765/2378 4025/2643/2280 4023/2762/2375
f 3493/2759/2373 3814/2658/2290 3596/2663/2293
f 3495/2751/675 3690/2747/730 3862/2585/2230
f 3495/2751/675 3859/2656/2288 3814/2658/2290
f 3479/2691/2318 3794/2703/2330 2842/2701/2328
f 2842/2701/2328 3482/2700/2327 3708/2752/2368
f 3479/2691/2318 3467/2683/2310 3794/2703/2330
f 3484/2757/2372 3458/2766/2379 3749/2693/2320
f 3458/2766/2379 3489/2735/2357 3975/2708/2335
f 4033/2581/2226 4025/2643/2280 2613/2642/2279
f 4025/2643/2280 6/2765/2378 4032/2641/2278
f 3479/2691/2318 2842/2701/2328 3708/2752/2368
f 3479/2691/2318 3919/2679/2307 3467/2683/2310
f 4093/2678/2306 3472/2745/2365 3484/2757/2372
f 3468/2760/2374 3458/2766/2379 3484/2757/2372
f 3974/2588/2233 4583/2696/2323 3461/2714/2341
f 4023/2762/2375 4024/2689/2316 3766/2713/2340
f 3458/2766/2379 3468/2760/2374 3489/2735/2357
f 4093/2678/2306 3474/2677/2305 3472/2745/2365
f 4593/2676/2304 3482/2700/2327 3596/2663/2293
f 3489/2735/2357 3468/2760/2374 3488/2754/2369
f 3495/2751/675 3862/2585/2230 3859/2656/2288
f 4032/2641/2278 4039/2587/2232 2613/2642/2279
f 4/2685/2312 4032/2641/2278 6/2765/2378
f 4038/2590/2235 4040/2578/2223 4031/2767/2380
f 3504/2594/2237 3859/2656/2288 3862/2585/2230
f 3862/2585/2230 3815/2599/725 3722/2583/2228
f 3799/2670/2299 3792/2690/2317 3479/2691/2318
f 3472/2745/2365 3463/2699/2326 3468/2760/2374
f 3457/2755/2370 3488/2754/2369 3468/2760/2374
f 3477/2672/2301 3966/2756/2371 3474/2677/2305
f 3457/2755/2370 3468/2760/2374 3463/2699/2326
f 3489/2735/2357 3465/2715/2342 4560/2705/2332
f 3966/2756/2371 3967/2698/2325 3474/2677/2305
f 3924/2575/2220 3821/2574/2219 3927/2622/2260
f 4042/2768/2381 2613/2642/2279 4039/2587/2232
f 3966/2756/2371 3477/2672/2301 3476/2668/2298
f 3463/2699/2326 3963/2769/2382 3457/2755/2370
f 2613/2642/2279 3177/2770/2383 2615/2582/2227
f 3465/2715/2342 3457/2755/2370 3461/2714/2341
f 4560/2705/2332 3465/2715/2342 3965/2706/2333
f 3483/2692/2319 3794/2703/2330 3467/2683/2310
f 3489/2735/2357 4560/2705/2332 3460/2710/2337
f 3476/2668/2298 3964/2633/2271 3966/2756/2371
f 3596/2663/2293 3482/2700/2327 3493/2759/2373
f 540/2662/50 3068/2603/2244 575/2661/39
f 3963/2769/2382 3968/2694/2321 3457/2755/2370
f 3463/2699/2326 3972/2711/2338 3963/2769/2382
f 3821/2574/2219 3812/2610/2250 3856/2625/2263
f 4030/2688/2315 3460/2710/2337 4560/2705/2332
f 3963/2769/2382 3969/2695/2322 3968/2694/2321
f 3963/2769/2382 3972/2711/2338 3969/2695/2322
f 3766/2713/2340 3469/2712/2339 3461/2714/2341
f 3475/2632/2270 3972/2711/2338 3964/2633/2271
f 6/2765/2378 3977/2686/2313 4/2685/2312
f 4036/2749/2367 4042/2768/2381 4039/2587/2232
f 4038/2590/2235 3693/2608/2249 4040/2578/2223
f 3479/2691/2318 3708/2752/2368 3799/2670/2299
f 3965/2706/2333 3469/2712/2339 3987/2704/2331
f 4560/2705/2332 3987/2704/2331 4030/2688/2315
f 4031/2767/2380 4040/2578/2223 4/2685/2312
f 3985/2687/2314 3460/2710/2337 4030/2688/2315
f 4024/2689/2316 4022/2771/2384 3985/2687/2314
f 3766/2713/2340 4024/2689/2316 3987/2704/2331
f 3749/2693/2320 3458/2766/2379 3975/2708/2335
f 4038/2590/2235 4031/2767/2380 4583/2696/2323
f 3456/2725/2350 3985/2687/2314 3160/2772/2385
f 3160/2772/2385 3985/2687/2314 4022/2771/2384
f 4024/2689/2316 4675/2773/2386 4022/2771/2384
f 4583/2696/2323 4031/2767/2380 2/2684/2311
f 3456/2725/2350 3160/2772/2385 3161/2726/423
f 4675/2773/2386 4024/2689/2316 3164/2774/2387
f 4031/2767/2380 4/2685/2312 2/2684/2311
f 4023/2762/2375 3977/2686/2313 6/2765/2378
f 3163/2764/2377 3164/2774/2387 4023/2762/2375
f 3476/2668/2298 3887/2647/2283 3681/2634/2272
f 2801/2660/2292 3886/2646/2282 3887/2647/2283
f 3464/2605/2246 3477/2672/2301 3902/2606/2247
f 3476/2668/2298 3477/2672/2301 3464/2605/2246
f 3456/2725/2350 3459/2709/2336 3985/2687/2314
f 2632/2665/2295 4056/2748/2366 4043/2586/2231
f 3708/2752/2368 4593/2676/2304 3970/2664/2294
f 3970/2664/2294 3971/2657/2289 3504/2594/2237
f 3475/2632/2270 3973/2626/2264 3798/2589/2234
f 4042/2768/2381 4036/2749/2367 4056/2748/2366
f 2613/2642/2279 4042/2768/2381 3177/2770/2383
f 4043/2586/2231 4036/2749/2367 4039/2587/2232
f 3961/2577/2222 4039/2587/2232 4/2685/2312
f 4040/2578/2223 3961/2577/2222 4/2685/2312
f 3962/2579/2224 3693/2608/2249 3973/2626/2264
f 3930/2758/698 3816/2675/2303 3785/2775/735
f 3164/2774/2387 4024/2689/2316 4023/2762/2375
f 4091/2659/2291 4043/2586/2231 3962/2579/2224
f 3477/2672/2301 3919/2679/2307 3792/2690/2317
f 3461/2714/2341 3977/2686/2313 3766/2713/2340
f 4023/2762/2375 3766/2713/2340 3977/2686/2313
f 3798/2589/2234 3969/2695/2322 3972/2711/2338
f 3475/2632/2270 3798/2589/2234 3972/2711/2338
f 3798/2589/2234 3974/2588/2233 3969/2695/2322
f 4090/2604/2245 3790/2576/2221 913/2649/42
f 542/2601/2242 3068/2603/2244 540/2662/50
f 3926/2598/2240 3825/2638/2275 545/2629/2267
f 3964/2633/2271 3476/2668/2298 3681/2634/2272
f 3816/2675/2303 3866/2674/2302 3796/2667/2297
f 3886/2646/2282 3973/2626/2264 3475/2632/2270
f 3790/2576/2221 3924/2575/2220 514/2609/49
f 3708/2752/2368 3707/2654/2287 3799/2670/2299
f 3486/2697/2324 3970/2664/2294 3504/2594/2237
f 3722/2583/2228 3803/2600/2241 3683/2628/2266
f 3481/2650/2284 3480/2584/2229 3722/2583/2228
f 4056/2748/2366 3177/2770/2383 4042/2768/2381
f 4032/2641/2278 4/2685/2312 4039/2587/2232
f 2800/2627/2265 3886/2646/2282 2801/2660/2292
f 297/2671/2300 3902/2606/2247 3477/2672/2301
f 3718/2652/2285 3481/2650/2284 3683/2628/2266
f 3481/2650/2284 3801/2653/2286 3486/2697/2324
f 3817/2597/2239 3718/2652/2285 3683/2628/2266
f 3801/2653/2286 3707/2654/2287 3486/2697/2324
f 3796/2667/2297 3076/2645/719 3829/2753/720
f 3785/2775/735 3816/2675/2303 3829/2753/720
f 4091/2659/2291 3962/2579/2224 2800/2627/2265
f 3486/2697/2324 3504/2594/2237 3481/2650/2284
f 3886/2646/2282 3475/2632/2270 3681/2634/2272
f 3683/2628/2266 3481/2650/2284 3722/2583/2228
f 4076/2776/2388 4108/2777/2389 2491/2778/2390
f 4094/2779/2391 4086/2780/2392 573/2781/2393
f 691/2782/2394 4215/2783/2395 690/2784/2396
f 4151/2785/2397 4212/2786/2398 4307/2787/2399
f 4047/2788/2400 4048/2789/2401 2644/2790/2402
f 690/2784/2396 4215/2783/2395 4325/2791/2403
f 4074/2792/2404 4110/2793/2405 4108/2777/2389
f 4328/2794/2406 732/2795/2407 734/2796/2408
f 736/2797/2409 937/2798/2410 730/2799/2411
f 2236/2800/2412 2988/2801/22 4773/2802/521
f 4083/2803/2413 4121/2804/2414 4081/2805/2415
f 4124/2806/2416 4083/2803/2413 1954/2807/62
f 4126/2808/2417 4116/2809/2418 74/2810/2419
f 4135/2811/2420 4134/2812/2421 4272/2813/2422
f 3697/2814/2423 4119/2815/2424 3813/2816/2425
f 923/2817/2426 4089/2818/2427 2388/2819/2428
f 4086/2780/2392 4094/2779/2391 3813/2816/2425
f 2414/2820/2429 4141/2821/2430 4237/2822/2431
f 4122/2823/2432 4114/2824/2433 4270/2825/2434
f 4337/2826/2435 4335/2827/2436 4315/2828/2437
f 4113/2829/2438 2365/2830/2439 4134/2812/2421
f 4102/2831/2440 4108/2777/2389 4076/2776/2388
f 4088/2832/2441 4100/2833/2442 4119/2815/2424
f 4103/2834/2443 2365/2830/2439 2414/2820/2429
f 571/2835/64 568/2836/2444 1026/2837/2445
f 2543/2838/2446 4422/2839/2447 4079/2840/2448
f 4215/2783/2395 920/2841/2449 4325/2791/2403
f 4108/2777/2389 4110/2793/2405 2491/2778/2390
f 4237/2822/2431 2565/2842/2450 4103/2834/2443
f 4034/2843/2451 3177/2844/2383 4107/2845/2452
f 2582/2846/2453 2581/2847/2454 3786/2848/2455
f 4101/2849/2456 4076/2776/2388 4098/2850/2457
f 2568/2851/2458 4098/2850/2457 3860/2852/2459
f 4076/2776/2388 4101/2849/2456 4102/2831/2440
f 2525/2853/2460 4045/2854/2461 4057/2855/2252
f 913/2856/42 572/2857/47 4085/2858/2462
f 4142/2859/2463 4145/2860/2182 590/2861/2464
f 2549/2862/2465 319/2863/2466 3212/2864/2467
f 4328/2794/2406 736/2797/2409 4336/2865/2468
f 2267/2866/2469 2270/2867/2470 4199/2868/2471
f 939/2869/2472 2236/2800/2412 938/2870/2473
f 4077/2871/2474 4072/2872/2475 4074/2792/2404
f 4088/2832/2441 4085/2858/2462 573/2781/2393
f 1034/2873/2476 496/2874/2477 28/2875/2478
f 2491/2778/2390 4069/2876/2479 4422/2839/2447
f 4146/2877/2480 2206/2878/2213 2028/2879/2481
f 4661/2880/2482 4347/2881/2483 4341/2882/2484
f 573/2781/2393 4120/2883/2485 4094/2779/2391
f 3813/2816/2425 4094/2779/2391 4096/2884/2486
f 4102/2831/2440 4101/2849/2456 2566/2885/2487
f 3840/2886/2488 4096/2884/2486 2568/2851/2458
f 4112/2887/2296 4119/2815/2424 479/2888/2489
f 4116/2809/2418 524/2889/2490 4081/2805/2415
f 2644/2790/2402 2543/2838/2446 4075/2890/2491
f 600/2891/2492 601/2892/2493 2030/2893/2494
f 571/2835/64 573/2781/2393 4085/2858/2462
f 573/2781/2393 1026/2837/2445 4120/2883/2485
f 2561/2894/2495 4048/2789/2401 2596/2895/2496
f 762/2896/2497 761/2897/2218 763/2898/2198
f 2988/2801/22 2236/2800/2412 1040/2899/2498
f 4094/2779/2391 4120/2883/2485 4089/2818/2427
f 4096/2884/2486 4094/2779/2391 4089/2818/2427
f 730/2799/2411 729/2900/2499 601/2892/2493
f 4102/2831/2440 4105/2901/2500 4074/2792/2404
f 2987/2902/57 1036/2903/2501 576/2904/55
f 2478/2905/2502 4072/2872/2475 4077/2871/2474
f 2030/2893/2494 4195/2906/2503 600/2891/2492
f 2525/2853/2460 4075/2890/2491 4046/2907/2504
f 2568/2851/2458 2566/2885/2487 4101/2849/2456
f 2568/2851/2458 4096/2884/2486 923/2817/2426
f 590/2861/2464 4203/2908/2505 4142/2859/2463
f 2235/2909/2138 4156/2910/2139 1034/2873/2476
f 907/2911/63 959/2912/2506 571/2835/64
f 2357/2913/2507 2388/2819/2428 4120/2883/2485
f 2566/2885/2487 2565/2842/2450 4105/2901/2500
f 4196/2914/2181 590/2861/2464 4145/2860/2182
f 2365/2830/2439 4113/2829/2438 4140/2915/2508
f 3212/2864/2467 319/2863/2466 2534/2916/2509
f 2561/2894/2495 3697/2814/2423 3860/2852/2459
f 4146/2877/2480 762/2896/2497 763/2898/2198
f 736/2797/2409 4328/2794/2406 939/2869/2472
f 4336/2865/2468 736/2797/2409 735/2917/2510
f 938/2870/2473 937/2798/2410 939/2869/2472
f 600/2891/2492 4195/2906/2503 735/2917/2510
f 601/2892/2493 762/2896/2497 4146/2877/2480
f 4227/2918/2511 4217/2919/2512 4318/2920/2513
f 28/2875/2478 729/2900/2499 937/2798/2410
f 1026/2837/2445 578/2921/2514 4120/2883/2485
f 4120/2883/2485 578/2921/2514 2357/2913/2507
f 4327/2922/2515 735/2917/2510 4195/2906/2503
f 568/2836/2444 571/2835/64 959/2912/2506
f 4132/2923/2516 4127/2924/2517 4136/2925/2518
f 761/2897/2218 762/2896/2497 595/2926/2519
f 4119/2815/2424 2864/2927/2520 479/2888/2489
f 4107/2845/2452 3177/2844/2383 2630/2928/2521
f 603/2929/2185 4201/2930/2522 664/2931/2523
f 4088/2832/2441 4119/2815/2424 4085/2858/2462
f 578/2921/2514 524/2889/2490 2358/2932/2524
f 4046/2907/2504 4075/2890/2491 2549/2862/2465
f 4203/2908/2505 590/2861/2464 604/2933/2525
f 690/2784/2396 4139/2934/2526 720/2935/2527
f 604/2933/2525 590/2861/2464 664/2931/2523
f 1040/2899/2498 2236/2800/2412 1037/2936/2528
f 2596/2895/2496 2864/2927/2520 2561/2894/2495
f 959/2912/2506 958/2937/2529 568/2836/2444
f 4282/2938/2530 4110/2793/2405 4072/2872/2475
f 4121/2804/2414 4123/2939/2531 4116/2809/2418
f 611/2940/2184 595/2926/2519 588/2941/2532
f 4139/2934/2526 4317/2942/2533 720/2935/2527
f 604/2933/2525 4308/2943/2534 4203/2908/2505
f 2221/2944/2214 4145/2860/2182 4142/2859/2463
f 2028/2879/2481 2206/2878/2213 4149/2945/2535
f 2549/2862/2465 4463/2946/2536 3210/2947/2537
f 603/2929/2185 664/2931/2523 590/2861/2464
f 4201/2930/2522 603/2929/2185 591/2948/2164
f 736/2797/2409 600/2891/2492 735/2917/2510
f 4195/2906/2503 4212/2786/2398 4151/2785/2397
f 4047/2788/2400 2525/2853/2460 4057/2855/2252
f 4044/2949/2254 4047/2788/2400 4057/2855/2252
f 524/2889/2490 4083/2803/2413 4081/2805/2415
f 2596/2895/2496 4044/2949/2254 3805/2950/2277
f 2568/2851/2458 4101/2849/2456 4098/2850/2457
f 923/2817/2426 4096/2884/2486 4089/2818/2427
f 4321/2951/2538 4123/2939/2531 584/2952/2539
f 2235/2909/2138 2236/2800/2412 2044/2953/499
f 3805/2950/2277 4106/2954/2251 2864/2927/2520
f 2549/2862/2465 3210/2947/2537 3187/2955/2540
f 4338/2956/2541 4337/2826/2435 4336/2865/2468
f 4501/2957/2542 4463/2946/2536 4069/2876/2479
f 4079/2840/2448 4463/2946/2536 2549/2862/2465
f 4195/2906/2503 2030/2893/2494 4212/2786/2398
f 4075/2890/2491 2525/2853/2460 4047/2788/2400
f 4332/2958/2543 4330/2959/2544 4661/2880/2482
f 2596/2895/2496 4048/2789/2401 4044/2949/2254
f 2987/2902/57 2988/2801/22 1040/2899/2498
f 2236/2800/2412 2235/2909/2138 1034/2873/2476
f 3190/2960/2545 2270/2867/2470 4202/2961/2546
f 4107/2845/2452 2996/2962/2547 2994/2963/2548
f 761/2897/2218 595/2926/2519 611/2940/2184
f 4324/2964/2549 4127/2924/2517 4132/2923/2516
f 4124/2806/2416 1954/2807/62 1036/2903/2501
f 4339/2965/2550 4317/2942/2533 4138/2966/2551
f 2644/2790/2402 4075/2890/2491 4047/2788/2400
f 4327/2922/2515 4338/2956/2541 735/2917/2510
f 939/2869/2472 4328/2794/2406 589/2967/2552
f 2543/2838/2446 4079/2840/2448 4075/2890/2491
f 2478/2905/2502 4077/2871/2474 2477/2968/2553
f 2566/2885/2487 2568/2851/2458 923/2817/2426
f 1034/2873/2476 4156/2910/2139 496/2874/2477
f 2388/2819/2428 2357/2913/2507 4122/2823/2432
f 578/2921/2514 1026/2837/2445 568/2836/2444
f 2644/2790/2402 2561/2894/2495 3860/2852/2459
f 585/2969/2554 4315/2828/2437 4128/2970/2555
f 4317/2942/2533 4139/2934/2526 4138/2966/2551
f 4116/2809/2418 4126/2808/2417 4114/2824/2433
f 2358/2932/2524 2357/2913/2507 578/2921/2514
f 2543/2838/2446 2644/2790/2402 4098/2850/2457
f 2358/2932/2524 4122/2823/2432 2357/2913/2507
f 2596/2895/2496 3805/2950/2277 2864/2927/2520
f 937/2798/2410 938/2870/2473 28/2875/2478
f 1954/2807/62 4083/2803/2413 958/2937/2529
f 2566/2885/2487 923/2817/2426 2565/2842/2450
f 2478/2905/2502 4280/2971/2556 4072/2872/2475
f 479/2888/2489 4106/2954/2251 4090/2972/2245
f 4124/2806/2416 1037/2936/2528 582/2973/2557
f 1037/2936/2528 587/2974/2558 582/2973/2557
f 1036/2903/2501 1037/2936/2528 4124/2806/2416
f 4102/2831/2440 2566/2885/2487 4105/2901/2500
f 587/2974/2558 1037/2936/2528 586/2975/2559
f 4077/2871/2474 4105/2901/2500 2565/2842/2450
f 4422/2839/2447 4463/2946/2536 4079/2840/2448
f 4327/2922/2515 4151/2785/2397 4342/2976/2560
f 4122/2823/2432 4104/2977/2561 2388/2819/2428
f 4057/2855/2252 4045/2854/2461 2632/2978/2295
f 3813/2816/2425 4096/2884/2486 3840/2886/2488
f 4045/2854/2461 4046/2907/2504 2996/2962/2547
f 319/2863/2466 2549/2862/2465 3187/2955/2540
f 2581/2847/2454 2994/2963/2548 2996/2962/2547
f 4347/2881/2483 4330/2959/2544 4317/2942/2533
f 2864/2927/2520 4106/2954/2251 479/2888/2489
f 2644/2790/2402 4048/2789/2401 2561/2894/2495
f 4119/2815/2424 3697/2814/2423 2864/2927/2520
f 2632/2978/2295 2630/2928/2521 4056/2979/2366
f 4325/2791/2403 920/2841/2449 4237/2822/2431
f 4127/2924/2517 4113/2829/2438 4136/2925/2518
f 571/2835/64 4085/2858/2462 572/2857/47
f 28/2875/2478 496/2874/2477 588/2941/2532
f 4074/2792/2404 4108/2777/2389 4102/2831/2440
f 586/2975/2559 585/2969/2554 587/2974/2558
f 4151/2785/2397 4307/2787/2399 4342/2976/2560
f 4146/2877/2480 763/2898/2198 2206/2878/2213
f 1037/2936/2528 1036/2903/2501 1040/2899/2498
f 2354/2980/2562 4220/2981/2563 4227/2918/2511
f 4342/2976/2560 4329/2982/2564 4341/2882/2484
f 2206/2878/2213 2221/2944/2214 4142/2859/2463
f 4122/2823/2432 2358/2932/2524 4114/2824/2433
f 2996/2962/2547 3212/2864/2467 2581/2847/2454
f 958/2937/2529 578/2921/2514 568/2836/2444
f 3813/2816/2425 4100/2833/2442 4084/2983/2565
f 4124/2806/2416 4123/2939/2531 4121/2804/2414
f 4098/2850/2457 2644/2790/2402 3860/2852/2459
f 4045/2854/2461 2630/2928/2521 2632/2978/2295
f 4308/2943/2534 4329/2982/2564 4342/2976/2560
f 4328/2794/2406 4336/2865/2468 4337/2826/2435
f 4318/2920/2513 4330/2959/2544 4332/2958/2543
f 2267/2866/2469 4221/2984/2566 4202/2961/2546
f 4329/2982/2564 604/2933/2525 4150/2985/2567
f 4074/2792/2404 4072/2872/2475 4110/2793/2405
f 4110/2793/2405 2547/2986/2568 2491/2778/2390
f 588/2941/2532 729/2900/2499 28/2875/2478
f 2317/2987/2569 4206/2988/2570 4201/2930/2522
f 601/2892/2493 729/2900/2499 595/2926/2519
f 4315/2828/2437 4339/2965/2550 4138/2966/2551
f 589/2967/2552 4328/2794/2406 734/2796/2408
f 4280/2971/2556 2478/2905/2502 566/2989/2571
f 4069/2876/2479 2491/2778/2390 2547/2986/2568
f 2491/2778/2390 4422/2839/2447 4076/2776/2388
f 720/2935/2527 4318/2920/2513 4217/2919/2512
f 4330/2959/2544 4318/2920/2513 4317/2942/2533
f 4199/2868/2471 4329/2982/2564 4150/2985/2567
f 601/2892/2493 600/2891/2492 730/2799/2411
f 4341/2882/2484 4334/2990/2572 4342/2976/2560
f 4340/2991/2573 4347/2881/2483 4339/2965/2550
f 4308/2943/2534 4307/2787/2399 4203/2908/2505
f 4076/2776/2388 4422/2839/2447 2543/2838/2446
f 585/2969/2554 586/2975/2559 2236/2800/2412
f 729/2900/2499 730/2799/2411 937/2798/2410
f 4661/2880/2482 4341/2882/2484 4344/2992/2574
f 731/2993/2575 2236/2800/2412 734/2796/2408
f 732/2795/2407 731/2993/2575 734/2796/2408
f 4338/2956/2541 4336/2865/2468 735/2917/2510
f 720/2935/2527 4217/2919/2512 691/2782/2394
f 595/2926/2519 762/2896/2497 601/2892/2493
f 4334/2990/2572 4335/2827/2436 4327/2922/2515
f 2267/2866/2469 4199/2868/2471 4150/2985/2567
f 4337/2826/2435 4338/2956/2541 4335/2827/2436
f 4199/2868/2471 4344/2992/2574 4329/2982/2564
f 937/2798/2410 736/2797/2409 939/2869/2472
f 4280/2971/2556 4282/2938/2530 4072/2872/2475
f 4126/2808/2417 4272/2813/2422 4270/2825/2434
f 496/2874/2477 4156/2910/2139 611/2940/2184
f 4129/2994/2576 4128/2970/2555 4322/2995/2577
f 4136/2925/2518 4135/2811/2420 4272/2813/2422
f 1036/2903/2501 2987/2902/57 1040/2899/2498
f 4113/2829/2438 4135/2811/2420 4136/2925/2518
f 4237/2822/2431 4103/2834/2443 2414/2820/2429
f 4321/2951/2538 74/2810/2419 4123/2939/2531
f 4237/2822/2431 920/2841/2449 2477/2968/2553
f 4315/2828/2437 732/2795/2407 4337/2826/2435
f 2236/2800/2412 1034/2873/2476 938/2870/2473
f 4069/2876/2479 4463/2946/2536 4422/2839/2447
f 4132/2923/2516 584/2952/2539 4129/2994/2576
f 4344/2992/2574 4199/2868/2471 2270/2867/2470
f 2365/2830/2439 4103/2834/2443 4104/2977/2561
f 600/2891/2492 736/2797/2409 730/2799/2411
f 4337/2826/2435 732/2795/2407 4328/2794/2406
f 4140/2915/2508 4322/2995/2577 4138/2966/2551
f 2267/2866/2469 4150/2985/2567 4201/2930/2522
f 2317/2987/2569 4201/2930/2522 591/2948/2164
f 4077/2871/2474 4074/2792/2404 4105/2901/2500
f 4149/2945/2535 4142/2859/2463 4203/2908/2505
f 3162/2996/2225 2615/2997/2227 3191/2998/2578
f 2236/2800/2412 731/2993/2575 585/2969/2554
f 4327/2922/2515 4335/2827/2436 4338/2956/2541
f 4315/2828/2437 585/2969/2554 732/2795/2407
f 664/2931/2523 4150/2985/2567 604/2933/2525
f 1037/2936/2528 2236/2800/2412 586/2975/2559
f 4140/2915/2508 4113/2829/2438 4127/2924/2517
f 4339/2965/2550 4335/2827/2436 4340/2991/2573
f 664/2931/2523 4201/2930/2522 4150/2985/2567
f 4270/2825/2434 4272/2813/2422 4134/2812/2421
f 4315/2828/2437 4335/2827/2436 4339/2965/2550
f 2270/2867/2470 2267/2866/2469 4202/2961/2546
f 4034/2843/2451 3191/2998/2578 2615/2997/2227
f 582/2973/2557 587/2974/2558 584/2952/2539
f 4098/2850/2457 4076/2776/2388 2543/2838/2446
f 2354/2980/2562 4213/2999/2579 4220/2981/2563
f 3860/2852/2459 3697/2814/2423 3840/2886/2488
f 4340/2991/2573 4334/2990/2572 4341/2882/2484
f 4661/2880/2482 4330/2959/2544 4347/2881/2483
f 4120/2883/2485 2388/2819/2428 4089/2818/2427
f 4340/2991/2573 4341/2882/2484 4347/2881/2483
f 2568/2851/2458 3860/2852/2459 3840/2886/2488
f 4344/2992/2574 2354/2980/2562 4332/2958/2543
f 4116/2809/2418 4081/2805/2415 4121/2804/2414
f 4215/2783/2395 566/2989/2571 920/2841/2449
f 4123/2939/2531 4124/2806/2416 582/2973/2557
f 3191/2998/2578 3181/3000/2580 3162/2996/2225
f 585/2969/2554 4129/2994/2576 587/2974/2558
f 4116/2809/2418 4114/2824/2433 524/2889/2490
f 4083/2803/2413 524/2889/2490 958/2937/2529
f 1026/2837/2445 573/2781/2393 571/2835/64
f 2582/2846/2453 3191/2998/2578 4034/2843/2451
f 4221/2984/2566 4213/2999/2579 4202/2961/2546
f 2030/2893/2494 4146/2877/2480 2028/2879/2481
f 923/2817/2426 2388/2819/2428 4104/2977/2561
f 4318/2920/2513 4332/2958/2543 2354/2980/2562
f 2270/2867/2470 3190/2960/2545 4344/2992/2574
f 4321/2951/2538 584/2952/2539 4136/2925/2518
f 4317/2942/2533 4339/2965/2550 4347/2881/2483
f 923/2817/2426 4103/2834/2443 2565/2842/2450
f 4128/2970/2555 4129/2994/2576 585/2969/2554
f 4085/2858/2462 4119/2815/2424 4112/2887/2296
f 4213/2999/2579 3190/2960/2545 4202/2961/2546
f 4129/2994/2576 584/2952/2539 587/2974/2558
f 4084/2983/2565 4100/2833/2442 4088/2832/2441
f 595/2926/2519 729/2900/2499 588/2941/2532
f 4322/2995/2577 4315/2828/2437 4138/2966/2551
f 4079/2840/2448 2549/2862/2465 4075/2890/2491
f 4340/2991/2573 4335/2827/2436 4334/2990/2572
f 4270/2825/2434 4104/2977/2561 4122/2823/2432
f 2354/2980/2562 3190/2960/2545 4213/2999/2579
f 4123/2939/2531 74/2810/2419 4116/2809/2418
f 4058/3001/2581 3210/2947/2537 4463/2946/2536
f 601/2892/2493 4146/2877/2480 2030/2893/2494
f 4151/2785/2397 4327/2922/2515 4195/2906/2503
f 4136/2925/2518 584/2952/2539 4132/2923/2516
f 2236/2800/2412 939/2869/2472 589/2967/2552
f 588/2941/2532 496/2874/2477 611/2940/2184
f 720/2935/2527 691/2782/2394 690/2784/2396
f 2996/2962/2547 4046/2907/2504 3212/2864/2467
f 589/2967/2552 734/2796/2408 2236/2800/2412
f 4104/2977/2561 4134/2812/2421 2365/2830/2439
f 4196/2914/2181 603/2929/2185 590/2861/2464
f 4149/2945/2535 2206/2878/2213 4142/2859/2463
f 2582/2846/2453 3181/3000/2580 3191/2998/2578
f 4149/2945/2535 4307/2787/2399 4212/2786/2398
f 4086/2780/2392 4084/2983/2565 573/2781/2393
f 4317/2942/2533 4318/2920/2513 720/2935/2527
f 4322/2995/2577 4132/2923/2516 4129/2994/2576
f 584/2952/2539 4123/2939/2531 582/2973/2557
f 2565/2842/2450 2477/2968/2553 4077/2871/2474
f 4139/2934/2526 4140/2915/2508 4138/2966/2551
f 4324/2964/2549 4322/2995/2577 4140/2915/2508
f 4034/2843/2451 2615/2997/2227 3177/2844/2383
f 4344/2992/2574 4341/2882/2484 4329/2982/2564
f 4058/3001/2581 4463/2946/2536 4501/2957/2542
f 2582/2846/2453 4034/2843/2451 4107/2845/2452
f 958/2937/2529 959/2912/2506 1954/2807/62
f 4308/2943/2534 4342/2976/2560 4307/2787/2399
f 3190/2960/2545 2354/2980/2562 4344/2992/2574
f 4307/2787/2399 4149/2945/2535 4203/2908/2505
f 2354/2980/2562 4227/2918/2511 4318/2920/2513
f 4126/2808/2417 74/2810/2419 4272/2813/2422
f 3813/2816/2425 4084/2983/2565 4086/2780/2392
f 2028/2879/2481 4149/2945/2535 2030/2893/2494
f 2534/2916/2509 3786/2848/2455 3212/2864/2467
f 3212/2864/2467 3786/2848/2455 2581/2847/2454
f 2236/2800/2412 4773/2802/521 2044/2953/499
f 4322/2995/2577 4324/2964/2549 4132/2923/2516
f 479/2888/2489 4090/2972/2245 4112/2887/2296
f 938/2870/2473 1034/2873/2476 28/2875/2478
f 4140/2915/2508 4139/2934/2526 4141/2821/2430
f 3212/2864/2467 4046/2907/2504 2549/2862/2465
f 2630/2928/2521 2996/2962/2547 4107/2845/2452
f 907/2911/63 1954/2807/62 959/2912/2506
f 958/2937/2529 524/2889/2490 578/2921/2514
f 524/2889/2490 4114/2824/2433 2358/2932/2524
f 3697/2814/2423 3813/2816/2425 3840/2886/2488
f 4135/2811/2420 4113/2829/2438 4134/2812/2421
f 4100/2833/2442 3813/2816/2425 4119/2815/2424
f 4045/2854/2461 2525/2853/2460 4046/2907/2504
f 4324/2964/2549 4140/2915/2508 4127/2924/2517
f 4112/2887/2296 913/2856/42 4085/2858/2462
f 4322/2995/2577 4128/2970/2555 4315/2828/2437
f 4272/2813/2422 74/2810/2419 4321/2951/2538
f 920/2841/2449 566/2989/2571 2478/2905/2502
f 4103/2834/2443 923/2817/2426 4104/2977/2561
f 2630/2928/2521 4045/2854/2461 2996/2962/2547
f 2565/2842/2450 4237/2822/2431 2477/2968/2553
f 4661/2880/2482 4344/2992/2574 4332/2958/2543
f 3697/2814/2423 2561/2894/2495 2864/2927/2520
f 4321/2951/2538 4136/2925/2518 4272/2813/2422
f 4141/2821/2430 4139/2934/2526 4325/2791/2403
f 2365/2830/2439 4140/2915/2508 4141/2821/2430
f 1036/2903/2501 1954/2807/62 576/2904/55
f 3786/2848/2455 3181/3000/2580 2582/2846/2453
f 2994/2963/2548 2582/2846/2453 4107/2845/2452
f 3181/3000/2580 3786/2848/2455 3178/3002/2582
f 920/2841/2449 2478/2905/2502 2477/2968/2553
f 4201/2930/2522 4206/2988/2570 2267/2866/2469
f 4334/2990/2572 4327/2922/2515 4342/2976/2560
f 4325/2791/2403 4139/2934/2526 690/2784/2396
f 4088/2832/2441 573/2781/2393 4084/2983/2565
f 731/2993/2575 732/2795/2407 585/2969/2554
f 4212/2786/2398 2030/2893/2494 4149/2945/2535
f 4215/2783/2395 691/2782/2394 4267/3003/2583
f 4047/2788/2400 4044/2949/2254 4048/2789/2401
f 691/2782/2394 4217/2919/2512 4267/3003/2583
f 4308/2943/2534 604/2933/2525 4329/2982/2564
f 4126/2808/2417 4270/2825/2434 4114/2824/2433
f 3786/2848/2455 2534/2916/2509 3178/3002/2582
f 2994/2963/2548 2581/2847/2454 2582/2846/2453
f 2630/2928/2521 3177/2844/2383 4056/2979/2366
f 4134/2812/2421 4104/2977/2561 4270/2825/2434
f 4121/2804/2414 4083/2803/2413 4124/2806/2416
f 4237/2822/2431 4141/2821/2430 4325/2791/2403
f 2365/2830/2439 4141/2821/2430 2414/2820/2429
f 1127/3004/2584 1050/3005/2585 1410/3006/2586
f 1467/3007/2587 1083/3008/2588 1463/3009/2589
f 1797/3010/2590 1558/3011/2591 1798/3012/2592
f 1079/3013/2593 1134/3014/2594 1046/3015/2595
f 1091/3016/2596 1456/3017/2597 1102/3018/2598
f 1087/3019/2599 4490/3020/2600 4682/3021/2601
f 1813/3022/2602 1671/3023/2603 1558/3011/2591
f 1670/3024/2604 1825/3025/156 4543/3026/2605
f 1134/3014/2594 1388/3027/2606 1046/3015/2595
f 1401/3028/2607 1371/3029/2608 1406/3030/2609
f 1670/3024/2604 1798/3012/2592 1671/3023/2603
f 1535/3031/2610 1670/3024/2604 4543/3026/2605
f 1535/3031/2610 1798/3012/2592 1670/3024/2604
f 1735/3032/2611 3035/3033/2612 2726/3034/2613
f 1515/3035/165 1825/3025/156 1671/3023/2603
f 1515/3035/165 1671/3023/2603 1813/3022/2602
f 1060/3036/2614 1045/3037/2615 1308/3038/2616
f 1079/3013/2593 1108/3039/2617 1338/3040/2618
f 1321/3041/2619 38/3042/2620 1103/3043/2621
f 1558/3011/2591 1797/3010/2590 1527/3044/2622
f 1102/3018/2598 1456/3017/2597 1321/3041/2619
f 1670/3024/2604 1671/3023/2603 1825/3025/156
f 1176/3045/2623 1339/3046/2624 1338/3040/2618
f 1206/3047/2625 3126/3048/2626 1308/3038/2616
f 1409/3049/2627 1455/3050/2628 1751/3051/2629
f 1049/3052/2630 1391/3053/2631 1079/3013/2593
f 1671/3023/2603 1798/3012/2592 1558/3011/2591
f 1157/3054/2632 1091/3016/2596 1092/3055/2633
f 1157/3054/2632 3126/3048/2626 1206/3047/2625
f 1404/3056/2634 1492/3057/1934 1115/3058/2635
f 4543/3026/2605 1537/3059/2636 1535/3031/2610
f 1333/3060/2637 4524/3061/2638 4943/3062/2639
f 1412/3063/1927 1407/3064/1926 1404/3056/2634
f 1703/3065/2640 1463/3009/2589 1500/3066/2641
f 1787/3067/2642 1785/3068/2643 1788/3069/2644
f 45/3070/1543 1790/3071/1553 36/3072/2645
f 1784/3073/175 1785/3068/2643 1713/3074/176
f 4534/3075/2646 1494/3076/2647 1480/3077/2648
f 1713/3074/176 1785/3068/2643 1787/3067/2642
f 1785/3068/2643 1531/3078/2649 1788/3069/2644
f 1785/3068/2643 1784/3073/175 1531/3078/2649
f 120/3079/2650 4539/3080/2651 1487/3081/2652
f 1487/3081/2652 1793/3082/2653 4534/3075/2646
f 1773/3083/172 4538/3084/2654 1486/3085/171
f 4538/3084/2654 1784/3073/175 1486/3085/171
f 1505/3086/2655 4534/3075/2646 1793/3082/2653
f 4534/3075/2646 1480/3077/2648 1487/3081/2652
f 1796/3087/2656 4538/3084/2654 1487/3081/2652
f 1531/3078/2649 1465/3088/2657 1788/3069/2644
f 1481/3089/2658 1531/3078/2649 1784/3073/175
f 1487/3081/2652 4539/3080/2651 1796/3087/2656
f 4538/3084/2654 1773/3083/172 1793/3082/2653
f 4539/3080/2651 1465/3088/2657 1531/3078/2649
f 120/3079/2650 1465/3088/2657 4539/3080/2651
f 1481/3089/2658 1796/3087/2656 1531/3078/2649
f 1796/3087/2656 1481/3089/2658 4538/3084/2654
f 1481/3089/2658 1784/3073/175 4538/3084/2654
f 1793/3082/2653 1487/3081/2652 4538/3084/2654
f 4539/3080/2651 1531/3078/2649 1796/3087/2656
f 1458/3090/2659 1471/3091/2660 1402/3092/2661
f 2232/3093/2662 1507/3094/2663 4548/3095/2664
f 2233/3096/2665 2232/3093/2662 2175/3097/2666
f 1502/3098/2667 1498/3099/2668 1471/3091/2660
f 2175/3097/2666 1387/3100/2669 2233/3096/2665
f 1502/3098/2667 1458/3090/2659 1387/3100/2669
f 1399/3101/2670 1458/3090/2659 1402/3092/2661
f 1465/3088/2657 120/3079/2650 1472/3102/2671
f 1499/3103/2672 1387/3100/2669 1458/3090/2659
f 1472/3102/2671 1470/3104/2673 1465/3088/2657
f 1458/3090/2659 1502/3098/2667 1471/3091/2660
f 1495/3105/2674 2233/3096/2665 1387/3100/2669
f 1471/3091/2660 3073/3106/2675 1402/3092/2661
f 1495/3105/2674 1387/3100/2669 1499/3103/2672
f 2233/3096/2665 1495/3105/2674 2232/3093/2662
f 2175/3097/2666 2232/3093/2662 4548/3095/2664
f 1444/3107/2676 1472/3102/2671 1480/3077/2648
f 1495/3105/2674 1499/3103/2672 1460/3108/2677
f 1460/3108/2677 1499/3103/2672 1414/3109/2678
f 1502/3098/2667 1387/3100/2669 2175/3097/2666
f 1509/3110/2679 1495/3105/2674 1506/3111/2680
f 2232/3093/2662 1495/3105/2674 1509/3110/2679
f 1499/3103/2672 1458/3090/2659 1414/3109/2678
f 1047/3112/2681 1115/3058/2635 1051/3113/1910
f 1175/3114/2682 1339/3046/2624 1176/3045/2623
f 1372/3115/2683 1375/3116/2684 1500/3066/2641
f 1735/3032/2611 1401/3028/2607 1710/3117/2685
f 1157/3054/2632 1318/3118/2686 1091/3016/2596
f 40/3119/2687 41/3120/2688 55/3121/2689
f 4490/3020/2600 848/3122/2690 1497/3123/2691
f 1149/3124/2692 1361/3125/2693 1148/3126/2694
f 2693/3127/2695 1409/3049/2627 1703/3065/2640
f 4682/3021/2601 1116/3128/2696 1417/3129/2697
f 1308/3038/2616 3126/3048/2626 1060/3036/2614
f 1051/3113/1910 1132/3130/2698 1047/3112/2681
f 1710/3117/2685 3035/3033/2612 1735/3032/2611
f 1375/3116/2684 1401/3028/2607 1735/3032/2611
f 1401/3028/2607 1406/3030/2609 1103/3043/2621
f 1500/3066/2641 1463/3009/2589 1083/3008/2588
f 1456/3017/2597 37/3131/2699 38/3042/2620
f 1052/3132/2700 1308/3038/2616 1132/3130/2698
f 1155/3133/2701 37/3131/2699 1456/3017/2597
f 1051/3113/1910 1126/3134/1931 1132/3130/2698
f 41/3120/2688 1160/3135/1527 1795/3136/2702
f 1318/3118/2686 1062/3137/2703 56/3138/2704
f 1155/3133/2701 55/3121/2689 37/3131/2699
f 1463/3009/2589 1111/3139/2705 1467/3007/2587
f 4524/3061/2638 102/3140/2706 1075/3141/2707
f 2693/3127/2695 1703/3065/2640 1375/3116/2684
f 1127/3004/2584 1090/3142/2708 1050/3005/2585
f 1442/3143/2709 4942/3144/2710 1470/3104/2673
f 1188/3145/1802 1316/3146/2711 1100/3147/2712
f 2651/3148/2713 1409/3049/2627 2693/3127/2695
f 37/3131/2699 36/3072/2645 38/3042/2620
f 1059/3149/2714 1149/3124/2692 1148/3126/2694
f 1052/3132/2700 1158/3150/2715 1062/3137/2703
f 1409/3049/2627 1751/3051/2629 1703/3065/2640
f 1132/3130/2698 1126/3134/1931 1101/3151/2716
f 1052/3132/2700 1316/3146/2711 1158/3150/2715
f 1470/3104/2673 4942/3144/2710 1465/3088/2657
f 1355/3152/2717 1452/3153/2718 1081/3154/2719
f 1442/3143/2709 4555/3155/2720 4942/3144/2710
f 1059/3149/2714 1049/3052/2630 1338/3040/2618
f 1751/3051/2629 1463/3009/2589 1703/3065/2640
f 4542/3156/2721 1442/3143/2709 4552/3157/2722
f 1047/3112/2681 1132/3130/2698 1308/3038/2616
f 1052/3132/2700 1100/3147/2712 1316/3146/2711
f 1371/3029/2608 1048/3158/2723 1339/3046/2624
f 1790/3071/1553 38/3042/2620 36/3072/2645
f 4490/3020/2600 1088/3159/2724 848/3122/2690
f 1100/3147/2712 1052/3132/2700 1132/3130/2698
f 1158/3150/2715 56/3138/2704 1062/3137/2703
f 55/3121/2689 1155/3133/2701 56/3138/2704
f 1101/3151/2716 1126/3134/1931 1136/3160/1786
f 1470/3104/2673 1472/3102/2671 1444/3107/2676
f 1416/3161/2725 1446/3162/2726 1399/3101/2670
f 4541/3163/2727 1497/3123/2691 4542/3156/2721
f 1111/3139/2705 1463/3009/2589 1455/3050/2628
f 1111/3139/2705 1455/3050/2628 1066/3164/2728
f 1415/3165/2729 1439/3166/2730 1404/3056/2634
f 1463/3009/2589 1751/3051/2629 1455/3050/2628
f 1442/3143/2709 1470/3104/2673 1444/3107/2676
f 2726/3034/2613 51/3167/1143 2687/3168/1133
f 120/3079/2650 1480/3077/2648 1472/3102/2671
f 1158/3150/2715 1316/3146/2711 1315/3169/1796
f 4541/3163/2727 4552/3157/2722 4527/3170/2731
f 1391/3053/2631 1087/3019/2599 1079/3013/2593
f 56/3138/2704 1158/3150/2715 1315/3169/1796
f 4552/3157/2722 1442/3143/2709 1444/3107/2676
f 1414/3109/2678 1458/3090/2659 1399/3101/2670
f 3035/3033/2612 51/3167/1143 2726/3034/2613
f 1731/3171/1082 1617/3172/1096 2024/3173/2732
f 55/3121/2689 56/3138/2704 40/3119/2687
f 1081/3154/2719 1147/3174/2733 1322/3175/2734
f 1487/3081/2652 1480/3077/2648 120/3079/2650
f 1442/3143/2709 4542/3156/2721 4555/3155/2720
f 1444/3107/2676 1494/3076/2647 4552/3157/2722
f 1137/3176/2735 1101/3151/2716 1136/3160/1786
f 56/3138/2704 1155/3133/2701 1318/3118/2686
f 1494/3076/2647 1444/3107/2676 1480/3077/2648
f 1416/3161/2725 1399/3101/2670 1389/3177/2736
f 1184/3178/2737 1497/3123/2691 4541/3163/2727
f 4541/3163/2727 4527/3170/2731 1184/3178/2737
f 102/3140/2706 3818/3179/2738 1075/3141/2707
f 1460/3108/2677 1184/3178/2737 4527/3170/2731
f 1184/3178/2737 1386/3180/2739 1497/3123/2691
f 1617/3172/1096 1146/3181/2740 1147/3174/2733
f 1176/3045/2623 1395/3182/2741 1175/3114/2682
f 4542/3156/2721 4552/3157/2722 4541/3163/2727
f 1446/3162/2726 1386/3180/2739 1399/3101/2670
f 1386/3180/2739 1184/3178/2737 1460/3108/2677
f 1497/3123/2691 1386/3180/2739 4595/3183/2742
f 1414/3109/2678 1386/3180/2739 1460/3108/2677
f 1446/3162/2726 4595/3183/2742 1386/3180/2739
f 1149/3124/2692 1500/3066/2641 1083/3008/2588
f 1399/3101/2670 1386/3180/2739 1414/3109/2678
f 1446/3162/2726 1447/3184/2743 4595/3183/2742
f 1447/3184/2743 1446/3162/2726 1416/3161/2725
f 1447/3184/2743 1416/3161/2725 1439/3166/2730
f 1389/3177/2736 1439/3166/2730 1416/3161/2725
f 1389/3177/2736 1404/3056/2634 1439/3166/2730
f 1402/3092/2661 1404/3056/2634 1389/3177/2736
f 1399/3101/2670 1402/3092/2661 1389/3177/2736
f 2024/3173/2732 1147/3174/2733 1081/3154/2719
f 1406/3030/2609 1395/3182/2741 1103/3043/2621
f 36/3072/2645 2684/3185/2744 45/3070/1543
f 848/3122/2690 1088/3159/2724 1831/3186/2745
f 1115/3058/2635 1047/3112/2681 1107/3187/2746
f 1316/3146/2711 1106/3188/1801 1315/3169/1796
f 1077/3189/2747 1049/3052/2630 1168/3190/2748
f 1149/3124/2692 1083/3008/2588 1361/3125/2693
f 36/3072/2645 37/3131/2699 55/3121/2689
f 1137/3176/2735 1188/3145/1802 1100/3147/2712
f 1188/3145/1802 1106/3188/1801 1316/3146/2711
f 1146/3181/2740 1617/3172/1096 1385/3191/1095
f 1415/3165/2729 1115/3058/2635 1107/3187/2746
f 1050/3005/2585 102/3140/2706 1333/3060/2637
f 2681/3192/1083 2651/3148/2713 2687/3168/1133
f 1118/3193/2749 1111/3139/2705 1066/3164/2728
f 1066/3164/2728 1455/3050/2628 1452/3153/2718
f 1455/3050/2628 1409/3049/2627 1452/3153/2718
f 3818/3179/2738 1092/3055/2633 1102/3018/2598
f 1062/3137/2703 1206/3047/2625 1052/3132/2700
f 1091/3016/2596 1155/3133/2701 1456/3017/2597
f 1338/3040/2618 1108/3039/2617 1176/3045/2623
f 1731/3171/1082 1409/3049/2627 1748/3194/2750
f 2651/3148/2713 2681/3192/1083 1748/3194/2750
f 2024/3173/2732 1617/3172/1096 1147/3174/2733
f 1404/3056/2634 1115/3058/2635 1415/3165/2729
f 1710/3117/2685 1401/3028/2607 1103/3043/2621
f 2684/3185/2744 1795/3136/2702 45/3070/1543
f 41/3120/2688 1795/3136/2702 55/3121/2689
f 1137/3176/2735 1099/3195/1785 1188/3145/1802
f 1102/3018/2598 1743/3196/2751 1075/3141/2707
f 39/3197/1930 41/3120/2688 40/3119/2687
f 1514/3198/1795 1528/3199/1929 40/3119/2687
f 2024/3173/2732 1452/3153/2718 1409/3049/2627
f 4682/3021/2601 4490/3020/2600 4595/3183/2742
f 1409/3049/2627 1731/3171/1082 2024/3173/2732
f 1159/3200/1504 45/3070/1543 1795/3136/2702
f 1149/3124/2692 1059/3149/2714 1048/3158/2723
f 1795/3136/2702 2684/3185/2744 55/3121/2689
f 1050/3005/2585 1388/3027/2606 1410/3006/2586
f 43/3201/1525 41/3120/2688 39/3197/1930
f 1090/3142/2708 1415/3165/2729 1107/3187/2746
f 1075/3141/2707 1395/3182/2741 4524/3061/2638
f 1206/3047/2625 1308/3038/2616 1052/3132/2700
f 1406/3030/2609 1175/3114/2682 1395/3182/2741
f 2024/3173/2732 1081/3154/2719 1452/3153/2718
f 3126/3048/2626 1086/3202/2752 1060/3036/2614
f 1795/3136/2702 1160/3135/1527 1159/3200/1504
f 1404/3056/2634 1407/3064/1926 1492/3057/1934
f 1556/3203/2753 1772/3204/2754 1555/3205/1827
f 1772/3204/2754 2217/3206/1915 1555/3205/1827
f 1160/3135/1527 41/3120/2688 43/3201/1525
f 4542/3156/2721 1497/3123/2691 848/3122/2690
f 55/3121/2689 2684/3185/2744 36/3072/2645
f 1064/3207/2755 4505/3208/2756 1355/3152/2717
f 4595/3183/2742 1447/3184/2743 1116/3128/2696
f 1081/3154/2719 1179/3209/2757 1355/3152/2717
f 1492/3057/1934 1128/3210/1781 1115/3058/2635
f 1710/3117/2685 1103/3043/2621 38/3042/2620
f 1136/3160/1786 1099/3195/1785 1137/3176/2735
f 1090/3142/2708 1127/3004/2584 1415/3165/2729
f 1132/3130/2698 1101/3151/2716 1100/3147/2712
f 1703/3065/2640 1500/3066/2641 1375/3116/2684
f 1417/3129/2697 1116/3128/2696 1410/3006/2586
f 1116/3128/2696 4682/3021/2601 4595/3183/2742
f 1087/3019/2599 1134/3014/2594 1079/3013/2593
f 1321/3041/2619 1395/3182/2741 1743/3196/2751
f 1355/3152/2717 1179/3209/2757 1064/3207/2755
f 1514/3198/1795 56/3138/2704 1315/3169/1796
f 1318/3118/2686 1157/3054/2632 1206/3047/2625
f 1064/3207/2755 1451/3211/2758 4505/3208/2756
f 1417/3129/2697 1388/3027/2606 1134/3014/2594
f 1831/3186/2745 1049/3052/2630 1077/3189/2747
f 1790/3071/1553 50/3212/1548 3035/3033/2612
f 39/3197/1930 40/3119/2687 1528/3199/1929
f 1066/3164/2728 1355/3152/2717 4505/3208/2756
f 2726/3034/2613 2687/3168/1133 2651/3148/2713
f 1322/3175/2734 1179/3209/2757 1081/3154/2719
f 1176/3045/2623 1108/3039/2617 4943/3062/2639
f 1395/3182/2741 1321/3041/2619 1103/3043/2621
f 1108/3039/2617 1046/3015/2595 4943/3062/2639
f 38/3042/2620 3035/3033/2612 1710/3117/2685
f 1125/3213/2759 1050/3005/2585 1333/3060/2637
f 1079/3013/2593 1046/3015/2595 1108/3039/2617
f 1318/3118/2686 1155/3133/2701 1091/3016/2596
f 1086/3202/2752 1090/3142/2708 1060/3036/2614
f 1496/3214/2760 1460/3108/2677 4527/3170/2731
f 1506/3111/2680 1495/3105/2674 1496/3214/2760
f 1372/3115/2683 1149/3124/2692 1371/3029/2608
f 1506/3111/2680 1496/3214/2760 4527/3170/2731
f 102/3140/2706 4524/3061/2638 1333/3060/2637
f 1046/3015/2595 1125/3213/2759 4943/3062/2639
f 1506/3111/2680 4527/3170/2731 1533/3215/2761
f 1527/3044/2622 1506/3111/2680 1505/3086/2655
f 3818/3179/2738 3126/3048/2626 1092/3055/2633
f 1735/3032/2611 2726/3034/2613 2693/3127/2695
f 1048/3158/2723 1371/3029/2608 1149/3124/2692
f 1797/3010/2590 1508/3216/2762 1527/3044/2622
f 4943/3062/2639 1125/3213/2759 1333/3060/2637
f 1527/3044/2622 1508/3216/2762 1506/3111/2680
f 1102/3018/2598 1075/3141/2707 3818/3179/2738
f 1505/3086/2655 1506/3111/2680 1533/3215/2761
f 1176/3045/2623 4524/3061/2638 1395/3182/2741
f 1375/3116/2684 1372/3115/2683 1401/3028/2607
f 4527/3170/2731 4552/3157/2722 1494/3076/2647
f 1504/3217/2763 1509/3110/2679 1508/3216/2762
f 4527/3170/2731 1494/3076/2647 1533/3215/2761
f 1066/3164/2728 4505/3208/2756 1118/3193/2749
f 1533/3215/2761 4534/3075/2646 1505/3086/2655
f 1321/3041/2619 1456/3017/2597 38/3042/2620
f 4682/3021/2601 1134/3014/2594 1087/3019/2599
f 1508/3216/2762 1509/3110/2679 1506/3111/2680
f 1797/3010/2590 1504/3217/2763 1508/3216/2762
f 1338/3040/2618 1048/3158/2723 1059/3149/2714
f 1125/3213/2759 1388/3027/2606 1050/3005/2585
f 1088/3159/2724 1087/3019/2599 1391/3053/2631
f 1460/3108/2677 1496/3214/2760 1495/3105/2674
f 1533/3215/2761 1494/3076/2647 4534/3075/2646
f 1051/3113/1910 1115/3058/2635 1128/3210/1781
f 1385/3191/1095 1147/3174/2733 1146/3181/2740
f 1045/3037/2615 1047/3112/2681 1308/3038/2616
f 1060/3036/2614 1090/3142/2708 1045/3037/2615
f 40/3119/2687 56/3138/2704 1514/3198/1795
f 1375/3116/2684 1735/3032/2611 2693/3127/2695
f 1049/3052/2630 1831/3186/2745 1088/3159/2724
f 1157/3054/2632 1092/3055/2633 3126/3048/2626
f 50/3212/1548 51/3167/1143 3035/3033/2612
f 1410/3006/2586 1388/3027/2606 1417/3129/2697
f 1696/3218/2764 1065/3219/1738 1122/3220/1739
f 1079/3013/2593 1338/3040/2618 1049/3052/2630
f 1076/3221/1772 1696/3218/2764 1122/3220/1739
f 1696/3218/2764 1076/3221/1772 4509/3222/2765
f 1047/3112/2681 1045/3037/2615 1107/3187/2746
f 1092/3055/2633 1091/3016/2596 1102/3018/2598
f 1410/3006/2586 1116/3128/2696 1127/3004/2584
f 1090/3142/2708 1107/3187/2746 1045/3037/2615
f 1391/3053/2631 1049/3052/2630 1088/3159/2724
f 4509/3222/2765 1076/3221/1772 1448/3223/2766
f 1137/3176/2735 1100/3147/2712 1101/3151/2716
f 1451/3211/2758 1084/3224/2767 1457/3225/2768
f 2693/3127/2695 2726/3034/2613 2651/3148/2713
f 1464/3226/2769 1123/3227/2770 1378/3228/2771
f 3818/3179/2738 102/3140/2706 1086/3202/2752
f 1448/3223/2766 1096/3229/2772 4509/3222/2765
f 1058/3230/2773 1448/3223/2766 1464/3226/2769
f 1318/3118/2686 1206/3047/2625 1062/3137/2703
f 1084/3224/2767 1123/3227/2770 1457/3225/2768
f 1378/3228/2771 1123/3227/2770 1084/3224/2767
f 1058/3230/2773 1378/3228/2771 1084/3224/2767
f 1148/3126/2694 1168/3190/2748 1059/3149/2714
f 1096/3229/2772 1448/3223/2766 1058/3230/2773
f 1075/3141/2707 1743/3196/2751 1395/3182/2741
f 1449/3231/195 1464/3226/2769 1448/3223/2766
f 1439/3166/2730 1127/3004/2584 1447/3184/2743
f 1696/3218/2764 4509/3222/2765 1065/3219/1738
f 1371/3029/2608 1401/3028/2607 1372/3115/2683
f 1096/3229/2772 1058/3230/2773 1084/3224/2767
f 1371/3029/2608 1339/3046/2624 1406/3030/2609
f 1127/3004/2584 1116/3128/2696 1447/3184/2743
f 1998/3232/2774 1096/3229/2772 1084/3224/2767
f 4524/3061/2638 1176/3045/2623 4943/3062/2639
f 4509/3222/2765 1096/3229/2772 1998/3232/2774
f 1448/3223/2766 1076/3221/1772 1449/3231/195
f 1086/3202/2752 3126/3048/2626 3818/3179/2738
f 1378/3228/2771 1058/3230/2773 1464/3226/2769
f 1118/3193/2749 1078/3233/2775 1426/3234/2776
f 1078/3233/2775 1085/3235/2777 1426/3234/2776
f 1085/3235/2777 1078/3233/2775 1130/3236/2778
f 1130/3236/2778 1413/3237/2779 1457/3225/2768
f 1413/3237/2779 1130/3236/2778 4505/3208/2756
f 4489/3238/2780 1085/3235/2777 1130/3236/2778
f 1118/3193/2749 1426/3234/2776 1111/3139/2705
f 1451/3211/2758 1413/3237/2779 4505/3208/2756
f 1413/3237/2779 1451/3211/2758 1457/3225/2768
f 1130/3236/2778 1078/3233/2775 1118/3193/2749
f 1118/3193/2749 4505/3208/2756 1130/3236/2778
f 4489/3238/2780 1130/3236/2778 1457/3225/2768
f 1500/3066/2641 1149/3124/2692 1372/3115/2683
f 1748/3194/2750 2681/3192/1083 1731/3171/1082
f 848/3122/2690 1831/3186/2745 4542/3156/2721
f 1804/3239/2781 2213/3240/1826 1498/3099/2668
f 4548/3095/2664 1512/3241/2782 2175/3097/2666
f 2175/3097/2666 1804/3239/2781 1502/3098/2667
f 2176/3242/2783 4947/3243/2784 1536/3244/2785
f 1510/3245/2786 4947/3243/2784 2176/3242/2783
f 2175/3097/2666 1512/3241/2782 1556/3203/2753
f 1511/3246/2787 1772/3204/2754 1556/3203/2753
f 1498/3099/2668 1502/3098/2667 1804/3239/2781
f 2175/3097/2666 1556/3203/2753 1804/3239/2781
f 2213/3240/1826 1804/3239/2781 1556/3203/2753
f 1462/3247/2788 1418/3248/2789 1461/3249/2790
f 2015/3250/2791 1794/3251/196 1806/3252/2792
f 1349/3253/2793 1436/3254/2794 1400/3255/2795
f 1511/3246/2787 1556/3203/2753 1512/3241/2782
f 1084/3224/2767 1179/3209/2757 1998/3232/2774
f 1436/3254/2794 1440/3256/2796 1400/3255/2795
f 1507/3094/2663 1512/3241/2782 4548/3095/2664
f 1556/3203/2753 1555/3205/1827 2213/3240/1826
f 1120/3257/2797 4489/3238/2780 1457/3225/2768
f 2015/3250/2791 1445/3258/2798 1123/3227/2770
f 4547/3259/2799 1511/3246/2787 4551/3260/2800
f 1428/3261/188 1464/3226/2769 1449/3231/195
f 4947/3243/2784 1510/3245/2786 4551/3260/2800
f 1510/3245/2786 2176/3242/2783 1798/3012/2592
f 1507/3094/2663 1536/3244/2785 1512/3241/2782
f 1536/3244/2785 4947/3243/2784 1512/3241/2782
f 1695/3262/2801 1322/3175/2734 1147/3174/2733
f 1434/3263/2802 1462/3247/2788 1461/3249/2790
f 1402/3092/2661 3073/3106/2675 1404/3056/2634
f 4551/3260/2800 1512/3241/2782 4947/3243/2784
f 2069/3264/2803 1511/3246/2787 4547/3259/2799
f 1440/3256/2796 1168/3190/2748 1400/3255/2795
f 1788/3069/2644 1468/3265/2804 1787/3067/2642
f 1510/3245/2786 2162/3266/2805 4547/3259/2799
f 1462/3247/2788 4489/3238/2780 1433/3267/2806
f 1468/3265/2804 4942/3144/2710 1436/3254/2794
f 1536/3244/2785 1507/3094/2663 2176/3242/2783
f 1461/3249/2790 1418/3248/2789 1468/3265/2804
f 4551/3260/2800 1510/3245/2786 4547/3259/2799
f 1426/3234/2776 1085/3235/2777 1434/3263/2802
f 1120/3257/2797 1457/3225/2768 1123/3227/2770
f 1511/3246/2787 2069/3264/2803 1772/3204/2754
f 1084/3224/2767 1451/3211/2758 1180/3268/2807
f 1434/3263/2802 1349/3253/2793 1426/3234/2776
f 1412/3063/1927 1404/3056/2634 3073/3106/2675
f 1322/3175/2734 1695/3262/2801 4509/3222/2765
f 4942/3144/2710 1440/3256/2796 1436/3254/2794
f 1049/3052/2630 1059/3149/2714 1168/3190/2748
f 1507/3094/2663 1797/3010/2590 2176/3242/2783
f 1786/3269/2808 1433/3267/2806 1806/3252/2792
f 1434/3263/2802 1461/3249/2790 1468/3265/2804
f 1713/3074/176 1787/3067/2642 1475/3270/190
f 1085/3235/2777 1462/3247/2788 1434/3263/2802
f 1168/3190/2748 1440/3256/2796 1077/3189/2747
f 1433/3267/2806 1120/3257/2797 1806/3252/2792
f 1436/3254/2794 1349/3253/2793 1434/3263/2802
f 1088/3159/2724 4490/3020/2600 1087/3019/2599
f 1111/3139/2705 1426/3234/2776 1467/3007/2587
f 1338/3040/2618 1339/3046/2624 1048/3158/2723
f 1426/3234/2776 1349/3253/2793 1467/3007/2587
f 1086/3202/2752 102/3140/2706 1050/3005/2585
f 2224/3271/1845 1412/3063/1927 1498/3099/2668
f 1385/3191/1095 1660/3272/1074 1147/3174/2733
f 1498/3099/2668 1412/3063/1927 3073/3106/2675
f 2015/3250/2791 1428/3261/188 1794/3251/196
f 1464/3226/2769 1428/3261/188 2015/3250/2791
f 1511/3246/2787 1512/3241/2782 4551/3260/2800
f 1471/3091/2660 1498/3099/2668 3073/3106/2675
f 1798/3012/2592 2162/3266/2805 1510/3245/2786
f 1786/3269/2808 1418/3248/2789 1433/3267/2806
f 1134/3014/2594 4682/3021/2601 1417/3129/2697
f 1504/3217/2763 1507/3094/2663 2232/3093/2662
f 1418/3248/2789 1462/3247/2788 1433/3267/2806
f 1123/3227/2770 1464/3226/2769 2015/3250/2791
f 1794/3251/196 1475/3270/190 1806/3252/2792
f 1806/3252/2792 1445/3258/2798 2015/3250/2791
f 1065/3219/1738 1695/3262/2801 1427/3273/1720
f 1786/3269/2808 1806/3252/2792 1475/3270/190
f 1806/3252/2792 1120/3257/2797 1445/3258/2798
f 1168/3190/2748 1361/3125/2693 1400/3255/2795
f 1660/3272/1074 1427/3273/1720 1695/3262/2801
f 4547/3259/2799 2162/3266/2805 1537/3059/2636
f 1120/3257/2797 1123/3227/2770 1445/3258/2798
f 1524/3274/2809 1475/3270/190 1787/3067/2642
f 1524/3274/2809 1786/3269/2808 1475/3270/190
f 1695/3262/2801 1147/3174/2733 1660/3272/1074
f 1418/3248/2789 1524/3274/2809 1787/3067/2642
f 1786/3269/2808 1524/3274/2809 1418/3248/2789
f 1179/3209/2757 1322/3175/2734 1998/3232/2774
f 4489/3238/2780 1120/3257/2797 1433/3267/2806
f 4509/3222/2765 1695/3262/2801 1065/3219/1738
f 1468/3265/2804 1418/3248/2789 1787/3067/2642
f 1798/3012/2592 2176/3242/2783 1797/3010/2590
f 1462/3247/2788 1085/3235/2777 4489/3238/2780
f 1322/3175/2734 4509/3222/2765 2038/3275/2810
f 1468/3265/2804 1788/3069/2644 1465/3088/2657
f 1322/3175/2734 2038/3275/2810 1998/3232/2774
f 1998/3232/2774 2038/3275/2810 4509/3222/2765
f 2224/3271/1845 1498/3099/2668 2213/3240/1826
f 1434/3263/2802 1468/3265/2804 1436/3254/2794
f 4942/3144/2710 1468/3265/2804 1465/3088/2657
f 1179/3209/2757 1084/3224/2767 1180/3268/2807
f 1772/3204/2754 2069/3264/2803 2217/3206/1915
f 1507/3094/2663 1504/3217/2763 1797/3010/2590
f 1361/3125/2693 1349/3253/2793 1400/3255/2795
f 4555/3155/2720 1440/3256/2796 4942/3144/2710
f 1180/3268/2807 1064/3207/2755 1179/3209/2757
f 1535/3031/2610 2162/3266/2805 1798/3012/2592
f 4555/3155/2720 1831/3186/2745 1440/3256/2796
f 1451/3211/2758 1064/3207/2755 1180/3268/2807
f 1168/3190/2748 1148/3126/2694 1361/3125/2693
f 1440/3256/2796 1831/3186/2745 1077/3189/2747
f 4542/3156/2721 1831/3186/2745 4555/3155/2720
f 1086/3202/2752 1050/3005/2585 1090/3142/2708
f 1066/3164/2728 1452/3153/2718 1355/3152/2717
f 1497/3123/2691 4595/3183/2742 4490/3020/2600
f 1127/3004/2584 1439/3166/2730 1415/3165/2729
f 1537/3059/2636 2162/3266/2805 1535/3031/2610
f 1175/3114/2682 1406/3030/2609 1339/3046/2624
f 1748/3194/2750 1409/3049/2627 2651/3148/2713
f 1349/3253/2793 1083/3008/2588 1467/3007/2587
f 1083/3008/2588 1349/3253/2793 1361/3125/2693
f 2232/3093/2662 1509/3110/2679 1504/3217/2763
f 1388/3027/2606 1125/3213/2759 1046/3015/2595
f 1790/3071/1553 3035/3033/2612 38/3042/2620
f 1558/3011/2591 2216/3276/2811 1813/3022/2602
f 1501/3277/2812 1773/3083/172 1540/3278/168
f 1773/3083/172 1501/3277/2812 1793/3082/2653
f 1527/3044/2622 2216/3276/2811 1558/3011/2591
f 1517/3279/2813 1515/3035/165 1813/3022/2602
f 1501/3277/2812 1515/3035/165 1530/3280/2814
f 1530/3280/2814 1793/3082/2653 1501/3277/2812
f 1540/3278/168 1515/3035/165 1501/3277/2812
f 1813/3022/2602 2216/3276/2811 1517/3279/2813
f 2216/3276/2811 1527/3044/2622 1505/3086/2655
f 1517/3279/2813 1505/3086/2655 1530/3280/2814
f 1517/3279/2813 1530/3280/2814 1515/3035/165
f 1505/3086/2655 1793/3082/2653 1530/3280/2814
f 2216/3276/2811 1505/3086/2655 1517/3279/2813
f 1321/3041/2619 1743/3196/2751 1102/3018/2598
f 406/3281/2815 407/3282/2816 1909/3283/2817
f 1112/3284/2818 1094/3285/2819 1181/3286/2820
f 1223/3287/2821 1177/3288/2822 1290/3289/2823
f 1278/3290/2824 1224/3291/2825 1192/3292/2826
f 1290/3289/2823 1792/3293/2827 1199/3294/2828
f 2169/3295/1877 2147/3296/2829 2170/3297/2830
f 556/3298/2831 1943/3299/2832 557/3300/2833
f 1905/3301/2834 1919/3302/2835 1942/3303/2836
f 2402/3304/2837 1853/3305/2838 3357/3306/2839
f 1167/3307/2840 1792/3293/2827 4483/3308/2841
f 1846/3309/2842 1847/3310/2843 1911/3311/2844
f 1912/3312/2845 4400/3313/2846 1955/3314/2847
f 1343/3315/2848 4519/3316/2849 1197/3317/2850
f 1166/3318/2851 1199/3294/2828 1792/3293/2827
f 1197/3317/2850 1223/3287/2821 1112/3284/2818
f 2169/3295/1877 2170/3297/2830 2171/3319/1878
f 1850/3320/2852 1847/3310/2843 1974/3321/2853
f 1971/3322/2854 2118/3323/2855 1972/3324/2856
f 1792/3293/2827 1167/3307/2840 1166/3318/2851
f 1279/3325/2857 1202/3326/2858 1286/3327/2859
f 1199/3294/2828 1166/3318/2851 1443/3328/2860
f 1274/3329/2861 1285/3330/2862 2456/3331/2863
f 1174/3332/2864 1199/3294/2828 1443/3328/2860
f 1094/3285/2819 1112/3284/2818 1178/3333/2865
f 1290/3289/2823 1199/3294/2828 1223/3287/2821
f 1849/3334/2866 2118/3323/2855 2489/3335/2867
f 1113/3336/2868 1063/3337/2869 1313/3338/1809
f 1223/3287/2821 1199/3294/2828 1174/3332/2864
f 1974/3321/2853 1973/3339/2870 2407/3340/2871
f 2285/3341/2872 2177/3342/2873 2170/3297/2830
f 2177/3342/2873 2285/3341/2872 2278/3343/2874
f 1883/3344/2875 4400/3313/2846 1919/3302/2835
f 1909/3283/2817 557/3300/2833 1906/3345/2876
f 1846/3309/2842 1972/3324/2856 1974/3321/2853
f 1280/3346/2877 1277/3347/2878 1228/3348/2879
f 1252/3349/2880 1235/3350/2881 1254/3351/2882
f 4400/3313/2846 1907/3352/2883 1955/3314/2847
f 2012/3353/2884 2034/3354/2885 182/3355/2886
f 1807/3356/2045 1443/3328/2860 1166/3318/2851
f 1224/3291/2825 1876/3357/2043 1209/3358/1962
f 2012/3353/2884 2014/3359/2887 2034/3354/2885
f 2626/3360/2049 2627/3361/2888 1217/3362/2889
f 1304/3363/2012 1166/3318/2851 1167/3307/2840
f 1849/3334/2866 1975/3364/2890 1969/3365/2891
f 161/3366/2892 1919/3302/2835 1945/3367/2893
f 1960/3368/2894 1943/3299/2832 1891/3369/2895
f 2045/3370/2896 4710/3371/2897 2105/3372/2898
f 2097/3373/2899 2154/3374/2900 1995/3375/2901
f 1174/3332/2864 1178/3333/2865 1223/3287/2821
f 557/3300/2833 1943/3299/2832 1906/3345/2876
f 2112/3376/2902 2147/3296/2829 1990/3377/1914
f 1196/3378/2903 1243/3379/2904 1174/3332/2864
f 1304/3363/2012 1807/3356/2045 1166/3318/2851
f 2170/3297/2830 2177/3342/2873 1239/3380/1860
f 2174/3381/1829 2171/3319/1878 2170/3297/2830
f 1443/3328/2860 1807/3356/2045 1195/3382/2039
f 2174/3381/1829 2170/3297/2830 1239/3380/1860
f 1296/3383/2905 1228/3348/2879 1275/3384/2906
f 2456/3331/2863 1328/3385/2907 1350/3386/2908
f 1269/3387/2909 1350/3386/2908 1341/3388/2910
f 1351/3389/2911 1328/3385/2907 1327/3390/2912
f 1341/3388/2910 1328/3385/2907 1351/3389/2911
f 1341/3388/2910 1352/3391/2913 1269/3387/2909
f 1350/3386/2908 1269/3387/2909 1284/3392/2914
f 1284/3392/2914 2456/3331/2863 1350/3386/2908
f 2456/3331/2863 1285/3330/2862 1328/3385/2907
f 1341/3388/2910 4728/3393/2915 1352/3391/2913
f 1328/3385/2907 1282/3394/2916 1327/3390/2912
f 1285/3330/2862 1282/3394/2916 1328/3385/2907
f 1341/3388/2910 1350/3386/2908 1328/3385/2907
f 1847/3310/2843 1944/3395/2917 2051/3396/2918
f 407/3282/2816 556/3298/2831 557/3300/2833
f 1980/3397/2919 1960/3368/2894 1966/3398/2920
f 1443/3328/2860 1195/3382/2039 1196/3378/2903
f 1196/3378/2903 1145/3399/2921 1098/3400/2922
f 2265/3401/2923 2278/3343/2874 2285/3341/2872
f 2031/3402/2924 2040/3403/2925 1991/3404/2926
f 2054/3405/1922 1991/3404/2926 2010/3406/1920
f 1909/3283/2817 2013/3407/2927 406/3281/2815
f 556/3298/2831 1851/3408/2928 558/3409/2929
f 1296/3383/2905 1285/3330/2862 1274/3329/2861
f 1165/3410/2930 1098/3400/2922 1145/3399/2921
f 1275/3384/2906 1228/3348/2879 1277/3347/2878
f 1252/3349/2880 1254/3351/2882 1277/3347/2878
f 1906/3345/2876 1943/3299/2832 1960/3368/2894
f 1186/3411/2065 2627/3361/2888 4482/3412/2048
f 1235/3350/2881 1217/3362/2889 1254/3351/2882
f 1912/3312/2845 151/3413/2931 1903/3414/2932
f 2264/3415/2933 2265/3401/2923 2285/3341/2872
f 1217/3362/2889 1235/3350/2881 1226/3416/2060
f 4400/3313/2846 1883/3344/2875 1907/3352/2883
f 1302/3417/2934 1306/3418/2935 1307/3419/2936
f 1296/3383/2905 1275/3384/2906 1306/3418/2935
f 1285/3330/2862 1296/3383/2905 1302/3417/2934
f 1167/3307/2840 4483/3308/2841 1185/3420/1973
f 1177/3288/2822 4521/3421/2937 1187/3422/2938
f 1277/3347/2878 1254/3351/2882 1275/3384/2906
f 2014/3359/2887 1909/3283/2817 2018/3423/2939
f 2018/3423/2939 1960/3368/2894 1980/3397/2919
f 1973/3339/2870 1972/3324/2856 1958/3424/2940
f 2010/3406/1920 1991/3404/2926 1344/3425/1919
f 2264/3415/2933 2285/3341/2872 2247/3426/2941
f 1903/3414/2932 1945/3367/2893 1912/3312/2845
f 1374/3427/2942 1314/3428/2943 1181/3286/2820
f 1217/3362/2889 2627/3361/2888 1254/3351/2882
f 1282/3394/2916 1285/3330/2862 1302/3417/2934
f 1275/3384/2906 1198/3429/2944 1306/3418/2935
f 1943/3299/2832 2051/3396/2918 1944/3395/2917
f 1973/3339/2870 1974/3321/2853 1972/3324/2856
f 1982/3430/2945 2099/3431/1779 2154/3374/2900
f 2407/3340/2871 1966/3398/2920 1891/3369/2895
f 1254/3351/2882 2627/3361/2888 1275/3384/2906
f 1274/3329/2861 1284/3392/2914 1280/3346/2877
f 1847/3310/2843 2051/3396/2918 1911/3311/2844
f 2097/3373/2899 2112/3376/2902 1982/3430/2945
f 1911/3311/2844 1889/3432/2946 1964/3433/2947
f 1275/3384/2906 1255/3434/2948 1198/3429/2944
f 406/3281/2815 1913/3435/2949 1899/3436/2950
f 407/3282/2816 557/3300/2833 1909/3283/2817
f 1174/3332/2864 1243/3379/2904 1178/3333/2865
f 1905/3301/2834 1942/3303/2836 1924/3437/2951
f 1306/3418/2935 1198/3429/2944 1289/3438/2952
f 1991/3404/2926 2045/3370/2896 1995/3375/2901
f 1344/3425/1919 1991/3404/2926 1995/3375/2901
f 1255/3434/2948 1275/3384/2906 2627/3361/2888
f 2013/3407/2927 2012/3353/2884 1913/3435/2949
f 4689/3439/2953 2112/3376/2902 2125/3440/2954
f 1301/3441/2955 1202/3326/2858 4521/3421/2937
f 1255/3434/2948 1289/3438/2952 1198/3429/2944
f 1909/3283/2817 2014/3359/2887 2013/3407/2927
f 1243/3379/2904 1196/3378/2903 1098/3400/2922
f 1145/3399/2921 1230/3442/2059 1191/3443/2956
f 1282/3394/2916 1345/3444/2957 1347/3445/2958
f 1306/3418/2935 1289/3438/2952 1279/3325/2857
f 1942/3303/2836 1919/3302/2835 161/3366/2892
f 1846/3309/2842 1968/3446/2959 1971/3322/2854
f 1853/3305/2838 2402/3304/2837 558/3409/2929
f 1995/3375/2901 2154/3374/2900 1344/3425/1919
f 2627/3361/2888 2626/3360/2049 4482/3412/2048
f 2627/3361/2888 1186/3411/2065 1255/3434/2948
f 1944/3395/2917 1850/3320/2852 1891/3369/2895
f 1181/3286/2820 1094/3285/2819 1114/3447/2960
f 1201/3448/2961 1093/3449/2962 1250/3450/2963
f 1213/3451/2964 1289/3438/2952 1255/3434/2948
f 1145/3399/2921 1196/3378/2903 1195/3382/2039
f 1849/3334/2866 1958/3424/2940 2118/3323/2855
f 1995/3375/2901 2045/3370/2896 2105/3372/2898
f 1304/3363/2012 1167/3307/2840 1185/3420/1973
f 1367/3452/2965 1343/3315/2848 1334/3453/2966
f 1335/3454/2967 1367/3452/2965 1334/3453/2966
f 1298/3455/2968 1185/3420/1973 4483/3308/2841
f 1287/3456/2969 1289/3438/2952 1213/3451/2964
f 1282/3394/2916 1302/3417/2934 1345/3444/2957
f 1165/3410/2930 1191/3443/2956 1205/3457/2970
f 1178/3333/2865 1243/3379/2904 1098/3400/2922
f 1335/3454/2967 1382/3458/2971 1367/3452/2965
f 1990/3377/1914 2147/3296/2829 2153/3459/1913
f 1289/3438/2952 1287/3456/2969 1279/3325/2857
f 1913/3435/2949 406/3281/2815 2013/3407/2927
f 1215/3460/2972 1191/3443/2956 1230/3442/2059
f 1183/3461/2973 1314/3428/2943 1343/3315/2848
f 1279/3325/2857 1286/3327/2859 1307/3419/2936
f 1171/3462/2974 1063/3337/2869 1205/3457/2970
f 1213/3451/2964 1255/3434/2948 1810/3463/2046
f 1230/3442/2059 1145/3399/2921 1195/3382/2039
f 1097/3464/1924 1313/3338/1809 1093/3449/2962
f 2154/3374/2900 2099/3431/1779 1344/3425/1919
f 2105/3372/2898 2097/3373/2899 1995/3375/2901
f 1213/3451/2964 1323/3465/2975 1287/3456/2969
f 1174/3332/2864 1443/3328/2860 1196/3378/2903
f 1287/3456/2969 1278/3290/2824 1279/3325/2857
f 1274/3329/2861 2456/3331/2863 1284/3392/2914
f 1178/3333/2865 1112/3284/2818 1223/3287/2821
f 1186/3411/2065 1810/3463/2046 1255/3434/2948
f 1187/3422/2938 4483/3308/2841 4484/3466/2976
f 1323/3465/2975 1213/3451/2964 1810/3463/2046
f 1911/3311/2844 1965/3467/2977 1968/3446/2959
f 1341/3388/2910 1357/3468/2978 4728/3393/2915
f 1351/3389/2911 1357/3468/2978 1341/3388/2910
f 2263/3469/2979 1357/3468/2978 1351/3389/2911
f 1359/3470/2980 4728/3393/2915 1356/3471/2981
f 1356/3471/2981 1357/3468/2978 2263/3469/2979
f 2123/3472/2982 1359/3470/2980 1356/3471/2981
f 1073/3473/2983 2263/3469/2979 1358/3474/2984
f 1359/3470/2980 2123/3472/2982 2292/3475/2985
f 2123/3472/2982 2263/3469/2979 1073/3473/2983
f 199/3476/2986 1359/3470/2980 2292/3475/2985
f 1073/3473/2983 217/3477/2987 2292/3475/2985
f 2127/3478/2988 2250/3479/2989 2259/3480/2990
f 2263/3469/2979 1351/3389/2911 1358/3474/2984
f 2268/3481/2991 2127/3478/2988 2259/3480/2990
f 217/3477/2987 218/3482/2992 2259/3480/2990
f 2293/3483/2993 217/3477/2987 2288/3484/2994
f 1327/3390/2912 1358/3474/2984 1351/3389/2911
f 2268/3481/2991 2259/3480/2990 218/3482/2992
f 2026/3485/2995 2040/3403/2925 2049/3486/2996
f 2282/3487/2997 2268/3481/2991 218/3482/2992
f 2282/3487/2997 2107/3488/2998 2268/3481/2991
f 1098/3400/2922 1205/3457/2970 1178/3333/2865
f 2293/3483/2993 2254/3489/2999 2253/3490/3000
f 2114/3491/3001 202/3492/3002 203/3493/3003
f 2107/3488/2998 2282/3487/2997 193/3494/3004
f 160/3495/3005 1945/3367/2893 1903/3414/2932
f 2260/3496/3006 2254/3489/2999 2257/3497/3007
f 2128/3498/3008 1979/3499/3009 172/3500/3010
f 194/3501/3011 2253/3490/3000 4705/3502/3012
f 4705/3502/3012 2254/3489/2999 2260/3496/3006
f 2260/3496/3006 2280/3503/3013 202/3492/3002
f 2253/3490/3000 194/3501/3011 193/3494/3004
f 2292/3475/2985 2123/3472/2982 1073/3473/2983
f 2121/3504/3014 2025/3505/3015 1979/3499/3009
f 194/3501/3011 774/3506/3016 193/3494/3004
f 199/3476/2986 2292/3475/2985 2259/3480/2990
f 2125/3440/2954 2097/3373/2899 2135/3507/3017
f 1278/3290/2824 1323/3465/2975 1224/3291/2825
f 4710/3371/2897 2242/3508/3018 2105/3372/2898
f 2135/3507/3017 2168/3509/3019 2125/3440/2954
f 4705/3502/3012 202/3492/3002 774/3506/3016
f 2105/3372/2898 2135/3507/3017 2097/3373/2899
f 2049/3486/2996 2040/3403/2925 2031/3402/2924
f 2135/3507/3017 2111/3510/3020 2168/3509/3019
f 160/3495/3005 2023/3511/3021 161/3366/2892
f 2025/3505/3015 2121/3504/3014 2124/3512/3022
f 2111/3510/3020 2137/3513/3023 2168/3509/3019
f 194/3501/3011 4705/3502/3012 774/3506/3016
f 2032/3514/3024 2017/3515/3025 2042/3516/3026
f 2128/3498/3008 2134/3517/3027 2114/3491/3001
f 2025/3505/3015 179/3518/3028 172/3500/3010
f 2026/3485/2995 2049/3486/2996 188/3519/3029
f 2261/3520/3030 2114/3491/3001 203/3493/3003
f 2111/3510/3020 2124/3512/3022 2137/3513/3023
f 2242/3508/3018 4710/3371/2897 180/3521/3031
f 2111/3510/3020 2242/3508/3018 201/3522/3032
f 1979/3499/3009 2128/3498/3008 2261/3520/3030
f 4710/3371/2897 2027/3523/3033 180/3521/3031
f 181/3524/3034 2027/3523/3033 2026/3485/2995
f 2032/3514/3024 152/3525/3035 182/3355/2886
f 2128/3498/3008 2114/3491/3001 2261/3520/3030
f 217/3477/2987 2293/3483/2993 218/3482/2992
f 2254/3489/2999 4705/3502/3012 2253/3490/3000
f 188/3519/3029 1942/3303/2836 1920/3526/3036
f 1357/3468/2978 1356/3471/2981 4728/3393/2915
f 180/3521/3031 2027/3523/3033 181/3524/3034
f 2135/3507/3017 2242/3508/3018 2111/3510/3020
f 1920/3526/3036 1942/3303/2836 161/3366/2892
f 2292/3475/2985 217/3477/2987 2259/3480/2990
f 203/3493/3003 2137/3513/3023 2261/3520/3030
f 2026/3485/2995 188/3519/3029 1920/3526/3036
f 2242/3508/3018 2135/3507/3017 2105/3372/2898
f 1980/3397/2919 2036/3527/3037 2042/3516/3026
f 2261/3520/3030 2121/3504/3014 1979/3499/3009
f 2134/3517/3027 2041/3528/3038 2116/3529/3039
f 201/3522/3032 2025/3505/3015 2124/3512/3022
f 1201/3448/2961 1095/3530/3040 1215/3460/2972
f 180/3521/3031 179/3518/3028 201/3522/3032
f 179/3518/3028 180/3521/3031 181/3524/3034
f 151/3413/2931 183/3531/3041 160/3495/3005
f 774/3506/3016 2114/3491/3001 2116/3529/3039
f 201/3522/3032 2124/3512/3022 2111/3510/3020
f 1956/3532/3042 2032/3514/3024 182/3355/2886
f 181/3524/3034 1920/3526/3036 161/3366/2892
f 2282/3487/2997 2253/3490/3000 193/3494/3004
f 172/3500/3010 1979/3499/3009 2025/3505/3015
f 1924/3437/2951 1942/3303/2836 188/3519/3029
f 2023/3511/3021 160/3495/3005 183/3531/3041
f 1980/3397/2919 2042/3516/3026 2017/3515/3025
f 2025/3505/3015 201/3522/3032 179/3518/3028
f 161/3366/2892 1945/3367/2893 160/3495/3005
f 1278/3290/2824 1202/3326/2858 1279/3325/2857
f 2260/3496/3006 2257/3497/3007 2280/3503/3013
f 1903/3414/2932 151/3413/2931 160/3495/3005
f 181/3524/3034 2023/3511/3021 179/3518/3028
f 774/3506/3016 202/3492/3002 2114/3491/3001
f 2023/3511/3021 181/3524/3034 161/3366/2892
f 2116/3529/3039 193/3494/3004 774/3506/3016
f 2253/3490/3000 2282/3487/2997 218/3482/2992
f 2023/3511/3021 183/3531/3041 179/3518/3028
f 1307/3419/2936 1306/3418/2935 1279/3325/2857
f 1920/3526/3036 181/3524/3034 2026/3485/2995
f 217/3477/2987 1073/3473/2983 2288/3484/2994
f 152/3525/3035 183/3531/3041 151/3413/2931
f 2257/3497/3007 2254/3489/2999 2293/3483/2993
f 2041/3528/3038 2134/3517/3027 2128/3498/3008
f 201/3522/3032 2242/3508/3018 180/3521/3031
f 2027/3523/3033 2040/3403/2925 2026/3485/2995
f 1356/3471/2981 2263/3469/2979 2123/3472/2982
f 2017/3515/3025 2032/3514/3024 1956/3532/3042
f 2124/3512/3022 2121/3504/3014 2137/3513/3023
f 2116/3529/3039 2114/3491/3001 2134/3517/3027
f 152/3525/3035 172/3500/3010 183/3531/3041
f 2293/3483/2993 2253/3490/3000 218/3482/2992
f 151/3413/2931 182/3355/2886 152/3525/3035
f 2257/3497/3007 2293/3483/2993 2288/3484/2994
f 183/3531/3041 172/3500/3010 179/3518/3028
f 2017/3515/3025 1956/3532/3042 1980/3397/2919
f 2121/3504/3014 2261/3520/3030 2137/3513/3023
f 2032/3514/3024 172/3500/3010 152/3525/3035
f 2260/3496/3006 202/3492/3002 4705/3502/3012
f 199/3476/2986 2259/3480/2990 2250/3479/2989
f 1956/3532/3042 2018/3423/2939 1980/3397/2919
f 1961/3533/3043 2036/3527/3037 1966/3398/2920
f 1966/3398/2920 2407/3340/2871 1961/3533/3043
f 2021/3534/3044 1961/3533/3043 2407/3340/2871
f 2117/3535/3045 212/3536/3046 2120/3537/3047
f 1976/3538/3048 2407/3340/2871 1969/3365/2891
f 1976/3538/3048 2021/3534/3044 2407/3340/2871
f 2117/3535/3045 2120/3537/3047 2113/3539/3049
f 2021/3534/3044 1976/3538/3048 2113/3539/3049
f 2113/3539/3049 1976/3538/3048 2117/3535/3045
f 1976/3538/3048 212/3536/3046 2117/3535/3045
f 1966/3398/2920 2036/3527/3037 1980/3397/2919
f 2036/3527/3037 1961/3533/3043 2113/3539/3049
f 212/3536/3046 2127/3478/2988 2120/3537/3047
f 2021/3534/3044 2113/3539/3049 1961/3533/3043
f 2127/3478/2988 212/3536/3046 191/3540/3050
f 2127/3478/2988 191/3540/3050 2250/3479/2989
f 195/3541/3051 2250/3479/2989 191/3540/3050
f 191/3540/3050 212/3536/3046 195/3541/3051
f 1343/3315/2848 1314/3428/2943 1334/3453/2966
f 2099/3431/1779 1982/3430/2945 2143/3542/1780
f 2097/3373/2899 1982/3430/2945 2154/3374/2900
f 1281/3543/3052 1215/3460/2972 1230/3442/2059
f 407/3282/2816 406/3281/2815 552/3544/3053
f 4519/3316/2849 1299/3545/3054 1301/3441/2955
f 552/3544/3053 406/3281/2815 1899/3436/2950
f 1944/3395/2917 1847/3310/2843 1850/3320/2852
f 1876/3357/2043 1323/3465/2975 1810/3463/2046
f 2034/3354/2885 1956/3532/3042 182/3355/2886
f 1945/3367/2893 1919/3302/2835 4400/3313/2846
f 2402/3304/2837 3357/3306/2839 529/3546/3055
f 2045/3370/2896 2040/3403/2925 2027/3523/3033
f 1093/3449/2962 1053/3547/1908 1097/3464/1924
f 1215/3460/2972 1281/3543/3052 1201/3448/2961
f 1301/3441/2955 1286/3327/2859 1202/3326/2858
f 1250/3450/2963 1205/3457/2970 1191/3443/2956
f 1063/3337/2869 1178/3333/2865 1205/3457/2970
f 1095/3530/3040 1201/3448/2961 1250/3450/2963
f 2054/3405/1922 2031/3402/2924 1991/3404/2926
f 1846/3309/2842 1974/3321/2853 1847/3310/2843
f 1943/3299/2832 1944/3395/2917 1891/3369/2895
f 1854/3548/3056 2402/3304/2837 529/3546/3055
f 1226/3416/2060 2626/3360/2049 1217/3362/2889
f 1281/3543/3052 1230/3442/2059 1263/3549/1808
f 1265/3550/1807 1281/3543/3052 1263/3549/1808
f 1888/3551/3057 1899/3436/2950 1913/3435/2949
f 1178/3333/2865 1063/3337/2869 1114/3447/2960
f 1205/3457/2970 1098/3400/2922 1165/3410/2930
f 1201/3448/2961 1053/3547/1908 1093/3449/2962
f 1374/3427/2942 1334/3453/2966 1314/3428/2943
f 1973/3339/2870 1958/3424/2940 1849/3334/2866
f 1972/3324/2856 2118/3323/2855 1958/3424/2940
f 4710/3371/2897 2045/3370/2896 2027/3523/3033
f 1183/3461/2973 1181/3286/2820 1314/3428/2943
f 1095/3530/3040 1250/3450/2963 1191/3443/2956
f 1181/3286/2820 1183/3461/2973 1112/3284/2818
f 2278/3343/2874 2193/3552/3058 2249/3553/3059
f 2278/3343/2874 2249/3553/3059 1567/3554/3060
f 2188/3555/3061 2177/3342/2873 1567/3554/3060
f 1367/3452/2965 1299/3545/3054 1343/3315/2848
f 2194/3556/3062 2249/3553/3059 2193/3552/3058
f 2249/3553/3059 2188/3555/3061 1567/3554/3060
f 2177/3342/2873 2188/3555/3061 1239/3380/1860
f 1192/3292/2826 1210/3557/3063 1278/3290/2824
f 1230/3442/2059 1292/3558/1804 1263/3549/1808
f 1973/3339/2870 1969/3365/2891 2407/3340/2871
f 2203/3559/1822 2188/3555/3061 2249/3553/3059
f 2402/3304/2837 1854/3548/3056 558/3409/2929
f 1299/3545/3054 4519/3316/2849 1343/3315/2848
f 1210/3557/3063 1202/3326/2858 1278/3290/2824
f 1345/3444/2957 1382/3458/2971 1331/3560/3064
f 1202/3326/2858 1187/3422/2938 4521/3421/2937
f 1982/3430/2945 1990/3377/1914 2143/3542/1780
f 1891/3369/2895 1966/3398/2920 1960/3368/2894
f 2192/3561/3065 2203/3559/1822 2194/3556/3062
f 1192/3292/2826 1224/3291/2825 1210/3557/3063
f 1210/3557/3063 1187/3422/2938 1202/3326/2858
f 1114/3447/2960 1063/3337/2869 1113/3336/2868
f 2203/3559/1822 2192/3561/3065 2304/3562/1820
f 2246/3563/1814 2192/3561/3065 2194/3556/3062
f 2018/3423/2939 1906/3345/2876 1960/3368/2894
f 1250/3450/2963 1093/3449/2962 1171/3462/2974
f 556/3298/2831 525/3564/3066 1851/3408/2928
f 1299/3545/3054 1367/3452/2965 1382/3458/2971
f 1302/3417/2934 1296/3383/2905 1306/3418/2935
f 2246/3563/1814 2304/3562/1820 2192/3561/3065
f 1095/3530/3040 1191/3443/2956 1215/3460/2972
f 552/3544/3053 525/3564/3066 407/3282/2816
f 1296/3383/2905 1280/3346/2877 1228/3348/2879
f 2407/3340/2871 1850/3320/2852 1974/3321/2853
f 1280/3346/2877 1296/3383/2905 1274/3329/2861
f 1911/3311/2844 1968/3446/2959 1846/3309/2842
f 4519/3316/2849 1301/3441/2955 4521/3421/2937
f 151/3413/2931 1912/3312/2845 2012/3353/2884
f 1891/3369/2895 1850/3320/2852 2407/3340/2871
f 4689/3439/2953 2147/3296/2829 2112/3376/2902
f 1063/3337/2869 1093/3449/2962 1313/3338/1809
f 1224/3291/2825 1298/3455/2968 1210/3557/3063
f 1298/3455/2968 1224/3291/2825 1209/3358/1962
f 1287/3456/2969 1323/3465/2975 1278/3290/2824
f 556/3298/2831 2051/3396/2918 1943/3299/2832
f 1853/3305/2838 558/3409/2929 1851/3408/2928
f 4483/3308/2841 1187/3422/2938 1210/3557/3063
f 1299/3545/3054 1382/3458/2971 1332/3565/3067
f 1187/3422/2938 4484/3466/2976 1177/3288/2822
f 2040/3403/2925 2045/3370/2896 1991/3404/2926
f 1909/3283/2817 1906/3345/2876 2018/3423/2939
f 1956/3532/3042 2034/3354/2885 2018/3423/2939
f 2051/3396/2918 558/3409/2929 1854/3548/3056
f 2112/3376/2902 1990/3377/1914 1982/3430/2945
f 1177/3288/2822 4519/3316/2849 4521/3421/2937
f 1201/3448/2961 1281/3543/3052 1200/3566/1907
f 1854/3548/3056 1889/3432/2946 2051/3396/2918
f 1849/3334/2866 1969/3365/2891 1973/3339/2870
f 1250/3450/2963 1171/3462/2974 1205/3457/2970
f 1281/3543/3052 1265/3550/1807 1200/3566/1907
f 4483/3308/2841 1210/3557/3063 1298/3455/2968
f 2012/3353/2884 1912/3312/2845 1913/3435/2949
f 1209/3358/1962 1185/3420/1973 1298/3455/2968
f 2249/3553/3059 2194/3556/3062 2203/3559/1822
f 1301/3441/2955 1299/3545/3054 1332/3565/3067
f 4484/3466/2976 1792/3293/2827 1177/3288/2822
f 1907/3352/2883 1888/3551/3057 1955/3314/2847
f 1846/3309/2842 1971/3322/2854 1972/3324/2856
f 1332/3565/3067 1345/3444/2957 1302/3417/2934
f 1955/3314/2847 1913/3435/2949 1912/3312/2845
f 1332/3565/3067 1382/3458/2971 1345/3444/2957
f 4519/3316/2849 1177/3288/2822 1197/3317/2850
f 2187/3567/1859 1239/3380/1860 2188/3555/3061
f 525/3564/3066 556/3298/2831 407/3282/2816
f 2177/3342/2873 2278/3343/2874 1567/3554/3060
f 1307/3419/2936 1301/3441/2955 1332/3565/3067
f 1343/3315/2848 1197/3317/2850 1183/3461/2973
f 1913/3435/2949 1955/3314/2847 1888/3551/3057
f 2125/3440/2954 2112/3376/2902 2097/3373/2899
f 1332/3565/3067 1302/3417/2934 1307/3419/2936
f 1345/3444/2957 1331/3560/3064 1347/3445/2958
f 2193/3552/3058 2278/3343/2874 2265/3401/2923
f 1346/3568/3068 1374/3427/2942 1181/3286/2820
f 1181/3286/2820 1114/3447/2960 1309/3569/3069
f 1114/3447/2960 1346/3568/3068 1309/3569/3069
f 1346/3568/3068 1181/3286/2820 1309/3569/3069
f 1379/3570/3070 1319/3571/3071 1320/3572/3072
f 1110/3573/1811 1310/3574/3073 1313/3338/1809
f 2286/3575/3074 4523/3576/3075 1365/3577/3076
f 2207/3578/3077 2205/3579/1815 1369/3580/3078
f 1312/3581/3079 1110/3573/1811 1403/3582/1817
f 1182/3583/3080 1310/3574/3073 1312/3581/3079
f 1113/3336/2868 1313/3338/1809 1310/3574/3073
f 1310/3574/3073 1182/3583/3080 1113/3336/2868
f 2207/3578/3077 1312/3581/3079 1403/3582/1817
f 1110/3573/1811 1312/3581/3079 1310/3574/3073
f 1346/3568/3068 1182/3583/3080 1312/3581/3079
f 1114/3447/2960 1113/3336/2868 1182/3583/3080
f 1379/3570/3070 1320/3572/3072 1365/3577/3076
f 1366/3584/3081 2207/3578/3077 1369/3580/3078
f 1319/3571/3071 1374/3427/2942 1320/3572/3072
f 151/3413/2931 2012/3353/2884 182/3355/2886
f 2207/3578/3077 1366/3584/3081 1312/3581/3079
f 1365/3577/3076 1366/3584/3081 1369/3580/3078
f 1403/3582/1817 2205/3579/1815 2207/3578/3077
f 2188/3555/3061 2203/3559/1822 2187/3567/1859
f 1114/3447/2960 1182/3583/3080 1346/3568/3068
f 1346/3568/3068 1312/3581/3079 1366/3584/3081
f 1320/3572/3072 1346/3568/3068 1366/3584/3081
f 556/3298/2831 558/3409/2929 2051/3396/2918
f 1911/3311/2844 2051/3396/2918 1889/3432/2946
f 1320/3572/3072 1374/3427/2942 1346/3568/3068
f 1320/3572/3072 1366/3584/3081 1365/3577/3076
f 1365/3577/3076 1369/3580/3078 2286/3575/3074
f 1365/3577/3076 4523/3576/3075 1379/3570/3070
f 1379/3570/3070 4523/3576/3075 1319/3571/3071
f 2113/3539/3049 2115/3585/3082 2036/3527/3037
f 193/3494/3004 2116/3529/3039 2119/3586/3083
f 2041/3528/3038 2119/3586/3083 2116/3529/3039
f 2013/3407/2927 2014/3359/2887 2012/3353/2884
f 1964/3433/2947 1965/3467/2977 1911/3311/2844
f 2107/3488/2998 193/3494/3004 2119/3586/3083
f 2119/3586/3083 2113/3539/3049 2107/3488/2998
f 2036/3527/3037 2115/3585/3082 2042/3516/3026
f 2042/3516/3026 2115/3585/3082 2043/3587/3084
f 2113/3539/3049 2119/3586/3083 2115/3585/3082
f 2120/3537/3047 2107/3488/2998 2113/3539/3049
f 2120/3537/3047 2268/3481/2991 2107/3488/2998
f 2042/3516/3026 2043/3587/3084 2032/3514/3024
f 2043/3587/3084 172/3500/3010 2032/3514/3024
f 2119/3586/3083 2041/3528/3038 2115/3585/3082
f 2115/3585/3082 2041/3528/3038 2043/3587/3084
f 2041/3528/3038 172/3500/3010 2043/3587/3084
f 2128/3498/3008 172/3500/3010 2041/3528/3038
f 2268/3481/2991 2120/3537/3047 2127/3478/2988
f 2205/3579/1815 2246/3563/1814 2199/3588/3085
f 1369/3580/3078 2199/3588/3085 2208/3589/3086
f 2193/3552/3058 2208/3589/3086 2194/3556/3062
f 1376/3590/3087 1381/3591/3088 4523/3576/3075
f 2193/3552/3058 2265/3401/2923 2245/3592/3089
f 2245/3592/3089 2256/3593/3090 2196/3594/3091
f 2199/3588/3085 2194/3556/3062 2208/3589/3086
f 2286/3575/3074 2196/3594/3091 2256/3593/3090
f 2256/3593/3090 2245/3592/3089 2248/3595/3092
f 2277/3596/3093 1340/3597/3094 1381/3591/3088
f 2196/3594/3091 2286/3575/3074 2208/3589/3086
f 2256/3593/3090 4523/3576/3075 2286/3575/3074
f 2279/3598/3095 2266/3599/3096 2294/3600/3097
f 2245/3592/3089 2264/3415/2933 2248/3595/3092
f 2256/3593/3090 2306/3601/3098 4523/3576/3075
f 2125/3440/2954 2247/3426/2941 2285/3341/2872
f 2256/3593/3090 2248/3595/3092 2306/3601/3098
f 2269/3602/3099 2279/3598/3095 1121/3603/3100
f 2144/3604/3101 2306/3601/3098 2248/3595/3092
f 1376/3590/3087 4523/3576/3075 2306/3601/3098
f 2168/3509/3019 2247/3426/2941 2125/3440/2954
f 2264/3415/2933 2247/3426/2941 2144/3604/3101
f 2193/3552/3058 2196/3594/3091 2208/3589/3086
f 202/3492/3002 2291/3605/3102 203/3493/3003
f 2306/3601/3098 2144/3604/3101 2266/3599/3096
f 1376/3590/3087 2306/3601/3098 2266/3599/3096
f 1376/3590/3087 2277/3596/3093 1381/3591/3088
f 2247/3426/2941 2168/3509/3019 2144/3604/3101
f 1376/3590/3087 2266/3599/3096 2277/3596/3093
f 2279/3598/3095 2269/3602/3099 2277/3596/3093
f 2144/3604/3101 2168/3509/3019 2139/3606/3103
f 2286/3575/3074 1369/3580/3078 2208/3589/3086
f 2193/3552/3058 2245/3592/3089 2196/3594/3091
f 2248/3595/3092 2264/3415/2933 2144/3604/3101
f 2130/3607/3104 2294/3600/3097 2136/3608/3105
f 2139/3606/3103 2294/3600/3097 2266/3599/3096
f 2137/3513/3023 2130/3607/3104 2136/3608/3105
f 2277/3596/3093 2266/3599/3096 2279/3598/3095
f 2137/3513/3023 2139/3606/3103 2168/3509/3019
f 2125/3440/2954 2285/3341/2872 4689/3439/2953
f 2294/3600/3097 2139/3606/3103 2136/3608/3105
f 2265/3401/2923 2264/3415/2933 2245/3592/3089
f 2130/3607/3104 2291/3605/3102 1121/3603/3100
f 2280/3503/3013 2269/3602/3099 1121/3603/3100
f 2285/3341/2872 2170/3297/2830 4689/3439/2953
f 2137/3513/3023 203/3493/3003 2130/3607/3104
f 2269/3602/3099 1340/3597/3094 2277/3596/3093
f 2205/3579/1815 2199/3588/3085 1369/3580/3078
f 2291/3605/3102 2130/3607/3104 203/3493/3003
f 1121/3603/3100 2291/3605/3102 2280/3503/3013
f 2194/3556/3062 2199/3588/3085 2246/3563/1814
f 2279/3598/3095 2294/3600/3097 1121/3603/3100
f 2266/3599/3096 2144/3604/3101 2139/3606/3103
f 1121/3603/3100 2294/3600/3097 2130/3607/3104
f 202/3492/3002 2280/3503/3013 2291/3605/3102
f 2139/3606/3103 2137/3513/3023 2136/3608/3105
f 4523/3576/3075 1381/3591/3088 1319/3571/3071
f 1374/3427/2942 1319/3571/3071 4549/3609/3106
f 1319/3571/3071 1381/3591/3088 1311/3610/3107
f 1334/3453/2966 4549/3609/3106 1335/3454/2967
f 1381/3591/3088 1340/3597/3094 1311/3610/3107
f 1335/3454/2967 1340/3597/3094 1382/3458/2971
f 1340/3597/3094 2269/3602/3099 2197/3611/3108
f 1342/3612/3109 1347/3445/2958 1353/3613/3110
f 2284/3614/3111 1363/3615/3112 1373/3616/3113
f 1327/3390/2912 1353/3613/3110 4699/3617/3114
f 1342/3612/3109 1327/3390/2912 1282/3394/2916
f 1382/3458/2971 1340/3597/3094 2197/3611/3108
f 2283/3618/3115 2284/3614/3111 2280/3503/3013
f 1331/3560/3064 1373/3616/3113 1347/3445/2958
f 1331/3560/3064 2284/3614/3111 1373/3616/3113
f 1353/3613/3110 1327/3390/2912 1342/3612/3109
f 1347/3445/2958 1342/3612/3109 1282/3394/2916
f 2283/3618/3115 1363/3615/3112 2284/3614/3111
f 1347/3445/2958 1373/3616/3113 1363/3615/3112
f 1353/3613/3110 1363/3615/3112 1362/3619/3116
f 1362/3619/3116 2288/3484/2994 1353/3613/3110
f 2269/3602/3099 2280/3503/3013 2284/3614/3111
f 1374/3427/2942 4549/3609/3106 1334/3453/2966
f 1331/3560/3064 2197/3611/3108 2284/3614/3111
f 2283/3618/3115 2280/3503/3013 2257/3497/3007
f 4549/3609/3106 1319/3571/3071 1311/3610/3107
f 1335/3454/2967 4549/3609/3106 1311/3610/3107
f 2197/3611/3108 2269/3602/3099 2284/3614/3111
f 2257/3497/3007 2288/3484/2994 1362/3619/3116
f 1327/3390/2912 4699/3617/3114 1358/3474/2984
f 1362/3619/3116 1363/3615/3112 2283/3618/3115
f 1382/3458/2971 2197/3611/3108 1331/3560/3064
f 1353/3613/3110 2288/3484/2994 1073/3473/2983
f 2283/3618/3115 2257/3497/3007 1362/3619/3116
f 1363/3615/3112 1353/3613/3110 1347/3445/2958
f 1073/3473/2983 4699/3617/3114 1353/3613/3110
f 1311/3610/3107 1340/3597/3094 1335/3454/2967
f 1358/3474/2984 4699/3617/3114 1073/3473/2983
f 1286/3327/2859 1301/3441/2955 1307/3419/2936
f 1792/3293/2827 1290/3289/2823 1177/3288/2822
f 4483/3308/2841 1792/3293/2827 4484/3466/2976
f 1177/3288/2822 1223/3287/2821 1197/3317/2850
f 1197/3317/2850 1112/3284/2818 1183/3461/2973
f 1053/3547/1908 1201/3448/2961 1200/3566/1907
f 2018/3423/2939 2034/3354/2885 2014/3359/2887
f 1093/3449/2962 1063/3337/2869 1171/3462/2974
f 2153/3459/1913 2147/3296/2829 2169/3295/1877
f 4689/3439/2953 2170/3297/2830 2147/3296/2829
f 1224/3291/2825 1323/3465/2975 1876/3357/2043
f 4400/3313/2846 1912/3312/2845 1945/3367/2893
f 1191/3443/2956 1165/3410/2930 1145/3399/2921
f 1114/3447/2960 1094/3285/2819 1178/3333/2865
f 1970/3620/3117 1976/3538/3048 1969/3365/2891
f 1976/3538/3048 1970/3620/3117 2037/3621/3118
f 1970/3620/3117 1969/3365/2891 2037/3621/3118
f 1976/3538/3048 2037/3621/3118 212/3536/3046
f 212/3536/3046 200/3622/3119 195/3541/3051
f 1969/3365/2891 1978/3623/3120 2037/3621/3118
f 200/3622/3119 212/3536/3046 2037/3621/3118
f 1969/3365/2891 1975/3364/2890 1978/3623/3120
f 1978/3623/3120 200/3622/3119 2037/3621/3118
f 1560/3624/3121 4547/3625/2799 1537/3626/2636
f 4574/3627/3122 1547/3628/3123 4582/3629/3124
f 1542/3630/3125 2217/3631/1915 2069/3632/2803
f 4381/3633/3126 1523/3634/3127 614/3635/3128
f 2069/3632/2803 4574/3627/3122 1542/3630/3125
f 2087/3636/1870 2104/3637/3129 2083/3638/1778
f 1885/3639/3130 1886/3640/3131 1859/3641/3132
f 1547/3628/3123 4574/3627/3122 2069/3632/2803
f 2209/3642/3133 2081/3643/1850 2080/3644/1849
f 1892/3645/3134 1922/3646/3135 528/3647/3136
f 2048/3648/3137 1984/3649/1851 2140/3650/3138
f 2048/3648/3137 4707/3651/3139 2088/3652/1852
f 2088/3652/1852 1984/3649/1851 2048/3648/3137
f 4582/3629/3124 1547/3628/3123 1560/3624/3121
f 1865/3653/3140 2537/3654/3141 491/3655/3142
f 1993/3656/3143 2104/3637/3129 2209/3642/3133
f 1984/3649/1851 2159/3657/1896 2140/3650/3138
f 1952/3658/1861 4697/3659/3144 2080/3644/1849
f 2069/3632/2803 4547/3625/2799 1547/3628/3123
f 452/3660/94 438/3661/3145 437/3662/3146
f 2072/3663/3147 1988/3664/3148 2004/3665/3149
f 2140/3650/3138 1988/3664/3148 2048/3648/3137
f 4707/3651/3139 4697/3659/3144 2156/3666/1897
f 1947/3667/3150 1938/3668/3151 1897/3669/3152
f 520/3670/3153 3334/3671/3154 469/3672/3155
f 1560/3624/3121 1547/3628/3123 4547/3625/2799
f 4693/3673/3156 2532/3674/3157 4692/3675/3158
f 2104/3637/3129 2087/3636/1870 2209/3642/3133
f 520/3670/3153 478/3676/3159 477/3677/3160
f 1860/3678/3161 1861/3679/3162 1621/3680/3163
f 1560/3624/3121 1537/3626/2636 4582/3629/3124
f 527/3681/3164 477/3677/3160 478/3676/3159
f 614/3635/3128 1523/3634/3127 1745/3682/3165
f 2048/3648/3137 1988/3664/3148 4707/3651/3139
f 4707/3651/3139 2156/3666/1897 2088/3652/1852
f 2004/3665/3149 1988/3664/3148 2140/3650/3138
f 4708/3683/3166 4707/3651/3139 1988/3664/3148
f 4708/3683/3166 1988/3664/3148 1993/3656/3143
f 4697/3659/3144 4707/3651/3139 4708/3683/3166
f 4697/3659/3144 1952/3658/1861 2156/3666/1897
f 1993/3656/3143 1988/3664/3148 2072/3663/3147
f 1993/3656/3143 2209/3642/3133 4708/3683/3166
f 4708/3683/3166 2209/3642/3133 4697/3659/3144
f 4697/3659/3144 2209/3642/3133 2080/3644/1849
f 2087/3636/1870 2081/3643/1850 2209/3642/3133
f 834/3684/3167 865/3685/3168 885/3686/3169
f 2052/3687/3170 2079/3688/3171 1997/3689/3172
f 477/3677/3160 1884/3690/3173 1900/3691/3174
f 1947/3667/3150 1924/3692/2951 188/3693/3029
f 2049/3694/2996 1941/3695/3175 188/3693/3029
f 2049/3694/2996 1953/3696/3176 1941/3695/3175
f 2031/3697/2924 1953/3696/3176 2049/3694/2996
f 1947/3667/3150 188/3693/3029 1941/3695/3175
f 1922/3646/3135 1857/3698/3177 561/3699/3178
f 710/3700/3179 1294/3701/3180 711/3702/3181
f 510/3703/3182 477/3677/3160 1900/3691/3174
f 902/3704/3183 838/3705/3184 901/3706/3185
f 3334/3671/3154 515/3707/3186 469/3672/3155
f 2070/3708/3187 2091/3709/3188 2008/3710/3189
f 142/3711/3190 1928/3712/3191 1941/3695/3175
f 2001/3713/3192 1948/3714/3193 1951/3715/3194
f 2003/3716/3195 1951/3715/3194 1948/3714/3193
f 1219/3717/3196 997/3718/3197 821/3719/3198
f 2756/3720/3199 1885/3639/3130 1859/3641/3132
f 4616/3721/903 1616/3722/3200 4585/3723/1736
f 825/3724/3201 901/3706/3185 838/3705/3184
f 838/3705/3184 769/3725/3202 805/3726/900
f 1616/3722/3200 4618/3727/3203 1615/3728/3204
f 4616/3721/903 3768/3729/3205 4618/3727/3203
f 4616/3721/903 1610/3730/902 767/3731/3206
f 769/3725/3202 770/3732/901 805/3726/900
f 3768/3729/3205 4616/3721/903 767/3731/3206
f 769/3725/3202 832/3733/3207 797/3734/3208
f 3768/3729/3205 767/3731/3206 4394/3735/3209
f 832/3733/3207 834/3684/3167 797/3734/3208
f 767/3731/3206 769/3725/3202 797/3734/3208
f 1612/3736/3210 1643/3737/3211 1615/3728/3204
f 4641/3738/3212 1612/3736/3210 4394/3735/3209
f 797/3734/3208 834/3684/3167 885/3686/3169
f 767/3731/3206 797/3734/3208 863/3739/3213
f 474/3740/3214 475/3741/3215 481/3742/3216
f 509/3743/3217 458/3744/3218 440/3745/3219
f 1904/3746/3220 1896/3747/3221 1887/3748/3222
f 507/3749/3223 550/3750/3224 1904/3746/3220
f 1643/3737/3211 1612/3736/3210 1644/3751/3225
f 865/3685/3168 895/3752/3226 885/3686/3169
f 1752/3753/3227 2067/3754/3228 2064/3755/3229
f 1397/3756/3230 4641/3738/3212 4394/3735/3209
f 4394/3735/3209 863/3739/3213 1397/3756/3230
f 798/3757/3231 863/3739/3213 797/3734/3208
f 973/3758/3232 472/3759/3233 447/3760/3234
f 1620/3761/3235 1643/3737/3211 1644/3751/3225
f 1620/3761/3235 1644/3751/3225 4641/3738/3212
f 863/3739/3213 771/3762/3236 1397/3756/3230
f 4623/3763/3237 1639/3764/3238 1652/3765/3239
f 1643/3737/3211 1620/3761/3235 4612/3766/3240
f 4623/3763/3237 3052/3767/3241 1639/3764/3238
f 4665/3768/3242 1607/3769/3243 3052/3767/3241
f 4612/3766/3240 1620/3761/3235 4640/3770/3244
f 4393/3771/3245 778/3772/3246 4612/3766/3240
f 778/3772/3246 4393/3771/3245 819/3773/3247
f 819/3773/3247 1608/3774/3248 3052/3767/3241
f 1613/3775/3249 4640/3770/3244 1620/3761/3235
f 859/3776/3250 1119/3777/3251 771/3762/3236
f 874/3778/3252 875/3779/3253 1859/3641/3132
f 1607/3769/3243 4665/3768/3242 1360/3780/3254
f 4640/3770/3244 4393/3771/3245 4612/3766/3240
f 819/3773/3247 4393/3771/3245 1608/3774/3248
f 4614/3781/3255 4665/3768/3242 1608/3774/3248
f 4640/3770/3244 1613/3775/3249 1516/3782/3256
f 771/3762/3236 1119/3777/3251 1516/3782/3256
f 1607/3769/3243 1640/3783/3257 1639/3764/3238
f 4398/3784/3258 1607/3769/3243 1360/3780/3254
f 1360/3780/3254 4665/3768/3242 4614/3781/3255
f 1783/3785/3259 4393/3771/3245 4640/3770/3244
f 1781/3786/3260 1608/3774/3248 4393/3771/3245
f 1608/3774/3248 1781/3786/3260 4614/3781/3255
f 4640/3770/3244 1516/3782/3256 1783/3785/3259
f 4608/3787/3261 4398/3784/3258 1360/3780/3254
f 895/3752/3226 859/3776/3250 885/3686/3169
f 1607/3769/3243 4398/3784/3258 1606/3788/3262
f 2066/3789/3263 4574/3627/3122 4582/3629/3124
f 1360/3780/3254 4614/3781/3255 4622/3790/3264
f 1781/3786/3260 1782/3791/3265 4614/3781/3255
f 866/3792/3266 4381/3633/3126 2276/3793/3267
f 4608/3787/3261 4622/3790/3264 4398/3784/3258
f 1640/3783/3257 1276/3794/3268 1619/3795/3269
f 1606/3788/3262 4398/3784/3258 4621/3796/3270
f 2066/3789/3263 4582/3629/3124 1539/3797/3271
f 1542/3630/3125 4574/3627/3122 2066/3789/3263
f 2217/3631/1915 1542/3630/3125 1561/3798/1916
f 4622/3790/3264 4614/3781/3255 1782/3791/3265
f 866/3792/3266 1493/3799/3272 4381/3633/3126
f 1405/3800/3273 4627/3801/3274 1591/3802/3275
f 1360/3780/3254 4622/3790/3264 4608/3787/3261
f 4383/3803/3276 614/3635/3128 4627/3801/3274
f 1591/3802/3275 679/3804/3277 1405/3800/3273
f 4622/3790/3264 4621/3796/3270 4398/3784/3258
f 1276/3794/3268 1273/3805/3278 1619/3795/3269
f 838/3705/3184 902/3704/3183 832/3733/3207
f 1542/3630/3125 2066/3789/3263 1994/3806/3279
f 709/3807/3280 4622/3790/3264 1782/3791/3265
f 4381/3633/3126 614/3635/3128 4383/3803/3276
f 1591/3802/3275 4627/3801/3274 614/3635/3128
f 1523/3634/3127 1493/3799/3272 822/3808/3281
f 4588/3809/3282 1650/3810/3283 813/3811/3284
f 1656/3812/3285 1565/3813/3286 1650/3810/3283
f 1565/3813/3286 1656/3812/3285 1597/3814/3287
f 4621/3796/3270 4622/3790/3264 709/3807/3280
f 2992/3815/3288 1619/3795/3269 1273/3805/3278
f 4617/3816/3289 1656/3812/3285 1650/3810/3283
f 4598/3817/3290 1548/3818/3291 1539/3797/3271
f 463/3819/3292 471/3820/3293 440/3745/3219
f 2152/3821/1882 1561/3798/1916 2071/3822/3294
f 1658/3823/3295 1819/3824/1765 1677/3825/1769
f 433/3826/3296 3334/3671/3154 492/3827/3297
f 518/3828/3298 472/3759/3233 526/3829/3299
f 4617/3816/3289 1667/3830/3300 1656/3812/3285
f 526/3829/3299 527/3681/3164 518/3828/3298
f 2159/3657/1896 2152/3821/1882 2141/3831/3301
f 1667/3830/3300 4617/3816/3289 109/3832/3302
f 1768/3833/3303 1761/3834/1756 1811/3835/1763
f 1542/3630/3125 1994/3806/3279 1545/3836/3304
f 111/3837/1767 109/3832/3302 1768/3833/3303
f 1768/3833/3303 4588/3809/3282 1576/3838/1728
f 679/3804/3277 709/3807/3280 1782/3791/3265
f 1650/3810/3283 1565/3813/3286 813/3811/3284
f 1667/3830/3300 109/3832/3302 105/3839/3305
f 614/3635/3128 613/3840/3306 1591/3802/3275
f 613/3840/3306 606/3841/3307 679/3804/3277
f 1811/3835/1763 111/3837/1767 1768/3833/3303
f 1650/3810/3283 1768/3833/3303 4617/3816/3289
f 1624/3842/3308 1601/3843/3309 1623/3844/3310
f 109/3832/3302 111/3837/1767 105/3839/3305
f 1523/3634/3127 822/3808/3281 1459/3845/3311
f 1768/3833/3303 109/3832/3302 4617/3816/3289
f 1883/3846/2875 528/3647/3136 1907/3847/2883
f 1769/3848/3312 1843/3849/3313 1858/3850/3314
f 481/3742/3216 433/3826/3296 480/3851/3315
f 1705/3852/3316 1662/3853/1749 1762/3854/1734
f 1681/3855/1735 1658/3823/3295 1705/3852/3316
f 4621/3796/3270 709/3807/3280 1233/3856/3317
f 1718/3857/3318 1603/3858/3319 1843/3849/3313
f 1705/3852/3316 1677/3825/1769 1662/3853/1749
f 1681/3855/1735 1705/3852/3316 1762/3854/1734
f 1233/3856/3317 2992/3815/3288 1273/3805/3278
f 1768/3833/3303 1650/3810/3283 4588/3809/3282
f 4383/3803/3276 2033/3859/3320 4381/3633/3126
f 2992/3815/3288 1552/3860/3321 1718/3857/3318
f 2071/3822/3294 1545/3836/3304 1997/3689/3172
f 2141/3831/3301 2152/3821/1882 2071/3822/3294
f 2756/3720/3199 1859/3641/3132 498/3861/3322
f 1681/3855/1735 105/3839/3305 1658/3823/3295
f 441/3862/3323 1910/3863/3324 973/3758/3232
f 1658/3823/3295 1575/3864/1759 1819/3824/1765
f 1658/3823/3295 111/3837/1767 1575/3864/1759
f 1516/3782/3256 1119/3777/3251 4627/3801/3274
f 1545/3836/3304 1994/3806/3279 1997/3689/3172
f 1658/3823/3295 1677/3825/1769 1705/3852/3316
f 606/3841/3307 709/3807/3280 679/3804/3277
f 1656/3812/3285 1667/3830/3300 1597/3814/3287
f 624/3865/3325 613/3840/3306 614/3635/3128
f 1644/3751/3225 1612/3736/3210 4641/3738/3212
f 613/3840/3306 624/3865/3325 606/3841/3307
f 1761/3834/1756 1768/3833/3303 1576/3838/1728
f 1745/3682/3165 1523/3634/3127 1459/3845/3311
f 111/3837/1767 1658/3823/3295 105/3839/3305
f 4582/3629/3124 4628/3866/3326 1539/3797/3271
f 822/3808/3281 821/3719/3198 1459/3845/3311
f 1553/3867/3327 4594/3868/3328 1648/3869/3329
f 1628/3870/3330 4677/3871/3331 1858/3850/3314
f 1603/3858/3319 1858/3850/3314 1843/3849/3313
f 4392/3872/3332 1233/3856/3317 709/3807/3280
f 4582/3629/3124 1537/3626/2636 1541/3873/3333
f 1603/3858/3319 1718/3857/3318 1552/3860/3321
f 1682/3874/3334 2071/3822/3294 1997/3689/3172
f 1541/3873/3333 1537/3626/2636 4543/3875/2605
f 2071/3822/3294 1682/3874/3334 2141/3831/3301
f 2065/3876/3335 2140/3650/3138 2141/3831/3301
f 1994/3806/3279 2052/3687/3170 1997/3689/3172
f 4392/3872/3332 709/3807/3280 606/3841/3307
f 4543/3875/2605 1771/3877/3336 1541/3873/3333
f 614/3635/3128 625/3878/3337 624/3865/3325
f 1606/3788/3262 1276/3794/3268 1607/3769/3243
f 624/3865/3325 602/3879/3338 606/3841/3307
f 1459/3845/3311 2526/3880/3339 1745/3682/3165
f 1459/3845/3311 821/3719/3198 1477/3881/3340
f 1553/3867/3327 1648/3869/3329 96/3882/3341
f 4591/3883/3342 1553/3867/3327 1586/3884/3343
f 4677/3871/3331 1585/3885/3344 4564/3886/3345
f 4594/3868/3328 1592/3887/3346 1648/3869/3329
f 1585/3885/3344 4677/3871/3331 1628/3870/3330
f 1605/3888/3347 1603/3858/3319 1552/3860/3321
f 1294/3701/3180 2992/3815/3288 716/3889/3348
f 4598/3817/3290 1539/3797/3271 4628/3866/3326
f 1605/3888/3347 1552/3860/3321 1294/3701/3180
f 2065/3876/3335 2004/3665/3149 2140/3650/3138
f 1997/3689/3172 2079/3688/3171 1682/3874/3334
f 1825/3890/156 1826/3891/158 1771/3877/3336
f 2141/3831/3301 1682/3874/3334 2073/3892/3349
f 606/3841/3307 602/3879/3338 4392/3872/3332
f 4543/3875/2605 1825/3890/156 1771/3877/3336
f 2533/3893/3350 1477/3881/3340 821/3719/3198
f 1612/3736/3210 1615/3728/3204 3768/3729/3205
f 2526/3880/3339 1459/3845/3311 1477/3881/3340
f 96/3882/3341 4584/3894/3351 1553/3867/3327
f 1553/3867/3327 4584/3894/3351 1586/3884/3343
f 4564/3886/3345 1585/3885/3344 1592/3887/3346
f 4582/3629/3124 1541/3873/3333 4628/3866/3326
f 1648/3869/3329 1592/3887/3346 1933/3895/3352
f 873/3896/3353 874/3778/3252 2324/3897/3354
f 1585/3885/3344 1628/3870/3330 1624/3842/3308
f 1603/3858/3319 1601/3843/3309 1628/3870/3330
f 1542/3630/3125 1545/3836/3304 1561/3798/1916
f 507/3749/3223 131/3898/3355 550/3750/3224
f 1904/3746/3220 526/3829/3299 507/3749/3223
f 711/3702/3181 716/3889/3348 4392/3872/3332
f 2059/3899/3356 2072/3663/3147 2074/3900/3357
f 525/3901/3066 552/3902/3053 131/3898/3355
f 1602/3903/3358 1603/3858/3319 1605/3888/3347
f 1605/3888/3347 1294/3701/3180 710/3700/3179
f 1848/3904/3359 2068/3905/3360 2052/3687/3170
f 1848/3904/3359 1588/3906/3361 1586/3884/3343
f 2004/3665/3149 2074/3900/3357 2072/3663/3147
f 2074/3900/3357 2004/3665/3149 2065/3876/3335
f 1682/3874/3334 2079/3688/3171 2073/3892/3349
f 1893/3907/3362 1930/3908/3363 1879/3909/3364
f 787/3910/3365 2065/3876/3335 2073/3892/3349
f 2509/3911/3366 520/3670/3153 510/3703/3182
f 466/3912/3367 480/3851/3315 491/3655/3142
f 2091/3709/3188 1848/3904/3359 2089/3913/3368
f 2079/3688/3171 2052/3687/3170 2068/3905/3360
f 871/3914/3369 873/3896/3353 2126/3915/3370
f 2068/3905/3360 2091/3709/3188 2070/3708/3187
f 1647/3916/3371 4392/3872/3332 602/3879/3338
f 4598/3817/3290 4591/3883/3342 1588/3906/3361
f 2533/3893/3350 2526/3880/3339 1477/3881/3340
f 4584/3894/3351 96/3882/3341 4625/3917/3372
f 1933/3895/3352 1636/3918/3373 1648/3869/3329
f 1601/3843/3309 1624/3842/3308 1628/3870/3330
f 4606/3919/3374 1585/3885/3344 1624/3842/3308
f 1601/3843/3309 1603/3858/3319 1602/3903/3358
f 711/3702/3181 4392/3872/3332 1647/3916/3371
f 1605/3888/3347 710/3700/3179 1602/3903/3358
f 2089/3913/3368 1848/3904/3359 1586/3884/3343
f 787/3910/3365 2073/3892/3349 2079/3688/3171
f 2068/3905/3360 2070/3708/3187 2079/3688/3171
f 602/3879/3338 4391/3920/3375 1647/3916/3371
f 2533/3893/3350 2532/3674/3157 2530/3921/3376
f 2526/3880/3339 2533/3893/3350 2530/3921/3376
f 4692/3675/3158 2532/3674/3157 2533/3893/3350
f 4584/3894/3351 4625/3917/3372 2089/3913/3368
f 1933/3895/3352 1638/3922/3377 1636/3918/3373
f 103/3923/3378 95/3924/3379 1880/3925/3380
f 103/3923/3378 101/3926/3381 4625/3917/3372
f 1880/3925/3380 95/3924/3379 1636/3918/3373
f 4606/3919/3374 1624/3842/3308 1633/3927/3382
f 1601/3843/3309 1602/3903/3358 1623/3844/3310
f 1647/3916/3371 633/3928/3383 711/3702/3181
f 1862/3929/3384 1778/3930/3385 1959/3931/3386
f 512/3932/3387 476/3933/3388 478/3676/3159
f 1516/3782/3256 1405/3800/3273 1783/3785/3259
f 4626/3934/3389 1602/3903/3358 710/3700/3179
f 4626/3934/3389 710/3700/3179 711/3702/3181
f 2059/3899/3356 4572/3935/3390 2072/3663/3147
f 2104/3637/3129 1993/3656/3143 4572/3935/3390
f 2104/3637/3129 2053/3936/1921 2083/3638/1778
f 2060/3937/3391 2079/3688/3171 2070/3708/3187
f 4619/3938/3392 811/3939/3393 1565/3813/3286
f 1573/3940/3394 1818/3941/3395 1655/3942/3396
f 910/3943/3397 1600/3944/3398 1551/3945/3399
f 1573/3940/3394 1661/3946/3400 1652/3765/3239
f 1818/3941/3395 1641/3947/3401 1655/3942/3396
f 4563/3948/3402 1573/3940/3394 98/3949/3403
f 910/3943/3397 1769/3848/3312 1600/3944/3398
f 910/3943/3397 1654/3950/3404 1655/3942/3396
f 1655/3942/3396 98/3949/3403 1573/3940/3394
f 99/3951/3405 1667/3830/3300 788/3952/3406
f 1619/3795/3269 1649/3953/3407 1640/3783/3257
f 1654/3950/3404 98/3949/3403 1655/3942/3396
f 1599/3954/3408 4619/3938/3392 107/3955/3409
f 1641/3947/3401 1598/3956/3410 1649/3953/3407
f 4646/3957/1737 105/3839/3305 1681/3855/1735
f 4563/3948/3402 813/3811/3284 811/3939/3393
f 1818/3941/3395 1573/3940/3394 1652/3765/3239
f 106/3958/3411 1616/3722/3200 1615/3728/3204
f 778/3772/3246 1599/3954/3408 779/3959/3412
f 811/3939/3393 4619/3938/3392 4563/3948/3402
f 805/3726/900 825/3724/3201 838/3705/3184
f 1661/3946/3400 780/3960/3413 1652/3765/3239
f 106/3958/3411 99/3951/3405 788/3952/3406
f 518/3828/3298 478/3676/3159 476/3933/3388
f 4397/3961/3414 1866/3962/3415 1861/3679/3162
f 512/3932/3387 478/3676/3159 469/3672/3155
f 458/3744/3218 454/3963/3416 439/3964/3417
f 497/3965/3418 2391/3966/3419 2502/3967/3420
f 518/3828/3298 476/3933/3388 447/3760/3234
f 1661/3946/3400 4619/3938/3392 1599/3954/3408
f 107/3955/3409 1597/3814/3287 99/3951/3405
f 1599/3954/3408 107/3955/3409 1614/3968/3421
f 910/3943/3397 1551/3945/3399 1654/3950/3404
f 1661/3946/3400 1599/3954/3408 780/3960/3413
f 1652/3765/3239 1639/3764/3238 1598/3956/3410
f 4563/3948/3402 4619/3938/3392 1661/3946/3400
f 910/3943/3397 1655/3942/3396 1641/3947/3401
f 1818/3941/3395 1598/3956/3410 1641/3947/3401
f 1843/3849/3313 1769/3848/3312 1635/3969/3422
f 910/3943/3397 1641/3947/3401 1635/3969/3422
f 780/3960/3413 778/3772/3246 4623/3763/3237
f 1667/3830/3300 105/3839/3305 788/3952/3406
f 780/3960/3413 1599/3954/3408 778/3772/3246
f 107/3955/3409 4619/3938/3392 1597/3814/3287
f 813/3811/3284 1565/3813/3286 811/3939/3393
f 106/3958/3411 1609/3970/3423 107/3955/3409
f 1597/3814/3287 4619/3938/3392 1565/3813/3286
f 1609/3970/3423 1614/3968/3421 107/3955/3409
f 4563/3948/3402 1661/3946/3400 1573/3940/3394
f 985/3971/3424 870/3972/3425 983/3973/3426
f 4630/3974/3427 983/3973/3426 504/3975/3428
f 4630/3974/3427 810/3976/3429 983/3973/3426
f 985/3971/3424 983/3973/3426 810/3976/3429
f 810/3976/3429 2533/3893/3350 996/3977/3430
f 810/3976/3429 4630/3974/3427 2533/3893/3350
f 504/3975/3428 983/3973/3426 870/3972/3425
f 985/3971/3424 810/3976/3429 996/3977/3430
f 1635/3969/3422 1641/3947/3401 1649/3953/3407
f 1598/3956/3410 1639/3764/3238 1640/3783/3257
f 1769/3848/3312 910/3943/3397 1635/3969/3422
f 1598/3956/3410 1818/3941/3395 1652/3765/3239
f 1598/3956/3410 1640/3783/3257 1649/3953/3407
f 1652/3765/3239 780/3960/3413 4623/3763/3237
f 1599/3954/3408 1614/3968/3421 779/3959/3412
f 1649/3953/3407 1619/3795/3269 1635/3969/3422
f 1609/3970/3423 779/3959/3412 1614/3968/3421
f 107/3955/3409 99/3951/3405 106/3958/3411
f 1597/3814/3287 1667/3830/3300 99/3951/3405
f 1843/3849/3313 1635/3969/3422 1619/3795/3269
f 1643/3737/3211 1609/3970/3423 106/3958/3411
f 4612/3766/3240 779/3959/3412 1609/3970/3423
f 1615/3728/3204 1643/3737/3211 106/3958/3411
f 1643/3737/3211 4612/3766/3240 1609/3970/3423
f 788/3952/3406 1616/3722/3200 106/3958/3411
f 788/3952/3406 4646/3957/1737 1616/3722/3200
f 4646/3957/1737 788/3952/3406 105/3839/3305
f 1616/3722/3200 4646/3957/1737 4585/3723/1736
f 662/3978/3431 4626/3934/3389 592/3979/3432
f 1580/3980/3433 4566/3981/3434 98/3949/3403
f 2005/3982/3435 1562/3983/3436 1582/3984/3437
f 1657/3985/3438 1770/3986/3439 1587/3987/3440
f 1577/3988/178 1820/3989/3441 1821/3990/3442
f 4563/3948/3402 97/3991/3443 813/3811/3284
f 98/3949/3403 4566/3981/3434 1766/3992/3444
f 4588/3809/3282 1820/3989/3441 1576/3838/1728
f 4567/3993/3445 4578/3994/3446 2061/3995/3447
f 1578/3996/3448 1766/3992/3444 4566/3981/3434
f 2061/3995/3447 4568/3997/3449 4567/3993/3445
f 1550/3998/3450 1568/3999/163 1578/3996/3448
f 1654/3950/3404 1580/3980/3433 98/3949/3403
f 4566/3981/3434 1580/3980/3433 1578/3996/3448
f 4588/3809/3282 813/3811/3284 1820/3989/3441
f 97/3991/3443 1821/3990/3442 813/3811/3284
f 4589/4000/3451 4628/3866/3326 4567/3993/3445
f 1589/4001/3452 1653/4002/3453 1590/4003/3454
f 1808/4004/3455 1580/3980/3433 1654/3950/3404
f 1887/3748/3222 1896/3747/3221 1884/3690/3173
f 2852/4005/3456 4402/4006/3457 463/3819/3292
f 509/3743/3217 471/3820/3293 515/3707/3186
f 523/4007/3458 1900/3691/3174 431/4008/3459
f 4612/3766/3240 778/3772/3246 779/3959/3412
f 481/3742/3216 466/3912/3367 474/3740/3214
f 522/4009/3460 523/4007/3458 442/4010/3461
f 550/3750/3224 131/3898/3355 552/3902/3053
f 1922/3646/3135 561/3699/3178 532/4011/3462
f 1583/4012/3463 1559/4013/3464 4662/4014/3465
f 1588/3906/3361 1548/3818/3291 4598/3817/3290
f 2526/3880/3339 602/3879/3338 625/3878/3337
f 1582/3984/3437 1578/3996/3448 1580/3980/3433
f 4568/3997/3449 1590/4003/3454 4576/4015/3466
f 4576/4015/3466 1653/4002/3453 4594/3868/3328
f 1595/4016/3467 4564/3886/3345 1589/4001/3452
f 1647/3916/3371 4391/3920/3375 633/3928/3383
f 559/4017/3468 532/4011/3462 561/3699/3178
f 1766/3992/3444 1821/3990/3442 97/3991/3443
f 2005/3982/3435 1582/3984/3437 1808/4004/3455
f 1820/3989/3441 1758/4018/1729 1576/3838/1728
f 1770/3986/3439 1584/4019/3469 4596/4020/3470
f 507/3749/3223 537/4021/3471 131/3898/3355
f 525/3901/3066 131/3898/3355 537/4021/3471
f 1516/3782/3256 4627/3801/3274 1405/3800/3273
f 1808/4004/3455 1582/3984/3437 1580/3980/3433
f 1933/3895/3352 1592/3887/3346 1585/3885/3344
f 4576/4015/3466 4590/4022/3472 4568/3997/3449
f 504/3975/3428 1861/3679/3162 1866/3962/3415
f 471/3820/3293 509/3743/3217 440/3745/3219
f 3334/3671/3154 2697/4023/3473 492/3827/3297
f 1581/4024/3474 1808/4004/3455 1654/3950/3404
f 2530/3921/3376 2532/3674/3157 4693/3673/3156
f 1568/3999/163 1569/4025/179 1578/3996/3448
f 1587/3987/3440 4596/4020/3470 4667/4026/3475
f 458/3744/3218 509/3743/3217 481/3742/3216
f 813/3811/3284 1821/3990/3442 1820/3989/3441
f 1588/3906/3361 1848/3904/3359 2052/3687/3170
f 1582/3984/3437 1550/3998/3450 1578/3996/3448
f 4391/3920/3375 2526/3880/3339 2530/3921/3376
f 1581/4024/3474 2005/3982/3435 1808/4004/3455
f 1578/3996/3448 1569/4025/179 1577/3988/178
f 1590/4003/3454 4666/4027/3476 4667/4026/3475
f 1821/3990/3442 1766/3992/3444 1577/3988/178
f 1654/3950/3404 1551/3945/3399 1581/4024/3474
f 2005/3982/3435 1827/4028/3477 1642/4029/3478
f 1550/3998/3450 1582/3984/3437 1596/4030/3479
f 1562/3983/3436 1642/4029/3478 1596/4030/3479
f 4567/3993/3445 4590/4022/3472 4589/4000/3451
f 1935/4031/3480 2007/4032/3481 1883/3846/2875
f 716/3889/3348 2992/3815/3288 1233/3856/3317
f 1568/3999/163 1550/3998/3450 1549/4033/154
f 1600/3944/3398 4564/3886/3345 1593/4034/3482
f 1593/4034/3482 1594/4035/3483 1600/3944/3398
f 1589/4001/3452 1592/3887/3346 1653/4002/3453
f 1581/4024/3474 1551/3945/3399 1594/4035/3483
f 97/3991/3443 4563/3948/3402 98/3949/3403
f 2005/3982/3435 1581/4024/3474 1827/4028/3477
f 4667/4026/3475 4596/4020/3470 1584/4019/3469
f 1273/3805/3278 1276/3794/3268 1606/3788/3262
f 1577/3988/178 1766/3992/3444 1578/3996/3448
f 472/3759/3233 537/4021/3471 507/3749/3223
f 602/3879/3338 624/3865/3325 625/3878/3337
f 1562/3983/3436 2005/3982/3435 1642/4029/3478
f 98/3949/3403 1766/3992/3444 97/3991/3443
f 806/4036/3484 1584/4019/3469 1827/4028/3477
f 432/4037/3485 431/4008/3459 532/4011/3462
f 4394/3735/3209 1612/3736/3210 3768/3729/3205
f 1765/4038/3486 1770/3986/3439 1657/3985/3438
f 1594/4035/3483 1551/3945/3399 1600/3944/3398
f 1581/4024/3474 1594/4035/3483 806/4036/3484
f 806/4036/3484 1827/4028/3477 1581/4024/3474
f 1595/4016/3467 806/4036/3484 1594/4035/3483
f 654/4039/3487 4380/4040/3488 592/3979/3432
f 1907/3847/2883 528/3647/3136 1888/4041/3057
f 1718/3857/3318 1619/3795/3269 2992/3815/3288
f 1770/3986/3439 4596/4020/3470 1587/3987/3440
f 1549/4033/154 4662/4014/3465 981/4042/148
f 4662/4014/3465 1596/4030/3479 1583/4012/3463
f 1642/4029/3478 1583/4012/3463 1596/4030/3479
f 4578/3994/3446 1657/3985/3438 2061/3995/3447
f 1594/4035/3483 1593/4034/3482 1595/4016/3467
f 1549/4033/154 1550/3998/3450 1596/4030/3479
f 1590/4003/3454 806/4036/3484 1595/4016/3467
f 1583/4012/3463 1642/4029/3478 1584/4019/3469
f 1771/3877/3336 4578/3994/3446 1546/4043/3489
f 1559/4013/3464 1833/4044/149 981/4042/148
f 1596/4030/3479 4662/4014/3465 1549/4033/154
f 1559/4013/3464 981/4042/148 4662/4014/3465
f 1596/4030/3479 1582/3984/3437 1562/3983/3436
f 1593/4034/3482 4564/3886/3345 1595/4016/3467
f 806/4036/3484 1590/4003/3454 4667/4026/3475
f 446/4045/3490 4402/4006/3457 4405/4046/3491
f 1589/4001/3452 1590/4003/3454 1595/4016/3467
f 1765/4038/3486 1826/3891/158 1833/4044/149
f 1770/3986/3439 1583/4012/3463 1584/4019/3469
f 1559/4013/3464 1583/4012/3463 1770/3986/3439
f 1845/4047/3492 552/3902/3053 1899/4048/2950
f 2391/3966/3419 497/3965/3418 19/4049/3493
f 1584/4019/3469 1642/4029/3478 1827/4028/3477
f 1833/4044/149 1559/4013/3464 1765/4038/3486
f 1765/4038/3486 1559/4013/3464 1770/3986/3439
f 1592/3887/3346 1589/4001/3452 4564/3886/3345
f 4568/3997/3449 4666/4027/3476 1590/4003/3454
f 1584/4019/3469 806/4036/3484 4667/4026/3475
f 4666/4027/3476 1587/3987/3440 4667/4026/3475
f 1758/4018/1729 1820/3989/3441 1577/3988/178
f 4576/4015/3466 1590/4003/3454 1653/4002/3453
f 3052/3767/3241 1608/3774/3248 4665/3768/3242
f 2061/3995/3447 4666/4027/3476 4568/3997/3449
f 767/3731/3206 863/3739/3213 4394/3735/3209
f 4666/4027/3476 2061/3995/3447 1587/3987/3440
f 1653/4002/3453 1592/3887/3346 4594/3868/3328
f 470/4050/3494 471/3820/3293 463/3819/3292
f 1765/4038/3486 1657/3985/3438 1826/3891/158
f 822/3808/3281 1219/3717/3196 821/3719/3198
f 1566/4051/3495 1872/4052/3496 1634/4053/3497
f 4578/3994/3446 4567/3993/3445 1546/4043/3489
f 973/3758/3232 1910/3863/3324 472/3759/3233
f 1851/4054/2928 639/4055/3498 1853/4056/2838
f 2061/3995/3447 1657/3985/3438 1587/3987/3440
f 1646/4057/3499 1929/4058/3500 104/4059/3501
f 4590/4022/3472 4576/4015/3466 4594/3868/3328
f 1657/3985/3438 4578/3994/3446 1826/3891/158
f 4568/3997/3449 4590/4022/3472 4567/3993/3445
f 4594/3868/3328 1557/4060/3502 4590/4022/3472
f 1771/3877/3336 1826/3891/158 4578/3994/3446
f 4590/4022/3472 1557/4060/3502 4589/4000/3451
f 4591/3883/3342 1557/4060/3502 4594/3868/3328
f 447/3760/3234 446/4045/3490 973/3758/3232
f 101/3926/3381 104/4059/3501 139/4061/3503
f 4567/3993/3445 1541/3873/3333 1546/4043/3489
f 439/3964/3417 440/3745/3219 458/3744/3218
f 4589/4000/3451 1557/4060/3502 4591/3883/3342
f 1541/3873/3333 1771/3877/3336 1546/4043/3489
f 4628/3866/3326 1541/3873/3333 4567/3993/3445
f 4589/4000/3451 4598/3817/3290 4628/3866/3326
f 4591/3883/3342 4598/3817/3290 4589/4000/3451
f 4692/3675/3158 2533/3893/3350 4630/3974/3427
f 2089/3913/3368 4625/3917/3372 101/3926/3381
f 1921/4062/3504 1925/4063/3505 129/4064/3506
f 527/3681/3164 1884/3690/3173 477/3677/3160
f 4392/3872/3332 716/3889/3348 1233/3856/3317
f 1638/3922/3377 1933/3895/3352 4606/3919/3374
f 1939/4065/3507 1874/4066/3508 1870/4067/3509
f 103/3923/3378 1880/3925/3380 101/3926/3381
f 2126/3915/3370 2183/4068/3510 504/3975/3428
f 1636/3918/3373 1645/4069/3511 1880/3925/3380
f 1634/4053/3497 1645/4069/3511 1638/3922/3377
f 1633/3927/3382 1624/3842/3308 1623/3844/3310
f 4606/3919/3374 1633/3927/3382 2617/4070/3512
f 1752/3753/3227 1623/3844/3310 1602/3903/3358
f 537/4021/3471 1910/3863/3324 639/4055/3498
f 447/3760/3234 476/3933/3388 470/4050/3494
f 1921/4062/3504 1938/3668/3151 1947/3667/3150
f 2850/4071/99 2852/4005/3456 449/4072/3513
f 1752/3753/3227 1602/3903/3358 4626/3934/3389
f 2756/3720/3199 2758/4073/3514 2956/4074/3515
f 592/3979/3432 4626/3934/3389 711/3702/3181
f 1905/4075/2834 1924/3692/2951 1897/3669/3152
f 4581/4076/3516 563/4077/3517 565/4078/3518
f 472/3759/3233 1910/3863/3324 537/4021/3471
f 2089/3913/3368 1951/3715/3194 2091/3709/3188
f 4572/3935/3390 2059/3899/3356 2086/4079/3519
f 2104/3637/3129 4572/3935/3390 2063/4080/3520
f 4402/4006/3457 447/3760/3234 470/4050/3494
f 2104/3637/3129 2063/4080/3520 2053/3936/1921
f 1940/4081/3521 1928/3712/3191 142/3711/3190
f 787/3910/3365 2060/3937/3391 2075/4082/3522
f 2008/3710/3189 2060/3937/3391 2070/3708/3187
f 4391/3920/3375 2530/3921/3376 4693/3673/3156
f 408/4083/3523 1853/4056/2838 639/4055/3498
f 2852/4005/3456 4405/4046/3491 4402/4006/3457
f 157/4084/3524 1946/4085/3525 141/4086/3526
f 441/3862/3323 973/3758/3232 446/4045/3490
f 1927/4087/3527 1925/4063/3505 1921/4062/3504
f 2089/3913/3368 101/3926/3381 1951/3715/3194
f 4402/4006/3457 446/4045/3490 447/3760/3234
f 449/4072/3513 2852/4005/3456 454/3963/3416
f 2852/4005/3456 463/3819/3292 439/3964/3417
f 458/3744/3218 4653/4088/3528 454/3963/3416
f 1638/3922/3377 4606/3919/3374 1634/4053/3497
f 639/4055/3498 1910/3863/3324 441/3862/3323
f 1874/4066/3508 1869/4089/3529 1870/4067/3509
f 104/4059/3501 101/3926/3381 1880/3925/3380
f 437/3662/3146 451/4090/68 452/3660/94
f 408/4083/3523 639/4055/3498 437/3662/3146
f 1947/3667/3150 1927/4087/3527 1921/4062/3504
f 472/3759/3233 507/3749/3223 526/3829/3299
f 1843/3849/3313 1619/3795/3269 1718/3857/3318
f 3357/4091/2839 1853/4056/2838 408/4083/3523
f 4406/4092/3530 758/4093/69 445/4094/3531
f 158/4095/3532 2009/4096/3533 157/4084/3524
f 497/3965/3418 506/4097/3534 19/4049/3493
f 1623/3844/3310 2617/4070/3512 1633/3927/3382
f 2079/3688/3171 2060/3937/3391 787/3910/3365
f 2852/4005/3456 439/3964/3417 454/3963/3416
f 4606/3919/3374 2617/4070/3512 1566/4051/3495
f 470/4050/3494 512/3932/3387 469/3672/3155
f 1623/3844/3310 1752/3753/3227 2064/3755/3229
f 4393/3771/3245 1783/3785/3259 1781/3786/3260
f 654/4039/3487 592/3979/3432 633/3928/3383
f 4626/3934/3389 2067/3754/3228 1752/3753/3227
f 2086/4079/3519 2059/3899/3356 2084/4098/3535
f 2063/4080/3520 4572/3935/3390 2086/4079/3519
f 431/4008/3459 521/4099/3536 523/4007/3458
f 441/3862/3323 437/3662/3146 639/4055/3498
f 529/4100/3055 3357/4091/2839 438/3661/3145
f 1845/4047/3492 1896/3747/3221 550/3750/3224
f 859/3776/3250 798/3757/3231 885/3686/3169
f 2063/4080/3520 2055/4101/3537 2053/3936/1921
f 4692/3675/3158 4629/4102/3538 755/4103/3539
f 1607/3769/3243 1276/3794/3268 1640/3783/3257
f 4630/3974/3427 504/3975/3428 4629/4102/3538
f 1951/3715/3194 101/3926/3381 139/4061/3503
f 1566/4051/3495 1634/4053/3497 4606/3919/3374
f 1646/4057/3499 104/4059/3501 1880/3925/3380
f 433/3826/3296 492/3827/3297 480/3851/3315
f 994/4104/3540 880/4105/3541 993/4106/3542
f 992/4107/3543 994/4104/3540 993/4106/3542
f 879/4108/3544 851/4109/3545 1028/4110/3546
f 1646/4057/3499 1880/3925/3380 1634/4053/3497
f 2064/3755/3229 2617/4070/3512 1623/3844/3310
f 2533/3893/3350 821/3719/3198 996/3977/3430
f 2729/4111/3547 2734/4112/3548 935/4113/3549
f 23/4114/3550 466/3912/3367 467/4115/3551
f 464/4116/3552 23/4114/3550 21/4117/3553
f 2617/4070/3512 1872/4052/3496 1566/4051/3495
f 21/4117/3553 2698/4118/3554 464/4116/3552
f 985/3971/3424 989/4119/3555 988/4120/3556
f 1782/3791/3265 1783/3785/3259 679/3804/3277
f 467/4115/3551 2537/3654/3141 22/4121/3557
f 2526/3880/3339 4391/3920/3375 602/3879/3338
f 662/3978/3431 592/3979/3432 652/4122/3558
f 968/4123/3559 2106/4124/3560 1011/4125/3561
f 2008/3710/3189 2091/3709/3188 2003/3716/3195
f 822/3808/3281 1004/4126/3562 1219/3717/3196
f 2734/4112/3548 2729/4111/3547 972/4127/3563
f 20/4128/3564 22/4121/3557 2537/3654/3141
f 2086/4079/3519 2084/4098/3535 2009/4096/3533
f 1002/4129/3565 979/4130/3566 869/4131/3567
f 158/4095/3532 2063/4080/3520 2086/4079/3519
f 935/4113/3549 2689/4132/3568 936/4133/3569
f 466/3912/3367 2537/3654/3141 467/4115/3551
f 986/4134/3570 992/4107/3543 993/4106/3542
f 3156/4135/3571 474/3740/3214 508/4136/3572
f 2055/4101/3537 1953/3696/3176 2031/3697/2924
f 758/4093/69 451/4090/68 445/4094/3531
f 2063/4080/3520 158/4095/3532 2055/4101/3537
f 2009/4096/3533 2084/4098/3535 2075/4082/3522
f 1027/4137/3573 1011/4125/3561 1028/4110/3546
f 1946/4085/3525 2075/4082/3522 2008/3710/3189
f 979/4130/3566 2676/4138/3574 984/4139/3575
f 4629/4102/3538 504/3975/3428 755/4103/3539
f 1951/3715/3194 139/4061/3503 2046/4140/3576
f 564/4141/3577 662/3978/3431 652/4122/3558
f 2086/4079/3519 2009/4096/3533 158/4095/3532
f 2009/4096/3533 2075/4082/3522 1946/4085/3525
f 1871/4142/3578 1634/4053/3497 1872/4052/3496
f 509/3743/3217 433/3826/3296 481/3742/3216
f 1871/4142/3578 1929/4058/3500 1646/4057/3499
f 1757/4143/3579 1637/4144/3580 2067/3754/3228
f 1863/4145/3581 1930/3908/3363 126/4146/3582
f 502/4147/3583 2535/4148/3584 505/4149/3585
f 564/4141/3577 652/4122/3558 4380/4040/3488
f 1933/3895/3352 1585/3885/3344 4606/3919/3374
f 1757/4143/3579 662/3978/3431 564/4141/3577
f 2003/3716/3195 1948/3714/3193 1946/4085/3525
f 1953/3696/3176 158/4095/3532 142/3711/3190
f 1946/4085/3525 157/4084/3524 2009/4096/3533
f 4380/4040/3488 882/4150/3586 1866/3962/3415
f 777/4151/3587 1929/4058/3500 128/4152/3588
f 1871/4142/3578 1959/3931/3386 1929/4058/3500
f 1757/4143/3579 1874/4066/3508 1637/4144/3580
f 4380/4040/3488 4397/3961/3414 564/4141/3577
f 1757/4143/3579 564/4141/3577 1874/4066/3508
f 711/3702/3181 633/3928/3383 592/3979/3432
f 1931/4153/3589 2001/3713/3192 126/4146/3582
f 126/4146/3582 2001/3713/3192 128/4152/3588
f 1871/4142/3578 1939/4065/3507 1959/3931/3386
f 755/4103/3539 4391/3920/3375 4693/3673/3156
f 1959/3931/3386 1778/3930/3385 1929/4058/3500
f 1219/3717/3196 1004/4126/3562 997/3718/3197
f 1948/3714/3193 1931/4153/3589 1881/4154/3590
f 189/4155/3591 124/4156/3592 141/4086/3526
f 1860/3678/3161 4735/4157/3593 4397/3961/3414
f 1872/4052/3496 1939/4065/3507 1871/4142/3578
f 1863/4145/3581 126/4146/3582 1877/4158/3594
f 825/3724/3201 805/3726/900 823/4159/899
f 96/3882/3341 95/3924/3379 103/3923/3378
f 96/3882/3341 1648/3869/3329 95/3924/3379
f 4625/3917/3372 96/3882/3341 103/3923/3378
f 1648/3869/3329 1636/3918/3373 95/3924/3379
f 1025/4160/3595 1024/4161/3596 933/4162/3597
f 924/4163/3598 876/4164/3599 1024/4161/3596
f 3135/4165/882 1044/4166/1 663/4167/3600
f 975/4168/3601 2563/4169/3602 3078/4170/3603
f 3151/4171/3604 1025/4160/3595 933/4162/3597
f 1862/3929/3384 128/4152/3588 1778/3930/3385
f 1024/4161/3596 1025/4160/3595 924/4163/3598
f 927/4172/3 659/4173/636 893/4174/3605
f 952/4175/3606 3257/4176/3607 940/4177/3608
f 3494/4178/3609 940/4177/3608 3257/4176/3607
f 1870/4067/3509 1959/3931/3386 1939/4065/3507
f 876/4164/3599 924/4163/3598 965/4179/3610
f 974/4180/3611 1017/4181/3612 2563/4169/3602
f 3255/4182/3613 952/4175/3606 884/4183/3614
f 23/4114/3550 464/4116/3552 465/4184/3615
f 1154/4185/3616 508/4136/3572 23/4114/3550
f 772/4186/3617 968/4123/3559 1011/4125/3561
f 551/4187/3618 2734/4112/3548 972/4127/3563
f 772/4186/3617 867/4188/3619 968/4123/3559
f 1869/4089/3529 4397/3961/3414 4735/4157/3593
f 880/4105/3541 503/4189/3620 501/4190/3621
f 2676/4138/3574 992/4107/3543 984/4139/3575
f 1931/4153/3589 1930/3908/3363 1881/4154/3590
f 428/4191/3622 894/4192/3623 4387/4193/3624
f 834/3684/3167 902/3704/3183 835/4194/3625
f 894/4192/3623 428/4191/3622 900/4195/3626
f 1948/3714/3193 1881/4154/3590 124/4156/3592
f 141/4086/3526 1940/4081/3521 142/3711/3190
f 428/4191/3622 974/4180/3611 900/4195/3626
f 930/4196/3627 577/4197/3628 933/4162/3597
f 930/4196/3627 974/4180/3611 428/4191/3622
f 893/4174/3605 428/4191/3622 4387/4193/3624
f 3052/3767/3241 1607/3769/3243 1639/3764/3238
f 1024/4161/3596 876/4164/3599 1017/4181/3612
f 1035/4198/3629 3144/4199/871 3147/4200/3630
f 4685/4201/3631 4735/4157/3593 1860/3678/3161
f 577/4197/3628 917/4202/638 581/4203/587
f 1870/4067/3509 1862/3929/3384 1959/3931/3386
f 995/4204/3632 880/4105/3541 501/4190/3621
f 993/4106/3542 987/4205/3633 986/4134/3570
f 3144/4199/871 3135/4165/882 3147/4200/3630
f 1008/4206/3634 965/4179/3610 924/4163/3598
f 895/3752/3226 865/3685/3168 1021/4207/3635
f 1027/4137/3573 1028/4110/3546 851/4109/3545
f 2718/4208/3636 503/4189/3620 2708/4209/3637
f 999/4210/3638 531/4211/3639 866/3792/3266
f 1024/4161/3596 1017/4181/3612 974/4180/3611
f 465/4184/3615 1154/4185/3616 23/4114/3550
f 878/4212/3640 903/4213/3641 766/4214/3642
f 679/3804/3277 1783/3785/3259 1405/3800/3273
f 4653/4088/3528 468/4215/3643 4649/4216/3644
f 466/3912/3367 508/4136/3572 474/3740/3214
f 1011/4125/3561 855/4217/3645 1028/4110/3546
f 880/4105/3541 995/4204/3632 993/4106/3542
f 2535/4148/3584 2698/4118/3554 20/4128/3564
f 1005/4218/3646 2689/4132/3568 935/4113/3549
f 1869/4089/3529 4735/4157/3593 4685/4201/3631
f 2900/4219/3647 2850/4071/99 2895/4220/87
f 3156/4135/3571 508/4136/3572 2711/4221/3648
f 873/3896/3353 2324/3897/3354 1861/3679/3162
f 904/4222/3649 902/3704/3183 901/3706/3185
f 663/4167/3600 1044/4166/1 927/4172/3
f 900/4195/3626 4386/4223/3650 894/4192/3623
f 1035/4198/3629 3188/4224/3651 883/4225/849
f 1024/4161/3596 974/4180/3611 930/4196/3627
f 3116/4226/3652 577/4197/3628 581/4203/587
f 4387/4193/3624 663/4167/3600 927/4172/3
f 870/3972/3425 871/3914/3369 2126/3915/3370
f 965/4179/3610 879/4108/3544 876/4164/3599
f 3255/4182/3613 884/4183/3614 3188/4224/3651
f 4685/4201/3631 1860/3678/3161 4403/4227/3653
f 3497/4228/3654 2563/4169/3602 1018/4229/3655
f 975/4168/3601 3078/4170/3603 1033/4230/3656
f 1017/4181/3612 876/4164/3599 1018/4229/3655
f 577/4197/3628 930/4196/3627 917/4202/638
f 930/4196/3627 933/4162/3597 1024/4161/3596
f 893/4174/3605 659/4173/636 917/4202/638
f 879/4108/3544 965/4179/3610 966/4231/3657
f 974/4180/3611 2563/4169/3602 975/4168/3601
f 1017/4181/3612 1018/4229/3655 2563/4169/3602
f 581/4203/587 3110/4232/637 3116/4226/3652
f 965/4179/3610 1008/4206/3634 966/4231/3657
f 1877/4158/3594 1875/4233/3658 1856/4234/3659
f 876/4164/3599 3497/4228/3654 1018/4229/3655
f 3116/4226/3652 3151/4171/3604 577/4197/3628
f 904/4222/3649 835/4194/3625 902/3704/3183
f 893/4174/3605 4387/4193/3624 927/4172/3
f 3255/4182/3613 3494/4178/3609 3257/4176/3607
f 975/4168/3601 4386/4223/3650 974/4180/3611
f 428/4191/3622 893/4174/3605 930/4196/3627
f 1613/3775/3249 4641/3738/3212 1397/3756/3230
f 567/4235/3660 1870/4067/3509 1869/4089/3529
f 2734/4112/3548 2701/4236/3661 2676/4138/3574
f 2537/3654/3141 19/4049/3493 18/4237/3662
f 577/4197/3628 3151/4171/3604 933/4162/3597
f 867/4188/3619 2679/4238/3663 968/4123/3559
f 2698/4118/3554 22/4121/3557 20/4128/3564
f 2711/4221/3648 3366/4239/3664 3156/4135/3571
f 503/4189/3620 2535/4148/3584 502/4147/3583
f 505/4149/3585 499/4240/3665 502/4147/3583
f 4299/4241/3666 2708/4209/3637 881/4242/3667
f 663/4167/3600 4387/4193/3624 894/4192/3623
f 663/4167/3600 894/4192/3623 4386/4223/3650
f 474/3740/3214 3156/4135/3571 468/4215/3643
f 1904/3746/3220 1887/3748/3222 526/3829/3299
f 1622/4243/3668 1621/3680/3163 2324/3897/3354
f 3255/4182/3613 3078/4170/3603 2563/4169/3602
f 3494/4178/3609 2563/4169/3602 3497/4228/3654
f 1881/4154/3590 1873/4244/3669 1868/4245/3670
f 893/4174/3605 917/4202/638 930/4196/3627
f 1033/4230/3656 3078/4170/3603 3188/4224/3651
f 1932/4246/3671 1873/4244/3669 1893/3907/3362
f 1632/4247/3672 1630/4248/3673 3300/4249/3674
f 1860/3678/3161 1621/3680/3163 4403/4227/3653
f 3497/4228/3654 876/4164/3599 879/4108/3544
f 1888/4041/3057 1894/4250/3675 1899/4048/2950
f 1035/4198/3629 3147/4200/3630 4386/4223/3650
f 1033/4230/3656 1035/4198/3629 4386/4223/3650
f 3494/4178/3609 3255/4182/3613 2563/4169/3602
f 3078/4170/3603 3255/4182/3613 3188/4224/3651
f 1878/4251/3676 2057/4252/3677 1893/3907/3362
f 567/4235/3660 1862/3929/3384 1870/4067/3509
f 567/4235/3660 1875/4233/3658 1862/3929/3384
f 1869/4089/3529 4403/4227/3653 567/4235/3660
f 4405/4046/3491 441/3862/3323 446/4045/3490
f 3147/4200/3630 3135/4165/882 663/4167/3600
f 3147/4200/3630 663/4167/3600 4386/4223/3650
f 4386/4223/3650 975/4168/3601 1033/4230/3656
f 1033/4230/3656 3188/4224/3651 1035/4198/3629
f 141/4086/3526 142/3711/3190 157/4084/3524
f 1621/3680/3163 1622/4243/3668 1886/3640/3131
f 1873/4244/3669 1932/4246/3671 1868/4245/3670
f 1893/3907/3362 2057/4252/3677 1932/4246/3671
f 974/4180/3611 4386/4223/3650 900/4195/3626
f 126/4146/3582 1930/3908/3363 1931/4153/3589
f 3255/4182/3613 3257/4176/3607 952/4175/3606
f 883/4225/849 3188/4224/3651 884/4183/3614
f 946/4253/3678 865/3685/3168 834/3684/3167
f 1878/4251/3676 1856/4234/3659 570/4254/3679
f 3144/4199/871 1035/4198/3629 883/4225/849
f 1868/4245/3670 124/4156/3592 1881/4154/3590
f 1863/4145/3581 1877/4158/3594 1856/4234/3659
f 567/4235/3660 4403/4227/3653 565/4078/3518
f 940/4177/3608 3494/4178/3609 946/4253/3678
f 883/4225/849 884/4183/3614 955/4255/3680
f 952/4175/3606 899/4256/3681 884/4183/3614
f 2711/4221/3648 508/4136/3572 1154/4185/3616
f 1859/3641/3132 1886/3640/3131 1622/4243/3668
f 874/3778/3252 1859/3641/3132 495/4257/3682
f 819/3773/3247 3052/3767/3241 4623/3763/3237
f 940/4177/3608 899/4256/3681 952/4175/3606
f 946/4253/3678 835/4194/3625 940/4177/3608
f 429/4258/850 883/4225/849 955/4255/3680
f 955/4255/3680 884/4183/3614 899/4256/3681
f 871/3914/3369 875/3779/3253 874/3778/3252
f 966/4231/3657 851/4109/3545 879/4108/3544
f 505/4149/3585 2535/4148/3584 20/4128/3564
f 904/4222/3649 899/4256/3681 940/4177/3608
f 880/4105/3541 881/4242/3667 2708/4209/3637
f 835/4194/3625 904/4222/3649 940/4177/3608
f 501/4190/3621 502/4147/3583 995/4204/3632
f 835/4194/3625 946/4253/3678 834/3684/3167
f 955/4255/3680 824/4259/883 429/4258/850
f 899/4256/3681 824/4259/883 955/4255/3680
f 899/4256/3681 904/4222/3649 901/3706/3185
f 1921/4062/3504 1898/4260/3683 1938/3668/3151
f 824/4259/883 899/4256/3681 901/3706/3185
f 1932/4246/3671 1925/4063/3505 1868/4245/3670
f 1861/3679/3162 2324/3897/3354 1621/3680/3163
f 1616/3722/3200 4616/3721/903 4618/3727/3203
f 470/4050/3494 469/3672/3155 471/3820/3293
f 1937/4261/3684 1898/4260/3683 1882/4262/3685
f 189/4155/3591 1948/3714/3193 124/4156/3592
f 2057/4252/3677 130/4263/3686 1932/4246/3671
f 4581/4076/3516 565/4078/3518 4403/4227/3653
f 1588/3906/3361 2052/3687/3170 1548/3818/3291
f 1885/3639/3130 2383/4264/3687 1886/3640/3131
f 1994/3806/3279 2066/3789/3263 1539/3797/3271
f 2500/4265/3688 2956/4074/3515 3168/4266/3689
f 1938/3668/3151 1898/4260/3683 1897/3669/3152
f 1896/3747/3221 1922/3646/3135 1884/3690/3173
f 408/4083/3523 438/3661/3145 3357/4091/2839
f 4629/4102/3538 4692/3675/3158 4630/3974/3427
f 2223/4267/3690 583/4268/3691 2057/4252/3677
f 570/4254/3679 2223/4267/3690 1878/4251/3676
f 471/3820/3293 469/3672/3155 515/3707/3186
f 523/4007/3458 511/4269/3692 1900/3691/3174
f 480/3851/3315 492/3827/3297 491/3655/3142
f 498/3861/3322 1859/3641/3132 875/3779/3253
f 3334/3671/3154 520/3670/3153 2509/3911/3366
f 1885/3639/3130 2756/3720/3199 2383/4264/3687
f 1898/4260/3683 1921/4062/3504 129/4064/3506
f 1877/4158/3594 1862/3929/3384 1875/4233/3658
f 2057/4252/3677 583/4268/3691 125/4270/3693
f 18/4237/3662 505/4149/3585 20/4128/3564
f 875/3779/3253 995/4204/3632 499/4240/3665
f 1637/4144/3580 1874/4066/3508 1939/4065/3507
f 4653/4088/3528 475/3741/3215 468/4215/3643
f 583/4268/3691 2223/4267/3690 570/4254/3679
f 2106/4124/3560 878/4212/3640 800/4271/3694
f 880/4105/3541 994/4104/3540 881/4242/3667
f 992/4107/3543 986/4134/3570 984/4139/3575
f 863/3739/3213 798/3757/3231 771/3762/3236
f 478/3676/3159 520/3670/3153 469/3672/3155
f 1204/4272/3695 2276/3793/3267 905/4273/3696
f 2500/4265/3688 563/4077/3517 4581/4076/3516
f 877/4274/3697 3494/4178/3609 616/4275/3698
f 2956/4074/3515 2383/4264/3687 2756/3720/3199
f 499/4240/3665 498/3861/3322 875/3779/3253
f 979/4130/3566 935/4113/3549 2734/4112/3548
f 2276/3793/3267 2033/3859/3320 1227/4276/3699
f 502/4147/3583 501/4190/3621 503/4189/3620
f 1898/4260/3683 1937/4261/3684 1897/3669/3152
f 787/3910/3365 2075/4082/3522 2084/4098/3535
f 875/3779/3253 871/3914/3369 995/4204/3632
f 759/4277/65 4649/4216/3644 2777/4278/3700
f 21/4117/3553 22/4121/3557 2698/4118/3554
f 1851/4054/2928 537/4021/3471 639/4055/3498
f 869/4131/3567 979/4130/3566 984/4139/3575
f 824/4259/883 825/3724/3201 823/4159/899
f 123/4279/3701 1898/4260/3683 129/4064/3506
f 502/4147/3583 499/4240/3665 995/4204/3632
f 2698/4118/3554 2535/4148/3584 2718/4208/3636
f 123/4279/3701 1925/4063/3505 130/4263/3686
f 1011/4125/3561 1027/4137/3573 772/4186/3617
f 1227/4276/3699 1329/4280/3702 1669/4281/3703
f 4299/4241/3666 881/4242/3667 994/4104/3540
f 4677/3871/3331 4564/3886/3345 1600/3944/3398
f 2067/3754/3228 1637/4144/3580 2064/3755/3229
f 2698/4118/3554 2718/4208/3636 464/4116/3552
f 4649/4216/3644 462/4282/3704 4653/4088/3528
f 2537/3654/3141 1865/3653/3140 2391/3966/3419
f 125/4270/3693 560/4283/3705 130/4263/3686
f 462/4282/3704 4649/4216/3644 461/4284/67
f 125/4270/3693 583/4268/3691 579/4285/3706
f 4653/4088/3528 462/4282/3704 449/4072/3513
f 570/4254/3679 562/4286/3707 583/4268/3691
f 4649/4216/3644 759/4277/65 461/4284/67
f 449/4072/3513 462/4282/3704 448/4287/72
f 871/3914/3369 870/3972/3425 987/4205/3633
f 995/4204/3632 987/4205/3633 993/4106/3542
f 1874/4066/3508 4397/3961/3414 1869/4089/3529
f 2777/4278/3700 3156/4135/3571 3366/4239/3664
f 519/4288/3708 563/4077/3517 2500/4265/3688
f 141/4086/3526 1946/4085/3525 189/4155/3591
f 767/3731/3206 1610/3730/902 770/3732/901
f 128/4152/3588 2046/4140/3576 777/4151/3587
f 971/4289/3709 972/4127/3563 3300/4249/3674
f 461/4284/67 460/4290/73 462/4282/3704
f 3167/4291/3710 3168/4266/3689 2956/4074/3515
f 128/4152/3588 1877/4158/3594 126/4146/3582
f 141/4086/3526 124/4156/3592 1940/4081/3521
f 3167/4291/3710 2956/4074/3515 2758/4073/3514
f 992/4107/3543 2678/4292/3711 994/4104/3540
f 1005/4218/3646 1001/4293/3712 998/4294/3713
f 870/3972/3425 988/4120/3556 987/4205/3633
f 4649/4216/3644 3156/4135/3571 2777/4278/3700
f 2500/4265/3688 3168/4266/3689 519/4288/3708
f 882/4150/3586 504/3975/3428 1866/3962/3415
f 1021/4207/3635 1669/4281/3703 1329/4280/3702
f 22/4121/3557 21/4117/3553 467/4115/3551
f 560/4283/3705 123/4279/3701 130/4263/3686
f 936/4133/3569 2729/4111/3547 935/4113/3549
f 460/4290/73 448/4287/72 462/4282/3704
f 999/4210/3638 1000/4295/3714 531/4211/3639
f 560/4283/3705 125/4270/3693 579/4285/3706
f 522/4009/3460 510/3703/3182 511/4269/3692
f 2141/3831/3301 2073/3892/3349 2065/3876/3335
f 519/4288/3708 580/4296/3715 563/4077/3517
f 986/4134/3570 987/4205/3633 988/4120/3556
f 992/4107/3543 2676/4138/3574 2678/4292/3711
f 2729/4111/3547 1009/4297/3716 970/4298/3717
f 870/3972/3425 985/3971/3424 988/4120/3556
f 1872/4052/3496 1637/4144/3580 1939/4065/3507
f 4581/4076/3516 2956/4074/3515 2500/4265/3688
f 2758/4073/3514 2756/3720/3199 497/3965/3418
f 2679/4238/3663 1204/4272/3695 905/4273/3696
f 2141/3831/3301 2140/3650/3138 2159/3657/1896
f 989/4119/3555 985/3971/3424 996/3977/3430
f 4405/4046/3491 445/4094/3531 441/3862/3323
f 2060/3937/3391 2008/3710/3189 2075/4082/3522
f 562/4286/3707 570/4254/3679 565/4078/3518
f 466/3912/3367 23/4114/3550 508/4136/3572
f 3167/4291/3710 2619/4299/3718 3168/4266/3689
f 988/4120/3556 989/4119/3555 869/4131/3567
f 1329/4280/3702 4378/4300/3719 1021/4207/3635
f 869/4131/3567 986/4134/3570 988/4120/3556
f 468/4215/3643 3156/4135/3571 4649/4216/3644
f 821/3719/3198 534/4301/3720 996/3977/3430
f 3167/4291/3710 2758/4073/3514 497/3965/3418
f 1010/4302/3721 493/4303/3722 772/4186/3617
f 491/3655/3142 2537/3654/3141 466/3912/3367
f 493/4303/3722 1010/4302/3721 936/4133/3569
f 519/4288/3708 3168/4266/3689 2619/4299/3718
f 2678/4292/3711 2676/4138/3574 2701/4236/3661
f 1857/3698/3177 1882/4262/3685 123/4279/3701
f 499/4240/3665 506/4097/3534 498/3861/3322
f 986/4134/3570 869/4131/3567 984/4139/3575
f 1001/4293/3712 869/4131/3567 989/4119/3555
f 998/4294/3713 1003/4304/3723 1005/4218/3646
f 946/4253/3678 877/4274/3697 865/3685/3168
f 996/3977/3430 534/4301/3720 989/4119/3555
f 1892/3645/3134 2007/4032/3481 1937/4261/3684
f 560/4283/3705 1857/3698/3177 123/4279/3701
f 579/4285/3706 559/4017/3468 560/4283/3705
f 869/4131/3567 1001/4293/3712 1002/4129/3565
f 989/4119/3555 998/4294/3713 1001/4293/3712
f 969/4305/3724 3300/4249/3674 972/4127/3563
f 559/4017/3468 579/4285/3706 432/4037/3485
f 935/4113/3549 979/4130/3566 1002/4129/3565
f 772/4186/3617 963/4306/3725 1010/4302/3721
f 1001/4293/3712 1005/4218/3646 1002/4129/3565
f 521/4099/3536 431/4008/3459 519/4288/3708
f 1002/4129/3565 1005/4218/3646 935/4113/3549
f 519/4288/3708 482/4307/3726 521/4099/3536
f 18/4237/3662 20/4128/3564 2537/3654/3141
f 1863/4145/3581 1856/4234/3659 1879/3909/3364
f 998/4294/3713 534/4301/3720 997/3718/3197
f 476/3933/3388 512/3932/3387 470/4050/3494
f 534/4301/3720 821/3719/3198 997/3718/3197
f 997/3718/3197 1004/4126/3562 998/4294/3713
f 1003/4304/3723 2689/4132/3568 1005/4218/3646
f 1493/3799/3272 866/3792/3266 531/4211/3639
f 2729/4111/3547 936/4133/3569 1010/4302/3721
f 998/4294/3713 989/4119/3555 534/4301/3720
f 972/4127/3563 2729/4111/3547 970/4298/3717
f 1003/4304/3723 1004/4126/3562 531/4211/3639
f 1929/4058/3500 777/4151/3587 104/4059/3501
f 2689/4132/3568 493/4303/3722 936/4133/3569
f 2734/4112/3548 2676/4138/3574 979/4130/3566
f 878/4212/3640 766/4214/3642 800/4271/3694
f 970/4298/3717 969/4305/3724 972/4127/3563
f 679/3804/3277 1591/3802/3275 613/3840/3306
f 432/4037/3485 583/4268/3691 562/4286/3707
f 18/4237/3662 19/4049/3493 505/4149/3585
f 2718/4208/3636 2535/4148/3584 503/4189/3620
f 2756/3720/3199 498/3861/3322 506/4097/3534
f 1892/3645/3134 1882/4262/3685 1857/3698/3177
f 971/4289/3709 551/4187/3618 972/4127/3563
f 4378/4300/3719 859/3776/3250 895/3752/3226
f 551/4187/3618 4778/4308/3727 2734/4112/3548
f 1892/3645/3134 1883/3846/2875 2007/4032/3481
f 531/4211/3639 1000/4295/3714 1003/4304/3723
f 1493/3799/3272 531/4211/3639 1004/4126/3562
f 867/4188/3619 2689/4132/3568 1000/4295/3714
f 493/4303/3722 2689/4132/3568 867/4188/3619
f 2708/4209/3637 503/4189/3620 880/4105/3541
f 445/4094/3531 4405/4046/3491 4406/4092/3530
f 560/4283/3705 559/4017/3468 561/3699/3178
f 766/4214/3642 1669/4281/3703 800/4271/3694
f 1003/4304/3723 998/4294/3713 1004/4126/3562
f 432/4037/3485 532/4011/3462 559/4017/3468
f 1010/4302/3721 963/4306/3725 1009/4297/3716
f 2485/4309/3728 2619/4299/3718 2502/3967/3420
f 521/4099/3536 442/4010/3461 523/4007/3458
f 4594/3868/3328 1553/3867/3327 4591/3883/3342
f 2485/4309/3728 482/4307/3726 2619/4299/3718
f 1930/3908/3363 1863/4145/3581 1879/3909/3364
f 970/4298/3717 1632/4247/3672 969/4305/3724
f 1613/3775/3249 771/3762/3236 1516/3782/3256
f 2276/3793/3267 1204/4272/3695 866/3792/3266
f 2057/4252/3677 1878/4251/3676 2223/4267/3690
f 2617/4070/3512 2064/3755/3229 1872/4052/3496
f 2697/4023/3473 442/4010/3461 1864/4310/3729
f 2008/3710/3189 2003/3716/3195 1946/4085/3525
f 2729/4111/3547 1010/4302/3721 1009/4297/3716
f 468/4215/3643 475/3741/3215 474/3740/3214
f 867/4188/3619 772/4186/3617 493/4303/3722
f 1000/4295/3714 999/4210/3638 867/4188/3619
f 2106/4124/3560 855/4217/3645 1011/4125/3561
f 733/4311/3730 851/4109/3545 966/4231/3657
f 733/4311/3730 1632/4247/3672 970/4298/3717
f 733/4311/3730 970/4298/3717 963/4306/3725
f 770/3732/901 769/3725/3202 767/3731/3206
f 1892/3645/3134 528/3647/3136 1883/3846/2875
f 2071/3822/3294 1561/3798/1916 1545/3836/3304
f 1861/3679/3162 504/3975/3428 2183/4068/3510
f 1000/4295/3714 2689/4132/3568 1003/4304/3723
f 999/4210/3638 2679/4238/3663 867/4188/3619
f 1027/4137/3573 963/4306/3725 772/4186/3617
f 963/4306/3725 970/4298/3717 1009/4297/3716
f 139/4061/3503 104/4059/3501 777/4151/3587
f 1204/4272/3695 999/4210/3638 866/3792/3266
f 21/4117/3553 23/4114/3550 467/4115/3551
f 1632/4247/3672 733/4311/3730 966/4231/3657
f 4299/4241/3666 994/4104/3540 2678/4292/3711
f 2756/3720/3199 506/4097/3534 497/3965/3418
f 733/4311/3730 963/4306/3725 851/4109/3545
f 999/4210/3638 1204/4272/3695 2679/4238/3663
f 2059/3899/3356 2074/3900/3357 787/3910/3365
f 4391/3920/3375 4380/4040/3488 654/4039/3487
f 464/4116/3552 2718/4208/3636 465/4184/3615
f 851/4109/3545 963/4306/3725 1027/4137/3573
f 871/3914/3369 987/4205/3633 995/4204/3632
f 523/4007/3458 522/4009/3460 511/4269/3692
f 442/4010/3461 521/4099/3536 1864/4310/3729
f 1935/4031/3480 1937/4261/3684 2007/4032/3481
f 905/4273/3696 968/4123/3559 2679/4238/3663
f 968/4123/3559 905/4273/3696 878/4212/3640
f 798/3757/3231 797/3734/3208 885/3686/3169
f 1493/3799/3272 1004/4126/3562 822/3808/3281
f 1021/4207/3635 4378/4300/3719 895/3752/3226
f 2106/4124/3560 968/4123/3559 878/4212/3640
f 2276/3793/3267 903/4213/3641 905/4273/3696
f 716/3889/3348 711/3702/3181 1294/3701/3180
f 903/4213/3641 878/4212/3640 905/4273/3696
f 1894/4250/3675 1845/4047/3492 1899/4048/2950
f 1888/4041/3057 528/3647/3136 1894/4250/3675
f 1897/3669/3152 1924/3692/2951 1947/3667/3150
f 859/3776/3250 4378/4300/3719 1119/3777/3251
f 2106/4124/3560 616/4275/3698 855/4217/3645
f 1028/4110/3546 855/4217/3645 879/4108/3544
f 903/4213/3641 2276/3793/3267 1227/4276/3699
f 800/4271/3694 1012/4312/3731 2106/4124/3560
f 616/4275/3698 3497/4228/3654 855/4217/3645
f 505/4149/3585 19/4049/3493 499/4240/3665
f 128/4152/3588 2001/3713/3192 2046/4140/3576
f 616/4275/3698 2106/4124/3560 1012/4312/3731
f 855/4217/3645 3497/4228/3654 879/4108/3544
f 564/4141/3577 4397/3961/3414 1874/4066/3508
f 504/3975/3428 870/3972/3425 2126/3915/3370
f 1227/4276/3699 766/4214/3642 903/4213/3641
f 1554/4313/3732 4627/3801/3274 4378/4300/3719
f 1012/4312/3731 800/4271/3694 877/4274/3697
f 616/4275/3698 3494/4178/3609 3497/4228/3654
f 431/4008/3459 1900/3691/3174 532/4011/3462
f 877/4274/3697 616/4275/3698 1012/4312/3731
f 800/4271/3694 865/3685/3168 877/4274/3697
f 1669/4281/3703 766/4214/3642 1227/4276/3699
f 2033/3859/3320 1554/4313/3732 1227/4276/3699
f 1757/4143/3579 2067/3754/3228 662/3978/3431
f 2537/3654/3141 2391/3966/3419 19/4049/3493
f 1928/3712/3191 1868/4245/3670 1925/4063/3505
f 1669/4281/3703 1021/4207/3635 800/4271/3694
f 1329/4280/3702 1227/4276/3699 1554/4313/3732
f 4383/3803/3276 1554/4313/3732 2033/3859/3320
f 865/3685/3168 800/4271/3694 1021/4207/3635
f 901/3706/3185 825/3724/3201 824/4259/883
f 2485/4309/3728 2391/3966/3419 1865/3653/3140
f 522/4009/3460 442/4010/3461 2509/3911/3366
f 838/3705/3184 832/3733/3207 769/3725/3202
f 3494/4178/3609 877/4274/3697 946/4253/3678
f 1554/4313/3732 4378/4300/3719 1329/4280/3702
f 4383/3803/3276 4627/3801/3274 1554/4313/3732
f 1006/4314/3733 1632/4247/3672 966/4231/3657
f 2001/3713/3192 1951/3715/3194 2046/4140/3576
f 1008/4206/3634 1006/4314/3733 966/4231/3657
f 1632/4247/3672 3300/4249/3674 969/4305/3724
f 579/4285/3706 583/4268/3691 432/4037/3485
f 1637/4144/3580 1872/4052/3496 2064/3755/3229
f 1621/3680/3163 2383/4264/3687 4581/4076/3516
f 2485/4309/3728 1865/3653/3140 1864/4310/3729
f 533/4315/93 529/4100/3055 438/3661/3145
f 438/3661/3145 452/3660/94 533/4315/93
f 124/4156/3592 1868/4245/3670 1940/4081/3521
f 1941/3695/3175 1927/4087/3527 1947/3667/3150
f 1893/3907/3362 1873/4244/3669 1930/3908/3363
f 625/3878/3337 614/3635/3128 1745/3682/3165
f 2383/4264/3687 2956/4074/3515 4581/4076/3516
f 1946/4085/3525 1948/3714/3193 189/4155/3591
f 1783/3785/3259 1782/3791/3265 1781/3786/3260
f 458/3744/3218 475/3741/3215 4653/4088/3528
f 1848/3904/3359 2091/3709/3188 2068/3905/3360
f 4685/4201/3631 4403/4227/3653 1869/4089/3529
f 2001/3713/3192 1931/4153/3589 1948/3714/3193
f 1879/3909/3364 1878/4251/3676 1893/3907/3362
f 1397/3756/3230 771/3762/3236 1613/3775/3249
f 437/3662/3146 445/4094/3531 451/4090/68
f 580/4296/3715 562/4286/3707 563/4077/3517
f 1745/3682/3165 2526/3880/3339 625/3878/3337
f 2055/4101/3537 2054/4316/1922 2053/3936/1921
f 3334/3671/3154 433/3826/3296 509/3743/3217
f 1273/3805/3278 1606/3788/3262 4621/3796/3270
f 2852/4005/3456 2850/4071/99 2900/4219/3647
f 4627/3801/3274 1119/3777/3251 4378/4300/3719
f 1897/3669/3152 1935/4031/3480 1905/4075/2834
f 1922/3646/3135 1896/3747/3221 528/3647/3136
f 562/4286/3707 565/4078/3518 563/4077/3517
f 142/3711/3190 158/4095/3532 157/4084/3524
f 4397/3961/3414 1861/3679/3162 1860/3678/3161
f 431/4008/3459 432/4037/3485 580/4296/3715
f 532/4011/3462 1884/3690/3173 1922/3646/3135
f 1887/3748/3222 1884/3690/3173 527/3681/3164
f 882/4150/3586 755/4103/3539 504/3975/3428
f 1925/4063/3505 123/4279/3701 129/4064/3506
f 819/3773/3247 4623/3763/3237 778/3772/3246
f 1941/3695/3175 1928/3712/3191 1927/4087/3527
f 2502/3967/3420 3167/4291/3710 497/3965/3418
f 2055/4101/3537 2031/3697/2924 2054/4316/1922
f 1881/4154/3590 1930/3908/3363 1873/4244/3669
f 3167/4291/3710 2502/3967/3420 2619/4299/3718
f 902/3704/3183 834/3684/3167 832/3733/3207
f 528/3647/3136 1896/3747/3221 1894/4250/3675
f 532/4011/3462 1900/3691/3174 1884/3690/3173
f 4677/3871/3331 1600/3944/3398 1858/3850/3314
f 130/4263/3686 2057/4252/3677 125/4270/3693
f 4380/4040/3488 652/4122/3558 592/3979/3432
f 787/3910/3365 2084/4098/3535 2059/3899/3356
f 2089/3913/3368 1586/3884/3343 4584/3894/3351
f 478/3676/3159 518/3828/3298 527/3681/3164
f 580/4296/3715 519/4288/3708 431/4008/3459
f 2485/4309/3728 2502/3967/3420 2391/3966/3419
f 1552/3860/3321 2992/3815/3288 1294/3701/3180
f 522/4009/3460 2509/3911/3366 510/3703/3182
f 1646/4057/3499 1634/4053/3497 1871/4142/3578
f 510/3703/3182 1900/3691/3174 511/4269/3692
f 2065/3876/3335 787/3910/3365 2074/3900/3357
f 4405/4046/3491 2852/4005/3456 2900/4219/3647
f 128/4152/3588 1929/4058/3500 1778/3930/3385
f 565/4078/3518 570/4254/3679 567/4235/3660
f 1634/4053/3497 1880/3925/3380 1645/4069/3511
f 1864/4310/3729 521/4099/3536 482/4307/3726
f 442/4010/3461 2697/4023/3473 2509/3911/3366
f 2697/4023/3473 1864/4310/3729 1865/3653/3140
f 1586/3884/3343 1588/3906/3361 4591/3883/3342
f 1941/3695/3175 1953/3696/3176 142/3711/3190
f 463/3819/3292 4402/4006/3457 470/4050/3494
f 1882/4262/3685 1898/4260/3683 123/4279/3701
f 1875/4233/3658 570/4254/3679 1856/4234/3659
f 771/3762/3236 798/3757/3231 859/3776/3250
f 1951/3715/3194 2003/3716/3195 2091/3709/3188
f 482/4307/3726 519/4288/3708 2619/4299/3718
f 2383/4264/3687 1621/3680/3163 1886/3640/3131
f 1896/3747/3221 1904/3746/3220 550/3750/3224
f 1859/3641/3132 1622/4243/3668 495/4257/3682
f 1935/4031/3480 1883/3846/2875 1919/4317/2835
f 1493/3799/3272 1523/3634/3127 4381/3633/3126
f 1919/4317/2835 1905/4075/2834 1935/4031/3480
f 1882/4262/3685 1892/3645/3134 1937/4261/3684
f 873/3896/3353 2183/4068/3510 2126/3915/3370
f 481/3742/3216 480/3851/3315 466/3912/3367
f 3334/3671/3154 509/3743/3217 515/3707/3186
f 2276/3793/3267 4381/3633/3126 2033/3859/3320
f 128/4152/3588 1862/3929/3384 1877/4158/3594
f 492/3827/3297 1865/3653/3140 491/3655/3142
f 1879/3909/3364 1856/4234/3659 1878/4251/3676
f 1858/3850/3314 1600/3944/3398 1769/3848/3312
f 3334/3671/3154 2509/3911/3366 2697/4023/3473
f 1636/3918/3373 1638/3922/3377 1645/4069/3511
f 4692/3675/3158 755/4103/3539 4693/3673/3156
f 1273/3805/3278 4621/3796/3270 1233/3856/3317
f 2067/3754/3228 4626/3934/3389 662/3978/3431
f 1615/3728/3204 4618/3727/3203 3768/3729/3205
f 580/4296/3715 432/4037/3485 562/4286/3707
f 882/4150/3586 4380/4040/3488 755/4103/3539
f 1851/4054/2928 525/3901/3066 537/4021/3471
f 552/3902/3053 1845/4047/3492 550/3750/3224
f 1622/4243/3668 2324/3897/3354 495/4257/3682
f 3365/4318/3734 1154/4185/3616 465/4184/3615
f 3151/4171/3604 3149/4319/3735 1025/4160/3595
f 2734/4112/3548 4778/4308/3727 2725/4320/3736
f 2701/4236/3661 2734/4112/3548 2725/4320/3736
f 3365/4318/3734 2718/4208/3636 2725/4320/3736
f 4409/4321/103 3359/4322/3737 3365/4318/3734
f 924/4163/3598 3149/4319/3735 1008/4206/3634
f 1630/4248/3673 1631/4323/1024 3300/4249/3674
f 2725/4320/3736 2678/4292/3711 2701/4236/3661
f 2718/4208/3636 2708/4209/3637 4299/4241/3666
f 3149/4319/3735 1631/4323/1024 1008/4206/3634
f 2718/4208/3636 4299/4241/3666 2725/4320/3736
f 3274/4324/603 1631/4323/1024 3116/4226/3652
f 1632/4247/3672 1631/4323/1024 1630/4248/3673
f 3366/4239/3664 3365/4318/3734 3359/4322/3737
f 551/4187/3618 2725/4320/3736 4778/4308/3727
f 1631/4323/1024 4609/4325/1444 2725/4320/3736
f 2711/4221/3648 3365/4318/3734 3366/4239/3664
f 1008/4206/3634 1631/4323/1024 1006/4314/3733
f 2690/4326/601 3274/4324/603 3110/4232/637
f 2718/4208/3636 3365/4318/3734 465/4184/3615
f 3365/4318/3734 2711/4221/3648 1154/4185/3616
f 1927/4087/3527 1928/3712/3191 1925/4063/3505
f 2725/4320/3736 4299/4241/3666 2678/4292/3711
f 3149/4319/3735 3116/4226/3652 1631/4323/1024
f 4642/4327/1443 4409/4321/103 3365/4318/3734
f 2725/4320/3736 551/4187/3618 971/4289/3709
f 3300/4249/3674 2725/4320/3736 971/4289/3709
f 1025/4160/3595 3149/4319/3735 924/4163/3598
f 3365/4318/3734 4609/4325/1444 4642/4327/1443
f 3110/4232/637 3274/4324/603 3116/4226/3652
f 1631/4323/1024 1632/4247/3672 1006/4314/3733
f 3116/4226/3652 3149/4319/3735 3151/4171/3604
f 3300/4249/3674 1631/4323/1024 2725/4320/3736
f 3365/4318/3734 2725/4320/3736 4609/4325/1444
f 408/4083/3523 437/3662/3146 438/3661/3145
f 758/4093/69 4406/4092/3530 2900/4219/3647
f 1994/3806/3279 1539/3797/3271 1548/3818/3291
f 873/3896/3353 1861/3679/3162 2183/4068/3510
f 440/3745/3219 439/3964/3417 463/3819/3292
f 1928/3712/3191 1940/4081/3521 1868/4245/3670
f 2324/3897/3354 874/3778/3252 495/4257/3682
f 1621/3680/3163 4581/4076/3516 4403/4227/3653
f 561/3699/3178 1857/3698/3177 560/4283/3705
f 526/3829/3299 1887/3748/3222 527/3681/3164
f 777/4151/3587 2046/4140/3576 139/4061/3503
f 1866/3962/3415 4397/3961/3414 4380/4040/3488
f 4405/4046/3491 2900/4219/3647 4406/4092/3530
f 4409/4321/103 759/4277/65 2777/4278/3700
f 2055/4101/3537 158/4095/3532 1953/3696/3176
f 445/4094/3531 437/3662/3146 441/3862/3323
f 871/3914/3369 874/3778/3252 873/3896/3353
f 1925/4063/3505 1932/4246/3671 130/4263/3686
f 2072/3663/3147 4572/3935/3390 1993/3656/3143
f 654/4039/3487 633/3928/3383 4391/3920/3375
f 1892/3645/3134 1857/3698/3177 1922/3646/3135
f 2697/4023/3473 1865/3653/3140 492/3827/3297
f 481/3742/3216 475/3741/3215 458/3744/3218
f 447/3760/3234 472/3759/3233 518/3828/3298
f 2900/4219/3647 2895/4220/87 758/4093/69
f 2485/4309/3728 1864/4310/3729 482/4307/3726
f 506/4097/3534 499/4240/3665 19/4049/3493
f 1896/3747/3221 1845/4047/3492 1894/4250/3675
f 520/3670/3153 477/3677/3160 510/3703/3182
f 1620/3761/3235 4641/3738/3212 1613/3775/3249
f 570/4254/3679 1875/4233/3658 567/4235/3660
f 2777/4278/3700 3366/4239/3664 3359/4322/3737
f 4409/4321/103 2777/4278/3700 3359/4322/3737
f 4642/4327/1443 4631/4328/2000 4409/4321/103
f 4380/4040/3488 4391/3920/3375 755/4103/3539
f 449/4072/3513 454/3963/3416 4653/4088/3528
f 1937/4261/3684 1935/4031/3480 1897/3669/3152
f 448/4287/72 2850/4071/99 449/4072/3513
f 1858/3850/3314 1603/3858/3319 1628/3870/3330
f 2052/3687/3170 1994/3806/3279 1548/3818/3291
f 4766/4329/3738 686/4330/3739 2776/4331/3740
f 2821/4332/3741 2862/4333/3742 2856/4334/3743
f 2909/4335/3744 828/4336/3745 2898/4337/3746
f 343/4338/3747 352/4339/3748 227/4340/3749
f 2830/4341/3750 2853/4342/3751 4767/4343/3752
f 4871/4344/3753 2830/4341/3750 2865/4345/3754
f 2871/4346/3755 2846/4347/3756 2870/4348/3757
f 2943/4349/3758 4767/4343/3752 2918/4350/3759
f 4878/4351/3760 4885/4352/3761 2841/4353/3762
f 291/4354/3763 261/4355/3764 862/4356/3765
f 4879/4357/3766 4755/4358/3767 2867/4359/3768
f 2891/4360/3769 2890/4361/3770 2869/4362/3771
f 2830/4341/3750 4767/4343/3752 2865/4345/3754
f 4822/4363/3772 335/4364/3773 853/4365/3774
f 2856/4334/3743 2862/4333/3742 2828/4366/3775
f 2831/4367/3776 4863/4368/3777 4871/4344/3753
f 4871/4344/3753 4879/4357/3766 2831/4367/3776
f 368/4369/3778 2772/4370/3779 305/4371/3780
f 2816/4372/3781 357/4373/3782 2878/4374/3783
f 360/4375/3784 2862/4333/3742 2821/4332/3741
f 2846/4347/3756 2822/4376/3785 2866/4377/3786
f 326/4378/3787 2802/4379/3788 2823/4380/3789
f 4785/4381/3790 2823/4380/3789 2802/4379/3788
f 2883/4382/3791 2859/4383/3792 2875/4384/3793
f 2869/4362/3771 2943/4349/3758 2891/4360/3769
f 2909/4335/3744 2898/4337/3746 4886/4385/3794
f 2877/4386/3795 4885/4352/3761 2878/4374/3783
f 2869/4362/3771 4767/4343/3752 2943/4349/3758
f 374/4387/3796 325/4388/3797 2823/4380/3789
f 4263/4389/3798 305/4371/3780 2774/4390/3799
f 2817/4391/3800 354/4392/3801 355/4393/3802
f 2969/4394/3803 2904/4395/3804 2929/4396/3805
f 2868/4397/3806 2861/4398/3807 2867/4359/3768
f 4826/4399/3808 2811/4400/3809 4800/4401/3810
f 2877/4386/3795 2872/4402/3811 4885/4352/3761
f 2821/4332/3741 2877/4386/3795 360/4375/3784
f 4841/4403/3812 4811/4404/3813 2761/4405/3814
f 2823/4380/3789 325/4388/3797 326/4378/3787
f 326/4378/3787 325/4388/3797 338/4406/3815
f 4899/4407/3816 4293/4408/3817 2727/4409/3818
f 2869/4362/3771 2870/4348/3757 4767/4343/3752
f 862/4356/3765 196/4410/3819 294/4411/3820
f 4868/4412/3821 324/4413/3822 370/4414/3823
f 2822/4376/3785 2860/4415/3824 2866/4377/3786
f 2817/4391/3800 2814/4416/3825 350/4417/3826
f 4789/4418/3827 4249/4419/3828 4779/4420/3829
f 4826/4399/3808 2894/4421/3830 327/4422/3831
f 1015/4423/3832 1016/4424/3833 349/4425/3834
f 2882/4426/3835 2869/4362/3771 2890/4361/3770
f 2791/4427/3836 4824/4428/3837 2833/4429/3838
f 4878/4351/3760 4755/4358/3767 2819/4430/3839
f 341/4431/3840 376/4432/3841 344/4433/3842
f 2872/4402/3811 353/4434/3843 2841/4353/3762
f 357/4373/3782 360/4375/3784 2877/4386/3795
f 331/4435/3844 2784/4436/3845 336/4437/3846
f 2868/4397/3806 2867/4359/3768 4755/4358/3767
f 2853/4342/3751 2919/4438/3847 2918/4350/3759
f 2894/4421/3830 359/4439/3848 349/4425/3834
f 4765/4440/3849 2832/4441/3850 370/4414/3823
f 826/4442/3851 2767/4443/3852 2791/4427/3836
f 2870/4348/3757 2846/4347/3756 2865/4345/3754
f 353/4434/3843 2872/4402/3811 356/4444/3853
f 2703/4445/3854 4279/4446/3855 4759/4447/3856
f 2871/4346/3755 2882/4426/3835 2875/4384/3793
f 2817/4391/3800 2856/4334/3743 2814/4416/3825
f 2703/4445/3854 4254/4448/3857 2837/4449/3858
f 4935/4450/3859 360/4375/3784 357/4373/3782
f 2774/4390/3799 305/4371/3780 2772/4370/3779
f 2875/4384/3793 2882/4426/3835 2881/4451/3860
f 4256/4452/3861 4257/4453/3862 2897/4454/3863
f 2816/4372/3781 4878/4351/3760 2819/4430/3839
f 335/4364/3773 2807/4455/3864 853/4365/3774
f 2822/4376/3785 2816/4372/3781 2819/4430/3839
f 2724/4456/3865 2712/4457/3866 2803/4458/3867
f 329/4459/3868 321/4460/3869 4786/4461/3870
f 2943/4349/3758 2016/4462/3871 2891/4360/3769
f 2727/4409/3818 2766/4463/3872 2833/4429/3838
f 2886/4464/3873 2822/4376/3785 2846/4347/3756
f 2830/4341/3750 2899/4465/3874 2853/4342/3751
f 4935/4450/3859 2862/4333/3742 360/4375/3784
f 2705/4466/3875 2709/4467/3876 305/4371/3780
f 849/4468/3877 4807/4469/3878 953/4470/3879
f 2882/4426/3835 2871/4346/3755 2869/4362/3771
f 4830/4471/3880 2868/4397/3806 355/4393/3802
f 338/4406/3815 4868/4412/3821 2826/4472/3881
f 829/4473/3882 2898/4337/3746 828/4336/3745
f 356/4444/3853 2817/4391/3800 353/4434/3843
f 2886/4464/3873 2816/4372/3781 2822/4376/3785
f 374/4387/3796 686/4330/3739 687/4474/3883
f 2860/4415/3824 4871/4344/3753 2865/4345/3754
f 2886/4464/3873 2871/4346/3755 2875/4384/3793
f 357/4373/3782 2877/4386/3795 2878/4374/3783
f 331/4435/3844 371/4475/3884 330/4476/3885
f 4878/4351/3760 2841/4353/3762 2868/4397/3806
f 354/4392/3801 376/4432/3841 358/4477/3886
f 2932/4478/3887 4880/4479/3888 2930/4480/3889
f 321/4460/3869 322/4481/3890 337/4482/3891
f 2836/4483/3892 2716/4484/3893 2714/4485/3894
f 2846/4347/3756 2871/4346/3755 2886/4464/3873
f 4838/4486/3895 2824/4487/3896 4249/4419/3828
f 2773/4488/3897 2794/4489/3898 4813/4490/3899
f 357/4373/3782 2816/4372/3781 2859/4383/3792
f 2379/4491/3900 2418/4492/3901 2812/4493/3902
f 2379/4491/3900 2374/4494/3903 2373/4495/3904
f 2373/4495/3904 2374/4494/3903 2809/4496/3905
f 2873/4497/3906 2373/4495/3904 2809/4496/3905
f 2337/4498/3907 4862/4499/3908 619/4500/3909
f 2808/4501/3910 2809/4496/3905 2804/4502/3911
f 2814/4416/3825 2873/4497/3906 2808/4501/3910
f 2887/4503/3912 357/4373/3782 2859/4383/3792
f 2883/4382/3791 2885/4504/3913 2887/4503/3912
f 619/4500/3909 2331/4505/3914 2424/4506/3915
f 4922/4507/3916 2885/4504/3913 4896/4508/3917
f 2810/4509/3918 2828/4366/3775 4745/4510/3919
f 4862/4499/3908 2336/4511/3920 2331/4505/3914
f 2862/4333/3742 4810/4512/3921 4745/4510/3919
f 2337/4498/3907 2810/4509/3918 2813/4513/3922
f 4922/4507/3916 4810/4512/3921 4935/4450/3859
f 2887/4503/3912 2885/4504/3913 4922/4507/3916
f 2828/4366/3775 2810/4509/3918 2815/4514/3923
f 2815/4514/3923 2381/4515/3924 2873/4497/3906
f 4745/4510/3919 4810/4512/3921 2813/4513/3922
f 2333/4516/3925 2336/4511/3920 4862/4499/3908
f 2862/4333/3742 4935/4450/3859 4810/4512/3921
f 4922/4507/3916 2330/4517/3926 4810/4512/3921
f 2333/4516/3925 4877/4518/3927 2320/4519/3928
f 4746/4520/3929 2858/4521/3930 4877/4518/3927
f 4922/4507/3916 4896/4508/3917 4746/4520/3929
f 2381/4515/3924 2337/4498/3907 2380/4522/3931
f 2873/4497/3906 2381/4515/3924 2373/4495/3904
f 4746/4520/3929 2330/4517/3926 4922/4507/3916
f 2381/4515/3924 2815/4514/3923 2810/4509/3918
f 2330/4517/3926 4746/4520/3929 4877/4518/3927
f 2810/4509/3918 4745/4510/3919 2813/4513/3922
f 4896/4508/3917 2858/4521/3930 4746/4520/3929
f 2373/4495/3904 2418/4492/3901 2379/4491/3900
f 2335/4523/3932 2333/4516/3925 2320/4519/3928
f 2373/4495/3904 2381/4515/3924 2380/4522/3931
f 2859/4383/3792 2883/4382/3791 2887/4503/3912
f 2337/4498/3907 2813/4513/3922 4862/4499/3908
f 2810/4509/3918 2337/4498/3907 2381/4515/3924
f 2873/4497/3906 2809/4496/3905 2808/4501/3910
f 4877/4518/3927 2333/4516/3925 2330/4517/3926
f 2380/4522/3931 2422/4524/3933 2373/4495/3904
f 2333/4516/3925 2370/4525/3934 2336/4511/3920
f 2335/4523/3932 2370/4525/3934 2333/4516/3925
f 2331/4505/3914 2372/4526/3935 2424/4506/3915
f 2814/4416/3825 2828/4366/3775 2815/4514/3923
f 619/4500/3909 4862/4499/3908 2331/4505/3914
f 2380/4522/3931 2424/4506/3915 2422/4524/3933
f 2423/4527/3936 2591/4528/3937 2422/4524/3933
f 2424/4506/3915 2423/4527/3936 2422/4524/3933
f 2380/4522/3931 619/4500/3909 2424/4506/3915
f 2330/4517/3926 2333/4516/3925 4862/4499/3908
f 4877/4518/3927 2858/4521/3930 2320/4519/3928
f 2873/4497/3906 2814/4416/3825 2815/4514/3923
f 2330/4517/3926 4862/4499/3908 2813/4513/3922
f 2424/4506/3915 2372/4526/3935 2423/4527/3936
f 357/4373/3782 2887/4503/3912 4935/4450/3859
f 4922/4507/3916 4935/4450/3859 2887/4503/3912
f 2813/4513/3922 4810/4512/3921 2330/4517/3926
f 2337/4498/3907 619/4500/3909 2380/4522/3931
f 4796/4529/3938 4721/4530/3939 4795/4531/3940
f 4796/4529/3938 4821/4532/3941 4721/4530/3939
f 4821/4532/3941 2746/4533/3942 4721/4530/3939
f 2781/4534/3943 4730/4535/3944 2805/4536/3945
f 4721/4530/3939 2746/4533/3942 2805/4536/3945
f 2806/4537/3946 2781/4534/3943 2805/4536/3945
f 2746/4533/3942 4821/4532/3941 4808/4538/3947
f 2736/4539/3948 4808/4538/3947 4821/4532/3941
f 4835/4540/3949 2806/4537/3946 2805/4536/3945
f 2780/4541/3950 4835/4540/3949 2805/4536/3945
f 2780/4541/3950 4808/4538/3947 2796/4542/3951
f 2796/4542/3951 4808/4538/3947 2736/4539/3948
f 2796/4542/3951 2736/4539/3948 2789/4543/3952
f 853/4365/3774 2806/4537/3946 4835/4540/3949
f 331/4435/3844 320/4544/3953 2784/4436/3845
f 4232/4545/3954 4236/4546/3955 2789/4543/3952
f 4835/4540/3949 4822/4363/3772 853/4365/3774
f 2784/4436/3845 2827/4547/3956 2786/4548/3957
f 2784/4436/3845 4231/4549/3958 2755/4550/3959
f 2827/4547/3956 2755/4550/3959 4793/4551/3960
f 2789/4543/3952 4236/4546/3955 4231/4549/3958
f 330/4476/3885 320/4544/3953 331/4435/3844
f 2789/4543/3952 4231/4549/3958 318/4552/3961
f 2784/4436/3845 320/4544/3953 4231/4549/3958
f 4231/4549/3958 320/4544/3953 318/4552/3961
f 4835/4540/3949 318/4552/3961 4822/4363/3772
f 2780/4541/3950 2796/4542/3951 4835/4540/3949
f 4231/4549/3958 4236/4546/3955 2755/4550/3959
f 2827/4547/3956 2784/4436/3845 2755/4550/3959
f 2780/4541/3950 2746/4533/3942 4808/4538/3947
f 2796/4542/3951 318/4552/3961 4835/4540/3949
f 4795/4531/3940 4721/4530/3939 4730/4535/3944
f 318/4552/3961 2796/4542/3951 2789/4543/3952
f 2805/4536/3945 2746/4533/3942 2780/4541/3950
f 320/4544/3953 4822/4363/3772 318/4552/3961
f 4822/4363/3772 320/4544/3953 330/4476/3885
f 4236/4546/3955 4793/4551/3960 2755/4550/3959
f 4730/4535/3944 4721/4530/3939 2805/4536/3945
f 2736/4539/3948 4232/4545/3954 2789/4543/3952
f 4762/4553/781 2854/4554/3962 4256/4452/3861
f 3327/4555/3963 3320/4556/3964 4440/4557/3965
f 2527/4558/3966 2501/4559/3967 2497/4560/3968
f 3352/4561/3969 2965/4562/3970 2961/4563/3971
f 3253/4564/3972 3276/4565/3973 3246/4566/3974
f 4440/4557/3965 3320/4556/3964 4439/4567/3975
f 3197/4568/3976 3336/4569/3977 3234/4570/3978
f 4806/4571/3979 4832/4572/3980 2788/4573/3981
f 3286/4574/3982 2961/4563/3971 2965/4562/3970
f 3344/4575/3983 3228/4576/3984 2965/4562/3970
f 4517/4577/3985 3192/4578/3986 4118/4579/3987
f 4193/4580/3988 3253/4564/3972 4320/4581/3989
f 2531/4582/3990 2497/4560/3968 2511/4583/3991
f 4060/4584/3992 4064/4585/3993 4059/4586/3994
f 2583/4587/3995 4731/4588/3996 2556/4589/3997
f 270/4590/3998 2562/4591/3999 2560/4592/4000
f 270/4590/3998 251/4593/4001 269/4594/4002
f 2579/4595/4003 2560/4592/4000 2503/4596/4004
f 2503/4596/4004 2405/4597/4005 2579/4595/4003
f 2560/4592/4000 251/4593/4001 270/4590/3998
f 264/4598/4006 2560/4592/4000 2579/4595/4003
f 2579/4595/4003 2405/4597/4005 2494/4599/4007
f 251/4593/4001 241/4600/4008 269/4594/4002
f 2412/4601/4009 2405/4597/4005 2521/4602/4010
f 198/4603/4011 119/4604/4012 192/4605/4013
f 2396/4606/4014 255/4607/4015 2403/4608/4016
f 240/4609/4017 241/4600/4008 251/4593/4001
f 2476/4610/4018 2404/4611/4019 258/4612/4020
f 264/4598/4006 2494/4599/4007 255/4607/4015
f 240/4609/4017 264/4598/4006 255/4607/4015
f 2387/4613/4021 2394/4614/4022 1348/4615/4023
f 2404/4611/4019 2476/4610/4018 2412/4601/4009
f 119/4604/4012 216/4616/4024 214/4617/4025
f 2387/4613/4021 2389/4618/4026 2394/4614/4022
f 2394/4614/4022 1364/4619/4027 1348/4615/4023
f 2476/4610/4018 2403/4608/4016 255/4607/4015
f 2503/4596/4004 2521/4602/4010 2405/4597/4005
f 255/4607/4015 2396/4606/4014 240/4609/4017
f 258/4612/4020 2404/4611/4019 245/4620/4028
f 1364/4619/4027 1354/4621/4029 1348/4615/4023
f 2412/4601/4009 2494/4599/4007 2405/4597/4005
f 198/4603/4011 195/4622/3051 200/4623/3119
f 2403/4608/4016 2476/4610/4018 258/4612/4020
f 245/4620/4028 237/4624/4030 258/4612/4020
f 2389/4618/4026 73/4625/4031 245/4620/4028
f 2494/4599/4007 264/4598/4006 2579/4595/4003
f 2287/4626/4032 1359/4627/2980 214/4617/4025
f 119/4604/4012 73/4625/4031 216/4616/4024
f 2560/4592/4000 264/4598/4006 251/4593/4001
f 119/4604/4012 2436/4628/4033 237/4624/4030
f 2387/4613/4021 73/4625/4031 2389/4618/4026
f 198/4603/4011 192/4605/4013 195/4622/3051
f 2403/4608/4016 258/4612/4020 237/4624/4030
f 2387/4613/4021 1348/4615/4023 73/4625/4031
f 200/4623/3119 799/4629/4034 198/4603/4011
f 237/4624/4030 245/4620/4028 73/4625/4031
f 2494/4599/4007 2476/4610/4018 255/4607/4015
f 2494/4599/4007 2412/4601/4009 2476/4610/4018
f 1348/4615/4023 1354/4621/4029 73/4625/4031
f 269/4594/4002 229/4630/4035 270/4590/3998
f 2287/4626/4032 214/4617/4025 1354/4621/4029
f 2560/4592/4000 2562/4591/3999 2503/4596/4004
f 1354/4621/4029 216/4616/4024 73/4625/4031
f 2436/4628/4033 2403/4608/4016 237/4624/4030
f 2436/4628/4033 198/4603/4011 799/4629/4034
f 192/4605/4013 119/4604/4012 214/4617/4025
f 1354/4621/4029 1364/4619/4027 2287/4626/4032
f 1354/4621/4029 214/4617/4025 216/4616/4024
f 73/4625/4031 119/4604/4012 237/4624/4030
f 4728/4631/2915 2287/4626/4032 1364/4619/4027
f 240/4609/4017 251/4593/4001 264/4598/4006
f 2396/4606/4014 2403/4608/4016 2436/4628/4033
f 198/4603/4011 2436/4628/4033 119/4604/4012
f 4728/4631/2915 1359/4627/2980 2287/4626/4032
f 2250/4632/2989 195/4622/3051 192/4605/4013
f 2634/4633/4036 4058/4634/2581 4501/4635/2542
f 4876/4636/4037 708/4637/4038 719/4638/4039
f 2829/4639/4040 2839/4640/4041 364/4641/4042
f 4239/4642/4043 2797/4643/4044 4776/4644/4045
f 668/4645/4046 815/4646/4047 684/4647/4048
f 3380/4648/4049 3362/4649/4050 3394/4650/4051
f 2604/4651/4052 2545/4652/4053 2516/4653/4054
f 3241/4654/4055 3250/4655/4056 3264/4656/4057
f 3275/4657/4058 3266/4658/4059 3267/4659/4060
f 2717/4660/4061 4882/4661/775 4265/4662/774
f 411/4663/4062 383/4664/4063 2926/4665/4064
f 4246/4666/4065 2788/4573/3981 2827/4547/3956
f 2827/4547/3956 4793/4551/3960 2748/4667/4066
f 4793/4551/3960 4241/4668/4067 2748/4667/4066
f 410/4669/4068 2901/4670/4069 306/4671/4070
f 3259/4672/4071 2952/4673/4072 3277/4674/4073
f 3229/4675/4074 3228/4576/3984 3344/4575/3983
f 3325/4676/4075 4180/4677/4076 3337/4678/4077
f 2790/4679/4078 4239/4642/4043 4776/4644/4045
f 3320/4556/3964 3327/4555/3963 3326/4680/4079
f 3189/4681/4080 3336/4569/3977 4060/4584/3992
f 2634/4633/4036 4501/4635/2542 4059/4586/3994
f 668/4645/4046 667/4682/4081 4209/4683/4082
f 2838/4684/4083 4251/4685/4084 2719/4686/4085
f 684/4647/4048 815/4646/4047 4788/4687/4086
f 3273/4688/4087 2958/4689/4088 3308/4690/4089
f 2511/4583/3991 1849/4691/2866 2489/4692/2867
f 4501/4635/2542 4069/4693/2479 4059/4586/3994
f 4793/4551/3960 4236/4546/3955 2783/4694/4090
f 700/4695/4091 840/4696/4092 313/4697/4093
f 957/4698/4094 2741/4699/4095 2062/4700/4096
f 311/4701/4097 4790/4702/4098 312/4703/4099
f 3321/4704/4100 3227/4705/4101 3350/4706/4102
f 4806/4571/3979 2798/4707/4103 4807/4469/3878
f 3220/4708/4104 3222/4709/4105 3466/4710/4106
f 2786/4548/3957 2788/4573/3981 4832/4572/3980
f 3325/4676/4075 3351/4711/4107 4180/4677/4076
f 2783/4694/4090 4241/4668/4067 4793/4551/3960
f 283/4712/4108 672/4713/4109 284/4714/4110
f 4193/4580/3988 4197/4715/4111 4204/4716/4112
f 3180/4717/4113 3218/4718/4114 3224/4719/4115
f 3185/4720/4116 3189/4681/4080 4060/4584/3992
f 2741/4699/4095 2732/4721/4117 2062/4700/4096
f 4063/4722/4118 3193/4723/4119 3319/4724/4120
f 4065/4725/4121 3234/4570/3978 3189/4681/4080
f 2719/4686/4085 2715/4726/4122 2721/4727/4123
f 657/4728/4124 296/4729/4125 295/4730/4126
f 4180/4677/4076 4316/4731/4127 3229/4675/4074
f 278/4732/4128 282/4733/4129 941/4734/4130
f 4197/4715/4111 677/4735/4131 4213/4736/2579
f 4059/4586/3994 4063/4722/4118 3185/4720/4116
f 380/4737/4132 410/4669/4068 411/4663/4062
f 2685/4738/4133 2682/4739/4134 2694/4740/4135
f 3240/4741/4136 3266/4658/4059 3305/4742/4137
f 2892/4743/4138 864/4744/4139 363/4745/4140
f 2551/4746/4141 2513/4747/4142 2501/4559/3967
f 2732/4721/4117 4788/4687/4086 815/4646/4047
f 4224/4748/4143 4550/4749/4144 4118/4579/3987
f 700/4695/4091 4349/4750/4145 839/4751/552
f 386/4752/4146 383/4664/4063 410/4669/4068
f 2779/4753/4147 4832/4572/3980 4807/4469/3878
f 2787/4754/4148 4241/4668/4067 2783/4694/4090
f 4352/4755/4149 381/4756/4150 2085/4757/4151
f 4071/4758/4152 4414/4759/4153 3237/4760/4154
f 2567/4761/4155 2541/4762/4156 2505/4763/4157
f 4233/4764/4158 4788/4687/4086 2732/4721/4117
f 4821/4532/3941 2738/4765/4159 2787/4754/4148
f 410/4669/4068 306/4671/4070 307/4766/4160
f 2795/4767/4161 2578/4768/4162 2740/4769/4163
f 2930/4480/3889 2914/4770/4164 2910/4771/4165
f 647/4772/4166 4175/4773/2178 4172/4774/4167
f 2797/4643/4044 953/4470/3879 4807/4469/3878
f 4236/4546/3955 4232/4545/3954 2783/4694/4090
f 2576/4775/4168 2529/4776/4169 2505/4763/4157
f 311/4701/4097 2762/4777/4170 4264/4778/4171
f 3307/4779/4172 4190/4780/4173 3240/4741/4136
f 3286/4574/3982 2965/4562/3970 3228/4576/3984
f 4316/4731/4127 3001/4781/4174 3228/4576/3984
f 4436/4782/4175 3351/4711/4107 3325/4676/4075
f 4065/4725/4121 3318/4783/4176 3326/4680/4079
f 4494/4784/4177 3189/4681/4080 3185/4720/4116
f 646/4785/100 802/4786/4178 801/4787/4179
f 3189/4681/4080 4494/4784/4177 4065/4725/4121
f 3001/4781/4174 3231/4788/4180 3228/4576/3984
f 2782/4789/4181 2739/4790/4182 4784/4791/4183
f 3185/4720/4116 4063/4722/4118 3319/4724/4120
f 190/4792/4184 3252/4793/4185 4312/4794/4186
f 2790/4679/4078 2753/4795/4187 4239/4642/4043
f 2564/4796/4188 2541/4762/4156 2567/4761/4155
f 4192/4797/4189 2686/4798/4190 2691/4799/4191
f 2538/4800/4192 275/4801/4193 277/4802/4194
f 3246/4566/3974 3240/4741/4136 4320/4581/3989
f 2572/4803/4195 947/4804/4196 2555/4805/4197
f 4796/4529/3938 2741/4699/4095 957/4698/4094
f 2576/4775/4168 2527/4558/3966 277/4802/4194
f 4350/4806/554 4349/4750/4145 4346/4807/4198
f 941/4734/4130 2574/4808/4199 278/4732/4128
f 2692/4809/4200 2691/4799/4191 2668/4810/4201
f 684/4647/4048 4210/4811/2124 667/4682/4081
f 2910/4771/4165 2914/4770/4164 2936/4812/4202
f 2497/4560/3968 2531/4582/3990 2527/4558/3966
f 667/4682/4081 668/4645/4046 684/4647/4048
f 3259/4672/4071 3250/4655/4056 3241/4654/4055
f 2926/4665/4064 380/4737/4132 411/4663/4062
f 2902/4813/4203 4905/4814/4204 864/4744/4139
f 2548/4815/4205 2564/4796/4188 2574/4808/4199
f 2757/4816/4206 2742/4817/4207 2744/4818/4208
f 2845/4819/811 4762/4553/781 4256/4452/3861
f 3323/4820/4209 3001/4781/4174 4316/4731/4127
f 4247/4821/4210 717/4822/4211 846/4823/4212
f 4494/4784/4177 3317/4824/4213 4065/4725/4121
f 3266/4658/4059 4382/4825/4214 3267/4659/4060
f 313/4697/4093 340/4826/4215 700/4695/4091
f 3239/4827/4216 3182/4828/4217 3231/4788/4180
f 2854/4554/3962 4762/4553/781 4255/4829/780
f 3239/4827/4216 3231/4788/4180 3001/4781/4174
f 368/4369/3778 2829/4639/4040 4763/4830/4218
f 2788/4573/3981 4245/4831/4219 2737/4832/4220
f 4323/4833/4221 381/4756/4150 4949/4834/4222
f 2547/4835/2568 3193/4723/4119 4069/4693/2479
f 2905/4836/4223 363/4745/4140 379/4837/4224
f 2905/4836/4223 379/4837/4224 2926/4665/4064
f 2529/4776/4169 2576/4775/4168 277/4802/4194
f 4256/4452/3861 2854/4554/3962 4251/4685/4084
f 3252/4793/4185 3307/4779/4172 3305/4742/4137
f 284/4714/4110 287/4838/4225 852/4839/4226
f 4349/4750/4145 4350/4806/554 4351/4840/548
f 2468/4841/4227 3339/4842/4228 3227/4705/4101
f 3323/4820/4209 2468/4841/4227 4951/4843/4229
f 3001/4781/4174 3323/4820/4209 3340/4844/4230
f 2096/4845/4231 658/4846/4232 4204/4716/4112
f 2739/4790/4182 2782/4789/4181 4843/4847/4233
f 4436/4782/4175 3227/4705/4101 3339/4842/4228
f 3239/4827/4216 4457/4848/4234 3182/4828/4217
f 4346/4807/4198 4303/4849/578 4350/4806/554
f 280/4850/4235 4185/4851/4236 801/4787/4179
f 841/4852/4237 688/4853/579 719/4638/4039
f 4264/4778/4171 4790/4702/4098 311/4701/4097
f 4923/4854/4238 688/4853/579 4253/4855/839
f 4232/4545/3954 2787/4754/4148 2783/4694/4090
f 315/4856/4239 316/4857/4240 2062/4700/4096
f 4832/4572/3980 2779/4753/4147 2786/4548/3957
f 1849/4691/2866 2511/4583/3991 4715/4858/4241
f 3317/4824/4213 4436/4782/4175 3318/4783/4176
f 4241/4668/4067 682/4859/4242 2733/4860/4243
f 4190/4780/4173 190/4792/4184 4222/4861/4244
f 3277/4674/4073 3251/4862/4245 3250/4655/4056
f 3267/4659/4060 4382/4825/4214 3263/4863/4246
f 4722/4864/4247 845/4865/4248 4223/4866/4249
f 841/4852/4237 313/4697/4093 702/4867/529
f 3350/4706/4102 3227/4705/4101 4436/4782/4175
f 3263/4863/4246 4382/4825/4214 2952/4673/4072
f 4209/4683/4082 4300/4868/4250 671/4869/4251
f 3264/4656/4057 3250/4655/4056 3251/4862/4245
f 2762/4777/4170 2824/4487/3896 2752/4870/4252
f 2493/4871/4253 2553/4872/4254 2586/4873/4255
f 2553/4872/4254 263/4874/4256 2586/4873/4255
f 2559/4875/4257 2557/4876/4258 2577/4877/4259
f 339/4878/4260 340/4826/4215 4293/4408/3817
f 2840/4879/4261 2713/4880/4262 2712/4457/3866
f 4850/4881/4263 637/4882/4264 295/4730/4126
f 4205/4883/4265 4197/4715/4111 4221/4884/2566
f 2724/4456/3865 4251/4685/4084 2838/4684/4083
f 4777/4885/4266 2798/4707/4103 4806/4571/3979
f 4356/4886/4267 964/4887/512 4302/4888/514
f 2468/4841/4227 3227/4705/4101 4951/4843/4229
f 4436/4782/4175 3317/4824/4213 3350/4706/4102
f 4206/4889/2570 4197/4715/4111 4205/4883/4265
f 3319/4724/4120 4517/4577/3985 3317/4824/4213
f 4111/4890/4268 3319/4724/4120 2547/4835/2568
f 1917/4891/4269 1918/4892/4270 3490/4893/4271
f 2637/4894/4272 2654/4895/4273 2661/4896/4274
f 4065/4725/4121 3326/4680/4079 3234/4570/3978
f 4191/4897/4275 4747/4898/4276 658/4846/4232
f 4349/4750/4145 340/4826/4215 312/4703/4099
f 4783/4899/4277 4819/4900/4278 4838/4486/3895
f 708/4637/4038 313/4697/4093 719/4638/4039
f 2527/4558/3966 2538/4800/4192 277/4802/4194
f 678/4901/4279 682/4859/4242 4241/4668/4067
f 4355/4902/4280 4722/4864/4247 4223/4866/4249
f 801/4787/4179 4185/4851/4236 646/4785/100
f 2834/4903/4281 2829/4639/4040 364/4641/4042
f 340/4826/4215 339/4878/4260 311/4701/4097
f 2912/4904/4282 2905/4836/4223 2914/4770/4164
f 4731/4588/3996 4843/4847/4233 2556/4589/3997
f 4234/4905/4283 2732/4721/4117 2741/4699/4095
f 4731/4588/3996 2575/4906/4284 4732/4907/4285
f 2762/4777/4170 2825/4908/4286 4274/4909/4287
f 3234/4570/3978 3326/4680/4079 3197/4568/3976
f 2574/4808/4199 2492/4910/4288 2517/4911/4289
f 839/4751/552 840/4696/4092 700/4695/4091
f 3227/4705/4101 4950/4912/4290 4951/4843/4229
f 4058/4634/2581 2634/4633/4036 3210/4913/2537
f 4178/4914/4291 635/4915/4292 2110/4916/4293
f 4193/4580/3988 658/4846/4232 660/4917/4294
f 4187/4918/4295 4189/4919/2134 596/4920/2125
f 3310/4921/4296 4425/4922/4297 3305/4742/4137
f 285/4923/4298 2572/4803/4195 2555/4805/4197
f 1964/4924/2947 1697/4925/4299 1963/4926/4300
f 190/4792/4184 3307/4779/4172 3252/4793/4185
f 4777/4885/4266 4776/4644/4045 2798/4707/4103
f 2721/4727/4123 2717/4660/4061 4916/4927/4301
f 278/4732/4128 2574/4808/4199 2564/4796/4188
f 852/4839/4226 282/4733/4129 283/4712/4108
f 4068/4928/4302 2950/4929/4303 3301/4930/4304
f 4737/4931/4305 941/4734/4130 2730/4932/4306
f 4218/4933/4307 4070/4934/4308 566/4935/2571
f 4737/4931/4305 2552/4936/4309 2553/4872/4254
f 4221/4884/2566 4197/4715/4111 4213/4736/2579
f 3286/4574/3982 3/4937/4310 2961/4563/3971
f 2267/4938/2469 4205/4883/4265 4221/4884/2566
f 2838/4684/4083 4250/4939/4311 2840/4879/4261
f 4190/4780/4173 3307/4779/4172 190/4792/4184
f 2634/4633/4036 4064/4585/3993 3194/4940/4312
f 2110/4916/4293 2274/4941/4313 4178/4914/4291
f 4193/4580/3988 660/4917/4294 3253/4564/3972
f 3185/4720/4116 4060/4584/3992 4059/4586/3994
f 4250/4939/4311 2720/4942/4314 306/4671/4070
f 2583/4587/3995 4849/4943/4315 2580/4944/4316
f 2587/4945/4317 2580/4944/4316 2585/4946/4318
f 3340/4844/4230 4457/4848/4234 3239/4827/4216
f 844/4947/4319 4346/4807/4198 4349/4750/4145
f 2797/4643/4044 2798/4707/4103 4776/4644/4045
f 1967/4948/4320 2536/4949/4321 2489/4692/2867
f 808/4950/83 646/4785/100 4185/4851/4236
f 4730/4535/3944 2745/4951/4322 2782/4789/4181
f 647/4772/4166 635/4915/4292 4178/4914/4291
f 340/4826/4215 313/4697/4093 4293/4408/3817
f 4787/4952/4323 4356/4886/4267 4355/4902/4280
f 3323/4820/4209 4951/4843/4229 3340/4844/4230
f 2721/4727/4123 2715/4726/4122 2717/4660/4061
f 4950/4912/4290 3227/4705/4101 3321/4704/4100
f 957/4698/4094 316/4857/4240 682/4859/4242
f 4245/4831/4219 2748/4667/4066 2744/4818/4208
f 2715/4726/4122 4255/4829/780 2710/4953/782
f 2902/4813/4203 2834/4903/4281 364/4641/4042
f 4874/4954/4324 4875/4955/4325 3340/4844/4230
f 190/4792/4184 4312/4794/4186 680/4956/4326
f 4874/4954/4324 4950/4912/4290 3230/4957/4327
f 3237/4760/4154 4457/4848/4234 4875/4955/4325
f 4439/4567/3975 3318/4783/4176 3325/4676/4075
f 844/4947/4319 4349/4750/4145 312/4703/4099
f 2580/4944/4316 4849/4943/4315 2585/4946/4318
f 2712/4457/3866 2724/4456/3865 2840/4879/4261
f 2534/4958/2509 3183/4959/4328 3178/4960/2582
f 4788/4687/4086 4210/4811/2124 684/4647/4048
f 645/4961/92 2542/4962/4329 529/4963/3055
f 4415/4964/4330 4414/4759/4153 4266/4965/4331
f 2744/4818/4208 4792/4966/4332 2757/4816/4206
f 957/4698/4094 678/4901/4279 2738/4765/4159
f 4346/4807/4198 844/4947/4319 4722/4864/4247
f 1889/4967/2946 1854/4968/3056 1697/4925/4299
f 1697/4925/4299 2542/4962/4329 4182/4969/4333
f 2782/4789/4181 2556/4589/3997 4843/4847/4233
f 2536/4949/4321 2531/4582/3990 2489/4692/2867
f 4875/4955/4325 3315/4970/4334 3237/4760/4154
f 4255/4829/780 2715/4726/4122 2854/4554/3962
f 2492/4910/4288 2493/4871/4253 2517/4911/4289
f 283/4712/4108 284/4714/4110 852/4839/4226
f 1964/4924/2947 1963/4926/4300 1965/4971/2977
f 4187/4918/4295 284/4714/4110 4736/4972/4335
f 4790/4702/4098 844/4947/4319 312/4703/4099
f 2759/4973/4336 2742/4817/4207 2757/4816/4206
f 284/4714/4110 4187/4918/4295 290/4974/4337
f 947/4804/4196 4185/4851/4236 280/4850/4235
f 2574/4808/4199 4737/4931/4305 2553/4872/4254
f 2488/4975/4338 2740/4769/4163 4849/4943/4315
f 3273/4688/4087 3268/4976/4339 2958/4689/4088
f 2488/4975/4338 2745/4951/4322 2740/4769/4163
f 4722/4864/4247 844/4947/4319 4248/4977/4340
f 2838/4684/4083 2840/4879/4261 2724/4456/3865
f 287/4838/4225 4732/4907/4285 2575/4906/4284
f 4790/4702/4098 2728/4978/4341 4244/4979/4342
f 4301/4980/4343 671/4869/4251 4300/4868/4250
f 2490/4981/4344 263/4874/4256 2552/4936/4309
f 2547/4835/2568 4110/4982/2405 4111/4890/4268
f 957/4698/4094 2062/4700/4096 316/4857/4240
f 2556/4589/3997 2782/4789/4181 2488/4975/4338
f 2575/4906/4284 2730/4932/4306 286/4983/4345
f 683/4984/4346 682/4859/4242 316/4857/4240
f 702/4867/529 313/4697/4093 840/4696/4092
f 3321/4704/4100 4224/4748/4143 3230/4957/4327
f 4280/4985/2556 4118/4579/3987 4282/4986/2530
f 4790/4702/4098 4244/4979/4342 844/4947/4319
f 4071/4758/4152 3237/4760/4154 3315/4970/4334
f 246/4987/4347 2600/4988/4348 243/4989/4349
f 2524/4990/4350 1996/4991/4351 246/4987/4347
f 2600/4988/4348 288/4992/4352 243/4989/4349
f 2600/4988/4348 246/4987/4347 1996/4991/4351
f 243/4989/4349 242/4993/4353 246/4987/4347
f 4720/4994/4354 266/4995/4355 271/4996/4356
f 243/4989/4349 288/4992/4352 242/4993/4353
f 241/4600/4008 288/4992/4352 273/4997/4357
f 271/4996/4356 273/4997/4357 4720/4994/4354
f 288/4992/4352 241/4600/4008 242/4993/4353
f 266/4995/4355 4720/4994/4354 293/4998/4358
f 273/4997/4357 271/4996/4356 232/4999/4359
f 229/4630/4035 269/4594/4002 2385/5000/4360
f 232/4999/4359 241/4600/4008 273/4997/4357
f 241/4600/4008 232/4999/4359 269/4594/4002
f 2385/5000/4360 269/4594/4002 232/4999/4359
f 2385/5000/4360 271/4996/4356 229/4630/4035
f 271/4996/4356 2385/5000/4360 232/4999/4359
f 4351/4840/548 839/4751/552 4349/4750/4145
f 4517/4577/3985 4550/4749/4144 3350/4706/4102
f 381/4756/4150 4352/4755/4149 4949/4834/4222
f 2761/4405/3814 2790/4679/4078 4783/4899/4277
f 2947/5001/4361 2950/4929/4303 4068/4928/4302
f 275/4801/4193 2540/5002/4362 947/4804/4196
f 3263/4863/4246 2952/4673/4072 2947/5001/4361
f 4356/4886/4267 1999/5003/539 4355/4902/4280
f 1977/5004/4363 200/4623/3119 1978/5005/3120
f 1975/5006/2890 1007/5007/4364 1977/5004/4363
f 239/5008/4365 236/5009/4366 238/5010/4367
f 233/5011/4368 246/4987/4347 242/4993/4353
f 241/4600/4008 233/5011/4368 242/4993/4353
f 282/4733/4129 285/4923/4298 283/4712/4108
f 1977/5004/4363 799/4629/4034 200/4623/3119
f 236/5009/4366 239/5008/4365 244/5012/4369
f 241/4600/4008 240/4609/4017 231/5013/4370
f 2396/4606/4014 238/5010/4367 231/5013/4370
f 1007/5007/4364 2524/4990/4350 244/5012/4369
f 239/5008/4365 1977/5004/4363 1007/5007/4364
f 244/5012/4369 2524/4990/4350 246/4987/4347
f 1978/5005/3120 1975/5006/2890 1977/5004/4363
f 2396/4606/4014 2436/4628/4033 238/5010/4367
f 233/5011/4368 241/4600/4008 231/5013/4370
f 246/4987/4347 233/5011/4368 236/5009/4366
f 799/4629/4034 1977/5004/4363 239/5008/4365
f 246/4987/4347 236/5009/4366 244/5012/4369
f 231/5013/4370 236/5009/4366 233/5011/4368
f 2436/4628/4033 799/4629/4034 238/5010/4367
f 244/5012/4369 239/5008/4365 1007/5007/4364
f 231/5013/4370 238/5010/4367 236/5009/4366
f 799/4629/4034 239/5008/4365 238/5010/4367
f 2396/4606/4014 231/5013/4370 240/4609/4017
f 4806/4571/3979 2737/4832/4220 4809/5014/4371
f 2728/4978/4341 4243/5015/4372 2742/4817/4207
f 4858/5016/4373 2587/4945/4317 2585/4946/4318
f 2510/5017/4374 288/4992/4352 2600/4988/4348
f 2958/4689/4088 3296/5018/4375 3308/4690/4089
f 4248/4977/4340 845/4865/4248 4722/4864/4247
f 4223/4866/4249 4787/4952/4323 4355/4902/4280
f 275/4801/4193 2496/5019/4376 2540/5002/4362
f 2762/4777/4170 4274/4909/4287 2824/4487/3896
f 315/4856/4239 815/4646/4047 668/4645/4046
f 4211/5020/4377 4300/4868/4250 670/5021/4378
f 3230/4957/4327 4224/4748/4143 3315/4970/4334
f 2742/4817/4207 4797/5022/4379 2737/4832/4220
f 4181/5023/2177 4171/5024/2190 4174/5025/4380
f 4070/4934/4308 4224/4748/4143 4118/4579/3987
f 3315/4970/4334 4941/5026/4381 4071/4758/4152
f 2577/4877/4259 2480/5027/4382 2559/4875/4257
f 4323/4833/4221 3237/4760/4154 4414/4759/4153
f 2490/4981/4344 2552/4936/4309 2730/4932/4306
f 2514/5028/4383 2528/5029/4384 2505/4763/4157
f 286/4983/4345 941/4734/4130 282/4733/4129
f 2541/4762/4156 2480/5027/4382 2577/4877/4259
f 2528/5029/4384 2514/5028/4383 2605/5030/4385
f 4323/4833/4221 4415/4964/4330 381/4756/4150
f 2786/4548/3957 2827/4547/3956 2788/4573/3981
f 2514/5028/4383 2577/4877/4259 2545/4652/4053
f 2512/5031/4386 2528/5029/4384 2513/4747/4142
f 666/5032/2135 4736/4972/4335 653/5033/2195
f 367/5034/4387 366/5035/4388 364/4641/4042
f 285/4923/4298 280/4850/4235 283/4712/4108
f 2558/5036/4389 2559/4875/4257 2517/4911/4289
f 2950/4929/4303 3281/5037/4390 3301/4930/4304
f 3263/4863/4246 2947/5001/4361 3267/4659/4060
f 2517/4911/4289 2493/4871/4253 2558/5036/4389
f 2501/4559/3967 2527/4558/3966 2551/4746/4141
f 4182/4969/4333 2542/4962/4329 645/4961/92
f 340/4826/4215 4349/4750/4145 700/4695/4091
f 4234/4905/4283 4843/4847/4233 4233/4764/4158
f 2654/4895/4273 2675/5038/4391 2636/5039/4392
f 4248/4977/4340 4244/4979/4342 4247/4821/4210
f 4876/4636/4037 719/4638/4039 688/4853/579
f 801/4787/4179 672/4713/4109 280/4850/4235
f 2825/4908/4286 2762/4777/4170 311/4701/4097
f 4875/4955/4325 4457/4848/4234 3340/4844/4230
f 3321/4704/4100 4550/4749/4144 4224/4748/4143
f 3228/4576/3984 3229/4675/4074 4316/4731/4127
f 2497/4560/3968 2501/4559/3967 2508/5040/4393
f 4264/4778/4171 2762/4777/4170 4243/5015/4372
f 2497/4560/3968 2515/5041/4394 2511/4583/3991
f 3315/4970/4334 4224/4748/4143 4941/5026/4381
f 2738/4765/4159 678/4901/4279 2787/4754/4148
f 3400/5042/831 3383/5043/4395 4194/5044/805
f 3380/4648/4049 4194/5044/805 3383/5043/4395
f 4070/4934/4308 4218/4933/4307 4224/4748/4143
f 3039/5045/4396 3123/5046/4397 3053/5047/4398
f 3047/5048/4399 3039/5045/4396 3053/5047/4398
f 3123/5046/4397 3114/5049/4400 3053/5047/4398
f 3114/5049/4400 3123/5046/4397 3368/5050/4401
f 2923/5051/4402 4903/5052/4403 2933/5053/4404
f 4903/5052/4403 4913/5054/4405 2933/5053/4404
f 4913/5054/4405 4911/5055/4406 2924/5056/4407
f 2927/5057/4408 2925/5058/4409 2906/5059/4410
f 4919/5060/4411 4917/5061/4412 2937/5062/4413
f 2927/5057/4408 3025/5063/4414 2925/5058/4409
f 2541/4762/4156 2564/4796/4188 2548/4815/4205
f 2513/4747/4142 2599/5064/4415 2523/5065/4416
f 2971/5066/4417 3143/5067/4418 2925/5058/4409
f 3020/5068/4419 2906/5059/4410 2925/5058/4409
f 382/5069/4420 383/4664/4063 386/4752/4146
f 2548/4815/4205 2517/4911/4289 2480/5027/4382
f 2730/4932/4306 941/4734/4130 286/4983/4345
f 386/4752/4146 409/5070/4421 382/5069/4420
f 2305/5071/4422 2295/5072/4423 2421/5073/4424
f 2925/5058/4409 3143/5067/4418 3020/5068/4419
f 4917/5061/4412 2906/5059/4410 3020/5068/4419
f 3025/5063/4414 2931/5074/4425 2973/5075/4426
f 1867/5076/4427 1212/5077/2069 1232/5078/2057
f 653/5033/2195 802/4786/4178 948/5079/97
f 3143/5067/4418 2976/5080/4428 2979/5081/4429
f 2911/5082/4430 2913/5083/4431 385/5084/4432
f 383/4664/4063 382/5069/4420 385/5084/4432
f 4425/4922/4297 2085/4757/4151 381/4756/4150
f 4264/4778/4171 4243/5015/4372 2728/4978/4341
f 3354/5085/4433 382/5069/4420 409/5070/4421
f 2979/5081/4429 2986/5086/4434 3143/5067/4418
f 3020/5068/4419 3143/5067/4418 2986/5086/4434
f 3542/5087/4435 1957/5088/2062 3500/5089/2063
f 2932/4478/3887 3026/5090/4436 2931/5074/4425
f 3010/5091/4437 2979/5081/4429 2976/5080/4428
f 2913/5083/4431 2907/5092/4438 387/5093/4439
f 803/5094/4440 2614/5095/4441 812/5096/4442
f 389/5097/4443 2911/5082/4430 385/5084/4432
f 2929/4396/3805 2937/5062/4413 2969/4394/3803
f 389/5097/4443 385/5084/4432 382/5069/4420
f 1231/5098/4444 1235/5099/2881 1261/5100/4445
f 4858/5016/4373 2585/4946/4318 197/5101/4446
f 3383/5043/4395 3384/5102/4447 3354/5085/4433
f 2658/5103/4448 2618/5104/4449 2620/5105/4450
f 4914/5106/4451 2979/5081/4429 3010/5091/4437
f 2574/4808/4199 2553/4872/4254 2492/4910/4288
f 3013/5107/4452 2986/5086/4434 2979/5081/4429
f 2925/5058/4409 3025/5063/4414 2973/5075/4426
f 2699/5108/4453 2695/5109/4454 657/4728/4124
f 2980/5110/4455 3020/5068/4419 2986/5086/4434
f 2932/4478/3887 2907/5092/4438 3026/5090/4436
f 2621/5111/4456 1244/5112/4457 1908/5113/4458
f 3010/5091/4437 2976/5080/4428 2977/5114/4459
f 948/5079/97 802/4786/4178 646/4785/100
f 4914/5106/4451 3010/5091/4437 2975/5115/4460
f 3039/5045/4396 3047/5048/4399 2913/5083/4431
f 2911/5082/4430 389/5097/4443 3055/5116/4461
f 3281/5037/4390 3310/4921/4296 3301/4930/4304
f 680/4956/4326 4222/4861/4244 190/4792/4184
f 3384/5102/4447 3383/5043/4395 3400/5042/831
f 3015/5117/4462 4898/5118/4463 2980/5110/4455
f 3013/5107/4452 3031/5119/4464 2986/5086/4434
f 2986/5086/4434 3015/5117/4462 2980/5110/4455
f 3026/5090/4436 2907/5092/4438 3046/5120/4465
f 3026/5090/4436 2977/5114/4459 2972/5121/4466
f 3010/5091/4437 2977/5114/4459 2975/5115/4460
f 4918/5122/4467 4914/5106/4451 2975/5115/4460
f 3047/5048/4399 3046/5120/4465 2913/5083/4431
f 3055/5116/4461 389/5097/4443 3028/5123/4468
f 2937/5062/4413 2924/5056/4407 4911/5055/4406
f 3027/5124/4469 3039/5045/4396 3055/5116/4461
f 3267/4659/4060 4068/4928/4302 3301/4930/4304
f 3384/5102/4447 3364/5125/4470 351/5126/4471
f 3044/5127/4472 4914/5106/4451 4918/5122/4467
f 2906/5059/4410 4919/5060/4411 2927/5057/4408
f 3013/5107/4452 4914/5106/4451 3031/5119/4464
f 3371/5128/4473 4898/5118/4463 3015/5117/4462
f 4382/4825/4214 3277/4674/4073 2952/4673/4072
f 3031/5119/4464 3015/5117/4462 2986/5086/4434
f 2977/5114/4459 3045/5129/4474 2975/5115/4460
f 3045/5129/4474 4918/5122/4467 2975/5115/4460
f 3362/4649/4050 409/5070/4421 386/4752/4146
f 3030/5130/4475 3046/5120/4465 3047/5048/4399
f 3047/5048/4399 3053/5047/4398 3030/5130/4475
f 3123/5046/4397 3039/5045/4396 3027/5124/4469
f 351/5126/4471 3364/5125/4470 3028/5123/4468
f 4198/5131/832 3364/5125/4470 3384/5102/4447
f 2039/5132/4476 1971/5133/2854 1968/5134/2959
f 2913/5083/4431 2911/5082/4430 3039/5045/4396
f 3044/5127/4472 4918/5122/4467 3034/5135/4477
f 3380/4648/4049 3354/5085/4433 3362/4649/4050
f 3031/5119/4464 4914/5106/4451 3044/5127/4472
f 2977/5114/4459 3046/5120/4465 3045/5129/4474
f 3046/5120/4465 3030/5130/4475 3043/5136/4478
f 3041/5137/4479 3030/5130/4475 3053/5047/4398
f 3028/5123/4468 4580/5138/4480 3027/5124/4469
f 3123/5046/4397 3027/5124/4469 3368/5050/4401
f 4580/5138/4480 3028/5123/4468 3364/5125/4470
f 637/4882/4264 635/4915/4292 647/4772/4166
f 3364/5125/4470 4198/5131/832 3141/5139/833
f 4414/4759/4153 4071/4758/4152 4941/5026/4381
f 3034/5135/4477 4918/5122/4467 3045/5129/4474
f 263/4874/4256 2490/4981/4344 2580/4944/4316
f 2932/4478/3887 2931/5074/4425 3025/5063/4414
f 4244/4979/4342 2728/4978/4341 2759/4973/4336
f 1854/4968/3056 2542/4962/4329 1697/4925/4299
f 3036/5140/4481 3044/5127/4472 3034/5135/4477
f 3371/5128/4473 3031/5119/4464 3009/5141/4482
f 3046/5120/4465 3043/5136/4478 3045/5129/4474
f 3036/5140/4481 3034/5135/4477 3045/5129/4474
f 3114/5049/4400 3041/5137/4479 3053/5047/4398
f 3368/5050/4401 3027/5124/4469 4580/5138/4480
f 3118/5142/482 4580/5138/4480 3364/5125/4470
f 3364/5125/4470 3141/5139/833 3118/5142/482
f 3038/5143/4483 3371/5128/4473 3009/5141/4482
f 3036/5140/4481 3016/5144/4484 3044/5127/4472
f 3045/5129/4474 3043/5136/4478 3036/5140/4481
f 3368/5050/4401 3054/5145/4485 3114/5049/4400
f 3051/5146/4486 3083/5147/4487 4684/5148/4488
f 3368/5050/4401 4580/5138/4480 3954/5149/4489
f 4580/5138/4480 3369/5150/4490 3954/5149/4489
f 2913/5083/4431 3046/5120/4465 2907/5092/4438
f 3118/5142/482 3369/5150/4490 4580/5138/4480
f 4550/4749/4144 3321/4704/4100 3350/4706/4102
f 3031/5119/4464 3016/5144/4484 3009/5141/4482
f 3087/5151/4491 3094/5152/4492 4051/5153/4493
f 2759/4973/4336 4247/4821/4210 4244/4979/4342
f 4919/5060/4411 2937/5062/4413 2927/5057/4408
f 2540/5002/4362 2546/5154/4494 947/4804/4196
f 3024/5155/4495 3036/5140/4481 3043/5136/4478
f 3041/5137/4479 3054/5145/4485 3024/5155/4495
f 2937/5062/4413 2929/4396/3805 2927/5057/4408
f 3070/5156/4496 3058/5157/4497 3413/5158/4498
f 3367/5159/4499 3954/5149/4489 3369/5150/4490
f 4245/4831/4219 2744/4818/4208 2737/4832/4220
f 3137/5160/481 3369/5150/4490 3118/5142/482
f 2932/4478/3887 2910/4771/4165 2907/5092/4438
f 4233/4764/4158 4732/4907/4285 287/4838/4225
f 4565/5161/4500 3108/5162/4501 3104/5163/4502
f 4248/4977/4340 4247/4821/4210 846/4823/4212
f 3370/5164/4503 3054/5145/4485 3952/5165/4504
f 2976/5080/4428 2973/5075/4426 2972/5121/4466
f 3048/5166/4505 3024/5155/4495 3054/5145/4485
f 3317/4824/4213 3318/4783/4176 4065/4725/4121
f 2929/4396/3805 2904/4395/3804 3025/5063/4414
f 2512/5031/4386 2513/4747/4142 2551/4746/4141
f 3000/5167/4506 3344/4575/3983 2984/5168/4507
f 3954/5149/4489 3952/5165/4504 3368/5050/4401
f 2604/4651/4052 2513/4747/4142 2605/5030/4385
f 3369/5150/4490 3361/5169/4508 3367/5159/4499
f 3369/5150/4490 3137/5160/481 3361/5169/4508
f 2552/4936/4309 4737/4931/4305 2730/4932/4306
f 4224/4748/4143 4218/4933/4307 4941/5026/4381
f 3824/5170/4509 3049/5171/4510 3086/5172/4511
f 3382/5173/4512 3370/5164/4503 3952/5165/4504
f 3370/5164/4503 3048/5166/4505 3054/5145/4485
f 3064/5174/4513 3086/5172/4511 3049/5171/4510
f 3051/5146/4486 3064/5174/4513 3050/5175/4514
f 2490/4981/4344 2583/4587/3995 2580/4944/4316
f 3084/5176/4515 3051/5146/4486 3050/5175/4514
f 3104/5163/4502 3094/5152/4492 3087/5151/4491
f 3048/5166/4505 3413/5158/4498 3063/5177/4516
f 3050/5175/4514 3063/5177/4516 3062/5178/4517
f 2601/5179/4518 2602/5180/4519 2469/5181/4520
f 2469/5181/4520 2521/4602/4010 2415/5182/4521
f 4516/5183/4522 2419/5184/4523 2417/5185/4524
f 2419/5184/4523 2415/5182/4521 2417/5185/4524
f 2601/5179/4518 2428/5186/4525 2479/5187/4526
f 2601/5179/4518 2420/5188/4527 2428/5186/4525
f 2469/5181/4520 2415/5182/4521 2601/5179/4518
f 2428/5186/4525 2420/5188/4527 4854/5189/4528
f 2419/5184/4523 2420/5188/4527 2415/5182/4521
f 4852/5190/4529 4853/5191/4530 2812/4493/3902
f 2379/4491/3900 292/5192/4531 257/5193/4532
f 2420/5188/4527 2419/5184/4523 4853/5191/4530
f 2419/5184/4523 292/5192/4531 4853/5191/4530
f 292/5192/4531 2812/4493/3902 4853/5191/4530
f 2521/4602/4010 2417/5185/4524 2415/5182/4521
f 292/5192/4531 2419/5184/4523 4516/5183/4522
f 257/5193/4532 2374/4494/3903 2379/4491/3900
f 257/5193/4532 292/5192/4531 253/5194/4533
f 2420/5188/4527 4853/5191/4530 4854/5189/4528
f 292/5192/4531 2379/4491/3900 2812/4493/3902
f 2415/5182/4521 2420/5188/4527 2601/5179/4518
f 2460/5195/4534 2466/5196/4535 2473/5197/4536
f 2460/5195/4534 2435/5198/4537 2443/5199/4538
f 2445/5200/4539 2466/5196/4535 2460/5195/4534
f 4718/5201/4540 2466/5196/4535 2445/5200/4539
f 2406/5202/4541 4718/5201/4540 2445/5200/4539
f 2368/5203/4542 2416/5204/4543 2406/5202/4541
f 2376/5205/4544 4726/5206/4545 2390/5207/4546
f 2425/5208/4547 2382/5209/4548 2406/5202/4541
f 2465/5210/4549 2466/5196/4535 4717/5211/4550
f 4718/5201/4540 2406/5202/4541 2382/5209/4548
f 2390/5207/4546 2416/5204/4543 2376/5205/4544
f 4718/5201/4540 2382/5209/4548 4717/5211/4550
f 2416/5204/4543 2390/5207/4546 2425/5208/4547
f 2382/5209/4548 2425/5208/4547 2411/5212/4551
f 4717/5211/4550 2454/5213/4552 2465/5210/4549
f 2425/5208/4547 2461/5214/4553 2411/5212/4551
f 2390/5207/4546 2475/5215/4554 2425/5208/4547
f 4717/5211/4550 2410/5216/4555 2449/5217/4556
f 2392/5218/4557 2389/4618/4026 2450/5219/4558
f 2382/5209/4548 2411/5212/4551 2410/5216/4555
f 2454/5213/4552 2449/5217/4556 2507/5220/4559
f 2406/5202/4541 2416/5204/4543 2425/5208/4547
f 2449/5217/4556 2471/5221/4560 2507/5220/4559
f 2461/5214/4553 2425/5208/4547 2475/5215/4554
f 2449/5217/4556 2448/5222/4561 2471/5221/4560
f 2410/5216/4555 2411/5212/4551 2449/5217/4556
f 2458/5223/4562 2392/5218/4557 2475/5215/4554
f 2416/5204/4543 2368/5203/4542 2376/5205/4544
f 2384/5224/4563 2458/5223/4562 2475/5215/4554
f 2445/5200/4539 2368/5203/4542 2406/5202/4541
f 2452/5225/4564 2461/5214/4553 2450/5219/4558
f 2452/5225/4564 2467/5226/4565 2411/5212/4551
f 2449/5217/4556 2454/5213/4552 4717/5211/4550
f 2467/5226/4565 2397/5227/4566 2448/5222/4561
f 2390/5207/4546 2413/5228/4567 2384/5224/4563
f 2450/5219/4558 2475/5215/4554 2392/5218/4557
f 2390/5207/4546 4726/5206/4545 2413/5228/4567
f 2450/5219/4558 2461/5214/4553 2475/5215/4554
f 2443/5199/4538 2445/5200/4539 2460/5195/4534
f 2397/5227/4566 2400/5229/4568 245/4620/4028
f 4718/5201/4540 4717/5211/4550 2466/5196/4535
f 2450/5219/4558 2467/5226/4565 2452/5225/4564
f 2467/5226/4565 2448/5222/4561 2411/5212/4551
f 2411/5212/4551 2461/5214/4553 2452/5225/4564
f 2445/5200/4539 2443/5199/4538 2368/5203/4542
f 4717/5211/4550 2382/5209/4548 2410/5216/4555
f 2389/4618/4026 245/4620/4028 2400/5229/4568
f 2449/5217/4556 2411/5212/4551 2448/5222/4561
f 2450/5219/4558 2389/4618/4026 2400/5229/4568
f 2400/5229/4568 2397/5227/4566 2467/5226/4565
f 2475/5215/4554 2390/5207/4546 2384/5224/4563
f 2467/5226/4565 2450/5219/4558 2400/5229/4568
f 2473/5197/4536 2466/5196/4535 2465/5210/4549
f 2404/4611/4019 2397/5227/4566 245/4620/4028
f 2586/4873/4255 2587/4945/4317 2590/5230/4569
f 3016/5144/4484 3031/5119/4464 3044/5127/4472
f 4414/4759/4153 4941/5026/4381 4266/4965/4331
f 3086/5172/4511 3051/5146/4486 4684/5148/4488
f 3107/5231/470 3159/5232/4570 3093/5233/4571
f 3413/5158/4498 3382/5173/4512 3381/5234/4572
f 3016/5144/4484 3036/5140/4481 3017/5235/4573
f 3381/5234/4572 3042/5236/4574 4727/5237/491
f 280/4850/4235 285/4923/4298 2555/4805/4197
f 4913/5054/4405 2924/5056/4407 2933/5053/4404
f 3362/4649/4050 3354/5085/4433 409/5070/4421
f 3084/5176/4515 3081/5238/4575 3083/5147/4487
f 3092/5239/4576 3093/5233/4571 3159/5232/4570
f 4849/4943/4315 4734/5240/4577 2585/4946/4318
f 3084/5176/4515 3075/5241/4578 3077/5242/4579
f 3058/5157/4497 3062/5178/4517 3413/5158/4498
f 3381/5234/4572 3070/5156/4496 3413/5158/4498
f 4727/5237/491 3066/5243/469 3381/5234/4572
f 3252/4793/4185 4066/5244/4580 4312/4794/4186
f 2567/4761/4155 2505/4763/4157 2529/4776/4169
f 2556/4589/3997 2488/4975/4338 2583/4587/3995
f 2745/4951/4322 4730/4535/3944 2781/4534/3943
f 2620/5105/4450 2661/4896/4274 2696/5245/4581
f 2932/4478/3887 3025/5063/4414 2904/4395/3804
f 3083/5147/4487 3081/5238/4575 3082/5246/4582
f 2906/5059/4410 4917/5061/4412 4919/5060/4411
f 4565/5161/4500 3081/5238/4575 3077/5242/4579
f 3108/5162/4501 3077/5242/4579 3075/5241/4578
f 2980/5110/4455 2920/5247/4583 4917/5061/4412
f 381/4756/4150 4226/5248/4584 4425/4922/4297
f 3382/5173/4512 3413/5158/4498 3048/5166/4505
f 3082/5246/4582 3081/5238/4575 4565/5161/4500
f 4727/5237/491 3042/5236/4574 3378/5249/485
f 4849/4943/4315 2740/4769/4163 4734/5240/4577
f 3082/5246/4582 3065/5250/4585 3083/5147/4487
f 3108/5162/4501 4565/5161/4500 3077/5242/4579
f 2977/5114/4459 3026/5090/4436 3046/5120/4465
f 3382/5173/4512 3952/5165/4504 3367/5159/4499
f 3139/5251/4586 3058/5157/4497 3070/5156/4496
f 3039/5045/4396 2911/5082/4430 3055/5116/4461
f 4226/5248/4584 4066/5244/4580 3303/5252/4587
f 3134/5253/4588 3108/5162/4501 3139/5251/4586
f 2795/4767/4161 2740/4769/4163 2745/4951/4322
f 2636/5039/4392 2622/5254/4589 2673/5255/4590
f 3114/5049/4400 3054/5145/4485 3041/5137/4479
f 3049/5171/4510 3009/5141/4482 3017/5235/4573
f 3062/5178/4517 3075/5241/4578 3050/5175/4514
f 3084/5176/4515 3050/5175/4514 3075/5241/4578
f 4051/5153/4493 3072/5256/4591 3140/5257/4592
f 3134/5253/4588 3104/5163/4502 3108/5162/4501
f 4799/5258/4593 4788/4687/4086 4233/4764/4158
f 4066/5244/4580 4226/5248/4584 4415/4964/4330
f 2971/5066/4417 2973/5075/4426 3143/5067/4418
f 3093/5233/4571 3092/5239/4576 3428/5259/4594
f 3058/5157/4497 3075/5241/4578 3062/5178/4517
f 3108/5162/4501 3075/5241/4578 3058/5157/4497
f 3104/5163/4502 3134/5253/4588 4154/5260/4595
f 3137/5160/481 3378/5249/485 3361/5169/4508
f 2514/5028/4383 2545/4652/4053 2605/5030/4385
f 3382/5173/4512 3048/5166/4505 3370/5164/4503
f 3024/5155/4495 3048/5166/4505 3064/5174/4513
f 3104/5163/4502 3087/5151/4491 3065/5250/4585
f 3134/5253/4588 3113/5261/4596 3122/5262/494
f 3150/5263/493 3122/5262/494 3113/5261/4596
f 3354/5085/4433 3380/4648/4049 3383/5043/4395
f 2516/4653/4054 2545/4652/4053 2577/4877/4259
f 2558/5036/4389 2493/4871/4253 2482/5264/4597
f 2682/4739/4134 2680/5265/4598 3242/5266/4599
f 2721/4727/4123 4916/4927/4301 4772/5267/4600
f 2586/4873/4255 2590/5230/4569 2482/5264/4597
f 3094/5152/4492 3100/5268/465 3072/5256/4591
f 3103/5269/4601 3072/5256/4591 4018/5270/435
f 3310/4921/4296 3275/4657/4058 3301/4930/4304
f 3165/5271/471 3428/5259/4594 3103/5269/4601
f 3113/5261/4596 3139/5251/4586 3070/5156/4496
f 3094/5152/4492 3072/5256/4591 4051/5153/4493
f 4792/4966/4332 2733/4860/4243 683/4984/4346
f 2501/4559/3967 2603/5272/4602 2508/5040/4393
f 2515/5041/4394 2497/4560/3968 2504/5273/4603
f 4715/4858/4241 2511/4583/3991 2515/5041/4394
f 3122/5262/494 4154/5260/4595 3134/5253/4588
f 3326/4680/4079 3318/4783/4176 3320/4556/3964
f 2907/5092/4438 2910/4771/4165 387/5093/4439
f 3064/5174/4513 3017/5235/4573 3036/5140/4481
f 2513/4747/4142 2528/5029/4384 2605/5030/4385
f 3094/5152/4492 4154/5260/4595 3100/5268/465
f 2971/5066/4417 2925/5058/4409 2973/5075/4426
f 4018/5270/435 3072/5256/4591 3100/5268/465
f 3082/5246/4582 3104/5163/4502 3065/5250/4585
f 2937/5062/4413 4917/5061/4412 2920/5247/4583
f 3099/5274/408 3159/5232/4570 3107/5231/470
f 313/4697/4093 841/4852/4237 719/4638/4039
f 2937/5062/4413 2920/5247/4583 2991/5275/4604
f 3275/4657/4058 3267/4659/4060 3301/4930/4304
f 3277/4674/4073 4382/4825/4214 3251/4862/4245
f 3001/4781/4174 3340/4844/4230 3239/4827/4216
f 3051/5146/4486 3086/5172/4511 3064/5174/4513
f 3241/4654/4055 3242/5266/4599 3259/4672/4071
f 3319/4724/4120 3192/4578/3986 4517/4577/3985
f 2557/4876/4258 288/4992/4352 2510/5017/4374
f 4269/5276/468 3113/5261/4596 3070/5156/4496
f 3104/5163/4502 4154/5260/4595 3094/5152/4492
f 2976/5080/4428 2972/5121/4466 2977/5114/4459
f 2641/5277/4605 2296/5278/4606 2652/5279/4607
f 2652/5279/4607 2656/5280/4608 2340/5281/4609
f 2589/5282/4610 2366/5283/4611 2594/5284/4612
f 2369/5285/4613 2594/5284/4612 2366/5283/4611
f 2652/5279/4607 2640/5286/4614 2641/5277/4605
f 2656/5280/4608 2652/5279/4607 2303/5287/4615
f 2459/5288/4616 2589/5282/4610 2641/5277/4605
f 2641/5277/4605 2640/5286/4614 2459/5288/4616
f 1245/5289/4617 2623/5290/4618 1262/5291/4619
f 2369/5285/4613 2364/5292/4620 2384/5224/4563
f 2451/5293/4621 2437/5294/4622 2459/5288/4616
f 1252/5295/2880 1271/5296/4623 1256/5297/4624
f 1234/5298/4625 1256/5297/4624 1267/5299/4626
f 2458/5223/4562 2364/5292/4620 2362/5300/4627
f 1252/5295/2880 1277/5301/2878 1266/5302/4628
f 2451/5293/4621 2345/5303/4629 1247/5304/4630
f 2640/5286/4614 2345/5303/4629 2459/5288/4616
f 1267/5299/4626 1264/5305/4631 1234/5298/4625
f 2459/5288/4616 2366/5283/4611 2589/5282/4610
f 2437/5294/4622 2451/5293/4621 2362/5300/4627
f 1271/5296/4623 1267/5299/4626 1256/5297/4624
f 2437/5294/4622 2366/5283/4611 2459/5288/4616
f 1247/5304/4630 1326/5306/4632 2451/5293/4621
f 2384/5224/4563 2364/5292/4620 2458/5223/4562
f 2345/5303/4629 1245/5289/4617 1247/5304/4630
f 3242/5266/4599 4752/5307/4633 2682/4739/4134
f 1267/5299/4626 1325/5308/4634 1264/5305/4631
f 1270/5309/4635 1277/5301/2878 1280/5310/2877
f 1260/5311/4636 1277/5301/2878 1270/5309/4635
f 1268/5312/4637 1266/5302/4628 1260/5311/4636
f 2451/5293/4621 1326/5306/4632 1303/5313/4638
f 1268/5312/4637 1325/5308/4634 1267/5299/4626
f 2594/5284/4612 2341/5314/4639 2589/5282/4610
f 2362/5300/4627 2451/5293/4621 1303/5313/4638
f 2362/5300/4627 1324/5315/4640 2398/5316/4641
f 1284/5317/2914 1270/5309/4635 1280/5310/2877
f 2398/5316/4641 2395/5318/4642 2394/4614/4022
f 1324/5315/4640 2395/5318/4642 2398/5316/4641
f 1264/5305/4631 1325/5308/4634 1247/5304/4630
f 1266/5302/4628 1277/5301/2878 1260/5311/4636
f 2392/5218/4557 2398/5316/4641 2389/4618/4026
f 1326/5306/4632 1325/5308/4634 1324/5315/4640
f 2640/5286/4614 2652/5279/4607 2639/5319/4643
f 2364/5292/4620 2369/5285/4613 2437/5294/4622
f 846/4823/4212 717/4822/4211 845/4865/4248
f 1326/5306/4632 1324/5315/4640 1303/5313/4638
f 1246/5320/4644 1264/5305/4631 1247/5304/4630
f 3062/5178/4517 3063/5177/4516 3413/5158/4498
f 2640/5286/4614 2639/5319/4643 2345/5303/4629
f 2362/5300/4627 2364/5292/4620 2437/5294/4622
f 2728/4978/4341 4790/4702/4098 4264/4778/4171
f 1270/5309/4635 1284/5317/2914 1268/5312/4637
f 1234/5298/4625 1264/5305/4631 1246/5320/4644
f 2392/5218/4557 2458/5223/4562 2398/5316/4641
f 2395/5318/4642 1324/5315/4640 2297/5321/4645
f 1262/5291/4619 1246/5320/4644 1247/5304/4630
f 2362/5300/4627 2398/5316/4641 2458/5223/4562
f 2340/5281/4609 2639/5319/4643 2652/5279/4607
f 1248/5322/4646 1262/5291/4619 2623/5290/4618
f 1330/5323/4647 1324/5315/4640 1325/5308/4634
f 1303/5313/4638 1324/5315/4640 2362/5300/4627
f 1330/5323/4647 1269/5324/2909 2297/5321/4645
f 845/4865/4248 4301/4980/4343 4223/4866/4249
f 1267/5299/4626 1271/5296/4623 1268/5312/4637
f 1270/5309/4635 1268/5312/4637 1260/5311/4636
f 2639/5319/4643 2340/5281/4609 1245/5289/4617
f 1268/5312/4637 1284/5317/2914 1330/5323/4647
f 2459/5288/4616 2345/5303/4629 2451/5293/4621
f 1364/4619/4027 1352/5325/2913 4728/4631/2915
f 2933/5053/4404 2924/5056/4407 2923/5051/4402
f 2437/5294/4622 2369/5285/4613 2366/5283/4611
f 1245/5289/4617 1262/5291/4619 1247/5304/4630
f 1247/5304/4630 1325/5308/4634 1326/5306/4632
f 672/4713/4109 801/4787/4179 802/4786/4178
f 1266/5302/4628 1268/5312/4637 1271/5296/4623
f 2394/4614/4022 2395/5318/4642 1364/4619/4027
f 3070/5156/4496 3066/5243/469 4269/5276/468
f 1284/5317/2914 1269/5324/2909 1330/5323/4647
f 1271/5296/4623 1252/5295/2880 1266/5302/4628
f 1352/5325/2913 1364/4619/4027 2297/5321/4645
f 3049/5171/4510 3017/5235/4573 3064/5174/4513
f 2395/5318/4642 2297/5321/4645 1364/4619/4027
f 2297/5321/4645 1324/5315/4640 1330/5323/4647
f 1330/5323/4647 1325/5308/4634 1268/5312/4637
f 2913/5083/4431 387/5093/4439 385/5084/4432
f 1246/5320/4644 1262/5291/4619 1248/5322/4646
f 2398/5316/4641 2394/4614/4022 2389/4618/4026
f 1245/5289/4617 2345/5303/4629 2639/5319/4643
f 4783/4899/4277 2790/4679/4078 4776/4644/4045
f 3428/5259/4594 3092/5239/4576 3103/5269/4601
f 1352/5325/2913 2297/5321/4645 1269/5324/2909
f 3381/5234/4572 3066/5243/469 3070/5156/4496
f 3028/5123/4468 389/5097/4443 351/5126/4471
f 4346/4807/4198 1999/5003/539 4303/4849/578
f 2905/4836/4223 2926/4665/4064 2914/4770/4164
f 4787/4952/4323 4223/4866/4249 4301/4980/4343
f 3368/5050/4401 3952/5165/4504 3054/5145/4485
f 2587/4945/4317 4858/5016/4373 2590/5230/4569
f 2733/4860/4243 682/4859/4242 683/4984/4346
f 3028/5123/4468 3027/5124/4469 3055/5116/4461
f 4784/4791/4183 4234/4905/4283 2741/4699/4095
f 3013/5107/4452 2979/5081/4429 4914/5106/4451
f 4734/5240/4577 197/5101/4446 2585/4946/4318
f 3381/5234/4572 3382/5173/4512 3042/5236/4574
f 2795/4767/4161 2745/4951/4322 2781/4534/3943
f 1963/4926/4300 1697/4925/4299 4182/4969/4333
f 2931/5074/4425 2972/5121/4466 2973/5075/4426
f 4154/5260/4595 3122/5262/494 3416/5326/436
f 3378/5249/485 3042/5236/4574 3361/5169/4508
f 288/4992/4352 2558/5036/4389 289/5327/4648
f 3143/5067/4418 2973/5075/4426 2976/5080/4428
f 2740/4769/4163 2578/4768/4162 4734/5240/4577
f 3083/5147/4487 3065/5250/4585 4684/5148/4488
f 2468/4841/4227 3351/4711/4107 3339/4842/4228
f 2575/4906/4284 2490/4981/4344 2730/4932/4306
f 2604/4651/4052 2600/4988/4348 1996/4991/4351
f 2605/5030/4385 2545/4652/4053 2604/4651/4052
f 4917/5061/4412 3020/5068/4419 2980/5110/4455
f 3072/5256/4591 3103/5269/4601 3140/5257/4592
f 3103/5269/4601 3092/5239/4576 3140/5257/4592
f 2482/5264/4597 289/5327/4648 2558/5036/4389
f 964/4887/512 4356/4886/4267 4787/4952/4323
f 839/4751/552 655/5328/572 840/4696/4092
f 2482/5264/4597 2590/5230/4569 289/5327/4648
f 3043/5136/4478 3041/5137/4479 3024/5155/4495
f 4940/5329/4649 4941/5026/4381 4218/4933/4307
f 3319/4724/4120 3193/4723/4119 2547/4835/2568
f 4191/4897/4275 635/4915/4292 637/4882/4264
f 2972/5121/4466 2931/5074/4425 3026/5090/4436
f 3041/5137/4479 3043/5136/4478 3030/5130/4475
f 2557/4876/4258 2510/5017/4374 2577/4877/4259
f 3367/5159/4499 3042/5236/4574 3382/5173/4512
f 2523/5065/4416 2501/4559/3967 2513/4747/4142
f 2504/5273/4603 2508/5040/4393 2603/5272/4602
f 4494/4784/4177 3185/4720/4116 3319/4724/4120
f 3015/5117/4462 3031/5119/4464 3371/5128/4473
f 3082/5246/4582 4565/5161/4500 3104/5163/4502
f 856/5330/4650 2898/4337/3746 829/4473/3882
f 363/4745/4140 2934/5331/4651 2903/5332/4652
f 2912/4904/4282 2934/5331/4651 2905/4836/4223
f 856/5330/4650 2903/5332/4652 2898/4337/3746
f 4768/5333/4653 2892/4743/4138 363/4745/4140
f 4768/5333/4653 2903/5332/4652 856/5330/4650
f 2892/4743/4138 4768/5333/4653 856/5330/4650
f 363/4745/4140 2905/4836/4223 2934/5331/4651
f 363/4745/4140 2903/5332/4652 4768/5333/4653
f 2892/4743/4138 857/5334/4654 2844/5335/4655
f 857/5334/4654 856/5330/4650 829/4473/3882
f 856/5330/4650 857/5334/4654 2892/4743/4138
f 3361/5169/4508 3042/5236/4574 3367/5159/4499
f 2501/4559/3967 2523/5065/4416 2603/5272/4602
f 3017/5235/4573 3009/5141/4482 3016/5144/4484
f 3113/5261/4596 4269/5276/468 3150/5263/493
f 4215/5336/2395 4218/4933/4307 566/4935/2571
f 1963/4926/4300 2540/5002/4362 1965/4971/2977
f 4266/4965/4331 4941/5026/4381 4940/5329/4649
f 3542/5087/4435 3500/5089/2063 1917/4891/4269
f 263/4874/4256 2553/4872/4254 2552/4936/4309
f 3303/5252/4587 4425/4922/4297 4226/5248/4584
f 3165/5271/471 3107/5231/470 3428/5259/4594
f 3113/5261/4596 3134/5253/4588 3139/5251/4586
f 3063/5177/4516 3050/5175/4514 3064/5174/4513
f 351/5126/4471 3354/5085/4433 3384/5102/4447
f 3084/5176/4515 3077/5242/4579 3081/5238/4575
f 3351/4711/4107 4316/4731/4127 4180/4677/4076
f 2673/5255/4590 2669/5337/4656 2674/5338/4657
f 3824/5170/4509 3038/5143/4483 3009/5141/4482
f 382/5069/4420 3354/5085/4433 351/5126/4471
f 4323/4833/4221 4414/4759/4153 4415/4964/4330
f 3400/5042/831 4198/5131/832 3384/5102/4447
f 3139/5251/4586 3108/5162/4501 3058/5157/4497
f 3256/5339/4658 2671/5340/4659 2672/5341/4660
f 4154/5260/4595 3416/5326/436 3100/5268/465
f 4266/4965/4331 4066/5244/4580 4415/4964/4330
f 3954/5149/4489 3367/5159/4499 3952/5165/4504
f 2927/5057/4408 2929/4396/3805 3025/5063/4414
f 3064/5174/4513 3036/5140/4481 3024/5155/4495
f 287/4838/4225 284/4714/4110 290/4974/4337
f 4911/5055/4406 2969/4394/3803 2937/5062/4413
f 3107/5231/470 3093/5233/4571 3428/5259/4594
f 3049/5171/4510 3824/5170/4509 3009/5141/4482
f 3083/5147/4487 3051/5146/4486 3084/5176/4515
f 3063/5177/4516 3064/5174/4513 3048/5166/4505
f 389/5097/4443 382/5069/4420 351/5126/4471
f 3165/5271/471 3103/5269/4601 4018/5270/435
f 4736/4972/4335 672/4713/4109 653/5033/2195
f 4300/4868/4250 673/5342/4661 670/5021/4378
f 285/4923/4298 278/4732/4128 2572/4803/4195
f 290/4974/4337 4187/4918/4295 4799/5258/4593
f 263/4874/4256 2587/4945/4317 2586/4873/4255
f 3310/4921/4296 3305/4742/4137 3275/4657/4058
f 4059/4586/3994 4064/4585/3993 2634/4633/4036
f 3266/4658/4059 3251/4862/4245 4382/4825/4214
f 276/5343/4662 275/4801/4193 947/4804/4196
f 4187/4918/4295 4210/4811/2124 4788/4687/4086
f 2540/5002/4362 4182/4969/4333 2546/5154/4494
f 4734/5240/4577 2578/4768/4162 197/5101/4446
f 4209/4683/4082 315/4856/4239 668/4645/4046
f 4843/4847/4233 4234/4905/4283 2739/4790/4182
f 197/5101/4446 293/4998/4358 4858/5016/4373
f 4797/5022/4379 4809/5014/4371 2737/4832/4220
f 2599/5064/4415 2513/4747/4142 2604/4651/4052
f 2516/4653/4054 2600/4988/4348 2604/4651/4052
f 4346/4807/4198 4355/4902/4280 1999/5003/539
f 669/5344/2084 667/4682/4081 4210/4811/2124
f 2752/4870/4252 4243/5015/4372 2762/4777/4170
f 4898/5118/4463 3003/5345/4663 3002/5346/4664
f 3206/5347/4665 3328/5348/4666 3002/5346/4664
f 2510/5017/4374 2600/4988/4348 2516/4653/4054
f 3002/5346/4664 3328/5348/4666 3201/5349/4667
f 3197/4568/3976 3201/5349/4667 3195/5350/4668
f 3321/4704/4100 3230/4957/4327 4950/4912/4290
f 3206/5347/4665 3003/5345/4663 3371/5128/4473
f 2515/5041/4394 2603/5272/4602 2522/5351/4669
f 3206/5347/4665 4284/5352/4670 3328/5348/4666
f 852/4839/4226 287/4838/4225 286/4983/4345
f 3038/5143/4483 4284/5352/4670 3371/5128/4473
f 3018/5353/4671 3008/5354/4672 3007/5355/4673
f 4732/4907/4285 4233/4764/4158 4843/4847/4233
f 3824/5170/4509 3007/5355/4673 3038/5143/4483
f 2700/5356/4674 2683/5357/4675 2685/4738/4133
f 4267/5358/2583 4940/5329/4649 4218/4933/4307
f 4675/5359/2386 3173/5360/4676 4577/5361/4677
f 3256/5339/4658 2672/5341/4660 2664/5362/4678
f 3007/5355/4673 3079/5363/4679 3018/5353/4671
f 2759/4973/4336 2728/4978/4341 2742/4817/4207
f 3824/5170/4509 3079/5363/4679 3007/5355/4673
f 3018/5353/4671 3005/5364/4680 3217/5365/4681
f 3086/5172/4511 3079/5363/4679 3824/5170/4509
f 3080/5366/4682 3019/5367/4683 3065/5250/4585
f 4267/5358/2583 4218/4933/4307 4215/5336/2395
f 3219/5368/4684 3353/5369/4685 4049/5370/4686
f 3091/5371/4687 3080/5366/4682 3087/5151/4491
f 4817/5372/4688 4416/5373/4689 3203/5374/4690
f 4178/4914/4291 4175/4773/2178 647/4772/4166
f 2658/5103/4448 2620/5105/4450 2696/5245/4581
f 3204/5375/4691 3085/5376/4692 4817/5372/4688
f 3136/5377/4693 3019/5367/4683 3080/5366/4682
f 4063/4722/4118 4059/4586/3994 3193/4723/4119
f 4741/5378/4694 861/5379/4695 4172/4774/4167
f 3091/5371/4687 4051/5153/4493 3090/5380/4696
f 4064/4585/3993 4060/4584/3992 3336/4569/3977
f 4817/5372/4688 4816/5381/4697 4416/5373/4689
f 3085/5376/4692 3019/5367/4683 3136/5377/4693
f 3074/5382/4698 4051/5153/4493 3140/5257/4592
f 3238/5383/4699 3182/4828/4217 4457/4848/4234
f 3171/5384/4700 3163/5385/2377 3176/5386/4701
f 4416/5373/4689 4816/5381/4697 3226/5387/4702
f 4235/5388/4703 4266/4965/4331 4940/5329/4649
f 4816/5381/4697 3085/5376/4692 3136/5377/4693
f 2557/4876/4258 2559/4875/4257 2558/5036/4389
f 3090/5380/4696 3124/5389/4704 3136/5377/4693
f 2757/4816/4206 4247/4821/4210 2759/4973/4336
f 3226/5387/4702 3163/5385/2377 3171/5384/4700
f 3136/5377/4693 3124/5389/4704 4816/5381/4697
f 2643/5390/4705 2298/5391/4706 2648/5392/4707
f 4356/4886/4267 4302/4888/514 715/5393/497
f 3142/5394/4708 3140/5257/4592 3092/5239/4576
f 4816/5381/4697 3124/5389/4704 3173/5360/4676
f 4517/4577/3985 3350/4706/4102 3317/4824/4213
f 3124/5389/4704 4577/5361/4677 3173/5360/4676
f 3159/5232/4570 3095/5395/4709 3092/5239/4576
f 3176/5386/4701 4416/5373/4689 3171/5384/4700
f 3305/4742/4137 4425/4922/4297 3303/5252/4587
f 3319/4724/4120 4111/4890/4268 3192/4578/3986
f 3173/5360/4676 4675/5359/2386 3164/5396/2387
f 4066/5244/4580 4266/4965/4331 4312/4794/4186
f 3038/5143/4483 3007/5355/4673 3006/5397/4710
f 3226/5387/4702 4816/5381/4697 3173/5360/4676
f 4022/5398/2384 4577/5361/4677 3095/5395/4709
f 3353/5369/4685 3195/5350/4668 3006/5397/4710
f 3159/5232/4570 3160/5399/2385 3095/5395/4709
f 3160/5399/2385 3159/5232/4570 3161/5400/423
f 3252/4793/4185 3303/5252/4587 4066/5244/4580
f 2514/5028/4383 2505/4763/4157 2541/4762/4156
f 3275/4657/4058 3305/4742/4137 3266/4658/4059
f 2301/5401/4711 2305/5071/4422 2300/5402/4712
f 4415/4964/4330 4226/5248/4584 381/4756/4150
f 293/4998/4358 4720/4994/4354 4858/5016/4373
f 3238/5383/4699 4457/4848/4234 3237/4760/4154
f 3266/4658/4059 3264/4656/4057 3251/4862/4245
f 1697/4925/4299 1964/4924/2947 1889/4967/2946
f 3241/4654/4055 4751/5403/4713 4752/5307/4633
f 197/5101/4446 2578/4768/4162 196/4410/3819
f 3019/5367/4683 3085/5376/4692 3204/5375/4691
f 197/5101/4446 196/4410/3819 293/4998/4358
f 2516/4653/4054 2577/4877/4259 2510/5017/4374
f 669/5344/2084 674/5404/2217 667/4682/4081
f 4858/5016/4373 4720/4994/4354 2590/5230/4569
f 3206/5347/4665 3002/5346/4664 3003/5345/4663
f 273/4997/4357 288/4992/4352 289/5327/4648
f 2522/5351/4669 2523/5065/4416 2599/5064/4415
f 2524/4990/4350 2515/5041/4394 2522/5351/4669
f 3006/5397/4710 3007/5355/4673 3008/5354/4672
f 295/4730/4126 4756/5405/4714 4850/4881/4263
f 4893/5406/4715 2885/4504/3913 4760/5407/4716
f 4301/4980/4343 845/4865/4248 717/4822/4211
f 2522/5351/4669 2599/5064/4415 1996/4991/4351
f 4301/4980/4343 4211/5020/4377 4787/4952/4323
f 3079/5363/4679 4479/5408/4717 3018/5353/4671
f 4737/4931/4305 2574/4808/4199 941/4734/4130
f 2609/5409/4718 2702/5410/4719 2637/4894/4272
f 3018/5353/4671 3217/5365/4681 3008/5354/4672
f 3645/5411/2050 3542/5087/4435 1814/5412/4720
f 2295/5072/4423 2301/5401/4711 2296/5278/4606
f 3336/4569/3977 3189/4681/4080 3234/4570/3978
f 2902/4813/4203 364/4641/4042 366/5035/4388
f 2496/5019/4376 2039/5132/4476 1965/4971/2977
f 4284/5352/4670 3206/5347/4665 3371/5128/4473
f 387/5093/4439 2936/4812/4202 384/5413/4721
f 3163/5385/2377 3173/5360/4676 3164/5396/2387
f 1996/4991/4351 2524/4990/4350 2522/5351/4669
f 3174/5414/4722 3203/5374/4690 3166/5415/4723
f 3328/5348/4666 3195/5350/4668 3201/5349/4667
f 3230/4957/4327 3315/4970/4334 4875/4955/4325
f 2301/5401/4711 2638/5416/4724 2296/5278/4606
f 2505/4763/4157 2528/5029/4384 2576/4775/4168
f 2950/4929/4303 3258/5417/4725 2888/5418/4726
f 4736/4972/4335 4189/4919/2134 4187/4918/4295
f 1854/4968/3056 529/4963/3055 2542/4962/4329
f 3008/5354/4672 3353/5369/4685 3006/5397/4710
f 964/4887/512 4211/5020/4377 676/5419/513
f 2682/4739/4134 2683/5357/4675 2680/5265/4598
f 3166/5415/4723 3203/5374/4690 3176/5386/4701
f 645/4961/92 808/4950/83 4185/4851/4236
f 2572/4803/4195 278/4732/4128 2567/4761/4155
f 2529/4776/4169 276/5343/4662 2572/4803/4195
f 1967/4948/4320 1971/5133/2854 2039/5132/4476
f 3319/4724/4120 3317/4824/4213 4494/4784/4177
f 1965/4971/2977 2540/5002/4362 2496/5019/4376
f 3174/5414/4722 3215/5420/4727 3203/5374/4690
f 802/4786/4178 653/5033/2195 672/4713/4109
f 2529/4776/4169 277/4802/4194 276/5343/4662
f 4940/5329/4649 4267/5358/2583 4235/5388/4703
f 4182/4969/4333 645/4961/92 2546/5154/4494
f 2313/5421/4728 2326/5422/4729 2314/5423/4730
f 3252/4793/4185 3305/4742/4137 3303/5252/4587
f 2834/4903/4281 4763/4830/4218 2829/4639/4040
f 4905/4814/4204 380/4737/4132 2926/4665/4064
f 3086/5172/4511 4479/5408/4717 3079/5363/4679
f 2576/4775/4168 2528/5029/4384 2512/5031/4386
f 3241/4654/4055 3264/4656/4057 3276/4565/3973
f 410/4669/4068 383/4664/4063 411/4663/4062
f 3197/4568/3976 3195/5350/4668 3219/5368/4684
f 4751/5403/4713 3241/4654/4055 3276/4565/3973
f 4905/4814/4204 2902/4813/4203 366/5035/4388
f 2787/4754/4148 678/4901/4279 4241/4668/4067
f 3224/4719/4115 3174/5414/4722 3180/4717/4113
f 3180/4717/4113 3174/5414/4722 3166/5415/4723
f 4284/5352/4670 3006/5397/4710 3195/5350/4668
f 2829/4639/4040 368/4369/3778 2839/4640/4041
f 3162/5424/2225 3176/5386/4701 3163/5385/2377
f 3175/5425/4731 3166/5415/4723 3176/5386/4701
f 3353/5369/4685 3217/5365/4681 4049/5370/4686
f 275/4801/4193 276/5343/4662 277/4802/4194
f 312/4703/4099 340/4826/4215 311/4701/4097
f 2421/5073/4424 2308/5426/4732 2309/5427/4733
f 864/4744/4139 4905/4814/4204 379/4837/4224
f 2538/4800/4192 2496/5019/4376 275/4801/4193
f 3523/5428/4734 3558/5429/2092 3533/5430/2120
f 4479/5408/4717 3005/5364/4680 3018/5353/4671
f 2892/4743/4138 2844/5335/4655 2902/4813/4203
f 947/4804/4196 2546/5154/4494 4185/4851/4236
f 803/5094/4440 768/5431/4735 636/5432/4736
f 3308/4690/4089 3296/5018/4375 3298/5433/4737
f 4849/4943/4315 2583/4587/3995 2488/4975/4338
f 3307/4779/4172 3240/4741/4136 3305/4742/4137
f 947/4804/4196 280/4850/4235 2555/4805/4197
f 4070/4934/4308 4280/4985/2556 566/4935/2571
f 2814/4416/3825 2808/4501/3910 350/4417/3826
f 292/5192/4531 4516/5183/4522 773/5434/4738
f 4784/4791/4183 4795/4531/3940 4730/4535/3944
f 2409/5435/4739 259/5436/4740 252/5437/4741
f 3246/4566/3974 3264/4656/4057 3240/4741/4136
f 2691/4799/4191 4752/5307/4633 4751/5403/4713
f 3142/5394/4708 3124/5389/4704 3074/5382/4698
f 2955/5438/4742 2888/5418/4726 4760/5407/4716
f 345/5439/4743 230/5440/4744 259/5436/4740
f 3095/5395/4709 3160/5399/2385 4022/5398/2384
f 2685/4738/4133 2694/4740/4135 2691/4799/4191
f 3215/5420/4727 3204/5375/4691 3203/5374/4690
f 4235/5388/4703 680/4956/4326 4312/4794/4186
f 2408/5441/4745 2562/4591/3999 4513/5442/4746
f 4516/5183/4522 2408/5441/4745 773/5434/4738
f 229/4630/4035 262/5443/4747 254/5444/4748
f 17/5445/4749 228/5446/4750 16/5447/4751
f 346/5448/4752 333/5449/4753 345/5439/4743
f 3224/4719/4115 3215/5420/4727 3174/5414/4722
f 4513/5442/4746 270/4590/3998 254/5444/4748
f 3087/5151/4491 4051/5153/4493 3091/5371/4687
f 262/5443/4747 235/5450/4754 254/5444/4748
f 4836/5451/4755 3180/4717/4113 3166/5415/4723
f 230/5440/4744 16/5447/4751 228/5446/4750
f 3351/4711/4107 2468/4841/4227 3323/4820/4209
f 2492/4910/4288 2553/4872/4254 2493/4871/4253
f 3162/5424/2225 3175/5425/4731 3176/5386/4701
f 3175/5425/4731 3183/4959/4328 3166/5415/4723
f 2691/4799/4191 2694/4740/4135 4752/5307/4633
f 1996/4991/4351 2599/5064/4415 2604/4651/4052
f 270/4590/3998 4513/5442/4746 2562/4591/3999
f 3124/5389/4704 3142/5394/4708 4577/5361/4677
f 263/4874/4256 2580/4944/4316 2587/4945/4317
f 3253/4564/3972 4192/4797/4189 4751/5403/4713
f 2567/4761/4155 2529/4776/4169 2572/4803/4195
f 262/5443/4747 260/5452/4756 235/5450/4754
f 235/5450/4754 2409/5435/4739 4513/5442/4746
f 2576/4775/4168 2512/5031/4386 2527/4558/3966
f 2804/4502/3911 347/5453/4757 2808/4501/3910
f 4731/4588/3996 4732/4907/4285 4843/4847/4233
f 2603/5272/4602 2523/5065/4416 2522/5351/4669
f 2408/5441/4745 2521/4602/4010 2503/4596/4004
f 2409/5435/4739 235/5450/4754 234/5454/4758
f 2586/4873/4255 2482/5264/4597 2493/4871/4253
f 3005/5364/4680 3224/4719/4115 3217/5365/4681
f 2536/4949/4321 2496/5019/4376 2538/4800/4192
f 3080/5366/4682 3091/5371/4687 3090/5380/4696
f 345/5439/4743 250/5455/4759 230/5440/4744
f 2997/5456/4760 2980/5110/4455 4898/5118/4463
f 2980/5110/4455 3349/5457/4761 2920/5247/4583
f 2997/5456/4760 4898/5118/4463 3002/5346/4664
f 2982/5458/4762 3349/5457/4761 2997/5456/4760
f 3349/5457/4761 2980/5110/4455 2997/5456/4760
f 2920/5247/4583 3349/5457/4761 2982/5458/4762
f 3002/5346/4664 2982/5458/4762 2997/5456/4760
f 672/4713/4109 4736/4972/4335 284/4714/4110
f 4220/5459/2563 677/4735/4131 4227/5460/2511
f 4513/5442/4746 254/5444/4748 235/5450/4754
f 235/5450/4754 260/5452/4756 346/5448/4752
f 229/4630/4035 254/5444/4748 270/4590/3998
f 2374/4494/3903 249/5461/4763 2804/4502/3911
f 346/5448/4752 345/5439/4743 234/5454/4758
f 3240/4741/4136 4190/4780/4173 4320/4581/3989
f 2808/4501/3910 347/5453/4757 350/4417/3826
f 4513/5442/4746 2409/5435/4739 773/5434/4738
f 2408/5441/4745 2503/4596/4004 2562/4591/3999
f 347/5453/4757 249/5461/4763 227/4340/3749
f 4192/4797/4189 4756/5405/4714 2686/4798/4190
f 347/5453/4757 348/5462/4764 350/4417/3826
f 3218/4718/4114 3217/5365/4681 3224/4719/4115
f 4893/5406/4715 2666/5463/4765 4744/5464/4766
f 295/4730/4126 2668/4810/4201 2686/4798/4190
f 3466/4710/4106 3218/4718/4114 3180/4717/4113
f 3220/4708/4104 3466/4710/4106 3180/4717/4113
f 3220/4708/4104 3180/4717/4113 4836/5451/4755
f 3166/5415/4723 3183/4959/4328 4836/5451/4755
f 352/4339/3748 348/5462/4764 227/4340/3749
f 2695/5109/4454 295/4730/4126 296/4729/4125
f 2531/4582/3990 2538/4800/4192 2527/4558/3966
f 4516/5183/4522 2417/5185/4524 2408/5441/4745
f 249/5461/4763 347/5453/4757 2804/4502/3911
f 249/5461/4763 2374/4494/3903 257/5193/4532
f 2804/4502/3911 2809/4496/3905 2374/4494/3903
f 3183/4959/4328 3175/5425/4731 3178/4960/2582
f 680/4956/4326 4227/5460/2511 677/4735/4131
f 3320/4556/3964 3318/4783/4176 4439/4567/3975
f 4817/5372/4688 3085/5376/4692 4816/5381/4697
f 252/5437/4741 259/5436/4740 253/5194/4533
f 640/5465/4767 803/5094/4440 641/5466/4768
f 4517/4577/3985 4118/4579/3987 4550/4749/4144
f 352/4339/3748 350/4417/3826 348/5462/4764
f 259/5436/4740 234/5454/4758 345/5439/4743
f 4213/4736/2579 677/4735/4131 4220/5459/2563
f 230/5440/4744 253/5194/4533 259/5436/4740
f 2497/4560/3968 2508/5040/4393 2504/5273/4603
f 227/4340/3749 249/5461/4763 228/5446/4750
f 249/5461/4763 257/5193/4532 253/5194/4533
f 2409/5435/4739 252/5437/4741 773/5434/4738
f 4222/4861/4244 680/4956/4326 677/4735/4131
f 2350/5467/4769 2303/5287/4615 2638/5416/4724
f 4320/4581/3989 4190/4780/4173 4193/4580/3988
f 4233/4764/4158 287/4838/4225 290/4974/4337
f 4747/4898/4276 660/4917/4294 658/4846/4232
f 348/5462/4764 347/5453/4757 227/4340/3749
f 2695/5109/4454 2668/4810/4201 295/4730/4126
f 4416/5373/4689 3226/5387/4702 3171/5384/4700
f 2696/5245/4581 2636/5039/4392 2674/5338/4657
f 2347/5468/4770 2656/5280/4608 2350/5467/4769
f 2347/5468/4770 2650/5469/4771 2649/5470/4772
f 2340/5281/4609 2347/5468/4770 2649/5470/4772
f 2350/5467/4769 2650/5469/4771 2347/5468/4770
f 2347/5468/4770 2340/5281/4609 2656/5280/4608
f 234/5454/4758 235/5450/4754 346/5448/4752
f 295/4730/4126 2686/4798/4190 4756/5405/4714
f 16/5447/4751 230/5440/4744 250/5455/4759
f 4951/4843/4229 4874/4954/4324 3340/4844/4230
f 227/4340/3749 228/5446/4750 17/5445/4749
f 4266/4965/4331 4235/5388/4703 4312/4794/4186
f 253/5194/4533 292/5192/4531 252/5437/4741
f 3323/4820/4209 4316/4731/4127 3351/4711/4107
f 3159/5232/4570 3099/5274/408 3098/5471/407
f 3090/5380/4696 4051/5153/4493 3074/5382/4698
f 3192/4578/3986 4282/4986/2530 4118/4579/3987
f 3087/5151/4491 3080/5366/4682 3065/5250/4585
f 2417/5185/4524 2521/4602/4010 2408/5441/4745
f 252/5437/4741 292/5192/4531 773/5434/4738
f 229/4630/4035 260/5452/4756 262/5443/4747
f 677/4735/4131 4197/4715/4111 4222/4861/4244
f 4684/5148/4488 3019/5367/4683 3215/5420/4727
f 249/5461/4763 253/5194/4533 228/5446/4750
f 3466/4710/4106 3214/5472/4773 3218/4718/4114
f 660/4917/4294 4747/4898/4276 4756/5405/4714
f 259/5436/4740 2409/5435/4739 234/5454/4758
f 4110/4982/2405 4282/4986/2530 4111/4890/4268
f 2695/5109/4454 296/4729/4125 657/4728/4124
f 253/5194/4533 230/5440/4744 228/5446/4750
f 4267/5358/2583 4217/5473/2512 4235/5388/4703
f 2408/5441/4745 4513/5442/4746 773/5434/4738
f 2489/4692/2867 2531/4582/3990 2511/4583/3991
f 333/5449/4753 250/5455/4759 345/5439/4743
f 680/4956/4326 4235/5388/4703 4217/5473/2512
f 3098/5471/407 3161/5400/423 3159/5232/4570
f 4684/5148/4488 3215/5420/4727 4479/5408/4717
f 3253/4564/3972 4751/5403/4713 3276/4565/3973
f 3178/4960/2582 3175/5425/4731 3181/5474/2580
f 2296/5278/4606 2638/5416/4724 2652/5279/4607
f 4777/4885/4266 4809/5014/4371 2754/5475/4774
f 3204/5375/4691 4817/5372/4688 3203/5374/4690
f 2742/4817/4207 4243/5015/4372 2752/4870/4252
f 4247/4821/4210 2757/4816/4206 717/4822/4211
f 384/5413/4721 385/5084/4432 387/5093/4439
f 3019/5367/4683 4684/5148/4488 3065/5250/4585
f 4191/4897/4275 2096/4845/4231 2274/4941/4313
f 671/4869/4251 4301/4980/4343 717/4822/4211
f 4777/4885/4266 4819/4900/4278 4783/4899/4277
f 4440/4557/3965 215/5476/4775 3327/4555/3963
f 4301/4980/4343 4300/4868/4250 4211/5020/4377
f 4756/5405/4714 4192/4797/4189 3253/4564/3972
f 2838/4684/4083 2720/4942/4314 4250/4939/4311
f 379/4837/4224 4905/4814/4204 2926/4665/4064
f 4821/4532/3941 2787/4754/4148 2736/4539/3948
f 2738/4765/4159 4796/4529/3938 957/4698/4094
f 4197/4715/4111 4193/4580/3988 4222/4861/4244
f 4191/4897/4275 4850/4881/4263 4747/4898/4276
f 4850/4881/4263 4191/4897/4275 637/4882/4264
f 3253/4564/3972 3246/4566/3974 4320/4581/3989
f 276/5343/4662 947/4804/4196 2572/4803/4195
f 2686/4798/4190 2668/4810/4201 2691/4799/4191
f 2682/4739/4134 2685/4738/4133 2683/5357/4675
f 2901/4670/4069 410/4669/4068 380/4737/4132
f 676/5419/513 4211/5020/4377 670/5021/4378
f 4838/4486/3895 2761/4405/3814 4783/4899/4277
f 3095/5395/4709 3142/5394/4708 3092/5239/4576
f 3272/5477/4776 3308/4690/4089 3297/5478/4777
f 307/4766/4160 306/4671/4070 4772/5267/4600
f 647/4772/4166 4172/4774/4167 861/5379/4695
f 4809/5014/4371 4777/4885/4266 4806/4571/3979
f 596/4920/2125 4210/4811/2124 4187/4918/4295
f 3214/5472/4773 3466/4710/4106 3222/4709/4105
f 3371/5128/4473 3003/5345/4663 4898/5118/4463
f 3218/4718/4114 3214/5472/4773 4049/5370/4686
f 2717/4660/4061 2715/4726/4122 4882/4661/775
f 2901/4670/4069 366/5035/4388 367/5034/4387
f 4416/5373/4689 3176/5386/4701 3203/5374/4690
f 2930/4480/3889 2912/4904/4282 2914/4770/4164
f 4736/4972/4335 666/5032/2135 4189/4919/2134
f 2720/4942/4314 4772/5267/4600 306/4671/4070
f 380/4737/4132 4905/4814/4204 366/5035/4388
f 2901/4670/4069 367/5034/4387 2839/4640/4041
f 4756/5405/4714 3253/4564/3972 660/4917/4294
f 3266/4658/4059 3240/4741/4136 3264/4656/4057
f 2839/4640/4041 2840/4879/4261 4250/4939/4311
f 3250/4655/4056 3259/4672/4071 3277/4674/4073
f 3224/4719/4115 3005/5364/4680 4479/5408/4717
f 688/4853/579 841/4852/4237 842/5479/531
f 4182/4969/4333 2540/5002/4362 1963/4926/4300
f 4772/5267/4600 4916/4927/4301 307/4766/4160
f 3142/5394/4708 3074/5382/4698 3140/5257/4592
f 4436/4782/4175 3339/4842/4228 3351/4711/4107
f 295/4730/4126 637/4882/4264 657/4728/4124
f 2950/4929/4303 3272/5477/4776 3271/5480/4778
f 4284/5352/4670 3038/5143/4483 3006/5397/4710
f 4282/4986/2530 3192/4578/3986 4111/4890/4268
f 4715/4858/4241 2524/4990/4350 1007/5007/4364
f 1007/5007/4364 1975/5006/2890 4715/4858/4241
f 3204/5375/4691 3215/5420/4727 3019/5367/4683
f 2515/5041/4394 2524/4990/4350 4715/4858/4241
f 4715/4858/4241 1975/5006/2890 1849/4691/2866
f 2305/5071/4422 2675/5038/4391 2302/5481/4779
f 4795/4531/3940 4784/4791/4183 4796/4529/3938
f 2344/5482/4780 2624/5483/4781 1914/5484/4782
f 2348/5485/4783 2649/5470/4772 2298/5391/4706
f 708/4637/4038 4293/4408/3817 313/4697/4093
f 2612/5486/4784 2609/5409/4718 2637/4894/4272
f 4193/4580/3988 4190/4780/4173 4222/4861/4244
f 4479/5408/4717 3215/5420/4727 3224/4719/4115
f 280/4850/4235 672/4713/4109 283/4712/4108
f 383/4664/4063 384/5413/4721 2926/4665/4064
f 4731/4588/3996 2490/4981/4344 2575/4906/4284
f 670/5021/4378 675/5487/2210 676/5419/513
f 2732/4721/4117 4234/4905/4283 4233/4764/4158
f 3217/5365/4681 3353/5369/4685 3008/5354/4672
f 4946/5488/4785 4444/5489/4786 3238/5383/4699
f 385/5084/4432 384/5413/4721 383/4664/4063
f 4684/5148/4488 4479/5408/4717 3086/5172/4511
f 3226/5387/4702 3173/5360/4676 3163/5385/2377
f 845/4865/4248 4248/4977/4340 846/4823/4212
f 3222/4709/4105 3225/5490/4787 3214/5472/4773
f 4950/4912/4290 4874/4954/4324 4951/4843/4229
f 2118/5491/2855 1967/4948/4320 2489/4692/2867
f 4069/4693/2479 3193/4723/4119 4059/4586/3994
f 3219/5368/4684 4049/5370/4686 3214/5472/4773
f 2958/4689/4088 3268/4976/4339 5/5492/4788
f 3184/5493/4789 3222/4709/4105 3183/4959/4328
f 2110/4916/4293 635/4915/4292 4191/4897/4275
f 864/4744/4139 2892/4743/4138 2902/4813/4203
f 4787/4952/4323 4211/5020/4377 964/4887/512
f 4191/4897/4275 658/4846/4232 2096/4845/4231
f 2839/4640/4041 368/4369/3778 2713/4880/4262
f 307/4766/4160 386/4752/4146 410/4669/4068
f 3184/5493/4789 3183/4959/4328 2534/4958/2509
f 2742/4817/4207 2752/4870/4252 4797/5022/4379
f 2590/5230/4569 4720/4994/4354 273/4997/4357
f 2370/4525/3934 2327/5494/4790 2328/5495/4791
f 2332/5496/4792 2309/5427/4733 2308/5426/4732
f 2308/5426/4732 2295/5072/4423 2349/5497/4793
f 2308/5426/4732 2349/5497/4793 2332/5496/4792
f 2332/5496/4792 2370/4525/3934 2328/5495/4791
f 2339/5498/4794 2338/5499/4795 2295/5072/4423
f 2335/4523/3932 2327/5494/4790 2370/4525/3934
f 2341/5314/4639 2338/5499/4795 2589/5282/4610
f 2338/5499/4795 2349/5497/4793 2295/5072/4423
f 2332/5496/4792 2349/5497/4793 2370/4525/3934
f 2295/5072/4423 2296/5278/4606 2339/5498/4794
f 2370/4525/3934 2349/5497/4793 2336/4511/3920
f 2309/5427/4733 2332/5496/4792 2328/5495/4791
f 2589/5282/4610 2338/5499/4795 2339/5498/4794
f 2641/5277/4605 2339/5498/4794 2296/5278/4606
f 2641/5277/4605 2589/5282/4610 2339/5498/4794
f 2536/4949/4321 2039/5132/4476 2496/5019/4376
f 3286/4574/3982 3228/4576/3984 3231/4788/4180
f 1967/4948/4320 2039/5132/4476 2536/4949/4321
f 3136/5377/4693 3080/5366/4682 3090/5380/4696
f 4792/4966/4332 717/4822/4211 2757/4816/4206
f 4206/4889/2570 2317/5500/2569 2096/4845/4231
f 2538/4800/4192 2531/4582/3990 2536/4949/4321
f 1816/5501/4796 2628/5502/4797 3438/5503/4798
f 2719/4686/4085 2720/4942/4314 2838/4684/4083
f 4577/5361/4677 4022/5398/2384 4675/5359/2386
f 671/4869/4251 717/4822/4211 683/4984/4346
f 2680/5265/4598 2670/5504/4799 2672/5341/4660
f 4244/4979/4342 4248/4977/4340 844/4947/4319
f 3195/5350/4668 3328/5348/4666 4284/5352/4670
f 2274/4941/4313 2110/4916/4293 4191/4897/4275
f 2721/4727/4123 2720/4942/4314 2719/4686/4085
f 4788/4687/4086 4799/5258/4593 4187/4918/4295
f 4206/4889/2570 4205/4883/4265 2267/4938/2469
f 675/5487/2210 670/5021/4378 673/5342/4661
f 2327/5494/4790 2335/4523/3932 2310/5505/4800
f 4946/5488/4785 4949/4834/4222 4444/5489/4786
f 4799/5258/4593 4233/4764/4158 290/4974/4337
f 4204/4716/4112 4206/4889/2570 2096/4845/4231
f 2752/4870/4252 4819/4900/4278 2754/5475/4774
f 4838/4486/3895 4819/4900/4278 2824/4487/3896
f 2854/4554/3962 2715/4726/4122 4251/4685/4084
f 2916/5506/797 3362/4649/4050 4916/4927/4301
f 2421/5073/4424 2295/5072/4423 2308/5426/4732
f 674/5404/2217 673/5342/4661 667/4682/4081
f 4784/4791/4183 2739/4790/4182 4234/4905/4283
f 3142/5394/4708 3095/5395/4709 4577/5361/4677
f 4070/4934/4308 4118/4579/3987 4280/4985/2556
f 2741/4699/4095 4796/4529/3938 4784/4791/4183
f 307/4766/4160 3362/4649/4050 386/4752/4146
f 3090/5380/4696 3074/5382/4698 3124/5389/4704
f 3353/5369/4685 3219/5368/4684 3195/5350/4668
f 4067/5507/4801 3225/5490/4787 3186/5508/4802
f 3214/5472/4773 3225/5490/4787 3219/5368/4684
f 5/5492/4788 3296/5018/4375 2958/4689/4088
f 2984/5168/4507 3344/4575/3983 2963/5509/4803
f 2840/4879/4261 2839/4640/4041 2713/4880/4262
f 3186/5508/4802 3194/4940/4312 4067/5507/4801
f 3186/5508/4802 3222/4709/4105 3184/5493/4789
f 2948/5510/4804 4760/5407/4716 2885/4504/3913
f 2754/5475/4774 4797/5022/4379 2752/4870/4252
f 4784/4791/4183 4730/4535/3944 2782/4789/4181
f 2715/4726/4122 2710/4953/782 4882/4661/775
f 2744/4818/4208 2742/4817/4207 2737/4832/4220
f 319/5511/2466 3184/5493/4789 2534/4958/2509
f 4751/5403/4713 4192/4797/4189 2691/4799/4191
f 683/4984/4346 717/4822/4211 4792/4966/4332
f 4229/5512/807 3394/4650/4051 2916/5506/797
f 4251/4685/4084 2715/4726/4122 2719/4686/4085
f 2961/4563/3971 5/5492/4788 3342/5513/4805
f 4902/5514/4806 2961/4563/3971 3342/5513/4805
f 4902/5514/4806 3342/5513/4805 2880/5515/4807
f 3342/5513/4805 5/5492/4788 3268/4976/4339
f 3342/5513/4805 3268/4976/4339 2880/5515/4807
f 2880/5515/4807 2942/5516/4808 2881/4451/3860
f 3268/4976/4339 2942/5516/4808 2880/5515/4807
f 2955/5438/4742 4760/5407/4716 2948/5510/4804
f 2942/5516/4808 2948/5510/4804 2881/4451/3860
f 2955/5438/4742 2948/5510/4804 3268/4976/4339
f 3268/4976/4339 3273/4688/4087 2955/5438/4742
f 2948/5510/4804 2883/4382/3791 2881/4451/3860
f 3268/4976/4339 2948/5510/4804 2942/5516/4808
f 2991/5275/4604 2990/5517/4809 2984/5168/4507
f 2993/5518/4810 3205/5519/4811 3000/5167/4506
f 4857/5520/4812 3205/5519/4811 2993/5518/4810
f 2993/5518/4810 2982/5458/4762 4857/5520/4812
f 3000/5167/4506 2990/5517/4809 2993/5518/4810
f 2920/5247/4583 2982/5458/4762 2990/5517/4809
f 2984/5168/4507 2990/5517/4809 3000/5167/4506
f 2920/5247/4583 2990/5517/4809 2991/5275/4604
f 4857/5520/4812 3002/5346/4664 3201/5349/4667
f 2982/5458/4762 3002/5346/4664 4857/5520/4812
f 2993/5518/4810 2990/5517/4809 2982/5458/4762
f 2498/5521/4813 2598/5522/4814 2499/5523/4815
f 2598/5522/4814 2471/5221/4560 2448/5222/4561
f 2598/5522/4814 2498/5521/4813 2471/5221/4560
f 2595/5524/4816 2446/5525/4817 2506/5526/4818
f 2470/5527/4819 2469/5181/4520 2602/5180/4519
f 2404/4611/4019 2412/4601/4009 2499/5523/4815
f 2593/5528/4820 2435/5198/4537 2660/5529/4821
f 2454/5213/4552 2506/5526/4818 2465/5210/4549
f 2507/5220/4559 2498/5521/4813 2595/5524/4816
f 2498/5521/4813 2412/4601/4009 2595/5524/4816
f 2446/5525/4817 2474/5530/4822 2473/5197/4536
f 2397/5227/4566 2499/5523/4815 2598/5522/4814
f 2506/5526/4818 2507/5220/4559 2595/5524/4816
f 2660/5529/4821 2474/5530/4822 2470/5527/4819
f 2471/5221/4560 2498/5521/4813 2507/5220/4559
f 2499/5523/4815 2412/4601/4009 2498/5521/4813
f 2465/5210/4549 2506/5526/4818 2464/5531/4823
f 2412/4601/4009 2521/4602/4010 2595/5524/4816
f 2464/5531/4823 2446/5525/4817 2473/5197/4536
f 2507/5220/4559 2506/5526/4818 2454/5213/4552
f 2506/5526/4818 2446/5525/4817 2464/5531/4823
f 2465/5210/4549 2464/5531/4823 2473/5197/4536
f 2598/5522/4814 2448/5222/4561 2397/5227/4566
f 2520/5532/4824 2474/5530/4822 2446/5525/4817
f 2660/5529/4821 2460/5195/4534 2473/5197/4536
f 2660/5529/4821 2435/5198/4537 2460/5195/4534
f 2404/4611/4019 2499/5523/4815 2397/5227/4566
f 2521/4602/4010 2446/5525/4817 2595/5524/4816
f 2520/5532/4824 2469/5181/4520 2470/5527/4819
f 2593/5528/4820 2479/5187/4526 2432/5533/4825
f 2474/5530/4822 2520/5532/4824 2470/5527/4819
f 2602/5180/4519 2593/5528/4820 2660/5529/4821
f 2602/5180/4519 2601/5179/4518 2479/5187/4526
f 2521/4602/4010 2520/5532/4824 2446/5525/4817
f 2602/5180/4519 2660/5529/4821 2470/5527/4819
f 2602/5180/4519 2479/5187/4526 2593/5528/4820
f 2473/5197/4536 2474/5530/4822 2660/5529/4821
f 2520/5532/4824 2521/4602/4010 2469/5181/4520
f 680/4956/4326 4217/5473/2512 4227/5460/2511
f 316/4857/4240 671/4869/4251 683/4984/4346
f 2274/4941/4313 2096/4845/4231 2317/5500/2569
f 4923/4854/4238 4876/4636/4037 688/4853/579
f 199/5534/2986 214/4617/4025 1359/4627/2980
f 2541/4762/4156 2548/4815/4205 2480/5027/4382
f 2834/4903/4281 2902/4813/4203 2844/5335/4655
f 2250/4632/2989 192/4605/4013 199/5534/2986
f 3194/4940/4312 3210/4913/2537 2634/4633/4036
f 4204/4716/4112 658/4846/4232 4193/4580/3988
f 2062/4700/4096 2732/4721/4117 815/4646/4047
f 953/4470/3879 2797/4643/4044 4239/4642/4043
f 674/5404/2217 675/5487/2210 673/5342/4661
f 4229/5512/807 3380/4648/4049 3394/4650/4051
f 2274/4941/4313 2275/5535/2163 4178/4914/4291
f 1968/5134/2959 1965/4971/2977 2039/5132/4476
f 4832/4572/3980 4806/4571/3979 4807/4469/3878
f 4875/4955/4325 4874/4954/4324 3230/4957/4327
f 384/5413/4721 2936/4812/4202 2914/4770/4164
f 842/5479/531 841/4852/4237 702/4867/529
f 380/4737/4132 366/5035/4388 2901/4670/4069
f 645/4961/92 529/4963/3055 533/5536/93
f 4819/4900/4278 4777/4885/4266 2754/5475/4774
f 4857/5520/4812 215/5476/4775 3205/5519/4811
f 4857/5520/4812 3201/5349/4667 3327/4555/3963
f 4857/5520/4812 3327/4555/3963 215/5476/4775
f 3337/4678/4077 215/5476/4775 4440/4557/3965
f 4067/5507/4801 3336/4569/3977 3225/5490/4787
f 192/4605/4013 214/4617/4025 199/5534/2986
f 3225/5490/4787 3336/4569/3977 3219/5368/4684
f 4178/4914/4291 2275/5535/2163 4175/4773/2178
f 3/4937/4310 3296/5018/4375 5/5492/4788
f 2557/4876/4258 2558/5036/4389 288/4992/4352
f 861/5379/4695 637/4882/4264 647/4772/4166
f 2963/5509/4803 2965/4562/3970 3352/4561/3969
f 3229/4675/4074 3344/4575/3983 3000/5167/4506
f 3194/4940/4312 3186/5508/4802 3210/4913/2537
f 3186/5508/4802 3184/5493/4789 3187/5537/2540
f 2692/4809/4200 2685/4738/4133 2691/4799/4191
f 319/5511/2466 3187/5537/2540 3184/5493/4789
f 2754/5475/4774 4809/5014/4371 4797/5022/4379
f 2748/4667/4066 4792/4966/4332 2744/4818/4208
f 316/4857/4240 315/4856/4239 671/4869/4251
f 4209/4683/4082 671/4869/4251 315/4856/4239
f 673/5342/4661 4300/4868/4250 4209/4683/4082
f 3276/4565/3973 3264/4656/4057 3246/4566/3974
f 1999/5003/539 4356/4886/4267 715/5393/497
f 286/4983/4345 282/4733/4129 852/4839/4226
f 2827/4547/3956 4245/4831/4219 4246/4666/4065
f 4756/5405/4714 4747/4898/4276 4850/4881/4263
f 2488/4975/4338 2782/4789/4181 2745/4951/4322
f 387/5093/4439 2910/4771/4165 2936/4812/4202
f 2797/4643/4044 4807/4469/3878 2798/4707/4103
f 2541/4762/4156 2577/4877/4259 2514/5028/4383
f 2926/4665/4064 384/5413/4721 2914/4770/4164
f 2733/4860/4243 4792/4966/4332 2748/4667/4066
f 4172/4774/4167 4175/4773/2178 4174/5025/4380
f 4209/4683/4082 667/4682/4081 673/5342/4661
f 2329/5538/4826 2349/5497/4793 2338/5499/4795
f 2341/5314/4639 2594/5284/4612 2361/5539/4827
f 2329/5538/4826 2371/5540/4828 2360/5541/4829
f 2336/4511/3920 2352/5542/4830 2331/4505/3914
f 2439/5543/4831 2594/5284/4612 2369/5285/4613
f 2439/5543/4831 2361/5539/4827 2594/5284/4612
f 2355/5544/4832 2371/5540/4828 2361/5539/4827
f 2360/5541/4829 2371/5540/4828 2355/5544/4832
f 2352/5542/4830 2359/5545/4833 2372/4526/3935
f 2369/5285/4613 2384/5224/4563 2439/5543/4831
f 2355/5544/4832 2361/5539/4827 2439/5543/4831
f 2418/4492/3901 2373/4495/3904 2422/4524/3933
f 2432/5533/4825 2428/5186/4525 2433/5546/4834
f 2591/4528/3937 2423/4527/3936 2334/5547/4835
f 2386/5548/4836 2334/5547/4835 2355/5544/4832
f 2329/5538/4826 2360/5541/4829 2352/5542/4830
f 2483/5549/4837 2418/4492/3901 2429/5550/4838
f 2429/5550/4838 2418/4492/3901 2591/4528/3937
f 2444/5551/4839 2429/5550/4838 2591/4528/3937
f 4726/5206/4545 2386/5548/4836 2413/5228/4567
f 2428/5186/4525 2426/5552/4840 2433/5546/4834
f 2359/5545/4833 2334/5547/4835 2372/4526/3935
f 2352/5542/4830 2349/5497/4793 2329/5538/4826
f 2384/5224/4563 2413/5228/4567 2439/5543/4831
f 2443/5199/4538 2435/5198/4537 2431/5553/4841
f 2434/5554/4842 2435/5198/4537 2432/5533/4825
f 2359/5545/4833 2352/5542/4830 2360/5541/4829
f 2483/5549/4837 2812/4493/3902 2418/4492/3901
f 2355/5544/4832 2334/5547/4835 2359/5545/4833
f 2386/5548/4836 4726/5206/4545 2375/5555/4843
f 2591/4528/3937 2334/5547/4835 2444/5551/4839
f 2331/4505/3914 2352/5542/4830 2372/4526/3935
f 2431/5553/4841 2435/5198/4537 2434/5554/4842
f 2368/5203/4542 2431/5553/4841 2376/5205/4544
f 2377/5556/4844 2444/5551/4839 2375/5555/4843
f 2432/5533/4825 2479/5187/4526 2428/5186/4525
f 2812/4493/3902 2483/5549/4837 4852/5190/4529
f 4854/5189/4528 4853/5191/4530 4852/5190/4529
f 2433/5546/4834 2426/5552/4840 2434/5554/4842
f 2378/5557/4845 2376/5205/4544 2431/5553/4841
f 2371/5540/4828 2329/5538/4826 2361/5539/4827
f 2422/4524/3933 2591/4528/3937 2418/4492/3901
f 2376/5205/4544 2378/5557/4845 4726/5206/4545
f 2431/5553/4841 2426/5552/4840 2378/5557/4845
f 2355/5544/4832 2439/5543/4831 2386/5548/4836
f 2349/5497/4793 2352/5542/4830 2336/4511/3920
f 2361/5539/4827 2329/5538/4826 2341/5314/4639
f 2426/5552/4840 2431/5553/4841 2434/5554/4842
f 2377/5556/4844 4852/5190/4529 2483/5549/4837
f 2483/5549/4837 2429/5550/4838 2377/5556/4844
f 2435/5198/4537 2593/5528/4820 2432/5533/4825
f 2423/4527/3936 2372/4526/3935 2334/5547/4835
f 2360/5541/4829 2355/5544/4832 2359/5545/4833
f 2386/5548/4836 2439/5543/4831 2413/5228/4567
f 2430/5558/4846 2375/5555/4843 2378/5557/4845
f 2386/5548/4836 2375/5555/4843 2334/5547/4835
f 2432/5533/4825 2433/5546/4834 2434/5554/4842
f 2430/5558/4846 4852/5190/4529 2377/5556/4844
f 2430/5558/4846 2426/5552/4840 4852/5190/4529
f 2378/5557/4845 2375/5555/4843 4726/5206/4545
f 2329/5538/4826 2338/5499/4795 2341/5314/4639
f 2375/5555/4843 2444/5551/4839 2334/5547/4835
f 2378/5557/4845 2426/5552/4840 2430/5558/4846
f 2377/5556/4844 2429/5550/4838 2444/5551/4839
f 2426/5552/4840 4854/5189/4528 4852/5190/4529
f 2368/5203/4542 2443/5199/4538 2431/5553/4841
f 2428/5186/4525 4854/5189/4528 2426/5552/4840
f 2430/5558/4846 2377/5556/4844 2375/5555/4843
f 4049/5370/4686 3217/5365/4681 3218/4718/4114
f 2717/4660/4061 2916/5506/797 4916/4927/4301
f 4777/4885/4266 4783/4899/4277 4776/4644/4045
f 2515/5041/4394 2504/5273/4603 2603/5272/4602
f 2551/4746/4141 2527/4558/3966 2512/5031/4386
f 3222/4709/4105 3220/4708/4104 3183/4959/4328
f 4436/4782/4175 3325/4676/4075 3318/4783/4176
f 2517/4911/4289 2548/4815/4205 2574/4808/4199
f 4232/4545/3954 2736/4539/3948 2787/4754/4148
f 2692/4809/4200 2674/5338/4657 2669/5337/4656
f 4916/4927/4301 3362/4649/4050 307/4766/4160
f 2752/4870/4252 2824/4487/3896 4819/4900/4278
f 379/4837/4224 363/4745/4140 864/4744/4139
f 2311/5559/4847 2663/5560/4848 2670/5504/4799
f 4772/5267/4600 2720/4942/4314 2721/4727/4123
f 3205/5519/4811 4180/4677/4076 3000/5167/4506
f 2668/4810/4201 2695/5109/4454 2692/4809/4200
f 3258/5417/4725 2326/5422/4729 4893/5406/4715
f 4206/4889/2570 4204/4716/4112 4197/4715/4111
f 3241/4654/4055 4752/5307/4633 3242/5266/4599
f 2683/5357/4675 2311/5559/4847 2680/5265/4598
f 3197/4568/3976 3327/4555/3963 3201/5349/4667
f 4440/4557/3965 4439/4567/3975 3337/4678/4077
f 4067/5507/4801 4064/4585/3993 3336/4569/3977
f 3197/4568/3976 3219/5368/4684 3336/4569/3977
f 2961/4563/3971 3/4937/4310 5/5492/4788
f 2963/5509/4803 3344/4575/3983 2965/4562/3970
f 3222/4709/4105 3186/5508/4802 3225/5490/4787
f 4949/4834/4222 3509/5561/4849 3232/5562/4850
f 4175/4773/2178 4181/5023/2177 4174/5025/4380
f 637/4882/4264 861/5379/4695 657/4728/4124
f 3210/4913/2537 3186/5508/4802 3187/5537/2540
f 4722/4864/4247 4355/4902/4280 4346/4807/4198
f 4174/5025/4380 4171/5024/2190 4172/4774/4167
f 4250/4939/4311 2901/4670/4069 2839/4640/4041
f 2655/5563/4851 2650/5469/4771 2350/5467/4769
f 2737/4832/4220 4806/4571/3979 2788/4573/3981
f 306/4671/4070 2901/4670/4069 4250/4939/4311
f 3337/4678/4077 3205/5519/4811 215/5476/4775
f 4245/4831/4219 2788/4573/3981 4246/4666/4065
f 289/5327/4648 2590/5230/4569 273/4997/4357
f 3272/5477/4776 2888/5418/4726 2955/5438/4742
f 364/4641/4042 2839/4640/4041 367/5034/4387
f 2827/4547/3956 2748/4667/4066 4245/4831/4219
f 3362/4649/4050 2916/5506/797 3394/4650/4051
f 2748/4667/4066 4241/4668/4067 2733/4860/4243
f 2583/4587/3995 2490/4981/4344 4731/4588/3996
f 2118/5491/2855 1971/5133/2854 1967/4948/4320
f 812/5096/4442 2614/5095/4441 2618/5104/4449
f 4185/4851/4236 2546/5154/4494 645/4961/92
f 287/4838/4225 2575/4906/4284 286/4983/4345
f 2062/4700/4096 815/4646/4047 315/4856/4239
f 2694/4740/4135 2682/4739/4134 4752/5307/4633
f 2567/4761/4155 278/4732/4128 2564/4796/4188
f 3162/5424/2225 3181/5474/2580 3175/5425/4731
f 2317/5500/2569 591/5564/2164 2274/4941/4313
f 3267/4659/4060 2947/5001/4361 4068/4928/4302
f 4194/5044/805 3380/4648/4049 4229/5512/807
f 2844/5335/4655 4763/4830/4218 2834/4903/4281
f 2916/5506/797 2717/4660/4061 4265/4662/774
f 682/4859/4242 678/4901/4279 957/4698/4094
f 655/5328/572 702/4867/529 840/4696/4092
f 4744/5464/4766 2858/4521/3930 4896/4508/3917
f 4821/4532/3941 4796/4529/3938 2738/4765/4159
f 2343/5565/4852 1231/5098/4444 1261/5100/4445
f 3000/5167/4506 4180/4677/4076 3229/4675/4074
f 2517/4911/4289 2559/4875/4257 2480/5027/4382
f 2625/5566/4853 2611/5567/4854 2643/5390/4705
f 4836/5451/4755 3183/4959/4328 3220/4708/4104
f 4741/5378/4694 4171/5024/2190 944/5568/4855
f 282/4733/4129 278/4732/4128 285/4923/4298
f 2275/5535/2163 2274/4941/4313 591/5564/2164
f 4067/5507/4801 3194/4940/4312 4064/4585/3993
f 4180/4677/4076 3205/5519/4811 3337/4678/4077
f 4425/4922/4297 2427/5569/4856 2085/4757/4151
f 1918/4892/4270 1917/4891/4269 1923/5570/4857
f 3645/5411/2050 1957/5088/2062 3542/5087/4435
f 2685/4738/4133 2673/5255/4590 2700/5356/4674
f 3325/4676/4075 3337/4678/4077 4439/4567/3975
f 3327/4555/3963 3197/4568/3976 3326/4680/4079
f 1923/5570/4857 1916/5571/4858 2608/5572/4859
f 3/4937/4310 3286/4574/3982 3231/4788/4180
f 4934/5573/4860 2016/4462/3871 2940/5574/4861
f 3310/4921/4296 4873/5575/4862 2427/5569/4856
f 2937/5062/4413 2991/5275/4604 2984/5168/4507
f 2937/5062/4413 2959/5576/4863 2924/5056/4407
f 2984/5168/4507 2959/5576/4863 2937/5062/4413
f 2941/5577/4864 4906/5578/4865 4903/5052/4403
f 4903/5052/4403 2923/5051/4402 2941/5577/4864
f 4906/5578/4865 2941/5577/4864 3022/5579/4866
f 2923/5051/4402 2964/5580/4867 2941/5577/4864
f 2923/5051/4402 2921/5581/4868 2964/5580/4867
f 2637/4894/4272 2661/4896/4274 2620/5105/4450
f 2963/5509/4803 3352/4561/3969 2921/5581/4868
f 2699/5108/4453 2658/5103/4448 2695/5109/4454
f 2921/5581/4868 3352/4561/3969 2983/5582/4869
f 2890/4361/3770 2880/5515/4807 2881/4451/3860
f 3490/4893/4271 33/5583/4870 1814/5412/4720
f 2959/5576/4863 2923/5051/4402 2924/5056/4407
f 1245/5289/4617 2340/5281/4609 2299/5584/4871
f 2891/4360/3769 2016/4462/3871 4934/5573/4860
f 2944/5585/4872 2890/4361/3770 2891/4360/3769
f 2964/5580/4867 3022/5579/4866 2941/5577/4864
f 2964/5580/4867 2921/5581/4868 3363/5586/4873
f 3022/5579/4866 4870/5587/4874 4906/5578/4865
f 2968/5588/4875 3022/5579/4866 3363/5586/4873
f 2654/4895/4273 2637/4894/4272 2702/5410/4719
f 2944/5585/4872 4902/5514/4806 2880/5515/4807
f 2944/5585/4872 2880/5515/4807 2890/4361/3770
f 2309/5427/4733 2328/5495/4791 2662/5589/4876
f 2959/5576/4863 2921/5581/4868 2923/5051/4402
f 2427/5569/4856 4873/5575/4862 2085/4757/4151
f 2921/5581/4868 2983/5582/4869 3363/5586/4873
f 2962/5590/4877 2961/4563/3971 4902/5514/4806
f 2959/5576/4863 2984/5168/4507 2963/5509/4803
f 4902/5514/4806 4934/5573/4860 2968/5588/4875
f 2695/5109/4454 2658/5103/4448 2692/4809/4200
f 2016/4462/3871 4870/5587/4874 3022/5579/4866
f 3363/5586/4873 3022/5579/4866 2964/5580/4867
f 4934/5573/4860 2944/5585/4872 2891/4360/3769
f 2940/5574/4861 2968/5588/4875 4934/5573/4860
f 3438/5503/4798 33/5583/4870 944/5568/4855
f 3022/5579/4866 2968/5588/4875 2940/5574/4861
f 2961/4563/3971 2962/5590/4877 2983/5582/4869
f 2962/5590/4877 2968/5588/4875 3363/5586/4873
f 2673/5255/4590 2622/5254/4589 2700/5356/4674
f 4934/5573/4860 4902/5514/4806 2944/5585/4872
f 2961/4563/3971 2983/5582/4869 3352/4561/3969
f 2921/5581/4868 2959/5576/4863 2963/5509/4803
f 4902/5514/4806 2968/5588/4875 2962/5590/4877
f 3363/5586/4873 2983/5582/4869 2962/5590/4877
f 2940/5574/4861 2016/4462/3871 3022/5579/4866
f 4906/5578/4865 4870/5587/4874 4903/5052/4403
f 293/4998/4358 196/4410/3819 862/4356/3765
f 229/4630/4035 256/5591/4878 260/5452/4756
f 4256/4452/3861 2765/5592/834 2845/4819/811
f 1867/5076/4427 1232/5078/2057 1812/5593/4879
f 2675/5038/4391 2622/5254/4589 2636/5039/4392
f 2765/5592/834 4260/5594/4880 4253/4855/839
f 2768/5595/4881 4253/4855/839 4260/5594/4880
f 4876/4636/4037 4923/4854/4238 2771/5596/4882
f 256/5591/4878 293/4998/4358 862/4356/3765
f 3256/5339/4658 2664/5362/4678 2314/5423/4730
f 803/5094/4440 1918/4892/4270 1915/5597/4883
f 266/4995/4355 293/4998/4358 256/5591/4878
f 2716/4484/3893 4260/5594/4880 2765/5592/834
f 2888/5418/4726 3272/5477/4776 2950/4929/4303
f 2724/4456/3865 4257/4453/3862 4251/4685/4084
f 4260/5594/4880 2716/4484/3893 2768/5595/4881
f 4758/5598/4884 4876/4636/4037 2771/5596/4882
f 2795/4767/4161 294/4411/3820 2578/4768/4162
f 291/4354/3763 862/4356/3765 294/4411/3820
f 4257/4453/3862 2803/4458/3867 2897/4454/3863
f 2897/4454/3863 2716/4484/3893 2765/5592/834
f 2724/4456/3865 2803/4458/3867 4257/4453/3862
f 2716/4484/3893 2836/4483/3892 2768/5595/4881
f 2768/5595/4881 4254/4448/3857 2771/5596/4882
f 4254/4448/3857 4759/4447/3856 4758/5598/4884
f 2841/4353/3762 355/4393/3802 2868/4397/3806
f 4913/5054/4405 4903/5052/4403 4912/5599/4885
f 2312/5600/4886 2663/5560/4848 2700/5356/4674
f 4876/4636/4037 4758/5598/4884 4289/5601/4887
f 708/4637/4038 4876/4636/4037 323/5602/4888
f 2773/4488/3897 2774/4390/3799 2794/4489/3898
f 323/5602/4888 4293/4408/3817 708/4637/4038
f 355/4393/3802 2841/4353/3762 353/4434/3843
f 2795/4767/4161 291/4354/3763 294/4411/3820
f 333/5449/4753 346/5448/4752 261/4355/3764
f 2803/4458/3867 2716/4484/3893 2897/4454/3863
f 2935/5603/4889 2930/4480/3889 4880/4479/3888
f 2664/5362/4678 2670/5504/4799 2663/5560/4848
f 4254/4448/3857 2768/5595/4881 2837/4449/3858
f 4759/4447/3856 4254/4448/3857 2703/4445/3854
f 2806/4537/3946 2795/4767/4161 2781/4534/3943
f 2882/4426/3835 2890/4361/3770 2881/4451/3860
f 2803/4458/3867 2714/4485/3894 2716/4484/3893
f 2918/4350/3759 4767/4343/3752 2853/4342/3751
f 2680/5265/4598 2672/5341/4660 3242/5266/4599
f 2713/4880/4262 2803/4458/3867 2712/4457/3866
f 1814/5412/4720 1917/4891/4269 3490/4893/4271
f 339/4878/4260 4899/4407/3816 2764/5604/4890
f 2764/5604/4890 4276/5605/4891 311/4701/4097
f 2881/4451/3860 2883/4382/3791 2875/4384/3793
f 3259/4672/4071 3256/5339/4658 2952/4673/4072
f 2859/4383/3792 2886/4464/3873 2875/4384/3793
f 4759/4447/3856 4278/5606/4892 4289/5601/4887
f 4278/5606/4892 4759/4447/3856 4279/4446/3855
f 2312/5600/4886 2622/5254/4589 2662/5589/4876
f 361/5607/4893 1016/4424/3833 337/4482/3891
f 3295/5608/4894 3298/5433/4737 4200/5609/4895
f 2806/4537/3946 334/5610/4896 2795/4767/4161
f 291/4354/3763 334/5610/4896 333/5449/4753
f 2803/4458/3867 2713/4880/4262 2714/4485/3894
f 2714/4485/3894 2709/4467/3876 2837/4449/3858
f 2765/5592/834 4256/4452/3861 2897/4454/3863
f 2837/4449/3858 2705/4466/3875 2703/4445/3854
f 803/5094/4440 2612/5486/4784 2614/5095/4441
f 4275/5611/4897 4276/5605/4891 2764/5604/4890
f 4840/5612/4898 2825/4908/4286 4276/5605/4891
f 2648/5392/4707 2649/5470/4772 2650/5469/4771
f 4262/5613/4899 2703/4445/3854 2705/4466/3875
f 4278/5606/4892 2727/4409/3818 4289/5601/4887
f 3256/5339/4658 2314/5423/4730 2957/5614/4900
f 333/5449/4753 334/5610/4896 250/5455/4759
f 2957/5614/4900 2314/5423/4730 2947/5001/4361
f 2705/4466/3875 2837/4449/3858 2709/4467/3876
f 2705/4466/3875 305/4371/3780 4262/5613/4899
f 4262/5613/4899 4263/4389/3798 2704/5615/4901
f 4900/5616/4902 2727/4409/3818 2833/4429/3838
f 4876/4636/4037 4289/5601/4887 323/5602/4888
f 4278/5606/4892 2766/4463/3872 2727/4409/3818
f 4870/5587/4874 629/5617/4903 4903/5052/4403
f 4279/4446/3855 2704/5615/4901 2766/4463/3872
f 4249/4419/3828 4841/4403/3812 4838/4486/3895
f 4262/5613/4899 305/4371/3780 4263/4389/3798
f 4274/4909/4287 4249/4419/3828 2824/4487/3896
f 2313/5421/4728 2328/5495/4791 2310/5505/4800
f 4841/4403/3812 4249/4419/3828 4789/4418/3827
f 2683/5357/4675 2700/5356/4674 2311/5559/4847
f 4841/4403/3812 2761/4405/3814 4838/4486/3895
f 2328/5495/4791 2313/5421/4728 2677/5618/4904
f 2806/4537/3946 853/4365/3774 2807/4455/3864
f 334/5610/4896 2807/4455/3864 250/5455/4759
f 2819/4430/3839 2860/4415/3824 2822/4376/3785
f 368/4369/3778 2709/4467/3876 2713/4880/4262
f 4827/5619/4905 4828/5620/4906 2851/5621/4907
f 4275/5611/4897 4900/5616/4902 4824/4428/3837
f 2763/5622/4908 4274/4909/4287 4840/5612/4898
f 2939/5623/4909 2903/5332/4652 2938/5624/4910
f 2795/4767/4161 334/5610/4896 291/4354/3763
f 2348/5485/4783 1914/5484/4782 2299/5584/4871
f 2704/5615/4901 4263/4389/3798 2722/5625/4911
f 4827/5619/4905 4786/4461/3870 321/4460/3869
f 4840/5612/4898 4275/5611/4897 2793/5626/4912
f 2776/4331/3740 2766/4463/3872 2704/5615/4901
f 3236/5627/4913 3231/4788/4180 3324/5628/4914
f 4789/4418/3827 4811/4404/3813 4841/4403/3812
f 2312/5600/4886 2700/5356/4674 2622/5254/4589
f 250/5455/4759 2807/4455/3864 16/5447/4751
f 2315/5629/4915 2320/4519/3928 2666/5463/4765
f 2793/5626/4912 2763/5622/4908 4840/5612/4898
f 2299/5584/4871 4491/5630/4916 1245/5289/4617
f 4275/5611/4897 4899/4407/3816 4900/5616/4902
f 2704/5615/4901 2722/5625/4911 2776/4331/3740
f 3182/4828/4217 3324/5628/4914 3231/4788/4180
f 2833/4429/3838 2766/4463/3872 2776/4331/3740
f 4828/5620/4906 4811/4404/3813 4789/4418/3827
f 2350/5467/4769 2302/5481/4779 2655/5563/4851
f 4249/4419/3828 2763/5622/4908 4779/4420/3829
f 1916/5571/4858 1229/5631/4917 1242/5632/4918
f 2790/4679/4078 2761/4405/3814 4801/5633/4919
f 3273/4688/4087 3308/4690/4089 3272/5477/4776
f 261/4355/3764 260/5452/4756 256/5591/4878
f 2654/4895/4273 2655/5563/4851 2302/5481/4779
f 332/5634/4920 4239/4642/4043 2753/4795/4187
f 2799/5635/4921 2786/4548/3957 2779/4753/4147
f 2628/5502/4797 1817/5636/2068 3645/5411/2050
f 371/4475/3884 4822/4363/3772 330/4476/3885
f 2692/4809/4200 2696/5245/4581 2674/5338/4657
f 4824/4428/3837 2791/4427/3836 2793/5626/4912
f 4263/4389/3798 2774/4390/3799 4766/4329/3738
f 2312/5600/4886 2677/5618/4904 2663/5560/4848
f 2833/4429/3838 2792/5637/4922 2791/4427/3836
f 2836/4483/3892 2837/4449/3858 2768/5595/4881
f 4789/4418/3827 4779/4420/3829 2851/5621/4907
f 2763/5622/4908 2767/4443/3852 4779/4420/3829
f 4828/5620/4906 4801/5633/4919 2761/4405/3814
f 953/4470/3879 4239/4642/4043 332/5634/4920
f 2753/4795/4187 337/4482/3891 332/5634/4920
f 4444/5489/4786 3182/4828/4217 3238/5383/4699
f 849/4468/3877 2799/5635/4921 2779/4753/4147
f 2784/4436/3845 2799/5635/4921 336/4437/3846
f 17/5445/4749 16/5447/4751 335/4364/3773
f 2807/4455/3864 335/4364/3773 16/5447/4751
f 2299/5584/4871 1914/5484/4782 4491/5630/4916
f 368/4369/3778 4763/4830/4218 2772/4370/3779
f 2767/4443/3852 2793/5626/4912 2791/4427/3836
f 2675/5038/4391 2654/4895/4273 2302/5481/4779
f 2774/4390/3799 2775/5638/4923 4766/4329/3738
f 271/4996/4356 266/4995/4355 229/4630/4035
f 826/4442/3851 2791/4427/3836 2792/5637/4922
f 4293/4408/3817 4899/4407/3816 339/4878/4260
f 2851/5621/4907 4779/4420/3829 2848/5639/4924
f 4779/4420/3829 2767/4443/3852 2848/5639/4924
f 2722/5625/4911 4766/4329/3738 2776/4331/3740
f 2326/5422/4729 2313/5421/4728 2315/5629/4915
f 2851/5621/4907 4828/5620/4906 4789/4418/3827
f 2753/4795/4187 4801/5633/4919 337/4482/3891
f 2662/5589/4876 2328/5495/4791 2677/5618/4904
f 4279/4446/3855 2766/4463/3872 4278/5606/4892
f 4827/5619/4905 4801/5633/4919 4828/5620/4906
f 849/4468/3877 953/4470/3879 850/5640/4925
f 2680/5265/4598 2311/5559/4847 2670/5504/4799
f 332/5634/4920 337/4482/3891 1016/4424/3833
f 3302/5641/4926 3272/5477/4776 3297/5478/4777
f 261/4355/3764 291/4354/3763 333/5449/4753
f 336/4437/3846 2799/5635/4921 843/5642/4927
f 377/5643/4928 2894/4421/3830 349/4425/3834
f 371/4475/3884 331/4435/3844 372/5644/4929
f 260/5452/4756 261/4355/3764 346/5448/4752
f 335/4364/3773 371/4475/3884 17/5445/4749
f 2794/4489/3898 2772/4370/3779 4763/4830/4218
f 2722/5625/4911 4263/4389/3798 4766/4329/3738
f 2773/4488/3897 2775/5638/4923 2774/4390/3799
f 686/4330/3739 4766/4329/3738 2775/5638/4923
f 2792/5637/4922 686/4330/3739 826/4442/3851
f 4785/4381/3790 4827/5619/4905 2851/5621/4907
f 337/4482/3891 4801/5633/4919 321/4460/3869
f 1923/5570/4857 1812/5593/4879 1916/5571/4858
f 4827/5619/4905 321/4460/3869 4801/5633/4919
f 2624/5483/4781 4491/5630/4916 1914/5484/4782
f 2848/5639/4924 4785/4381/3790 2851/5621/4907
f 2947/5001/4361 2314/5423/4730 3258/5417/4725
f 1016/4424/3833 850/5640/4925 332/5634/4920
f 4893/5406/4715 2326/5422/4729 2321/5645/4930
f 849/4468/3877 1015/4423/3832 843/5642/4927
f 371/4475/3884 372/5644/4929 17/5445/4749
f 2672/5341/4660 2670/5504/4799 2664/5362/4678
f 2794/4489/3898 4763/4830/4218 2844/5335/4655
f 2663/5560/4848 2677/5618/4904 2664/5362/4678
f 2713/4880/4262 2709/4467/3876 2714/4485/3894
f 2935/5603/4889 2912/4904/4282 2930/4480/3889
f 2771/5596/4882 4254/4448/3857 4758/5598/4884
f 2662/5589/4876 2677/5618/4904 2312/5600/4886
f 1816/5501/4796 3667/5646/2052 1817/5636/2068
f 2969/4394/3803 4880/4479/3888 2904/4395/3804
f 2714/4485/3894 2837/4449/3858 2836/4483/3892
f 2823/4380/3789 2767/4443/3852 826/4442/3851
f 2775/5638/4923 2773/4488/3897 687/4474/3883
f 3232/5562/4850 3236/5627/4913 4444/5489/4786
f 687/4474/3883 686/4330/3739 2775/5638/4923
f 3500/5089/2063 1212/5077/2069 1867/5076/4427
f 2704/5615/4901 4279/4446/3855 4262/5613/4899
f 361/5607/4893 349/4425/3834 1016/4424/3833
f 4913/5054/4405 4912/5599/4885 4911/5055/4406
f 372/5644/4929 336/4437/3846 341/4431/3840
f 1916/5571/4858 2344/5482/4780 2608/5572/4859
f 2321/5645/4930 2326/5422/4729 2315/5629/4915
f 1817/5636/2068 2628/5502/4797 1816/5501/4796
f 3645/5411/2050 1814/5412/4720 2628/5502/4797
f 3667/5646/2052 1816/5501/4796 4471/5647/2157
f 627/5648/4931 4884/5649/4932 4930/5650/4933
f 944/5568/4855 768/5431/4735 4741/5378/4694
f 343/4338/3747 17/5445/4749 372/5644/4929
f 4813/4490/3899 2794/4489/3898 2844/5335/4655
f 4786/4461/3870 4827/5619/4905 4785/4381/3790
f 2935/5603/4889 2934/5331/4651 2912/4904/4282
f 2799/5635/4921 849/4468/3877 843/5642/4927
f 4274/4909/4287 2825/4908/4286 4840/5612/4898
f 2779/4753/4147 4807/4469/3878 849/4468/3877
f 2664/5362/4678 2313/5421/4728 2314/5423/4730
f 337/4482/3891 322/4481/3890 361/5607/4893
f 2969/4394/3803 2935/5603/4889 4880/4479/3888
f 3182/4828/4217 4444/5489/4786 3324/5628/4914
f 4275/5611/4897 2764/5604/4890 4899/4407/3816
f 374/4387/3796 2823/4380/3789 826/4442/3851
f 4815/5651/4934 4813/4490/3899 362/5652/4935
f 2792/5637/4922 2776/4331/3740 686/4330/3739
f 3500/5089/2063 1867/5076/4427 1917/4891/4269
f 2773/4488/3897 4815/5651/4934 687/4474/3883
f 850/5640/4925 953/4470/3879 332/5634/4920
f 2696/5245/4581 2692/4809/4200 2658/5103/4448
f 1814/5412/4720 3542/5087/4435 1917/4891/4269
f 2628/5502/4797 1814/5412/4720 33/5583/4870
f 4471/5647/2157 1816/5501/4796 3426/5653/2201
f 2763/5622/4908 4249/4419/3828 4274/4909/4287
f 1252/5295/2880 1261/5100/4445 1235/5099/2881
f 361/5607/4893 322/4481/3890 377/5643/4928
f 329/4459/3868 322/4481/3890 321/4460/3869
f 376/4432/3841 341/4431/3840 1015/4423/3832
f 1232/5078/2057 1225/5654/2056 1249/5655/4936
f 341/4431/3840 344/4433/3842 372/5644/4929
f 2859/4383/3792 2816/4372/3781 2886/4464/3873
f 2671/5340/4659 3256/5339/4658 3259/4672/4071
f 1249/5655/4936 1812/5593/4879 1232/5078/2057
f 1812/5593/4879 1923/5570/4857 1867/5076/4427
f 1923/5570/4857 1917/4891/4269 1867/5076/4427
f 4813/4490/3899 2844/5335/4655 362/5652/4935
f 2727/4409/3818 4900/5616/4902 4899/4407/3816
f 256/5591/4878 229/4630/4035 266/4995/4355
f 2938/5624/4910 2934/5331/4651 2935/5603/4889
f 4830/4471/3880 2861/4398/3807 2868/4397/3806
f 1816/5501/4796 3438/5503/4798 3426/5653/2201
f 2628/5502/4797 33/5583/4870 3438/5503/4798
f 2794/4489/3898 2774/4390/3799 2772/4370/3779
f 849/4468/3877 850/5640/4925 1015/4423/3832
f 2844/5335/4655 857/5334/4654 362/5652/4935
f 2919/4438/3847 627/5648/4931 629/5617/4903
f 2310/5505/4800 2328/5495/4791 2327/5494/4790
f 378/5656/4937 377/5643/4928 322/4481/3890
f 1249/5655/4936 1225/5654/2056 1236/5657/4938
f 4262/5613/4899 4279/4446/3855 2703/4445/3854
f 2802/4379/3788 328/5658/4939 4786/4461/3870
f 2761/4405/3814 4811/4404/3813 4828/5620/4906
f 1249/5655/4936 1229/5631/4917 1812/5593/4879
f 305/4371/3780 2709/4467/3876 368/4369/3778
f 2636/5039/4392 2673/5255/4590 2674/5338/4657
f 2835/5659/4940 2867/4359/3768 2861/4398/3807
f 1015/4423/3832 349/4425/3834 376/4432/3841
f 3523/5428/4734 3426/5653/2201 3438/5503/4798
f 33/5583/4870 3490/4893/4271 636/5432/4736
f 352/4339/3748 343/4338/3747 344/4433/3842
f 2831/4367/3776 2832/4441/3850 4863/4368/3777
f 2938/5624/4910 2935/5603/4889 4884/5649/4932
f 2664/5362/4678 2677/5618/4904 2313/5421/4728
f 2826/4472/3881 4868/4412/3821 2835/5659/4940
f 370/4414/3823 4815/5651/4934 342/5660/4941
f 4884/5649/4932 2935/5603/4889 4930/5650/4933
f 2866/4377/3786 2865/4345/3754 2846/4347/3756
f 2904/4395/3804 4880/4479/3888 2932/4478/3887
f 1236/5657/4938 1225/5654/2056 1231/5098/4444
f 2888/5418/4726 3258/5417/4725 4893/5406/4715
f 1249/5655/4936 1236/5657/4938 1237/5661/4942
f 1225/5654/2056 1226/5662/2060 1231/5098/4444
f 1229/5631/4917 1249/5655/4936 1237/5661/4942
f 2671/5340/4659 3259/4672/4071 3242/5266/4599
f 1229/5631/4917 1916/5571/4858 1812/5593/4879
f 2608/5572/4859 1918/4892/4270 1923/5570/4857
f 374/4387/3796 4815/5651/4934 324/4413/3822
f 2919/4438/3847 2853/4342/3751 2909/4335/3744
f 378/5656/4937 2894/4421/3830 377/5643/4928
f 768/5431/4735 944/5568/4855 33/5583/4870
f 4878/4351/3760 2868/4397/3806 4755/4358/3767
f 326/4378/3787 328/5658/4939 2802/4379/3788
f 378/5656/4937 329/4459/3868 328/5658/4939
f 349/4425/3834 359/4439/3848 376/4432/3841
f 349/4425/3834 361/5607/4893 377/5643/4928
f 636/5432/4736 3490/4893/4271 1918/4892/4270
f 3426/5653/2201 3523/5428/4734 3533/5430/2120
f 944/5568/4855 3523/5428/4734 3438/5503/4798
f 636/5432/4736 768/5431/4735 33/5583/4870
f 2696/5245/4581 2661/4896/4274 2636/5039/4392
f 343/4338/3747 372/5644/4929 344/4433/3842
f 4912/5599/4885 4930/5650/4933 4911/5055/4406
f 4275/5611/4897 4824/4428/3837 2793/5626/4912
f 358/4477/3886 355/4393/3802 354/4392/3801
f 2939/5623/4909 2898/4337/3746 2903/5332/4652
f 358/4477/3886 376/4432/3841 359/4439/3848
f 1231/5098/4444 1241/5663/4943 1236/5657/4938
f 3509/5561/4849 4200/5609/4895 3232/5562/4850
f 1237/5661/4942 1236/5657/4938 1241/5663/4943
f 1235/5099/2881 1231/5098/4444 1226/5662/2060
f 1242/5632/4918 1229/5631/4917 1237/5661/4942
f 2608/5572/4859 1915/5597/4883 1918/4892/4270
f 4786/4461/3870 328/5658/4939 329/4459/3868
f 324/4413/3822 338/4406/3815 325/4388/3797
f 376/4432/3841 352/4339/3748 344/4433/3842
f 326/4378/3787 4261/5664/4944 328/5658/4939
f 2298/5391/4706 2649/5470/4772 2648/5392/4707
f 325/4388/3797 374/4387/3796 324/4413/3822
f 636/5432/4736 1918/4892/4270 803/5094/4440
f 3523/5428/4734 944/5568/4855 3549/5665/2189
f 4886/4385/3794 2917/5666/4945 2919/4438/3847
f 196/4410/3819 2578/4768/4162 294/4411/3820
f 2878/4374/3783 4885/4352/3761 4878/4351/3760
f 4755/4358/3767 2860/4415/3824 2819/4430/3839
f 3509/5561/4849 4352/4755/4149 3295/5608/4894
f 327/4422/3831 378/5656/4937 328/5658/4939
f 1237/5661/4942 1241/5663/4943 1253/5667/4946
f 1237/5661/4942 1908/5113/4458 1242/5632/4918
f 4744/5464/4766 2320/4519/3928 2858/4521/3930
f 1244/5112/4457 1916/5571/4858 1242/5632/4918
f 326/4378/3787 338/4406/3815 4261/5664/4944
f 2344/5482/4780 1916/5571/4858 1244/5112/4457
f 2344/5482/4780 2610/5668/4947 2608/5572/4859
f 4276/5605/4891 4275/5611/4897 4840/5612/4898
f 1915/5597/4883 2608/5572/4859 2610/5668/4947
f 2894/4421/3830 4800/4401/3810 359/4439/3848
f 354/4392/3801 352/4339/3748 376/4432/3841
f 857/5334/4654 829/4473/3882 369/5669/4948
f 2833/4429/3838 2776/4331/3740 2792/5637/4922
f 4786/4461/3870 4785/4381/3790 2802/4379/3788
f 829/4473/3882 4765/4440/3849 369/5669/4948
f 4912/5599/4885 627/5648/4931 4930/5650/4933
f 843/5642/4927 341/4431/3840 336/4437/3846
f 2866/4377/3786 2860/4415/3824 2865/4345/3754
f 324/4413/3822 4868/4412/3821 338/4406/3815
f 2935/5603/4889 2969/4394/3803 4930/5650/4933
f 2917/5666/4945 4886/4385/3794 2939/5623/4909
f 4289/5601/4887 2727/4409/3818 323/5602/4888
f 3523/5428/4734 3549/5665/2189 3558/5429/2092
f 2807/4455/3864 334/5610/4896 2806/4537/3946
f 4171/5024/2190 3549/5665/2189 944/5568/4855
f 4741/5378/4694 768/5431/4735 861/5379/4695
f 640/5465/4767 768/5431/4735 803/5094/4440
f 369/5669/4948 362/5652/4935 857/5334/4654
f 1237/5661/4942 1253/5667/4946 1908/5113/4458
f 1253/5667/4946 1241/5663/4943 1902/5670/4949
f 1908/5113/4458 1244/5112/4457 1242/5632/4918
f 2344/5482/4780 1244/5112/4457 2624/5483/4781
f 2616/5671/4950 2610/5668/4947 2344/5482/4780
f 803/5094/4440 1915/5597/4883 2611/5567/4854
f 3236/5627/4913 3232/5562/4850 3296/5018/4375
f 2611/5567/4854 1915/5597/4883 2610/5668/4947
f 2939/5623/4909 2938/5624/4910 2917/5666/4945
f 2870/4348/3757 2869/4362/3771 2871/4346/3755
f 327/4422/3831 328/5658/4939 4261/5664/4944
f 4815/5651/4934 362/5652/4935 342/5660/4941
f 4871/4344/3753 2860/4415/3824 4879/4357/3766
f 861/5379/4695 768/5431/4735 640/5465/4767
f 4172/4774/4167 4171/5024/2190 4741/5378/4694
f 1261/5100/4445 1252/5295/2880 2343/5565/4852
f 1253/5667/4946 2353/5672/4951 1908/5113/4458
f 1241/5663/4943 2343/5565/4852 1902/5670/4949
f 4893/5406/4715 4760/5407/4716 2888/5418/4726
f 1902/5670/4949 1234/5298/4625 1253/5667/4946
f 2621/5111/4456 2624/5483/4781 1244/5112/4457
f 4879/4357/3766 2860/4415/3824 4755/4358/3767
f 1914/5484/4782 2616/5671/4950 2344/5482/4780
f 687/4474/3883 4815/5651/4934 374/4387/3796
f 2616/5671/4950 2643/5390/4705 2610/5668/4947
f 803/5094/4440 2611/5567/4854 2612/5486/4784
f 2611/5567/4854 2610/5668/4947 2643/5390/4705
f 2903/5332/4652 2934/5331/4651 2938/5624/4910
f 641/5466/4768 861/5379/4695 640/5465/4767
f 2826/4472/3881 4261/5664/4944 338/4406/3815
f 641/5466/4768 803/5094/4440 812/5096/4442
f 1252/5295/2880 1902/5670/4949 2343/5565/4852
f 1253/5667/4946 1234/5298/4625 2353/5672/4951
f 4352/4755/4149 2085/4757/4151 4873/5575/4862
f 2621/5111/4456 1908/5113/4458 2353/5672/4951
f 1256/5297/4624 1234/5298/4625 1902/5670/4949
f 2621/5111/4456 2623/5290/4618 2624/5483/4781
f 1914/5484/4782 2298/5391/4706 2616/5671/4950
f 2768/5595/4881 4923/4854/4238 4253/4855/839
f 2298/5391/4706 2643/5390/4705 2616/5671/4950
f 2950/4929/4303 3271/5480/4778 3281/5037/4390
f 2609/5409/4718 2612/5486/4784 2611/5567/4854
f 359/4439/3848 4800/4401/3810 358/4477/3886
f 641/5466/4768 657/4728/4124 861/5379/4695
f 641/5466/4768 812/5096/4442 2699/5108/4453
f 1256/5297/4624 1902/5670/4949 1252/5295/2880
f 1246/5320/4644 2353/5672/4951 1234/5298/4625
f 3308/4690/4089 3295/5608/4894 3297/5478/4777
f 1248/5322/4646 2621/5111/4456 2353/5672/4951
f 1248/5322/4646 2623/5290/4618 2621/5111/4456
f 2623/5290/4618 4491/5630/4916 2624/5483/4781
f 2298/5391/4706 1914/5484/4782 2348/5485/4783
f 2614/5095/4441 2612/5486/4784 2637/4894/4272
f 2609/5409/4718 2611/5567/4854 2625/5566/4853
f 3302/5641/4926 3271/5480/4778 3272/5477/4776
f 2625/5566/4853 2643/5390/4705 2648/5392/4707
f 641/5466/4768 2699/5108/4453 657/4728/4124
f 812/5096/4442 2618/5104/4449 2699/5108/4453
f 4949/4834/4222 4352/4755/4149 3509/5561/4849
f 1248/5322/4646 2353/5672/4951 1246/5320/4644
f 3232/5562/4850 4200/5609/4895 3298/5433/4737
f 1245/5289/4617 4491/5630/4916 2623/5290/4618
f 2823/4380/3789 4785/4381/3790 2848/5639/4924
f 2618/5104/4449 2614/5095/4441 2637/4894/4272
f 354/4392/3801 350/4417/3826 352/4339/3748
f 2625/5566/4853 2702/5410/4719 2609/5409/4718
f 2650/5469/4771 2625/5566/4853 2648/5392/4707
f 2658/5103/4448 2699/5108/4453 2618/5104/4449
f 2878/4374/3783 4878/4351/3760 2816/4372/3781
f 2348/5485/4783 2299/5584/4871 2340/5281/4609
f 2649/5470/4772 2348/5485/4783 2340/5281/4609
f 2620/5105/4450 2618/5104/4449 2637/4894/4272
f 2625/5566/4853 2650/5469/4771 2702/5410/4719
f 2655/5563/4851 2702/5410/4719 2650/5469/4771
f 2654/4895/4273 2702/5410/4719 2655/5563/4851
f 2636/5039/4392 2661/4896/4274 2654/4895/4273
f 2302/5481/4779 2350/5467/4769 2638/5416/4724
f 2638/5416/4724 2300/5402/4712 2302/5481/4779
f 2305/5071/4422 2622/5254/4589 2675/5038/4391
f 4289/5601/4887 4758/5598/4884 4759/4447/3856
f 2302/5481/4779 2300/5402/4712 2305/5071/4422
f 2685/4738/4133 2692/4809/4200 2669/5337/4656
f 2919/4438/3847 2917/5666/4945 627/5648/4931
f 2300/5402/4712 2638/5416/4724 2301/5401/4711
f 4903/5052/4403 629/5617/4903 4912/5599/4885
f 2656/5280/4608 2303/5287/4615 2350/5467/4769
f 4822/4363/3772 371/4475/3884 335/4364/3773
f 2303/5287/4615 2652/5279/4607 2638/5416/4724
f 2421/5073/4424 2622/5254/4589 2305/5071/4422
f 2669/5337/4656 2673/5255/4590 2685/4738/4133
f 2622/5254/4589 2421/5073/4424 2662/5589/4876
f 2832/4441/3850 4868/4412/3821 370/4414/3823
f 2301/5401/4711 2295/5072/4423 2305/5071/4422
f 2662/5589/4876 2421/5073/4424 2309/5427/4733
f 2700/5356/4674 2663/5560/4848 2311/5559/4847
f 4261/5664/4944 4826/4399/3808 327/4422/3831
f 2313/5421/4728 2310/5505/4800 2315/5629/4915
f 2835/5659/4940 4261/5664/4944 2826/4472/3881
f 3242/5266/4599 2672/5341/4660 2671/5340/4659
f 4885/4352/3761 2872/4402/3811 2841/4353/3762
f 2310/5505/4800 2320/4519/3928 2315/5629/4915
f 2811/4400/3809 4865/5673/4952 4800/4401/3810
f 2326/5422/4729 3258/5417/4725 2314/5423/4730
f 3237/4760/4154 4946/5488/4785 3238/5383/4699
f 2320/4519/3928 2310/5505/4800 2335/4523/3932
f 4865/5673/4952 358/4477/3886 4800/4401/3810
f 2764/5604/4890 311/4701/4097 339/4878/4260
f 3/4937/4310 3231/4788/4180 3236/5627/4913
f 2957/5614/4900 2952/4673/4072 3256/5339/4658
f 2817/4391/3800 350/4417/3826 354/4392/3801
f 2727/4409/3818 4293/4408/3817 323/5602/4888
f 2919/4438/3847 2909/4335/3744 4886/4385/3794
f 2321/5645/4930 2315/5629/4915 2666/5463/4765
f 4863/4368/3777 2832/4441/3850 4765/4440/3849
f 2763/5622/4908 2793/5626/4912 2767/4443/3852
f 4251/4685/4084 4257/4453/3862 4256/4452/3861
f 2831/4367/3776 4868/4412/3821 2832/4441/3850
f 2917/5666/4945 4884/5649/4932 627/5648/4931
f 2666/5463/4765 2320/4519/3928 4744/5464/4766
f 3258/5417/4725 2950/4929/4303 2947/5001/4361
f 4868/4412/3821 2831/4367/3776 2835/5659/4940
f 629/5617/4903 627/5648/4931 4912/5599/4885
f 311/4701/4097 4276/5605/4891 2825/4908/4286
f 4826/4399/3808 2861/4398/3807 2811/4400/3809
f 342/5660/4941 362/5652/4935 369/5669/4948
f 2835/5659/4940 4826/4399/3808 4261/5664/4944
f 4830/4471/3880 4865/5673/4952 2811/4400/3809
f 378/5656/4937 322/4481/3890 329/4459/3868
f 2947/5001/4361 2952/4673/4072 2957/5614/4900
f 355/4393/3802 358/4477/3886 4865/5673/4952
f 2666/5463/4765 4893/5406/4715 2321/5645/4930
f 828/4336/3745 2909/4335/3744 2853/4342/3751
f 4893/5406/4715 4744/5464/4766 4896/4508/3917
f 2821/4332/3741 356/4444/3853 2872/4402/3811
f 2917/5666/4945 2938/5624/4910 4884/5649/4932
f 843/5642/4927 1015/4423/3832 341/4431/3840
f 4893/5406/4715 4896/4508/3917 2885/4504/3913
f 3272/5477/4776 2955/5438/4742 3273/4688/4087
f 2948/5510/4804 2885/4504/3913 2883/4382/3791
f 369/5669/4948 370/4414/3823 342/5660/4941
f 353/4434/3843 2817/4391/3800 355/4393/3802
f 3281/5037/4390 3271/5480/4778 3302/5641/4926
f 3281/5037/4390 3302/5641/4926 4873/5575/4862
f 4873/5575/4862 3302/5641/4926 3297/5478/4777
f 3281/5037/4390 4873/5575/4862 3310/4921/4296
f 3297/5478/4777 3295/5608/4894 4873/5575/4862
f 3295/5608/4894 3308/4690/4089 3298/5433/4737
f 4873/5575/4862 3295/5608/4894 4352/4755/4149
f 4425/4922/4297 3310/4921/4296 2427/5569/4856
f 3295/5608/4894 4200/5609/4895 3509/5561/4849
f 3298/5433/4737 3296/5018/4375 3232/5562/4850
f 3296/5018/4375 3/4937/4310 3236/5627/4913
f 4949/4834/4222 3232/5562/4850 4444/5489/4786
f 3324/5628/4914 4444/5489/4786 3236/5627/4913
f 2918/4350/3759 629/5617/4903 4870/5587/4874
f 4946/5488/4785 4323/4833/4221 4949/4834/4222
f 3237/4760/4154 4323/4833/4221 4946/5488/4785
f 828/4336/3745 4765/4440/3849 829/4473/3882
f 4826/4399/3808 2835/5659/4940 2861/4398/3807
f 4815/5651/4934 2773/4488/3897 4813/4490/3899
f 2894/4421/3830 4826/4399/3808 4800/4401/3810
f 256/5591/4878 862/4356/3765 261/4355/3764
f 2753/4795/4187 2790/4679/4078 4801/5633/4919
f 4745/4510/3919 2828/4366/3775 2862/4333/3742
f 370/4414/3823 369/5669/4948 4765/4440/3849
f 828/4336/3745 2853/4342/3751 2899/4465/3874
f 2830/4341/3750 4863/4368/3777 2899/4465/3874
f 686/4330/3739 374/4387/3796 826/4442/3851
f 2939/5623/4909 4886/4385/3794 2898/4337/3746
f 1016/4424/3833 1015/4423/3832 850/5640/4925
f 2856/4334/3743 2828/4366/3775 2814/4416/3825
f 324/4413/3822 4815/5651/4934 370/4414/3823
f 17/5445/4749 343/4338/3747 227/4340/3749
f 2867/4359/3768 2835/5659/4940 2831/4367/3776
f 2894/4421/3830 378/5656/4937 327/4422/3831
f 2821/4332/3741 2856/4334/3743 356/4444/3853
f 4863/4368/3777 2830/4341/3750 4871/4344/3753
f 2943/4349/3758 2918/4350/3759 2016/4462/3871
f 4865/5673/4952 4830/4471/3880 355/4393/3802
f 4824/4428/3837 4900/5616/4902 2833/4429/3838
f 372/5644/4929 331/4435/3844 336/4437/3846
f 2919/4438/3847 629/5617/4903 2918/4350/3759
f 4870/5587/4874 2016/4462/3871 2918/4350/3759
f 4830/4471/3880 2811/4400/3809 2861/4398/3807
f 2767/4443/3852 2823/4380/3789 2848/5639/4924
f 2872/4402/3811 2877/4386/3795 2821/4332/3741
f 2784/4436/3845 2786/4548/3957 2799/5635/4921
f 2865/4345/3754 4767/4343/3752 2870/4348/3757
f 2831/4367/3776 4879/4357/3766 2867/4359/3768
f 4911/5055/4406 4930/5650/4933 2969/4394/3803
f 2899/4465/3874 4863/4368/3777 4765/4440/3849
f 2771/5596/4882 4923/4854/4238 2768/5595/4881
f 2932/4478/3887 2930/4480/3889 2910/4771/4165
f 828/4336/3745 2899/4465/3874 4765/4440/3849
f 2856/4334/3743 2817/4391/3800 356/4444/3853
f 1231/5098/4444 2343/5565/4852 1241/5663/4943
