####
#
# OBJ File Generated by Meshlab
#
####
# Object wrench.obj
#
# Vertices: 1293
# Faces: 2586
#
####
mtllib ./wrench.obj.mtl

vn -0.6767031 0.7362561 -0.0000768
v 0.0024968 0.0125000 0.0000000
vn -0.6766065 -0.7363448 -0.0002398
v 0.0024968 -0.0125000 0.0000000
vn 0.6762255 -0.7366465 -0.0084211
v -0.0025032 -0.0125000 0.0000000
vn 0.6787384 0.7343802 -0.0002213
v -0.0025032 0.0125000 0.0000000
vn -0.5773503 0.5773503 -0.5773503
v 0.0087468 0.0150000 -0.0075000
vn -0.5773503 0.5773503 0.5773503
v 0.0087468 0.0150000 0.0075000
vn -0.2528537 0.5089923 0.8227952
v 0.0462468 0.0150000 0.0075000
vn -0.2520182 0.5110834 -0.8217546
v 0.0462468 0.0150000 -0.0075000
vn -0.2520173 -0.5110856 0.8217535
v 0.0462468 -0.0150000 0.0075000
vn 0.3926468 -0.6048278 0.6928289
v 0.0841935 -0.0240710 0.0075000
vn 0.0345194 0.7183711 0.6948032
v 0.0831718 -0.0203516 0.0075000
vn 0.2723524 0.4717282 0.8386279
v 0.0581400 -0.0203516 0.0075000
vn 0.5447049 0.0000000 0.8386278
v 0.0463900 0.0000000 0.0075000
vn 0.2723524 -0.4717282 0.8386279
v 0.0581400 0.0203516 0.0075000
vn 0.0348153 -0.7185004 0.6946546
v 0.0831718 0.0203516 0.0075000
vn 0.3907577 0.6052175 0.6935563
v 0.0841935 0.0240710 0.0075000
vn -0.3015113 0.3015113 0.9045341
v 0.0087468 0.0125000 0.0075000
vn -0.5773503 0.5773503 0.5773503
v -0.0087532 0.0125000 0.0075000
vn -0.5773503 -0.5773503 0.5773503
v -0.0087532 -0.0125000 0.0075000
vn -0.3015113 -0.3015113 0.9045341
v 0.0087468 -0.0125000 0.0075000
vn -0.5773503 -0.5773503 0.5773503
v 0.0087468 -0.0150000 0.0075000
vn 0.2723524 0.4717282 -0.8386279
v 0.0581400 -0.0203516 -0.0075000
vn 0.0360261 0.7189444 -0.6941333
v 0.0831718 -0.0203516 -0.0075000
vn 0.3881328 -0.6054998 -0.6947827
v 0.0841935 -0.0240710 -0.0075000
vn -0.2528534 -0.5089934 -0.8227946
v 0.0462468 -0.0150000 -0.0075000
vn -0.5773503 -0.5773503 -0.5773503
v 0.0087468 -0.0150000 -0.0075000
vn -0.3015113 -0.3015113 -0.9045341
v 0.0087468 -0.0125000 -0.0075000
vn -0.5773503 -0.5773503 -0.5773503
v -0.0087532 -0.0125000 -0.0075000
vn -0.5773503 0.5773503 -0.5773503
v -0.0087532 0.0125000 -0.0075000
vn -0.3015113 0.3015113 -0.9045341
v 0.0087468 0.0125000 -0.0075000
vn 0.3937614 0.6046541 -0.6923478
v 0.0841935 0.0240710 -0.0075000
vn 0.0307161 -0.7168441 -0.6965566
v 0.0831718 0.0203516 -0.0075000
vn 0.2723524 -0.4717283 -0.8386279
v 0.0581400 0.0203516 -0.0075000
vn 0.5447047 0.0000000 -0.8386279
v 0.0463900 0.0000000 -0.0075000
vn -0.9992694 0.0382176 0.0004049
v 0.0024968 0.0105769 0.0000000
vn -0.9999651 0.0071798 0.0042836
v 0.0024968 0.0086538 0.0000000
vn -0.9999537 -0.0081855 0.0050656
v 0.0024968 0.0067308 0.0000000
vn -0.9999677 0.0040755 -0.0069267
v 0.0024968 0.0048077 0.0000000
vn -0.9998716 -0.0157469 0.0029770
v 0.0024968 0.0028846 0.0000000
vn -0.9995708 0.0245537 0.0159827
v 0.0024968 0.0009615 0.0000000
vn -0.9997652 -0.0212703 -0.0041543
v 0.0024968 -0.0009615 0.0000000
vn -0.9998798 0.0148936 0.0043260
v 0.0024968 -0.0028846 0.0000000
vn -0.9999250 -0.0065176 0.0103712
v 0.0024968 -0.0048077 0.0000000
vn -0.9999505 0.0079487 -0.0059926
v 0.0024968 -0.0067308 0.0000000
vn -0.9999624 -0.0070241 -0.0050815
v 0.0024968 -0.0086538 0.0000000
vn -0.9992851 -0.0377692 -0.0016563
v 0.0024968 -0.0105769 0.0000000
vn 0.6702308 -0.7385732 0.0728032
v -0.0024818 -0.0125000 -0.0003263
vn 0.6670925 -0.7225275 0.1814981
v -0.0024180 -0.0125000 -0.0006470
vn 0.6394210 -0.7237167 0.2595667
v -0.0023129 -0.0125000 -0.0009567
vn 0.6006698 -0.7204019 0.3467232
v -0.0021682 -0.0125000 -0.0012500
vn 0.5512000 -0.7197109 0.4221312
v -0.0019866 -0.0125000 -0.0015219
vn 0.4905647 -0.7196516 0.4913735
v -0.0017710 -0.0125000 -0.0017678
vn 0.4228731 -0.7196813 0.5506698
v -0.0015251 -0.0125000 -0.0019834
vn 0.3462472 -0.7201243 0.6012769
v -0.0012532 -0.0125000 -0.0021651
vn 0.2629797 -0.7218499 0.6401363
v -0.0009599 -0.0125000 -0.0023097
vn 0.1810626 -0.7197754 0.6701789
v -0.0006502 -0.0125000 -0.0024148
vn 0.0912140 -0.7181962 0.6898364
v -0.0003295 -0.0125000 -0.0024786
vn -0.0007028 -0.7191151 0.6948907
v -0.0000032 -0.0125000 -0.0025000
vn -0.0895836 -0.7201234 0.6880386
v 0.0003231 -0.0125000 -0.0024786
vn -0.1797877 -0.7202502 0.6700121
v 0.0006439 -0.0125000 -0.0024148
vn -0.2640242 -0.7209358 0.6407362
v 0.0009535 -0.0125000 -0.0023097
vn -0.3473998 -0.7200273 0.6007280
v 0.0012468 -0.0125000 -0.0021651
vn -0.4224107 -0.7196983 0.5510024
v 0.0015187 -0.0125000 -0.0019834
vn -0.4912110 -0.7197656 0.4905601
v 0.0017646 -0.0125000 -0.0017678
vn -0.5503267 -0.7199906 0.4227933
v 0.0019802 -0.0125000 -0.0015219
vn -0.6005620 -0.7212104 0.3452259
v 0.0021619 -0.0125000 -0.0012500
vn -0.6375326 -0.7284531 0.2508153
v 0.0023065 -0.0125000 -0.0009567
vn -0.6645573 -0.7248710 0.1814544
v 0.0024116 -0.0125000 -0.0006470
vn -0.6654285 -0.7429851 0.0719589
v 0.0024754 -0.0125000 -0.0003263
vn 0.9994798 0.0303175 -0.0109941
v -0.0025032 0.0105769 0.0000000
vn 0.9997545 0.0026505 -0.0220000
v -0.0025032 0.0086538 0.0000000
vn 0.9999004 0.0026463 -0.0138648
v -0.0025032 0.0067308 0.0000000
vn 0.9998314 0.0050546 -0.0176566
v -0.0025032 0.0048077 0.0000000
vn 0.9997825 0.0050867 -0.0202272
v -0.0025032 0.0028846 0.0000000
vn 0.9999892 0.0029962 -0.0035559
v -0.0025032 0.0009615 0.0000000
vn 0.9990863 0.0101883 0.0415073
v -0.0025032 -0.0009615 0.0000000
vn 0.9984922 -0.0154902 0.0526636
v -0.0025032 -0.0028846 0.0000000
vn 0.9996390 -0.0070447 0.0259265
v -0.0025032 -0.0048077 0.0000000
vn 0.9998653 -0.0032154 0.0160984
v -0.0025032 -0.0067308 0.0000000
vn 0.9997486 -0.0026995 0.0222596
v -0.0025032 -0.0086538 0.0000000
vn 0.9995581 -0.0279870 0.0100208
v -0.0025032 -0.0105769 0.0000000
vn 0.6676937 0.7409618 0.0718384
v -0.0024818 0.0125000 -0.0003263
vn 0.6679312 0.7221686 0.1798346
v -0.0024180 0.0125000 -0.0006470
vn 0.6299114 0.7310077 0.2623728
v -0.0023129 0.0125000 -0.0009567
vn 0.5998728 0.7223092 0.3441250
v -0.0021682 0.0125000 -0.0012500
vn 0.5505099 0.7227135 0.4178804
v -0.0019866 0.0125000 -0.0015219
vn 0.4904295 0.7202823 0.4905836
v -0.0017710 0.0125000 -0.0017678
vn 0.4227790 0.7198877 0.5504723
v -0.0015251 0.0125000 -0.0019834
vn 0.3461506 0.7202371 0.6011974
v -0.0012532 0.0125000 -0.0021651
vn 0.2628396 0.7218689 0.6401724
v -0.0009599 0.0125000 -0.0023097
vn 0.1811770 0.7198580 0.6700593
v -0.0006502 0.0125000 -0.0024148
vn 0.0912639 0.7182063 0.6898193
v -0.0003295 0.0125000 -0.0024786
vn -0.0006643 0.7191152 0.6948907
v -0.0000032 0.0125000 -0.0025000
vn -0.0895635 0.7201385 0.6880254
v 0.0003231 0.0125000 -0.0024786
vn -0.1796744 0.7204144 0.6698658
v 0.0006439 0.0125000 -0.0024148
vn -0.2653845 0.7228582 0.6380025
v 0.0009535 0.0125000 -0.0023097
vn -0.3460542 0.7194716 0.6021688
v 0.0012468 0.0125000 -0.0021651
vn -0.4233462 0.7186792 0.5516142
v 0.0015187 0.0125000 -0.0019834
vn -0.4900648 0.7223012 0.4879729
v 0.0017646 0.0125000 -0.0017678
vn -0.5509716 0.7265128 0.4106208
v 0.0019802 0.0125000 -0.0015219
vn -0.5863182 0.7301556 0.3508616
v 0.0021619 0.0125000 -0.0012500
vn -0.6343401 0.7325856 0.2468420
v 0.0023065 0.0125000 -0.0009567
vn -0.6630657 0.7258393 0.1830334
v 0.0024116 0.0125000 -0.0006470
vn -0.6658527 0.7425668 0.0723525
v 0.0024754 0.0125000 -0.0003263
vn -0.7071068 0.7071068 0.0000000
v 0.0087468 0.0150000 0.0000000
vn 0.0000000 0.7071068 0.7071068
v 0.0387468 0.0150000 0.0075000
vn 0.0000000 0.7071068 0.7071068
v 0.0312468 0.0150000 0.0075000
vn 0.0000000 0.7071068 0.7071068
v 0.0237468 0.0150000 0.0075000
vn 0.0000000 0.7071067 0.7071068
v 0.0162468 0.0150000 0.0075000
vn -0.4495344 0.8932605 -0.0021390
v 0.0462468 0.0150000 0.0000000
vn 0.0000000 0.7071068 -0.7071068
v 0.0387468 0.0150000 -0.0075000
vn 0.0000000 0.7071068 -0.7071068
v 0.0312468 0.0150000 -0.0075000
vn 0.0000000 0.7071068 -0.7071068
v 0.0237468 0.0150000 -0.0075000
vn -0.0000000 0.7071068 -0.7071068
v 0.0162468 0.0150000 -0.0075000
vn -0.5256804 -0.4980752 0.6896240
v 0.0495968 -0.0192921 0.0075000
vn -0.4177523 -0.5911661 0.6899316
v 0.0537140 -0.0228547 0.0075000
vn -0.2963824 -0.6606261 0.6897324
v 0.0584429 -0.0255532 0.0075000
vn -0.1647629 -0.7031853 0.6916530
v 0.0636047 -0.0272854 0.0075000
vn -0.0393214 -0.7186837 0.6942244
v 0.0685314 -0.0279670 0.0075000
vn 0.0650017 -0.7148818 0.6962175
v 0.0725623 -0.0278722 0.0075000
vn 0.1479905 -0.7005226 0.6981167
v 0.0757902 -0.0273713 0.0075000
vn 0.2137651 -0.6821212 0.6992962
v 0.0783471 -0.0266923 0.0075000
vn 0.2649310 -0.6623844 0.7007557
v 0.0803620 -0.0259680 0.0075000
vn 0.3051998 -0.6435860 0.7018905
v 0.0819496 -0.0252698 0.0075000
vn 0.3368717 -0.6262776 0.7030603
v 0.0832017 -0.0246333 0.0075000
vn 0.4426038 -0.5892309 0.6759503
v 0.0844082 -0.0239237 0.0075000
vn 0.5183215 -0.5022253 0.6921796
v 0.0846019 -0.0237497 0.0075000
vn 0.5749184 -0.4380295 0.6910855
v 0.0847714 -0.0235521 0.0075000
vn 0.6266525 -0.3537476 0.6943841
v 0.0849138 -0.0233341 0.0075000
vn 0.6665068 -0.2695995 0.6950430
v 0.0850267 -0.0230995 0.0075000
vn 0.6959777 -0.1795774 0.6952460
v 0.0851081 -0.0228522 0.0075000
vn 0.7132378 -0.0886050 0.6952993
v 0.0851568 -0.0225965 0.0075000
vn 0.7185701 0.0057918 0.6954305
v 0.0851717 -0.0223365 0.0075000
vn 0.7131445 0.0982367 0.6940998
v 0.0851528 -0.0220769 0.0075000
vn 0.6931455 0.1898829 0.6953372
v 0.0851004 -0.0218218 0.0075000
vn 0.6624697 0.2792936 0.6950749
v 0.0850152 -0.0215758 0.0075000
vn 0.6222826 0.3648602 0.6925616
v 0.0848988 -0.0213429 0.0075000
vn 0.5675361 0.4489518 0.6901776
v 0.0847531 -0.0211271 0.0075000
vn 0.5172859 0.5080001 0.6887316
v 0.0845807 -0.0209321 0.0075000
vn 0.4363435 0.5826174 0.6856832
v 0.0843843 -0.0207611 0.0075000
vn 0.3632808 0.6240020 0.6918444
v 0.0841674 -0.0206170 0.0075000
vn 0.2742489 0.6758971 0.6840693
v 0.0839337 -0.0205024 0.0075000
vn 0.1898509 0.6965996 0.6918856
v 0.0836870 -0.0204191 0.0075000
vn 0.0796498 0.7318569 0.6767876
v 0.0834316 -0.0203685 0.0075000
vn 0.0000000 0.7071068 0.7071068
v 0.0657500 -0.0203516 0.0075000
vn 0.0000000 0.7071068 0.7071068
v 0.0716037 -0.0203516 0.0075000
vn 0.0000000 0.7071068 0.7071068
v 0.0759187 -0.0203516 0.0075000
vn 0.0000000 0.7071068 0.7071068
v 0.0790991 -0.0203516 0.0075000
vn 0.6123725 0.3535534 0.7071068
v 0.0503067 -0.0067839 0.0075000
vn 0.6123724 0.3535534 0.7071069
v 0.0542233 -0.0135677 0.0075000
vn 0.6123724 -0.3535534 0.7071069
v 0.0542233 0.0135677 0.0075000
vn 0.6123725 -0.3535534 0.7071068
v 0.0503067 0.0067839 0.0075000
vn 0.0000000 -0.7071068 0.7071068
v 0.0657500 0.0203516 0.0075000
vn 0.0000000 -0.7071068 0.7071068
v 0.0716037 0.0203516 0.0075000
vn 0.0000000 -0.7071068 0.7071068
v 0.0759187 0.0203516 0.0075000
vn 0.0000000 -0.7071068 0.7071068
v 0.0790991 0.0203516 0.0075000
vn 0.0796281 -0.7323044 0.6763059
v 0.0834316 0.0203685 0.0075000
vn 0.1891564 -0.6965399 0.6921359
v 0.0836870 0.0204191 0.0075000
vn 0.2704679 -0.6701766 0.6911660
v 0.0839337 0.0205024 0.0075000
vn 0.3579379 -0.6241897 0.6944550
v 0.0841674 0.0206170 0.0075000
vn 0.4352134 -0.5722151 0.6950966
v 0.0843843 0.0207611 0.0075000
vn 0.5065752 -0.5098143 0.6953208
v 0.0845807 0.0209321 0.0075000
vn 0.5690902 -0.4407498 0.6941729
v 0.0847531 0.0211271 0.0075000
vn 0.6200964 -0.3629278 0.6955314
v 0.0848988 0.0213429 0.0075000
vn 0.6625123 -0.2780786 0.6955213
v 0.0850152 0.0215758 0.0075000
vn 0.6945469 -0.1905370 0.6937581
v 0.0851004 0.0218218 0.0075000
vn 0.7122905 -0.0988429 0.6948903
v 0.0851528 0.0220769 0.0075000
vn 0.7198036 -0.0039009 0.6941668
v 0.0851717 0.0223365 0.0075000
vn 0.7169621 0.0952253 0.6905777
v 0.0851568 0.0225965 0.0075000
vn 0.7020540 0.1740829 0.6905182
v 0.0851081 0.0228522 0.0075000
vn 0.6697906 0.2678335 0.6925646
v 0.0850267 0.0230995 0.0075000
vn 0.6264169 0.3544540 0.6942365
v 0.0849138 0.0233341 0.0075000
vn 0.5749851 0.4399424 0.6898136
v 0.0847714 0.0235521 0.0075000
vn 0.5207162 0.5012965 0.6910547
v 0.0846019 0.0237497 0.0075000
vn 0.4417851 0.5853779 0.6798226
v 0.0844082 0.0239237 0.0075000
vn 0.3369333 0.6262404 0.7030640
v 0.0832017 0.0246333 0.0075000
vn 0.3052391 0.6435028 0.7019496
v 0.0819496 0.0252698 0.0075000
vn 0.2648651 0.6623203 0.7008412
v 0.0803620 0.0259680 0.0075000
vn 0.2134360 0.6827105 0.6988215
v 0.0783471 0.0266923 0.0075000
vn 0.1482111 0.7021283 0.6964549
v 0.0757902 0.0273713 0.0075000
vn 0.0639811 0.7166052 0.6945382
v 0.0725623 0.0278722 0.0075000
vn -0.0401940 0.7212559 0.6915015
v 0.0685314 0.0279670 0.0075000
vn -0.1649487 0.7043304 0.6904424
v 0.0636047 0.0272854 0.0075000
vn -0.2969233 0.6607850 0.6893474
v 0.0584429 0.0255532 0.0075000
vn -0.4186972 0.5915871 0.6889974
v 0.0537140 0.0228547 0.0075000
vn -0.5238783 0.4989648 0.6903518
v 0.0495968 0.0192921 0.0075000
vn 0.0000000 0.7071059 0.7071077
v -0.0000032 0.0125000 0.0075000
vn -0.7071068 0.0000000 0.7071068
v -0.0087532 0.0041667 0.0075000
vn -0.7071068 0.0000000 0.7071068
v -0.0087532 -0.0041667 0.0075000
vn 0.0000000 -0.7071062 0.7071075
v -0.0000032 -0.0125000 0.0075000
vn 0.0000000 -0.7071068 0.7071068
v 0.0387468 -0.0150000 0.0075000
vn 0.0000000 -0.7071068 0.7071068
v 0.0312468 -0.0150000 0.0075000
vn 0.0000000 -0.7071068 0.7071068
v 0.0237468 -0.0150000 0.0075000
vn 0.0000000 -0.7071068 0.7071068
v 0.0162468 -0.0150000 0.0075000
vn 0.0000000 0.7071068 -0.7071068
v 0.0657500 -0.0203516 -0.0075000
vn 0.0000000 0.7071068 -0.7071067
v 0.0716037 -0.0203516 -0.0075000
vn 0.0000000 0.7071068 -0.7071068
v 0.0759187 -0.0203516 -0.0075000
vn 0.0000000 0.7071068 -0.7071068
v 0.0790991 -0.0203516 -0.0075000
vn 0.0790694 0.7346834 -0.6737866
v 0.0834316 -0.0203685 -0.0075000
vn 0.1873419 0.6965622 -0.6926068
v 0.0836870 -0.0204191 -0.0075000
vn 0.2780021 0.6748415 -0.6835963
v 0.0839337 -0.0205024 -0.0075000
vn 0.3587373 0.6256326 -0.6927419
v 0.0841674 -0.0206170 -0.0075000
vn 0.4342862 0.5765265 -0.6921074
v 0.0843843 -0.0207611 -0.0075000
vn 0.5066069 0.5106245 -0.6947029
v 0.0845807 -0.0209321 -0.0075000
vn 0.5691016 0.4411159 -0.6939310
v 0.0847531 -0.0211271 -0.0075000
vn 0.6201413 0.3629681 -0.6954703
v 0.0848988 -0.0213429 -0.0075000
vn 0.6625221 0.2780984 -0.6955040
v 0.0850152 -0.0215758 -0.0075000
vn 0.6945536 0.1905906 -0.6937367
v 0.0851004 -0.0218218 -0.0075000
vn 0.7123025 0.0988428 -0.6948778
v 0.0851528 -0.0220769 -0.0075000
vn 0.7198464 0.0038650 -0.6941227
v 0.0851717 -0.0223365 -0.0075000
vn 0.7171063 -0.0956733 -0.6903660
v 0.0851568 -0.0225965 -0.0075000
vn 0.7027278 -0.1734155 -0.6900005
v 0.0851081 -0.0228522 -0.0075000
vn 0.6705018 -0.2684468 -0.6916384
v 0.0850267 -0.0230995 -0.0075000
vn 0.6274740 -0.3577757 -0.6915728
v 0.0849138 -0.0233341 -0.0075000
vn 0.5747765 -0.4369123 -0.6919101
v 0.0847714 -0.0235521 -0.0075000
vn 0.5231090 -0.5019677 -0.6887565
v 0.0846019 -0.0237497 -0.0075000
vn 0.4405061 -0.5818883 -0.6836376
v 0.0844082 -0.0239237 -0.0075000
vn -0.5238803 -0.4989698 -0.6903468
v 0.0495968 -0.0192921 -0.0075000
vn -0.4186959 -0.5916167 -0.6889728
v 0.0537140 -0.0228547 -0.0075000
vn -0.2969009 -0.6608412 -0.6893031
v 0.0584429 -0.0255532 -0.0075000
vn -0.1649208 -0.7043782 -0.6904002
v 0.0636047 -0.0272854 -0.0075000
vn -0.0401072 -0.7212955 -0.6914653
v 0.0685314 -0.0279670 -0.0075000
vn 0.0640255 -0.7166325 -0.6945060
v 0.0725623 -0.0278722 -0.0075000
vn 0.1477528 -0.7015188 -0.6971661
v 0.0757902 -0.0273713 -0.0075000
vn 0.2133102 -0.6826393 -0.6989294
v 0.0783471 -0.0266923 -0.0075000
vn 0.2648033 -0.6627247 -0.7004821
v 0.0803620 -0.0259680 -0.0075000
vn 0.3051363 -0.6436955 -0.7018176
v 0.0819496 -0.0252698 -0.0075000
vn 0.3368765 -0.6262581 -0.7030754
v 0.0832017 -0.0246333 -0.0075000
vn 0.0000000 -0.7071068 -0.7071068
v 0.0387468 -0.0150000 -0.0075000
vn 0.0000000 -0.7071068 -0.7071068
v 0.0312468 -0.0150000 -0.0075000
vn 0.0000000 -0.7071068 -0.7071068
v 0.0237468 -0.0150000 -0.0075000
vn -0.0000000 -0.7071067 -0.7071068
v 0.0162468 -0.0150000 -0.0075000
vn 0.0000000 -0.7071072 -0.7071064
v -0.0000032 -0.0125000 -0.0075000
vn -0.7071067 0.0000000 -0.7071068
v -0.0087532 0.0041667 -0.0075000
vn -0.7071068 0.0000000 -0.7071068
v -0.0087532 -0.0041667 -0.0075000
vn 0.0000000 0.7071072 -0.7071064
v -0.0000032 0.0125000 -0.0075000
vn 0.3368778 0.6262991 -0.7030383
v 0.0832017 0.0246333 -0.0075000
vn 0.3051879 0.6435993 -0.7018834
v 0.0819496 0.0252698 -0.0075000
vn 0.2649103 0.6623855 -0.7007625
v 0.0803620 0.0259680 -0.0075000
vn 0.2137379 0.6821133 -0.6993122
v 0.0783471 0.0266923 -0.0075000
vn 0.1480021 0.7004997 -0.6981372
v 0.0757902 0.0273713 -0.0075000
vn 0.0649396 0.7148904 -0.6962146
v 0.0725623 0.0278722 -0.0075000
vn -0.0392429 0.7186471 -0.6942669
v 0.0685314 0.0279670 -0.0075000
vn -0.1648576 0.7030956 -0.6917215
v 0.0636047 0.0272854 -0.0075000
vn -0.2963928 0.6605628 -0.6897885
v 0.0584429 0.0255532 -0.0075000
vn -0.4177517 0.5911390 -0.6899553
v 0.0537140 0.0228547 -0.0075000
vn -0.5256795 0.4980683 -0.6896297
v 0.0495968 0.0192921 -0.0075000
vn 0.4432779 0.5912034 -0.6737828
v 0.0844082 0.0239237 -0.0075000
vn 0.5168840 0.5031158 -0.6926078
v 0.0846019 0.0237497 -0.0075000
vn 0.5837280 0.4381329 -0.6835943
v 0.0847714 0.0235521 -0.0075000
vn 0.6279970 0.3545836 -0.6927412
v 0.0849138 0.0233341 -0.0075000
vn 0.6678561 0.2737769 -0.6921087
v 0.0850267 0.0230995 -0.0075000
vn 0.6963631 0.1801765 -0.6947049
v 0.0851081 0.0228522 -0.0075000
vn 0.7145818 0.0884986 -0.6939315
v 0.0851568 0.0225965 -0.0075000
vn 0.7185404 -0.0047552 -0.6954690
v 0.0851717 0.0223365 -0.0075000
vn 0.7116193 -0.0993676 -0.6955027
v 0.0851528 0.0220769 -0.0075000
vn 0.6944525 -0.1909585 -0.6937367
v 0.0851004 0.0218218 -0.0075000
vn 0.6628417 -0.2789000 -0.6948782
v 0.0850152 0.0215758 -0.0075000
vn 0.6208110 -0.3644006 -0.6941224
v 0.0848988 0.0213429 -0.0075000
vn 0.5676069 -0.4485734 -0.6903654
v 0.0847531 0.0211271 -0.0075000
vn 0.5155321 -0.5080631 -0.6899990
v 0.0845807 0.0209321 -0.0075000
vn 0.4392824 -0.5732965 -0.6916373
v 0.0843843 0.0207611 -0.0075000
vn 0.3566591 -0.6281089 -0.6915733
v 0.0841674 0.0206170 -0.0075000
vn 0.2709297 -0.6692179 -0.6919137
v 0.0839337 0.0205024 -0.0075000
vn 0.1932793 -0.6987540 -0.6887569
v 0.0836870 0.0204191 -0.0075000
vn 0.0814447 -0.7252581 -0.6836429
v 0.0834316 0.0203685 -0.0075000
vn 0.0000000 -0.7071068 -0.7071068
v 0.0657500 0.0203516 -0.0075000
vn 0.0000000 -0.7071068 -0.7071068
v 0.0716037 0.0203516 -0.0075000
vn 0.0000000 -0.7071068 -0.7071068
v 0.0759187 0.0203516 -0.0075000
vn 0.0000000 -0.7071068 -0.7071068
v 0.0790991 0.0203516 -0.0075000
vn 0.6123724 -0.3535534 -0.7071069
v 0.0542233 0.0135677 -0.0075000
vn 0.6123725 -0.3535533 -0.7071068
v 0.0503067 0.0067839 -0.0075000
vn 0.6123725 0.3535533 -0.7071068
v 0.0503067 -0.0067839 -0.0075000
vn 0.6123724 0.3535534 -0.7071069
v 0.0542233 -0.0135677 -0.0075000
vn 0.1294376 -0.9915536 0.0082055
v 0.0831718 0.0203516 -0.0060000
vn 0.1367498 -0.9904570 0.0171610
v 0.0831718 0.0203516 -0.0045000
vn 0.1637217 -0.9865066 0.0002355
v 0.0831718 0.0203516 -0.0030000
vn 0.1638045 -0.9864928 -0.0001679
v 0.0831718 0.0203516 -0.0015000
vn 0.1629723 -0.9866306 -0.0003274
v 0.0831718 0.0203516 0.0000000
vn 0.1617813 -0.9868266 -0.0003799
v 0.0831718 0.0203516 0.0015000
vn 0.1598131 -0.9871470 -0.0007940
v 0.0831718 0.0203516 0.0030000
vn 0.1547184 -0.9879560 -0.0022609
v 0.0831718 0.0203516 0.0045000
vn 0.1239597 -0.9921500 -0.0165019
v 0.0831718 0.0203516 0.0060000
vn 0.5000000 -0.8660254 0.0000000
v 0.0581400 0.0203516 0.0000000
vn 0.6102671 0.7921479 -0.0087152
v 0.0841935 0.0240710 0.0060000
vn 0.6125606 0.7902201 -0.0179384
v 0.0841935 0.0240710 0.0045000
vn 0.6338542 0.7734520 0.0009396
v 0.0841935 0.0240710 0.0030000
vn 0.6353313 0.7722397 -0.0002027
v 0.0841935 0.0240710 0.0015000
vn 0.6339420 0.7733806 0.0001310
v 0.0841935 0.0240710 0.0000000
vn 0.6327454 0.7743598 0.0004755
v 0.0841935 0.0240710 -0.0015000
vn 0.6313871 0.7754673 0.0009331
v 0.0841935 0.0240710 -0.0030000
vn 0.6281779 0.7780657 0.0025208
v 0.0841935 0.0240710 -0.0045000
vn 0.6045467 0.7963809 0.0173423
v 0.0841935 0.0240710 -0.0060000
vn -0.7071068 0.7071068 0.0000000
v -0.0087532 0.0125000 0.0000000
vn -0.7071068 -0.7071068 0.0000000
v -0.0087532 -0.0125000 0.0000000
vn -0.7071068 -0.7071068 0.0000000
v 0.0087468 -0.0150000 0.0000000
vn -0.4495282 -0.8932636 0.0021401
v 0.0462468 -0.0150000 0.0000000
vn 0.6110162 -0.7915684 0.0088743
v 0.0841935 -0.0240710 -0.0060000
vn 0.6149325 -0.7883800 0.0177518
v 0.0841935 -0.0240710 -0.0045000
vn 0.6350688 -0.7724553 0.0006408
v 0.0841935 -0.0240710 -0.0030000
vn 0.6338442 -0.7734606 0.0005288
v 0.0841935 -0.0240710 -0.0015000
vn 0.6337785 -0.7735126 -0.0017820
v 0.0841935 -0.0240710 0.0000000
vn 0.6352666 -0.7722930 -0.0000995
v 0.0841935 -0.0240710 0.0015000
vn 0.6336265 -0.7736387 -0.0007826
v 0.0841935 -0.0240710 0.0030000
vn 0.6305431 -0.7761509 -0.0022857
v 0.0841935 -0.0240710 0.0045000
vn 0.6079372 -0.7937949 -0.0173812
v 0.0841935 -0.0240710 0.0060000
vn 0.1283954 0.9916946 -0.0075112
v 0.0831718 -0.0203516 0.0060000
vn 0.1348280 0.9907255 -0.0168680
v 0.0831718 -0.0203516 0.0045000
vn 0.1615804 0.9868595 -0.0003455
v 0.0831718 -0.0203516 0.0030000
vn 0.1618437 0.9868164 0.0001637
v 0.0831718 -0.0203516 0.0015000
vn 0.1611138 0.9869359 0.0002693
v 0.0831718 -0.0203516 0.0000000
vn 0.1599274 0.9871287 0.0004342
v 0.0831718 -0.0203516 -0.0015000
vn 0.1579369 0.9874489 0.0007486
v 0.0831718 -0.0203516 -0.0030000
vn 0.1530114 0.9882220 0.0021975
v 0.0831718 -0.0203516 -0.0045000
vn 0.1215233 0.9924489 0.0166540
v 0.0831718 -0.0203516 -0.0060000
vn 0.5000000 0.8660254 0.0000000
v 0.0581400 -0.0203516 0.0000000
vn 1.0000000 0.0000000 -0.0000000
v 0.0463900 0.0000000 0.0000000
vn -0.7071068 -0.7071068 0.0000000
v 0.0087468 -0.0125000 0.0000000
vn -0.6649502 -0.7434253 -0.0718334
v 0.0024754 -0.0125000 0.0003263
vn -0.6642109 -0.7251639 -0.1815522
v 0.0024116 -0.0125000 0.0006470
vn -0.6368819 -0.7293673 -0.2498097
v 0.0023065 -0.0125000 0.0009567
vn -0.5998473 -0.7216789 -0.3454895
v 0.0021619 -0.0125000 0.0012500
vn -0.5478459 -0.7217872 -0.4229518
v 0.0019802 -0.0125000 0.0015219
vn -0.4916319 -0.7196840 -0.4902582
v 0.0017646 -0.0125000 0.0017678
vn -0.4237424 -0.7181761 -0.5519651
v 0.0015187 -0.0125000 0.0019834
vn -0.3460928 -0.7191852 -0.6024886
v 0.0012468 -0.0125000 0.0021651
vn -0.2651796 -0.7226530 -0.6383200
v 0.0009535 -0.0125000 0.0023097
vn -0.1797138 -0.7203707 -0.6699023
v 0.0006439 -0.0125000 0.0024148
vn -0.0895871 -0.7201142 -0.6880478
v 0.0003231 -0.0125000 0.0024786
vn -0.0006796 -0.7190927 -0.6949139
v -0.0000032 -0.0125000 0.0025000
vn 0.0913080 -0.7182332 -0.6897855
v -0.0003295 -0.0125000 0.0024786
vn 0.1811716 -0.7198862 -0.6700304
v -0.0006502 -0.0125000 0.0024148
vn 0.2628763 -0.7218583 -0.6401693
v -0.0009599 -0.0125000 0.0023097
vn 0.3462077 -0.7203063 -0.6010816
v -0.0012532 -0.0125000 0.0021651
vn 0.4228472 -0.7202911 -0.5498918
v -0.0015251 -0.0125000 0.0019834
vn 0.4917457 -0.7251514 -0.4820184
v -0.0017710 -0.0125000 0.0017678
vn 0.5437128 -0.7239107 -0.4246525
v -0.0019866 -0.0125000 0.0015219
vn 0.5931202 -0.7356245 -0.3272080
v -0.0021682 -0.0125000 0.0012500
vn 0.6228692 -0.7333301 -0.2725087
v -0.0023129 -0.0125000 0.0009567
vn 0.6672661 -0.7247761 -0.1716261
v -0.0024180 -0.0125000 0.0006470
vn 0.6447159 -0.7617677 -0.0636511
v -0.0024818 -0.0125000 0.0003263
vn -0.7071068 0.7071068 0.0000000
v 0.0087468 0.0125000 0.0000000
vn -0.6653935 0.7430179 -0.0719441
v 0.0024754 0.0125000 0.0003263
vn -0.6645550 0.7248757 -0.1814442
v 0.0024116 0.0125000 0.0006470
vn -0.6375306 0.7284599 -0.2508008
v 0.0023065 0.0125000 0.0009567
vn -0.6005622 0.7212071 -0.3452325
v 0.0021619 0.0125000 0.0012500
vn -0.5503270 0.7199885 -0.4227965
v 0.0019802 0.0125000 0.0015219
vn -0.4912122 0.7197626 -0.4905633
v 0.0017646 0.0125000 0.0017678
vn -0.4224067 0.7196974 -0.5510066
v 0.0015187 0.0125000 0.0019834
vn -0.3473958 0.7200274 -0.6007302
v 0.0012468 0.0125000 0.0021651
vn -0.2640131 0.7209429 -0.6407328
v 0.0009535 0.0125000 0.0023097
vn -0.1797854 0.7202523 -0.6700104
v 0.0006439 0.0125000 0.0024148
vn -0.0895721 0.7201320 -0.6880311
v 0.0003231 0.0125000 0.0024786
vn -0.0006994 0.7191229 -0.6948826
v -0.0000032 0.0125000 0.0025000
vn 0.0911975 0.7182025 -0.6898321
v -0.0003295 0.0125000 0.0024786
vn 0.1809643 0.7197502 -0.6702325
v -0.0006502 0.0125000 0.0024148
vn 0.2629992 0.7220877 -0.6398600
v -0.0009599 0.0125000 0.0023097
vn 0.3464934 0.7207341 -0.6004038
v -0.0012532 0.0125000 0.0021651
vn 0.4237023 0.7228842 -0.5458158
v -0.0015251 0.0125000 0.0019834
vn 0.4901237 0.7222279 -0.4880222
v -0.0017710 0.0125000 0.0017678
vn 0.5402964 0.7299395 -0.4186505
v -0.0019866 0.0125000 0.0015219
vn 0.6003420 0.7228898 -0.3420818
v -0.0021682 0.0125000 0.0012500
vn 0.6286251 0.7318025 -0.2632407
v -0.0023129 0.0125000 0.0009567
vn 0.6680291 0.7221448 -0.1795661
v -0.0024180 0.0125000 0.0006470
vn 0.6671723 0.7414522 -0.0716240
v -0.0024818 0.0125000 0.0003263
vn -0.0356236 -0.0097420 0.9993178
v 0.0000923 -0.0122273 -0.0024982
vn 0.2783550 -0.0091366 0.9604349
v -0.0006976 -0.0121661 -0.0024016
vn -0.4392442 -0.0061002 0.8983471
v 0.0011062 -0.0121842 -0.0022404
vn 0.6575451 -0.0118552 0.7533219
v -0.0016472 -0.0121652 -0.0018834
vn -0.7588000 -0.0154770 0.6511398
v 0.0018878 -0.0121772 -0.0016353
vn -0.0380041 0.0101774 0.9992258
v 0.0000973 0.0122304 -0.0024980
vn 0.2762657 0.0088827 0.9610403
v -0.0006913 0.0121674 -0.0024034
vn -0.4705120 0.0085976 0.8823517
v 0.0011902 0.0121819 -0.0021968
vn 0.6614041 0.0133151 0.7499115
v -0.0016549 0.0121574 -0.0018767
vn -0.7694539 0.0092372 0.6386356
v 0.0019098 0.0121796 -0.0016095
vn 0.8283844 -0.0119412 0.5600328
v -0.0020752 -0.0121184 -0.0013989
vn 0.8675648 0.0123017 0.4971720
v -0.0021559 0.0121332 -0.0012711
vn 0.9713553 -0.0240778 0.2364091
v -0.0024288 -0.0120339 -0.0006054
vn 0.9673378 0.0202742 0.2526789
v -0.0024216 0.0120141 -0.0006336
vn -0.8965384 0.0160066 0.4426768
v 0.0022406 0.0122203 -0.0011025
vn -0.9089407 -0.0199506 0.4164478
v 0.0022614 -0.0122558 -0.0010592
vn 0.8619322 0.0173801 0.5067257
v -0.0021531 0.0094371 -0.0012758
vn 0.8057297 -0.0217630 0.5918835
v -0.0019864 -0.0095601 -0.0015222
vn -0.8047169 0.0034421 0.5936487
v 0.0019581 0.0095811 -0.0015503
vn -0.8095949 -0.0010375 0.5869882
v 0.0019765 -0.0095743 -0.0015266
vn 0.7522283 0.0143189 0.6587471
v -0.0018787 0.0117896 -0.0016531
vn 0.7441483 -0.0174586 0.6677863
v -0.0018574 -0.0118281 -0.0016769
vn -0.8488494 0.0065136 0.5285947
v 0.0021048 0.0117803 -0.0013440
vn -0.8461049 -0.0175420 0.5327278
v 0.0021008 -0.0118954 -0.0013502
vn 0.5542901 0.0137518 0.8322099
v -0.0013973 0.0117147 -0.0020752
vn 0.5567577 -0.0129587 0.8305739
v -0.0014051 -0.0117391 -0.0020699
vn -0.8108564 0.0003831 0.5852451
v 0.0019902 -0.0057162 -0.0015088
vn 0.7418385 -0.0188673 0.6703132
v -0.0018378 -0.0040853 -0.0016983
vn -0.8479671 -0.0003799 0.5300487
v 0.0021253 -0.0019226 -0.0013114
vn 0.7468567 0.0194487 0.6647006
v -0.0018537 0.0002472 -0.0016810
vn -0.8092422 0.0011671 0.5874740
v 0.0019893 0.0018619 -0.0015100
vn 0.8131433 0.0026624 0.5820575
v -0.0020356 0.0040109 -0.0014557
vn -0.7922351 -0.0032204 0.6102075
v 0.0019658 0.0056090 -0.0015405
vn -0.6899979 0.0295108 0.7232096
v 0.0017171 0.0115903 -0.0018140
vn -0.6797779 -0.0300165 0.7328036
v 0.0016864 -0.0117198 -0.0018427
vn 0.7048448 0.0079677 0.7093168
v -0.0017604 0.0111052 -0.0017782
vn 0.4460561 0.0120378 0.8949240
v -0.0011030 0.0109830 -0.0022451
vn 0.7107806 -0.0035182 0.7034050
v -0.0017731 -0.0112139 -0.0017656
vn 0.4732993 -0.0071716 0.8808725
v -0.0011740 -0.0110317 -0.0022089
vn 0.8986470 -0.0311345 0.4375663
v -0.0022202 -0.0115122 -0.0011553
vn 0.9017243 0.0255128 0.4315581
v -0.0022272 0.0113646 -0.0011418
vn 0.8319520 0.0016639 0.5548452
v -0.0020892 0.0077597 -0.0013779
vn 0.3930078 0.0138972 0.9194301
v -0.0009921 0.0088882 -0.0022961
vn 0.3695472 0.0033088 0.9292061
v -0.0009263 0.0069928 -0.0023233
vn -0.1714543 0.0162238 0.9850585
v 0.0004558 0.0080257 -0.0024575
vn 0.8048752 -0.0018928 0.5934411
v -0.0020018 -0.0077516 -0.0015019
vn 0.3273524 -0.0004501 0.9449022
v -0.0008001 -0.0086530 -0.0023696
vn 0.3050332 -0.0045654 0.9523308
v -0.0007385 -0.0070109 -0.0023894
vn -0.2261840 -0.0181545 0.9739155
v 0.0005862 -0.0079942 -0.0024295
vn -0.8595421 0.0397988 0.5095130
v 0.0021102 0.0110364 -0.0013355
vn -0.5193072 0.0313779 0.8540114
v 0.0012739 0.0108095 -0.0021492
vn -0.2290215 0.0089563 0.9733802
v 0.0005775 0.0095744 -0.0024316
vn -0.1160948 0.0193176 0.9930503
v 0.0002457 0.0107509 -0.0024876
vn -0.8572473 -0.0369878 0.5135748
v 0.0021101 -0.0110808 -0.0013357
vn -0.5167248 -0.0301400 0.8556209
v 0.0012659 -0.0108233 -0.0021539
vn -0.2364377 0.0002550 0.9716467
v 0.0006018 -0.0095105 -0.0024257
vn -0.0850526 -0.0309304 0.9958963
v 0.0001909 -0.0107173 -0.0024925
vn -0.2496514 -0.0260987 0.9679840
v 0.0006051 -0.0114389 -0.0024249
vn -0.2603027 0.0226802 0.9652607
v 0.0006301 0.0114390 -0.0024184
vn 0.7898932 -0.0060859 0.6132143
v -0.0019636 -0.0059483 -0.0015514
vn 0.2479632 -0.0053249 0.9687548
v -0.0005657 -0.0053420 -0.0024359
vn 0.0384258 -0.0285370 0.9988539
v -0.0000841 -0.0036519 -0.0024987
vn 0.0331189 -0.0050724 0.9994386
v -0.0000826 -0.0114358 -0.0024987
vn 0.0196854 0.0039623 0.9997984
v -0.0000509 0.0114480 -0.0024995
vn 0.6153011 0.0004738 0.7882921
v -0.0015175 -0.0019237 -0.0019892
vn 0.0461614 0.0280705 0.9985395
v -0.0001074 -0.0001893 -0.0024978
vn 0.2591521 0.0037599 0.9658292
v -0.0006016 0.0015328 -0.0024273
vn -0.7334788 -0.0046083 0.6796967
v 0.0018240 -0.0036940 -0.0017063
vn -0.8029678 -0.0022744 0.5960182
v 0.0019951 0.0037057 -0.0015023
vn -0.2863182 -0.0014221 0.9581336
v 0.0007043 0.0044402 -0.0023978
vn -0.3147368 -0.0052934 0.9491642
v 0.0007818 0.0026544 -0.0023736
vn -0.7303632 0.0041564 0.6830463
v 0.0018163 -0.0001501 -0.0017145
vn 0.3196057 -0.0404572 0.9466866
v -0.0008123 -0.0101357 -0.0023654
vn 0.2132283 0.0334365 0.9764301
v -0.0005659 0.0102346 -0.0024359
vn 0.8230567 0.0022723 0.5679547
v -0.0020624 0.0058982 -0.0014176
vn -0.9611805 -0.0294911 0.2743398
v 0.0023984 -0.0119000 -0.0006946
vn -0.9610872 0.0283410 0.2747876
v 0.0023967 0.0118731 -0.0007004
vn -0.7693334 0.0159820 0.6386476
v 0.0018720 0.0076628 -0.0016534
vn 0.2952693 0.0065789 0.9553915
v -0.0007338 0.0116308 -0.0023908
vn 0.3052385 -0.0067507 0.9522520
v -0.0007619 -0.0116339 -0.0023821
vn 0.7953910 0.0056383 0.6060705
v -0.0019834 0.0021467 -0.0015260
vn 0.0666029 0.0009052 0.9977791
v -0.0001843 0.0122967 -0.0024934
vn 0.0676865 -0.0014640 0.9977056
v -0.0001877 -0.0122944 -0.0024932
vn 0.4276577 0.0171507 0.9037781
v -0.0010806 0.0121189 -0.0022559
vn -0.1724010 -0.0096908 0.9849792
v 0.0004160 -0.0122330 -0.0024646
vn 0.1777406 -0.0088063 0.9840380
v -0.0004280 -0.0122854 -0.0024636
vn -0.1762439 0.0099097 0.9842967
v 0.0004233 0.0122346 -0.0024634
vn 0.4305891 -0.0164016 0.9023991
v -0.0010867 -0.0121230 -0.0022530
vn 0.1762241 0.0095791 0.9843035
v -0.0004244 0.0122873 -0.0024643
vn -0.3114741 0.0107247 0.9501941
v 0.0007658 0.0120609 -0.0023788
vn -0.2985818 -0.0107673 0.9543234
v 0.0007417 -0.0120652 -0.0023864
vn 0.5527843 -0.0040678 0.8333145
v -0.0013897 -0.0122051 -0.0020803
vn 0.5530744 0.0043556 0.8331205
v -0.0013890 0.0121989 -0.0020808
vn -0.7875767 -0.0136481 0.6160655
v 0.0019171 -0.0076840 -0.0016008
vn -0.4794815 0.0112309 0.8774801
v 0.0011988 0.0116870 -0.0021921
vn -0.4642715 -0.0127949 0.8856005
v 0.0011517 -0.0117272 -0.0022173
vn -0.5632012 -0.0137572 0.8262053
v 0.0014032 -0.0121389 -0.0020669
vn -0.6144297 0.0126273 0.7888706
v 0.0015235 0.0120417 -0.0019797
vn -0.2532157 0.0018372 0.9674081
v 0.0006147 0.0063066 -0.0024224
vn 0.7644506 0.0066953 0.6446476
v -0.0019007 0.0122178 -0.0016277
vn 0.8832922 -0.0276913 0.4680044
v -0.0021242 -0.0106741 -0.0013233
vn 0.8780712 0.0142179 0.4783189
v -0.0021431 0.0105399 -0.0012925
vn -0.3122981 0.0017043 0.9499826
v 0.0007716 -0.0064466 -0.0023769
vn -0.1028324 -0.0115566 0.9946316
v 0.0002559 -0.0118932 -0.0024865
vn -0.1103258 0.0112085 0.9938323
v 0.0002720 0.0118969 -0.0024848
vn -0.3466905 0.0179776 0.9378073
v 0.0008615 0.0011377 -0.0023457
vn 0.7495807 -0.0035902 0.6619033
v -0.0018756 -0.0122226 -0.0016566
vn -0.8368935 -0.0035088 0.5473545
v 0.0020870 -0.0122639 -0.0013716
vn 0.9077859 -0.0091148 0.4193349
v -0.0022576 -0.0121342 -0.0010805
vn -0.2774848 -0.0002233 0.9607300
v 0.0007857 -0.0019224 -0.0023723
vn -0.3546331 -0.0185996 0.9348205
v 0.0008800 -0.0049664 -0.0023388
vn 0.3389193 0.0013023 0.9408146
v -0.0008524 0.0051470 -0.0023514
vn 0.6317844 -0.0406047 0.7740800
v -0.0016240 -0.0105203 -0.0019034
vn 0.6108893 0.0287883 0.7911925
v -0.0015262 0.0101994 -0.0019826
vn 0.3084470 0.0001556 0.9512416
v -0.0007646 0.0033119 -0.0023812
vn -0.6639915 -0.0036805 0.7477311
v 0.0016583 -0.0122066 -0.0018680
vn -0.6659474 0.0136689 0.7458736
v 0.0016346 0.0123054 -0.0018889
vn 0.1017651 0.0156079 0.9946860
v -0.0002490 0.0119909 -0.0024879
vn 0.1072681 -0.0153947 0.9941109
v -0.0002615 -0.0119872 -0.0024866
vn -0.5142568 -0.0010986 0.8576356
v 0.0012899 0.0087140 -0.0021396
vn -0.5669100 0.0044361 0.8237678
v 0.0014264 0.0123057 -0.0020509
vn -0.5370537 0.0063446 0.8435242
v 0.0013481 -0.0086902 -0.0021034
vn 0.1766265 0.0077405 0.9842475
v -0.0004508 0.0110088 -0.0024596
vn 0.2030137 -0.0162110 0.9790417
v -0.0005357 -0.0109882 -0.0024426
vn 0.0000000 1.0000000 0.0000000
v 0.0358511 0.0150000 0.0000294
vn 0.0000000 1.0000000 0.0000000
v 0.0191425 0.0150000 0.0000294
vn 0.0000000 1.0000000 0.0000000
v 0.0274968 0.0150000 0.0000153
vn 0.0000000 1.0000000 0.0000000
v 0.0417659 0.0150000 -0.0024744
vn 0.0000000 1.0000000 0.0000000
v 0.0132277 0.0150000 -0.0024744
vn 0.0000000 1.0000000 0.0000000
v 0.0417683 0.0150000 0.0025207
vn 0.0000000 1.0000000 0.0000000
v 0.0132254 0.0150000 0.0025207
vn 0.0000000 0.0000000 1.0000000
v 0.0847609 0.0228922 0.0075000
vn 0.0000000 0.0000000 1.0000000
v 0.0848708 -0.0219327 0.0075000
vn 0.0000000 0.0000000 1.0000000
v 0.0839125 0.0207770 0.0075000
vn 0.0000000 0.0000000 1.0000000
v 0.0838613 -0.0206170 0.0075000
vn 0.0000000 0.0000000 1.0000000
v 0.0845585 -0.0235323 0.0075000
vn 0.0000000 0.0000000 1.0000000
v 0.0847683 0.0215540 0.0075000
vn 0.0000000 0.0000000 1.0000000
v 0.0835853 0.0237269 0.0075000
vn 0.0000000 0.0000000 1.0000000
v 0.0845092 -0.0211512 0.0075000
vn 0.0000000 0.0000000 1.0000000
v 0.0848260 -0.0228989 0.0075000
vn 0.0000000 0.0000000 1.0000000
v 0.0844478 0.0235194 0.0075000
vn 0.0000000 0.0000000 1.0000000
v 0.0849038 0.0222434 0.0075000
vn 0.0000000 0.0000000 1.0000000
v 0.0832428 -0.0235457 0.0075000
vn 0.0000000 0.0000000 1.0000000
v 0.0041488 -0.0065740 0.0075000
vn 0.0000000 0.0000000 1.0000000
v 0.0104203 -0.0064104 0.0075000
vn 0.0000000 0.0000000 1.0000000
v 0.0274076 0.0078729 0.0075000
vn 0.0000000 0.0000000 1.0000000
v 0.0843233 0.0210281 0.0075000
vn 0.0000000 0.0000000 1.0000000
v 0.0847581 -0.0215232 0.0075000
vn 0.0000000 0.0000000 1.0000000
v 0.0849049 -0.0224754 0.0075000
vn 0.0000000 0.0000000 1.0000000
v 0.0072940 -0.0011129 0.0075000
vn 0.0000000 0.0000000 1.0000000
v 0.0134901 -0.0014470 0.0075000
vn 0.0000000 0.0000000 1.0000000
v 0.0270254 -0.0075928 0.0075000
vn 0.0000000 0.0000000 1.0000000
v 0.0808673 -0.0240020 0.0075000
vn 0.0000000 0.0000000 1.0000000
v 0.0810864 0.0240665 0.0075000
vn 0.0000000 0.0000000 1.0000000
v 0.0765499 0.0249873 0.0075000
vn 0.0000000 0.0000000 1.0000000
v 0.0762324 -0.0250407 0.0075000
vn 0.0000000 0.0000000 1.0000000
v 0.0104033 0.0038040 0.0075000
vn 0.0000000 0.0000000 1.0000000
v 0.0167075 0.0035408 0.0075000
vn 0.0000000 0.0000000 1.0000000
v 0.0841328 0.0236919 0.0075000
vn 0.0000000 0.0000000 1.0000000
v 0.0840476 0.0232297 0.0075000
vn 0.0000000 0.0000000 1.0000000
v 0.0834215 0.0229192 0.0075000
vn 0.0000000 0.0000000 1.0000000
v 0.0840890 0.0223332 0.0075000
vn 0.0000000 0.0000000 1.0000000
v 0.0834636 0.0220910 0.0075000
vn 0.0000000 0.0000000 1.0000000
v 0.0823088 0.0224514 0.0075000
vn 0.0000000 0.0000000 1.0000000
v 0.0009372 -0.0006823 0.0075000
vn 0.0000000 0.0000000 1.0000000
v 0.0038933 0.0047185 0.0075000
vn 0.0000000 0.0000000 1.0000000
v 0.0202612 -0.0024609 0.0075000
vn 0.0000000 0.0000000 1.0000000
v 0.0424753 -0.0078378 0.0075000
vn 0.0000000 0.0000000 1.0000000
v 0.0380599 -0.0017612 0.0075000
vn 0.0000000 0.0000000 1.0000000
v 0.0390905 0.0056763 0.0075000
vn 0.0000000 0.0000000 1.0000000
v 0.0835019 0.0211488 0.0075000
vn 0.0000000 0.0000000 1.0000000
v 0.0840245 0.0216239 0.0075000
vn 0.0000000 0.0000000 1.0000000
v 0.0825864 0.0238445 0.0075000
vn 0.0000000 0.0000000 1.0000000
v 0.0714266 0.0248365 0.0075000
vn 0.0000000 0.0000000 1.0000000
v 0.0708284 -0.0253447 0.0075000
vn 0.0000000 0.0000000 1.0000000
v 0.0812789 -0.0221657 0.0075000
vn 0.0000000 0.0000000 1.0000000
v 0.0822737 -0.0241317 0.0075000
vn 0.0000000 0.0000000 1.0000000
v 0.0745243 0.0231314 0.0075000
vn 0.0000000 0.0000000 1.0000000
v 0.0736016 -0.0231849 0.0075000
vn 0.0000000 0.0000000 1.0000000
v 0.0330036 0.0030487 0.0075000
vn 0.0000000 0.0000000 1.0000000
v 0.0193305 -0.0094821 0.0075000
vn 0.0000000 0.0000000 1.0000000
v 0.0270788 0.0002467 0.0075000
vn 0.0000000 0.0000000 1.0000000
v 0.0349647 -0.0083695 0.0075000
vn 0.0000000 0.0000000 1.0000000
v 0.0794198 -0.0227515 0.0075000
vn 0.0000000 0.0000000 1.0000000
v 0.0787278 -0.0245279 0.0075000
vn 0.0000000 0.0000000 1.0000000
v 0.0790344 0.0244553 0.0075000
vn 0.0000000 0.0000000 1.0000000
v 0.0775724 0.0226123 0.0075000
vn 0.0000000 0.0000000 1.0000000
v 0.0843655 0.0218755 0.0075000
vn 0.0000000 0.0000000 1.0000000
v 0.0803724 0.0223833 0.0075000
vn 0.0000000 0.0000000 1.0000000
v -0.0028274 0.0054722 0.0075000
vn 0.0000000 0.0000000 1.0000000
v 0.0132726 0.0087081 0.0075000
vn 0.0000000 0.0000000 1.0000000
v 0.0199906 0.0089611 0.0075000
vn 0.0000000 0.0000000 1.0000000
v 0.0843323 0.0228183 0.0075000
vn 0.0000000 0.0000000 1.0000000
v 0.0845126 0.0212086 0.0075000
vn 0.0000000 0.0000000 1.0000000
v 0.0842711 0.0212993 0.0075000
vn 0.0000000 0.0000000 1.0000000
v 0.0840318 0.0211216 0.0075000
vn 0.0000000 0.0000000 1.0000000
v 0.0844686 0.0215278 0.0075000
vn 0.0000000 0.0000000 1.0000000
v 0.0841635 0.0208604 0.0075000
vn 0.0000000 0.0000000 1.0000000
v 0.0841366 -0.0208400 0.0075000
vn 0.0000000 0.0000000 1.0000000
v 0.0838088 -0.0209538 0.0075000
vn 0.0000000 0.0000000 1.0000000
v 0.0842289 -0.0211271 0.0075000
vn 0.0000000 0.0000000 1.0000000
v 0.0848864 0.0217417 0.0075000
vn 0.0000000 0.0000000 1.0000000
v 0.0846712 -0.0233757 0.0075000
vn 0.0000000 0.0000000 1.0000000
v 0.0843839 -0.0233029 0.0075000
vn 0.0000000 0.0000000 1.0000000
v 0.0847169 -0.0231562 0.0075000
vn 0.0000000 0.0000000 1.0000000
v 0.0849363 -0.0226970 0.0075000
vn 0.0000000 0.0000000 1.0000000
v 0.0846719 -0.0226554 0.0075000
vn 0.0000000 0.0000000 1.0000000
v 0.0845912 -0.0223499 0.0075000
vn 0.0000000 0.0000000 1.0000000
v 0.0842798 -0.0225659 0.0075000
vn 0.0000000 0.0000000 1.0000000
v 0.0842146 -0.0221462 0.0075000
vn 0.0000000 0.0000000 1.0000000
v 0.0838274 -0.0223568 0.0075000
vn 0.0000000 0.0000000 1.0000000
v 0.0837216 -0.0217937 0.0075000
vn 0.0000000 0.0000000 1.0000000
v 0.0830344 -0.0223373 0.0075000
vn 0.0000000 0.0000000 1.0000000
v 0.0845797 -0.0220241 0.0075000
vn 0.0000000 0.0000000 1.0000000
v 0.0223278 0.0036316 0.0075000
vn 0.0000000 0.0000000 1.0000000
v 0.0848758 -0.0217192 0.0075000
vn 0.0000000 0.0000000 1.0000000
v 0.0846741 -0.0213169 0.0075000
vn 0.0000000 0.0000000 1.0000000
v 0.0844549 -0.0214347 0.0075000
vn 0.0000000 0.0000000 1.0000000
v 0.0842840 -0.0217603 0.0075000
vn 0.0000000 0.0000000 1.0000000
v 0.0840993 -0.0214146 0.0075000
vn 0.0000000 0.0000000 1.0000000
v 0.0539185 -0.0190165 0.0075000
vn 0.0000000 0.0000000 1.0000000
v 0.0539185 0.0190165 0.0075000
vn 0.0000000 0.0000000 1.0000000
v 0.0848834 0.0219650 0.0075000
vn 0.0000000 0.0000000 1.0000000
v 0.0845919 0.0221171 0.0075000
vn 0.0000000 0.0000000 1.0000000
v 0.0846523 0.0225036 0.0075000
vn 0.0000000 0.0000000 1.0000000
v 0.0845075 0.0231600 0.0075000
vn 0.0000000 0.0000000 1.0000000
v 0.0849631 0.0224683 0.0075000
vn 0.0000000 0.0000000 1.0000000
v 0.0844640 -0.0229209 0.0075000
vn 0.0000000 0.0000000 1.0000000
v 0.0738009 -0.0257617 0.0075000
vn 0.0000000 0.0000000 1.0000000
v 0.0741634 0.0256403 0.0075000
vn 0.0000000 0.0000000 1.0000000
v 0.0838918 -0.0229350 0.0075000
vn 0.0000000 0.0000000 1.0000000
v 0.0840132 -0.0235075 0.0075000
vn 0.0000000 0.0000000 1.0000000
v 0.0848792 -0.0222004 0.0075000
vn 0.0000000 0.0000000 1.0000000
v 0.0339191 0.0093159 0.0075000
vn 0.0000000 0.0000000 1.0000000
v 0.0771629 -0.0227019 0.0075000
vn 0.0000000 0.0000000 1.0000000
v 0.0625477 -0.0236174 0.0075000
vn 0.0000000 0.0000000 1.0000000
v 0.0626362 0.0235192 0.0075000
vn 0.0000000 0.0000000 1.0000000
v 0.0847784 0.0231655 0.0075000
vn 0.0000000 0.0000000 1.0000000
v 0.0849284 0.0226624 0.0075000
vn 0.0000000 0.0000000 1.0000000
v 0.0441638 0.0084948 0.0075000
vn 0.0000000 0.0000000 1.0000000
v 0.0846836 0.0233456 0.0075000
vn 0.0000000 0.0000000 1.0000000
v 0.0672565 0.0240521 0.0075000
vn 0.0000000 0.0000000 1.0000000
v 0.0668233 -0.0245518 0.0075000
vn 0.0000000 0.0000000 1.0000000
v 0.0072854 0.0084414 0.0075000
vn 0.0000000 0.0000000 1.0000000
v 0.0131605 -0.0107466 0.0075000
vn 0.0000000 0.0000000 1.0000000
v 0.0846368 -0.0217340 0.0075000
vn 0.0000000 0.0000000 1.0000000
v -0.0027911 -0.0061282 0.0075000
vn 0.0000000 0.0000000 1.0000000
v 0.0846607 0.0217958 0.0075000
vn 0.0000000 0.0000000 1.0000000
v 0.0843679 -0.0209624 0.0075000
vn 0.0000000 0.0000000 1.0000000
v 0.0839670 0.0228206 0.0075000
vn 0.0000000 0.0000000 1.0000000
v 0.0697163 -0.0227555 0.0075000
vn 0.0000000 0.0000000 1.0000000
v -0.0044231 -0.0002777 0.0075000
vn 0.0000000 0.0000000 1.0000000
v 0.0320597 -0.0029038 0.0075000
vn 0.0000000 0.0000000 1.0000000
v 0.0846802 0.0213513 0.0075000
vn 0.0000000 0.0000000 1.0000000
v 0.0843596 -0.0236813 0.0075000
vn 0.0000000 0.0000000 1.0000000
v 0.0153575 -0.0061057 0.0075000
vn 0.0000000 0.0000000 1.0000000
v 0.0821346 -0.0232323 0.0075000
vn 0.0000000 0.0000000 -1.0000000
v 0.0838924 0.0207891 -0.0075000
vn 0.0000000 0.0000000 -1.0000000
v 0.0845204 -0.0234529 -0.0075000
vn 0.0000000 0.0000000 -1.0000000
v 0.0843319 0.0236227 -0.0075000
vn 0.0000000 0.0000000 -1.0000000
v 0.0849327 0.0222308 -0.0075000
vn 0.0000000 0.0000000 -1.0000000
v 0.0839040 -0.0208154 -0.0075000
vn 0.0000000 0.0000000 -1.0000000
v 0.0848709 -0.0217591 -0.0075000
vn 0.0000000 0.0000000 -1.0000000
v 0.0846990 0.0213641 -0.0075000
vn 0.0000000 0.0000000 -1.0000000
v 0.0848828 -0.0226410 -0.0075000
vn 0.0000000 0.0000000 -1.0000000
v 0.0848585 0.0229228 -0.0075000
vn 0.0000000 0.0000000 -1.0000000
v 0.0845149 -0.0211761 -0.0075000
vn 0.0000000 0.0000000 -1.0000000
v 0.0831933 -0.0235004 -0.0075000
vn -0.0000000 0.0000000 -1.0000000
v 0.0038970 0.0071993 -0.0075000
vn 0.0000000 0.0000000 -1.0000000
v 0.0101537 0.0070864 -0.0075000
vn 0.0000000 0.0000000 -1.0000000
v 0.0282330 0.0093280 -0.0075000
vn 0.0000000 0.0000000 -1.0000000
v 0.0848055 0.0217727 -0.0075000
vn 0.0000000 0.0000000 -1.0000000
v 0.0846766 0.0232962 -0.0075000
vn 0.0000000 0.0000000 -1.0000000
v 0.0849319 -0.0221866 -0.0075000
vn 0.0000000 0.0000000 -1.0000000
v 0.0821192 0.0238842 -0.0075000
vn 0.0000000 0.0000000 -1.0000000
v 0.0843177 0.0210020 -0.0075000
vn 0.0000000 0.0000000 -1.0000000
v 0.0832295 0.0237268 -0.0075000
vn 0.0000000 0.0000000 -1.0000000
v 0.0202442 -0.0088933 -0.0075000
vn 0.0000000 0.0000000 -1.0000000
v 0.0069016 0.0017465 -0.0075000
vn 0.0000000 0.0000000 -1.0000000
v 0.0350438 -0.0086831 -0.0075000
vn 0.0000000 0.0000000 -1.0000000
v 0.0846906 -0.0230877 -0.0075000
vn 0.0000000 0.0000000 -1.0000000
v 0.0842520 -0.0229957 -0.0075000
vn 0.0000000 0.0000000 -1.0000000
v 0.0807003 -0.0243091 -0.0075000
vn 0.0000000 0.0000000 -1.0000000
v 0.0787008 0.0245954 -0.0075000
vn 0.0000000 0.0000000 -1.0000000
v 0.0132890 0.0020838 -0.0075000
vn 0.0000000 0.0000000 -1.0000000
v 0.0762758 -0.0250427 -0.0075000
vn 0.0000000 0.0000000 -1.0000000
v 0.0827968 0.0227750 -0.0075000
vn 0.0000000 0.0000000 -1.0000000
v 0.0837414 0.0225596 -0.0075000
vn 0.0000000 0.0000000 -1.0000000
v 0.0101951 -0.0034148 -0.0075000
vn 0.0000000 0.0000000 -1.0000000
v -0.0001316 0.0019962 -0.0075000
vn 0.0000000 0.0000000 -1.0000000
v 0.0742326 0.0230408 -0.0075000
vn -0.0000000 -0.0000000 -1.0000000
v 0.0034226 -0.0041658 -0.0075000
vn 0.0000000 0.0000000 -1.0000000
v 0.0423754 0.0081008 -0.0075000
vn 0.0000000 0.0000000 -1.0000000
v 0.0375867 0.0027630 -0.0075000
vn 0.0000000 0.0000000 -1.0000000
v 0.0810040 0.0226185 -0.0075000
vn 0.0000000 0.0000000 -1.0000000
v 0.0840203 -0.0234535 -0.0075000
vn 0.0000000 0.0000000 -1.0000000
v 0.0835568 -0.0227614 -0.0075000
vn 0.0000000 0.0000000 -1.0000000
v 0.0841546 -0.0224475 -0.0075000
vn 0.0000000 0.0000000 -1.0000000
v 0.0835982 -0.0219503 -0.0075000
vn 0.0000000 0.0000000 -1.0000000
v 0.0821286 -0.0221970 -0.0075000
vn 0.0000000 0.0000000 -1.0000000
v 0.0425592 -0.0081301 -0.0075000
vn 0.0000000 0.0000000 -1.0000000
v 0.0708424 -0.0253401 -0.0075000
vn 0.0000000 0.0000000 -1.0000000
v 0.0834308 -0.0210771 -0.0075000
vn 0.0000000 0.0000000 -1.0000000
v 0.0703838 0.0242604 -0.0075000
vn 0.0000000 0.0000000 -1.0000000
v 0.0155324 0.0078493 -0.0075000
vn 0.0000000 0.0000000 -1.0000000
v 0.0195444 0.0027016 -0.0075000
vn 0.0000000 0.0000000 -1.0000000
v 0.0736328 -0.0231818 -0.0075000
vn 0.0000000 0.0000000 -1.0000000
v 0.0820589 -0.0238681 -0.0075000
vn 0.0000000 0.0000000 -1.0000000
v 0.0275811 -0.0087142 -0.0075000
vn 0.0000000 0.0000000 -1.0000000
v 0.0314715 -0.0018239 -0.0075000
vn 0.0000000 0.0000000 -1.0000000
v 0.0349781 0.0091160 -0.0075000
vn 0.0000000 0.0000000 -1.0000000
v 0.0838547 0.0232539 -0.0075000
vn 0.0000000 0.0000000 -1.0000000
v 0.0805726 0.0242146 -0.0075000
vn 0.0000000 0.0000000 -1.0000000
v 0.0788006 -0.0245969 -0.0075000
vn 0.0000000 0.0000000 -1.0000000
v 0.0772638 -0.0227300 -0.0075000
vn 0.0000000 0.0000000 -1.0000000
v 0.0763657 0.0249953 -0.0075000
vn 0.0000000 0.0000000 -1.0000000
v 0.0772696 0.0227134 -0.0075000
vn 0.0000000 0.0000000 -1.0000000
v 0.0843128 0.0227781 -0.0075000
vn 0.0000000 0.0000000 -1.0000000
v 0.0842376 0.0221669 -0.0075000
vn 0.0000000 0.0000000 -1.0000000
v 0.0835086 0.0218289 -0.0075000
vn 0.0000000 0.0000000 -1.0000000
v 0.0834050 0.0209505 -0.0075000
vn 0.0000000 0.0000000 -1.0000000
v 0.0848010 0.0215247 -0.0075000
vn 0.0000000 0.0000000 -1.0000000
v 0.0845827 0.0215675 -0.0075000
vn 0.0000000 0.0000000 -1.0000000
v 0.0839963 0.0211911 -0.0075000
vn 0.0000000 0.0000000 -1.0000000
v 0.0842166 0.0216424 -0.0075000
vn 0.0000000 0.0000000 -1.0000000
v 0.0849360 0.0219958 -0.0075000
vn 0.0000000 0.0000000 -1.0000000
v 0.0846837 0.0220759 -0.0075000
vn 0.0000000 0.0000000 -1.0000000
v 0.0846744 0.0224479 -0.0075000
vn 0.0000000 0.0000000 -1.0000000
v 0.0849689 0.0224559 -0.0075000
vn 0.0000000 0.0000000 -1.0000000
v 0.0844509 0.0212604 -0.0075000
vn 0.0000000 0.0000000 -1.0000000
v 0.0846679 -0.0213828 -0.0075000
vn 0.0000000 0.0000000 -1.0000000
v 0.0844044 -0.0214361 -0.0075000
vn 0.0000000 0.0000000 -1.0000000
v 0.0843081 -0.0218782 -0.0075000
vn 0.0000000 0.0000000 -1.0000000
v 0.0840187 -0.0213268 -0.0075000
vn 0.0000000 0.0000000 -1.0000000
v 0.0846298 -0.0216636 -0.0075000
vn 0.0000000 0.0000000 -1.0000000
v 0.0843936 -0.0209993 -0.0075000
vn 0.0000000 0.0000000 -1.0000000
v 0.0848186 0.0231344 -0.0075000
vn 0.0000000 0.0000000 -1.0000000
v 0.0841534 0.0208717 -0.0075000
vn 0.0000000 0.0000000 -1.0000000
v 0.0847218 -0.0219669 -0.0075000
vn 0.0000000 0.0000000 -1.0000000
v 0.0846466 -0.0223289 -0.0075000
vn 0.0000000 0.0000000 -1.0000000
v 0.0845798 -0.0227342 -0.0075000
vn 0.0000000 0.0000000 -1.0000000
v 0.0539185 -0.0190165 -0.0075000
vn 0.0000000 0.0000000 -1.0000000
v 0.0539185 0.0190165 -0.0075000
vn 0.0000000 0.0000000 -1.0000000
v 0.0821453 0.0215216 -0.0075000
vn 0.0000000 0.0000000 -1.0000000
v 0.0845535 0.0234929 -0.0075000
vn 0.0000000 0.0000000 -1.0000000
v 0.0843906 0.0232439 -0.0075000
vn 0.0000000 0.0000000 -1.0000000
v 0.0836709 0.0206058 -0.0075000
vn 0.0000000 0.0000000 -1.0000000
v 0.0849548 -0.0219635 -0.0075000
vn 0.0000000 0.0000000 -1.0000000
v 0.0849068 0.0226725 -0.0075000
vn 0.0000000 0.0000000 -1.0000000
v 0.0846742 0.0227673 -0.0075000
vn 0.0000000 0.0000000 -1.0000000
v 0.0846213 0.0230230 -0.0075000
vn 0.0000000 0.0000000 -1.0000000
v 0.0738201 -0.0257586 -0.0075000
vn 0.0000000 -0.0000000 -1.0000000
v 0.0071466 -0.0082372 -0.0075000
vn -0.0000000 -0.0000000 -1.0000000
v 0.0132504 -0.0085516 -0.0075000
vn 0.0000000 0.0000000 -1.0000000
v 0.0167359 -0.0031614 -0.0075000
vn 0.0000000 0.0000000 -1.0000000
v 0.0849574 -0.0224195 -0.0075000
vn 0.0000000 0.0000000 -1.0000000
v 0.0848573 -0.0228845 -0.0075000
vn 0.0000000 0.0000000 -1.0000000
v 0.0625487 -0.0236170 -0.0075000
vn 0.0000000 0.0000000 -1.0000000
v 0.0624156 0.0236502 -0.0075000
vn 0.0000000 0.0000000 -1.0000000
v 0.0841939 -0.0209496 -0.0075000
vn 0.0000000 0.0000000 -1.0000000
v 0.0386122 -0.0031922 -0.0075000
vn 0.0000000 -0.0000000 -1.0000000
v -0.0038130 -0.0045279 -0.0075000
vn 0.0000000 0.0000000 -1.0000000
v 0.0843038 -0.0211777 -0.0075000
vn 0.0000000 0.0000000 -1.0000000
v 0.0668281 -0.0245501 -0.0075000
vn 0.0000000 0.0000000 -1.0000000
v 0.0661374 0.0247039 -0.0075000
vn -0.0000000 0.0000000 -1.0000000
v 0.0119092 0.0114767 -0.0075000
vn 0.0000000 0.0000000 -1.0000000
v -0.0027364 0.0076627 -0.0075000
vn 0.0000000 0.0000000 -1.0000000
v 0.0798612 -0.0229085 -0.0075000
vn 0.0000000 0.0000000 -1.0000000
v 0.0236310 -0.0027532 -0.0075000
vn 0.0000000 0.0000000 -1.0000000
v 0.0845065 0.0218449 -0.0075000
vn 0.0000000 0.0000000 -1.0000000
v 0.0316729 0.0045578 -0.0075000
vn 0.0000000 0.0000000 -1.0000000
v 0.0793255 0.0229044 -0.0075000
vn 0.0000000 0.0000000 -1.0000000
v 0.0738667 0.0255112 -0.0075000
vn 0.0000000 0.0000000 -1.0000000
v 0.0697272 -0.0227528 -0.0075000
vn 0.0000000 0.0000000 -1.0000000
v 0.0215860 0.0088867 -0.0075000
vn 0.0000000 0.0000000 -1.0000000
v 0.0848160 -0.0215453 -0.0075000
vn 0.0000000 0.0000000 -1.0000000
v 0.0811859 -0.0233163 -0.0075000
vn 0.0000000 0.0000000 -1.0000000
v 0.0260406 0.0034737 -0.0075000
vn 0.0000000 -1.0000000 0.0000000
v 0.0817878 0.0203516 -0.0006704
vn 0.0000000 -1.0000000 0.0000000
v 0.0818979 0.0203516 0.0022450
vn 0.0000000 -1.0000000 0.0000000
v 0.0736973 0.0203516 0.0040814
vn 0.0000000 -1.0000000 0.0000000
v 0.0816092 0.0203516 -0.0038593
vn 0.0000000 -1.0000000 0.0000000
v 0.0736433 0.0203516 -0.0040573
vn 0.0000000 -1.0000000 0.0000000
v 0.0817167 0.0203516 0.0056033
vn 0.0000000 -1.0000000 0.0000000
v 0.0691118 0.0203516 0.0036374
vn 0.0000000 -1.0000000 0.0000000
v 0.0690951 0.0203516 -0.0036073
vn 0.0000000 -1.0000000 0.0000000
v 0.0721181 0.0203516 -0.0000144
vn 0.0000000 -1.0000000 0.0000000
v 0.0760268 0.0203516 0.0013390
vn 0.0000000 -1.0000000 0.0000000
v 0.0772900 0.0203516 0.0044620
vn 0.0000000 -1.0000000 0.0000000
v 0.0775064 0.0203516 -0.0041851
vn 0.0000000 -1.0000000 0.0000000
v 0.0790680 0.0203516 0.0019805
vn 0.0000000 -1.0000000 0.0000000
v 0.0784181 0.0203516 -0.0009198
vn 0.0000000 -1.0000000 0.0000000
v 0.0637632 0.0203516 0.0026744
vn 0.0000000 -1.0000000 0.0000000
v 0.0755463 0.0203516 -0.0015670
vn 0.0000000 -1.0000000 0.0000000
v 0.0799412 0.0203516 -0.0028916
vn 0.0000000 -1.0000000 0.0000000
v 0.0637566 0.0203516 -0.0026474
vn 0.0000000 -1.0000000 0.0000000
v 0.0817596 0.0203516 0.0037514
vn 0.0000000 -1.0000000 0.0000000
v 0.0799337 0.0203516 0.0043505
vn 0.0000000 -1.0000000 0.0000000
v 0.0818615 0.0203516 0.0008165
vn 0.0000000 -1.0000000 0.0000000
v 0.0816896 0.0203516 -0.0022096
vn 0.0000000 -1.0000000 0.0000000
v 0.0799714 0.0203516 -0.0048275
vn 0.0000000 -1.0000000 0.0000000
v 0.0816995 0.0203516 -0.0056975
vn 0.0000000 -1.0000000 0.0000000
v 0.0803896 0.0203516 0.0002457
vn 0.0000000 -1.0000000 0.0000000
v 0.0675827 0.0203516 0.0000151
vn 0.0000000 -1.0000000 0.0000000
v 0.0804456 0.0203516 -0.0012959
vn 0.0000000 -1.0000000 0.0000000
v 0.0807753 0.0203516 0.0016147
vn 0.0000000 -1.0000000 0.0000000
v 0.0806839 0.0203516 0.0027897
vn 0.0231487 0.9997276 -0.0029851
v 0.0705503 0.0279922 -0.0046540
vn -0.6326972 0.7743869 -0.0043877
v 0.0522304 0.0217288 -0.0029603
vn 0.4606770 0.8875679 -0.0002007
v 0.0828206 0.0248354 0.0036691
vn 0.4694193 0.8829746 -0.0012330
v 0.0830520 0.0247136 -0.0006934
vn 0.2565231 0.9665381 0.0002666
v 0.0771910 0.0270314 0.0050490
vn 0.2643392 0.9644298 -0.0002847
v 0.0772989 0.0270020 -0.0056640
vn 0.4720772 0.8815569 -0.0006693
v 0.0831169 0.0246789 -0.0037750
vn -0.3225292 0.9465527 -0.0035962
v 0.0609600 0.0265378 -0.0032792
vn 0.0063263 0.9999763 0.0027233
v 0.0702689 0.0279974 0.0040314
vn 0.3985201 0.9171596 -0.0002564
v 0.0810876 0.0256635 -0.0060619
vn 0.4004926 0.9162996 0.0008464
v 0.0811441 0.0256387 0.0062210
vn -0.7656351 0.6432748 0.0006572
v 0.0483854 0.0179319 0.0030155
vn -0.4881581 0.8727329 0.0062545
v 0.0562512 0.0244537 0.0026218
vn -0.1719195 0.9851107 0.0007752
v 0.0652140 0.0276068 -0.0027411
vn -0.2371175 0.9714797 0.0016164
v 0.0632162 0.0271930 0.0004644
vn -0.0934737 0.9956159 0.0034292
v 0.0673488 0.0278844 0.0007489
vn 0.1296668 0.9915576 0.0002933
v 0.0736173 0.0277508 -0.0041765
vn 0.0780478 0.9969495 -0.0005562
v 0.0721456 0.0279090 -0.0018680
vn 0.1792653 0.9838008 -0.0001107
v 0.0749547 0.0275381 -0.0016911
vn 0.1372465 0.9905367 -0.0006555
v 0.0737800 0.0277285 0.0005395
vn 0.2296864 0.9732647 -0.0000067
v 0.0763584 0.0272426 0.0005208
vn 0.2693426 0.9630442 -0.0007665
v 0.0774714 0.0269541 -0.0016023
vn 0.3117545 0.9501627 -0.0001358
v 0.0786676 0.0265886 0.0004208
vn 0.3481611 0.9374347 -0.0000816
v 0.0796802 0.0262327 -0.0015274
vn 0.3816212 0.9243188 0.0003120
v 0.0806504 0.0258499 0.0002932
vn 0.3571911 0.9340312 -0.0004487
v 0.0799200 0.0261419 0.0021593
vn 0.3137387 0.9495091 0.0006916
v 0.0787706 0.0265544 -0.0037410
vn 0.3845576 0.9231010 0.0003397
v 0.0807572 0.0258051 -0.0031740
vn 0.1959095 0.9806196 0.0021691
v 0.0753560 0.0274613 0.0027277
vn 0.4473757 0.8943461 0.0004561
v 0.0824774 0.0250112 -0.0062355
vn 0.4479077 0.8940798 -0.0001859
v 0.0824814 0.0250091 0.0063632
vn 0.4245942 0.9053833 0.0008987
v 0.0818553 0.0253146 0.0018670
vn 0.3999028 0.9165561 -0.0016797
v 0.0810872 0.0256636 0.0036454
vn 0.3338850 0.9426138 0.0002711
v 0.0793666 0.0263476 0.0040584
vn 0.3366433 0.9416317 -0.0009667
v 0.0793904 0.0263390 -0.0058566
vn -0.4826784 0.8757757 -0.0062087
v 0.0563254 0.0244949 -0.0026561
vn 0.3386266 0.9409209 0.0002017
v 0.0795139 0.0262941 0.0058929
vn 0.4696847 0.8828333 0.0013101
v 0.0830567 0.0247111 -0.0022443
vn 0.4171872 0.9088206 0.0001038
v 0.0816354 0.0254174 -0.0014557
vn -0.1523173 0.9883278 0.0027512
v 0.0656265 0.0276735 0.0040079
vn -0.7503323 0.6610597 -0.0012759
v 0.0488883 0.0185183 -0.0021238
vn 0.4717063 0.8817555 0.0006981
v 0.0831098 0.0246827 0.0008438
vn -0.6491914 0.7606149 0.0039334
v 0.0517097 0.0212950 0.0021977
vn 0.2810834 0.9596834 0.0001787
v 0.0778235 0.0268526 0.0025043
vn 0.0305136 0.9995343 -0.0003323
v 0.0709046 0.0279816 0.0006853
vn 0.4279886 0.9037842 0.0000528
v 0.0818896 0.0252984 -0.0046049
vn 0.4291753 0.9032201 -0.0014320
v 0.0818963 0.0252952 0.0050449
vn 0.1445493 0.9894965 0.0014489
v 0.0740237 0.0276932 0.0049240
vn -0.3197467 0.9474927 0.0044284
v 0.0610211 0.0265583 0.0037246
vn -0.0371945 0.9993077 0.0008428
v 0.0689303 0.0279835 -0.0021066
vn 0.4750223 0.8799738 0.0002445
v 0.0832430 0.0246109 0.0021800
vn 0.2262979 0.9740579 0.0006861
v 0.0762274 0.0272734 -0.0037535
vn 0.3736356 0.9275745 0.0014442
v 0.0803908 0.0259564 -0.0046864
vn 0.4742589 0.8803838 -0.0016589
v 0.0831831 0.0246433 0.0053552
vn -0.3761187 0.9265703 0.0015144
v 0.0594807 0.0259932 0.0001832
vn 0.1024918 0.9947206 0.0051358
v 0.0728761 0.0278403 0.0026014
vn 0.4750467 0.8799596 0.0013683
v 0.0832297 0.0246181 -0.0052666
vn -0.0960789 0.9953600 -0.0052341
v 0.0673626 0.0278857 -0.0048942
vn 0.4333239 0.9012383 -0.0000203
v 0.0820684 0.0252128 0.0001755
vn 0.4839914 0.8750727 -0.0004332
v 0.0834564 0.0244939 0.0065443
vn 0.4840347 0.8750488 0.0004085
v 0.0834639 0.0244898 -0.0064992
vn 0.4348231 0.9005159 0.0002289
v 0.0820979 0.0251985 -0.0030499
vn -0.5661445 0.8242918 0.0048450
v 0.0540477 0.0230873 -0.0001962
vn 0.3814397 0.9243937 -0.0002520
v 0.0806077 0.0258676 0.0049789
vn 0.1832934 0.9830552 -0.0024718
v 0.0751143 0.0275083 -0.0057141
vn -1.0000000 0.0000000 0.0000000
v -0.0087532 -0.0011098 0.0000094
vn -1.0000000 0.0000000 0.0000000
v -0.0087532 -0.0075745 -0.0024844
vn -1.0000000 0.0000000 0.0000000
v -0.0087532 0.0074477 -0.0000036
vn -1.0000000 0.0000000 0.0000000
v -0.0087532 -0.0075739 0.0025118
vn 0.0000000 -1.0000000 0.0000000
v 0.0358511 -0.0150000 0.0000294
vn 0.0000000 -1.0000000 0.0000000
v 0.0191425 -0.0150000 0.0000294
vn 0.0000000 -1.0000000 0.0000000
v 0.0274968 -0.0150000 0.0000153
vn 0.0000000 -1.0000000 0.0000000
v 0.0417659 -0.0150000 -0.0024744
vn 0.0000000 -1.0000000 0.0000000
v 0.0132277 -0.0150000 -0.0024744
vn 0.0000000 -1.0000000 0.0000000
v 0.0417683 -0.0150000 0.0025207
vn 0.0000000 -1.0000000 0.0000000
v 0.0132254 -0.0150000 0.0025207
vn 0.0243422 -0.9996991 0.0030162
v 0.0705874 -0.0279913 0.0046580
vn -0.6325643 -0.7744954 0.0043867
v 0.0522332 -0.0217310 0.0029604
vn 0.4655762 -0.8850077 0.0003659
v 0.0829136 -0.0247868 -0.0022609
vn 0.4719816 -0.8816077 -0.0011618
v 0.0831262 -0.0246739 0.0022783
vn 0.2649145 -0.9642719 0.0002133
v 0.0773134 -0.0269980 0.0056617
vn 0.2484956 -0.9686330 0.0003004
v 0.0769276 -0.0271012 -0.0053778
vn -0.3212758 -0.9469793 0.0034966
v 0.0609970 -0.0265502 0.0032804
vn 0.3974380 -0.9176290 0.0003324
v 0.0810816 -0.0256661 -0.0059896
vn 0.3991861 -0.9168699 0.0002299
v 0.0811073 -0.0256549 0.0060609
vn 0.0084154 -0.9999613 -0.0025687
v 0.0703242 -0.0279966 -0.0040356
vn -0.7656125 -0.6433018 -0.0006534
v 0.0483857 -0.0179323 -0.0030155
vn -0.4876556 -0.8730139 -0.0062240
v 0.0562639 -0.0244608 -0.0026216
vn 0.4756220 -0.8796489 -0.0013135
v 0.0832472 -0.0246087 0.0052727
vn 0.4760875 -0.8793971 0.0012207
v 0.0832451 -0.0246098 -0.0053080
vn -0.1697957 -0.9854790 -0.0007360
v 0.0652780 -0.0276176 0.0027444
vn -0.2350304 -0.9719868 -0.0015844
v 0.0632802 -0.0272086 -0.0004620
vn 0.1307601 -0.9914140 -0.0002785
v 0.0736455 -0.0277470 0.0041842
vn 0.0801300 -0.9967844 0.0003873
v 0.0722029 -0.0279043 0.0018809
vn 0.1810683 -0.9834706 0.0001133
v 0.0750046 -0.0275289 0.0017269
vn 0.1416254 -0.9899203 -0.0003484
v 0.0738989 -0.0277115 -0.0005173
vn 0.2322641 -0.9726524 0.0008844
v 0.0764594 -0.0272184 -0.0003829
vn 0.2713414 -0.9624828 0.0009117
v 0.0775229 -0.0269395 0.0016535
vn 0.3146363 -0.9492123 0.0004095
v 0.0787207 -0.0265710 -0.0002734
vn 0.3514664 -0.9362005 -0.0000635
v 0.0797606 -0.0262025 0.0015524
vn 0.3876729 -0.9217965 0.0010005
v 0.0807642 -0.0258021 -0.0002732
vn 0.3562273 -0.9343992 -0.0003172
v 0.0799104 -0.0261456 -0.0021679
vn 0.3152665 -0.9490029 -0.0008186
v 0.0788110 -0.0265408 0.0037426
vn 0.3870952 -0.9220393 -0.0008537
v 0.0808290 -0.0257747 0.0031661
vn -0.0908532 -0.9958583 -0.0034511
v 0.0674247 -0.0278913 -0.0007449
vn 0.2086402 -0.9779914 -0.0014477
v 0.0757872 -0.0273719 -0.0028033
vn 0.3316100 -0.9434165 0.0003075
v 0.0792450 -0.0263910 -0.0057123
vn 0.3372677 -0.9414083 0.0009289
v 0.0794090 -0.0263323 0.0058528
vn 0.3725700 -0.9280040 0.0005384
v 0.0803804 -0.0259606 -0.0042410
vn 0.2997127 -0.9540295 0.0003142
v 0.0783514 -0.0266909 -0.0037004
vn -0.4821441 -0.8760701 0.0061858
v 0.0563382 -0.0245020 0.0026564
vn 0.4223257 -0.9064431 -0.0013912
v 0.0818050 -0.0253384 0.0014537
vn 0.4559198 -0.8900209 -0.0000379
v 0.0826858 -0.0249052 -0.0004734
vn 0.4691711 -0.8831069 0.0008513
v 0.0830461 -0.0247168 -0.0038249
vn 0.4182153 -0.9083478 0.0005086
v 0.0816569 -0.0254075 -0.0031495
vn 0.4731418 -0.8809860 0.0007785
v 0.0831508 -0.0246607 0.0037798
vn -0.1507946 -0.9885614 -0.0027252
v 0.0656724 -0.0276805 -0.0040069
vn -0.7503001 -0.6610962 0.0012727
v 0.0488889 -0.0185191 0.0021238
vn -0.6490682 -0.7607200 -0.0039328
v 0.0517124 -0.0212973 -0.0021977
vn 0.0337595 -0.9994300 0.0001657
v 0.0709857 -0.0279786 -0.0006787
vn 0.4479975 -0.8940347 0.0003155
v 0.0825013 -0.0249991 -0.0062629
vn 0.4479046 -0.8940813 -0.0004090
v 0.0824931 -0.0250033 0.0062419
vn 0.4292772 -0.9031728 -0.0000271
v 0.0819287 -0.0252798 0.0046028
vn 0.1447694 -0.9894653 -0.0005416
v 0.0740736 -0.0276857 -0.0049883
vn -0.3187532 -0.9478279 -0.0043242
v 0.0610506 -0.0265681 -0.0037238
vn -0.0349003 -0.9993904 -0.0008771
v 0.0689960 -0.0279857 0.0021125
vn 0.3748562 -0.9270816 -0.0016048
v 0.0804285 -0.0259411 0.0046806
vn 0.4306719 -0.9025083 0.0007120
v 0.0819964 -0.0252475 -0.0047897
vn 0.2274475 -0.9737901 -0.0007262
v 0.0762581 -0.0272662 0.0037667
vn 0.4741493 -0.8804443 -0.0004704
v 0.0832089 -0.0246294 0.0009485
vn 0.4163336 -0.9092116 0.0007525
v 0.0816007 -0.0254334 -0.0016644
vn -0.3749651 -0.9270378 -0.0014715
v 0.0595136 -0.0260063 -0.0001822
vn 0.1087909 -0.9940534 -0.0047325
v 0.0730142 -0.0278252 -0.0026203
vn -0.0948602 -0.9954773 0.0051473
v 0.0673997 -0.0278890 0.0048969
vn 0.4843950 -0.8748494 0.0003472
v 0.0834730 -0.0244847 -0.0065141
vn 0.4842854 -0.8749101 -0.0003585
v 0.0834713 -0.0244857 0.0065045
vn 0.2825294 -0.9592567 -0.0019426
v 0.0778489 -0.0268450 -0.0018747
vn 0.4372121 -0.8993585 -0.0000459
v 0.0821738 -0.0251617 0.0030509
vn 0.1837783 -0.9829648 0.0024161
v 0.0751283 -0.0275056 0.0057169
vn -0.5658851 -0.8244698 -0.0048579
v 0.0540547 -0.0230920 0.0001964
vn 0.0000000 1.0000000 0.0000000
v 0.0819437 -0.0203516 0.0007093
vn 0.0000000 1.0000000 0.0000000
v 0.0816897 -0.0203516 -0.0022569
vn 0.0000000 1.0000000 0.0000000
v 0.0737400 -0.0203516 0.0043272
vn 0.0000000 1.0000000 0.0000000
v 0.0818984 -0.0203516 0.0039588
vn 0.0000000 1.0000000 0.0000000
v 0.0774770 -0.0203516 -0.0050098
vn 0.0000000 1.0000000 0.0000000
v 0.0682385 -0.0203516 -0.0041963
vn 0.0000000 1.0000000 0.0000000
v 0.0816706 -0.0203516 -0.0056696
vn 0.0000000 1.0000000 0.0000000
v 0.0693012 -0.0203516 0.0037470
vn 0.0000000 1.0000000 0.0000000
v 0.0772456 -0.0203516 0.0045843
vn 0.0000000 1.0000000 0.0000000
v 0.0758272 -0.0203516 0.0016615
vn 0.0000000 1.0000000 0.0000000
v 0.0787758 -0.0203516 0.0021174
vn 0.0000000 1.0000000 0.0000000
v 0.0778948 -0.0203516 -0.0006459
vn 0.0000000 1.0000000 0.0000000
v 0.0748735 -0.0203516 -0.0013836
vn 0.0000000 1.0000000 0.0000000
v 0.0747140 -0.0203516 -0.0045189
vn 0.0000000 1.0000000 0.0000000
v 0.0639134 -0.0203516 0.0025955
vn 0.0000000 1.0000000 0.0000000
v 0.0813302 -0.0203516 0.0022951
vn 0.0000000 1.0000000 0.0000000
v 0.0723098 -0.0203516 0.0008665
vn 0.0000000 1.0000000 0.0000000
v 0.0637543 -0.0203516 -0.0028262
vn 0.0000000 1.0000000 0.0000000
v 0.0816376 -0.0203516 -0.0038531
vn 0.0000000 1.0000000 0.0000000
v 0.0803739 -0.0203516 -0.0030440
vn 0.0000000 1.0000000 0.0000000
v 0.0801084 -0.0203516 -0.0015234
vn 0.0000000 1.0000000 0.0000000
v 0.0817305 -0.0203516 -0.0006902
vn 0.0000000 1.0000000 0.0000000
v 0.0817594 -0.0203516 0.0056352
vn 0.0000000 1.0000000 0.0000000
v 0.0800225 -0.0203516 0.0043504
vn 0.0000000 1.0000000 0.0000000
v 0.0798162 -0.0203516 -0.0046715
vn 0.0000000 1.0000000 0.0000000
v 0.0716831 -0.0203516 -0.0028456
vn 0.0000000 1.0000000 0.0000000
v 0.0787186 -0.0203516 -0.0029635
vn 0.0000000 1.0000000 0.0000000
v 0.0802975 -0.0203516 0.0003842
vn 0.0000000 1.0000000 0.0000000
v 0.0682232 -0.0203516 -0.0004300
vn 0.0000000 1.0000000 0.0000000
v 0.0767276 -0.0203516 -0.0029033
vn 0.8660254 0.5000000 0.0000000
v 0.0522650 -0.0101758 -0.0000507
vn 0.8660254 0.5000001 0.0000001
v 0.0556891 -0.0161066 0.0024640
vn 0.8660254 0.5000000 0.0000000
v 0.0488409 -0.0042450 0.0024640
vn 0.8660254 0.5000001 -0.0000001
v 0.0556907 -0.0161093 -0.0025294
vn 0.8660254 0.4999999 -0.0000000
v 0.0488393 -0.0042423 -0.0025294
vn 0.8660254 -0.5000000 -0.0000000
v 0.0522650 0.0101758 -0.0000507
vn 0.8660254 -0.5000000 0.0000000
v 0.0488409 0.0042450 0.0024640
vn 0.8660254 -0.5000001 0.0000001
v 0.0556891 0.0161066 0.0024640
vn 0.8660254 -0.4999999 -0.0000000
v 0.0488393 0.0042423 -0.0025294
vn 0.8660254 -0.5000001 -0.0000001
v 0.0556907 0.0161093 -0.0025294
vn 0.0000000 -1.0000000 0.0000000
v -0.0048631 -0.0125000 -0.0037676
vn 0.0000000 -1.0000000 0.0000000
v -0.0020917 -0.0125000 -0.0018316
vn 0.0000000 -1.0000000 0.0000000
v 0.0048704 -0.0125000 0.0037386
vn 0.0000000 -1.0000000 0.0000000
v 0.0020853 -0.0125000 0.0018316
vn 0.0000000 -1.0000000 0.0000000
v 0.0042802 -0.0125000 -0.0034418
vn 0.0000000 -1.0000000 0.0000000
v 0.0029476 -0.0125000 -0.0004759
vn 0.0000000 -1.0000000 0.0000000
v 0.0022501 -0.0125000 -0.0018480
vn 0.0000000 -1.0000000 0.0000000
v -0.0042866 -0.0125000 0.0034418
vn 0.0000000 -1.0000000 0.0000000
v -0.0031444 -0.0125000 0.0002059
vn 0.0000000 -1.0000000 0.0000000
v -0.0023497 -0.0125000 0.0019002
vn 0.0000000 -1.0000000 0.0000000
v 0.0043970 -0.0125000 0.0009423
vn 0.0000000 -1.0000000 0.0000000
v 0.0029224 -0.0125000 0.0008530
vn 0.0000000 -1.0000000 0.0000000
v 0.0044646 -0.0125000 -0.0012148
vn 0.0000000 -1.0000000 0.0000000
v 0.0028261 -0.0125000 -0.0011491
vn 0.0000000 -1.0000000 0.0000000
v -0.0043740 -0.0125000 -0.0010558
vn 0.0000000 -1.0000000 0.0000000
v -0.0027338 -0.0125000 -0.0009959
vn 0.0000000 -1.0000000 0.0000000
v -0.0043403 -0.0125000 0.0009950
vn 0.0000000 -1.0000000 0.0000000
v -0.0025626 -0.0125000 0.0011725
vn 0.0000000 -1.0000000 0.0000000
v 0.0023597 -0.0125000 0.0027622
vn 0.0000000 -1.0000000 0.0000000
v -0.0023322 -0.0125000 -0.0028019
vn 0.0000000 1.0000000 0.0000000
v 0.0048704 0.0125000 -0.0037386
vn 0.0000000 1.0000000 0.0000000
v 0.0020853 0.0125000 -0.0018316
vn 0.0000000 1.0000000 0.0000000
v 0.0042802 0.0125000 0.0034418
vn 0.0000000 1.0000000 0.0000000
v 0.0029476 0.0125000 0.0004759
vn 0.0000000 1.0000000 0.0000000
v 0.0022501 0.0125000 0.0018480
vn 0.0000000 1.0000000 0.0000000
v -0.0048768 0.0125000 -0.0037386
vn 0.0000000 1.0000000 0.0000000
v -0.0020917 0.0125000 -0.0018316
vn 0.0000000 1.0000000 0.0000000
v -0.0042866 0.0125000 0.0034418
vn 0.0000000 1.0000000 0.0000000
v -0.0029539 0.0125000 0.0004759
vn 0.0000000 1.0000000 0.0000000
v -0.0022564 0.0125000 0.0018480
vn 0.0000000 1.0000000 0.0000000
v 0.0043970 0.0125000 -0.0009423
vn 0.0000000 1.0000000 0.0000000
v 0.0029224 0.0125000 -0.0008530
vn 0.0000000 1.0000000 0.0000000
v 0.0044646 0.0125000 0.0012148
vn 0.0000000 1.0000000 0.0000000
v 0.0028261 0.0125000 0.0011491
vn 0.0000000 1.0000000 0.0000000
v -0.0044034 0.0125000 -0.0009423
vn 0.0000000 1.0000000 0.0000000
v -0.0029287 0.0125000 -0.0008530
vn 0.0000000 1.0000000 0.0000000
v -0.0044710 0.0125000 0.0012148
vn 0.0000000 1.0000000 0.0000000
v -0.0028325 0.0125000 0.0011491
vn 0.0000000 1.0000000 0.0000000
v -0.0023661 0.0125000 -0.0027622
vn 0.0000000 1.0000000 0.0000000
v 0.0023597 0.0125000 -0.0027622
vn -0.0385696 -0.0100541 -0.9992054
v 0.0000987 -0.0122316 0.0024979
vn 0.2759360 -0.0088921 -0.9611349
v -0.0006905 -0.0121651 0.0024037
vn 0.6767804 -0.0078605 -0.7361431
v -0.0016761 -0.0121171 0.0018578
vn -0.4661547 -0.0077466 -0.8846694
v 0.0011819 -0.0121827 0.0022013
vn -0.7343442 -0.0123652 -0.6786647
v 0.0018241 -0.0121511 0.0017061
vn -0.0352954 0.0097930 -0.9993290
v 0.0000917 0.0122270 0.0024982
vn 0.2803957 0.0095586 -0.9598369
v -0.0007017 0.0121645 0.0024004
vn 0.7080775 0.0100540 -0.7060632
v -0.0017593 0.0121833 0.0017793
vn -0.4391571 0.0060875 -0.8983897
v 0.0011060 0.0121842 0.0022405
vn -0.7587370 0.0155121 -0.6512124
v 0.0018877 0.0121773 0.0016355
vn 0.8230065 -0.0077428 -0.5679793
v -0.0020352 -0.0121090 0.0014563
vn 0.8591560 0.0094974 -0.5116256
v -0.0021416 0.0121180 0.0012951
vn 0.9554111 -0.0238266 -0.2943161
v -0.0023884 -0.0120699 0.0007489
vn 0.9666538 0.0204363 -0.2552702
v -0.0024204 0.0120128 0.0006382
vn -0.9070432 -0.0207137 -0.4205279
v 0.0022570 -0.0122500 0.0010684
vn -0.9089136 0.0199713 -0.4165061
v 0.0022613 0.0122558 0.0010593
vn 0.8063189 0.0219045 -0.5910754
v -0.0019880 0.0095498 0.0015200
vn 0.8612567 -0.0169851 -0.5078862
v -0.0021503 -0.0094338 0.0012806
vn -0.8085862 0.0013593 -0.5883762
v 0.0019735 0.0095729 0.0015307
vn -0.8045196 -0.0032794 -0.5939171
v 0.0019572 -0.0095861 0.0015514
vn 0.7594818 0.0065386 -0.6504957
v -0.0018976 0.0117150 0.0016313
vn 0.7352878 -0.0096316 -0.6776867
v -0.0018356 -0.0116768 0.0017007
vn -0.8460235 0.0175698 -0.5328561
v 0.0021006 0.0118955 0.0013506
vn -0.8420398 -0.0146900 -0.5392155
v 0.0020870 -0.0118673 0.0013716
vn 0.5701411 0.0107355 -0.8214766
v -0.0014398 0.0117168 0.0020460
vn 0.5485038 -0.0125895 -0.8360533
v -0.0013910 -0.0116845 0.0020794
vn -0.6795076 0.0300813 -0.7330515
v 0.0016858 0.0117200 0.0018432
vn -0.6827048 -0.0305413 -0.7300557
v 0.0016911 -0.0116055 0.0018383
vn 0.7152237 0.0042574 -0.6988826
v -0.0017876 0.0111586 0.0017510
vn 0.4775877 0.0066017 -0.8785593
v -0.0011856 0.0110136 0.0022027
vn 0.6960271 -0.0091913 -0.7179567
v -0.0017396 -0.0110745 0.0017986
vn 0.4420823 -0.0121417 -0.8968923
v -0.0010956 -0.0109702 0.0022487
vn 0.8930351 -0.0231236 -0.4493925
v -0.0021920 -0.0113452 0.0012080
vn 0.9036300 0.0273829 -0.4274377
v -0.0022266 0.0113719 0.0011431
vn 0.8066439 0.0014181 -0.5910360
v -0.0020071 0.0077399 0.0014947
vn -0.8085544 -0.0019026 -0.5884184
v 0.0019883 0.0056656 0.0015113
vn 0.7553087 0.0150238 -0.6551970
v -0.0019063 0.0039802 0.0016212
vn -0.8820192 0.0003627 -0.4712133
v 0.0021825 0.0019241 0.0012136
vn 0.7596419 -0.0153461 -0.6501606
v -0.0019206 -0.0001337 0.0016043
vn -0.8075277 0.0004932 -0.5898294
v 0.0019889 -0.0018041 0.0015105
vn 0.8149912 -0.0023136 -0.5794687
v -0.0020414 -0.0039926 0.0014476
vn -0.7915677 0.0029971 -0.6110741
v 0.0019642 -0.0056023 0.0015425
vn 0.3302214 0.0003399 -0.9439034
v -0.0008081 0.0086439 0.0023669
vn 0.3123594 0.0047278 -0.9499522
v -0.0007598 0.0069728 0.0023828
vn -0.2214785 0.0183284 -0.9749930
v 0.0005726 0.0079775 0.0024328
vn 0.8318219 -0.0015926 -0.5550404
v -0.0020887 -0.0077582 0.0013787
vn 0.3920558 -0.0140738 -0.9198338
v -0.0009895 -0.0088863 0.0022972
vn 0.3698560 -0.0033223 -0.9290832
v -0.0009271 -0.0069890 0.0023230
vn -0.1717464 -0.0163153 -0.9850061
v 0.0004561 -0.0080250 0.0024574
vn -0.8570045 0.0371808 -0.5139659
v 0.0021093 0.0110809 0.0013370
vn -0.5157904 0.0301706 -0.8561834
v 0.0012637 0.0108231 0.0021552
vn -0.2340994 -0.0003665 -0.9722126
v 0.0005954 0.0095065 0.0024273
vn -0.0838145 0.0306608 -0.9960096
v 0.0001876 0.0107150 0.0024927
vn -0.8574258 -0.0389117 -0.5131344
v 0.0021040 -0.0110586 0.0013453
vn -0.5173644 -0.0314568 -0.8551869
v 0.0012675 -0.0108180 0.0021530
vn -0.2293587 -0.0090777 -0.9732996
v 0.0005775 -0.0095765 0.0024316
vn -0.1160346 -0.0190889 -0.9930617
v 0.0002457 -0.0107531 0.0024876
vn -0.2588668 -0.0225554 -0.9656497
v 0.0006280 -0.0114430 0.0024190
vn -0.2488914 0.0261274 -0.9681790
v 0.0006036 0.0114384 0.0024253
vn 0.7951598 0.0048532 -0.6063805
v -0.0019826 0.0059040 0.0015271
vn 0.2634786 0.0071154 -0.9646390
v -0.0006096 0.0052000 0.0024253
vn 0.0587753 0.0044780 -0.9982612
v -0.0001153 0.0031615 0.0024975
vn 0.0194029 -0.0038713 -0.9998043
v -0.0000498 -0.0114483 0.0024996
vn 0.0349715 0.0050458 -0.9993756
v -0.0000861 0.0114335 0.0024986
vn 0.7291179 -0.0002426 -0.6843881
v -0.0018532 0.0019256 0.0016815
vn 0.0634020 -0.0042412 -0.9979790
v -0.0001277 0.0006884 0.0024969
vn 0.2728141 -0.0059386 -0.9620485
v -0.0006393 -0.0013776 0.0024177
vn -0.7460728 -0.0018367 -0.6658620
v 0.0018722 0.0035963 0.0016532
vn -0.7437142 0.0021161 -0.6684944
v 0.0018662 0.0002531 0.0016599
vn -0.8013760 0.0020485 -0.5981575
v 0.0019916 -0.0036816 0.0015069
vn -0.2829265 0.0011599 -0.9591409
v 0.0006952 -0.0044143 0.0024005
vn -0.3081786 0.0045954 -0.9513175
v 0.0007656 -0.0025774 0.0023789
vn 0.2113015 -0.0335611 -0.9768445
v -0.0005623 -0.0102314 0.0024367
vn 0.3209807 0.0402444 -0.9462303
v -0.0008175 0.0101268 0.0023637
vn 0.8235677 -0.0020959 -0.5672141
v -0.0020639 -0.0058926 0.0014154
vn -0.9611401 0.0295765 -0.2744723
v 0.0023983 0.0119001 0.0006948
vn -0.9603494 -0.0297999 -0.2772019
v 0.0023964 -0.0118926 0.0007013
vn -0.7692229 -0.0160266 -0.6387796
v 0.0018716 -0.0076623 0.0016538
vn 0.8002255 -0.0045836 -0.5996818
v -0.0020014 -0.0020924 0.0015024
vn 0.3108281 0.0067691 -0.9504421
v -0.0007727 0.0116268 0.0023786
vn 0.2939800 -0.0064550 -0.9557898
v -0.0007313 -0.0116236 0.0023916
vn 0.1757324 -0.0096483 -0.9843907
v -0.0004233 -0.0122861 0.0024645
vn 0.4376664 0.0178007 -0.8989612
v -0.0011009 0.0121185 0.0022461
vn 0.0679235 0.0016243 -0.9976892
v -0.0001885 0.0122941 0.0024931
vn 0.4273155 -0.0161594 -0.9039581
v -0.0010805 -0.0121105 0.0022560
vn -0.1722462 0.0097523 -0.9850057
v 0.0004157 0.0122329 0.0024647
vn 0.1783798 0.0087554 -0.9839228
v -0.0004294 0.0122849 0.0024634
vn -0.1762852 -0.0097804 -0.9842906
v 0.0004238 -0.0122359 0.0024633
vn 0.0659885 -0.0008576 -0.9978200
v -0.0001823 -0.0122981 0.0024936
vn -0.3099750 -0.0103705 -0.9506882
v 0.0007635 -0.0120631 0.0023795
vn -0.2983701 0.0107959 -0.9543892
v 0.0007413 0.0120652 0.0023866
vn 0.5724896 0.0060772 -0.8198895
v -0.0014240 0.0122042 0.0020570
vn 0.5560134 -0.0049736 -0.8311585
v -0.0013931 -0.0121839 0.0020780
vn -0.7853056 0.0139096 -0.6189521
v 0.0019112 0.0076678 0.0016078
vn -0.4639671 0.0127854 -0.8857602
v 0.0011509 0.0117273 0.0022177
vn -0.4736640 -0.0112737 -0.8806335
v 0.0011865 -0.0116919 0.0021988
vn -0.5630741 0.0137697 -0.8262917
v 0.0014030 0.0121389 0.0020671
vn -0.5991771 -0.0127048 -0.8005158
v 0.0014931 -0.0120390 0.0020028
vn -0.2521876 -0.0019816 -0.9676763
v 0.0006119 -0.0062991 0.0024232
vn 0.8844938 0.0298504 -0.4655960
v -0.0021280 0.0106304 0.0013172
vn 0.8756719 -0.0124662 -0.4827457
v -0.0021311 -0.0105281 0.0013123
vn -0.1103193 -0.0110859 -0.9938344
v 0.0002724 -0.0118987 0.0024848
vn -0.1021764 0.0116264 -0.9946983
v 0.0002546 0.0118926 0.0024867
vn -0.3044935 -0.0008948 -0.9525140
v 0.0007517 0.0063811 0.0023833
vn -0.8368697 0.0035080 -0.5473911
v 0.0020869 0.0122639 0.0013717
vn -0.3441035 -0.0188440 -0.9387426
v 0.0008558 -0.0009624 0.0023478
vn -0.8290622 -0.0057590 -0.5591269
v 0.0020724 -0.0122528 0.0013936
vn -0.4743376 0.0001140 -0.8803430
v 0.0012558 0.0019251 0.0021598
vn 0.3413576 -0.0013251 -0.9399326
v -0.0008593 -0.0051301 0.0023488
vn -0.3503329 0.0198143 -0.9364157
v 0.0008698 0.0048013 0.0023426
vn 0.6075338 -0.0293323 -0.7937520
v -0.0015171 -0.0101894 0.0019895
vn 0.6333073 0.0412611 -0.7727997
v -0.0016304 0.0104948 0.0018979
vn 0.3148984 -0.0003737 -0.9491253
v -0.0007831 -0.0032566 0.0023752
vn -0.6508122 -0.0079087 -0.7591976
v 0.0016074 -0.0122987 0.0019121
vn -0.6639302 0.0036718 -0.7477856
v 0.0016582 0.0122067 0.0018681
vn 0.1010565 -0.0153998 -0.9947615
v -0.0002474 -0.0119903 0.0024880
vn 0.1087561 0.0156574 -0.9939452
v -0.0002645 0.0119856 0.0024863
vn -0.5141622 0.0010716 -0.8576923
v 0.0012898 -0.0087156 0.0021397
vn -0.5617968 -0.0021836 -0.8272724
v 0.0014133 -0.0123041 0.0020600
vn -0.5340807 -0.0063183 -0.8454099
v 0.0013402 0.0086827 0.0021084
vn 0.2056004 0.0161741 -0.9785024
v -0.0005422 0.0109813 0.0024412
vn 0.1751673 -0.0077489 -0.9845082
v -0.0004480 -0.0110051 0.0024601
vn 0.9420323 0.3354799 0.0053349
v 0.0850532 -0.0216731 -0.0072148
vn 0.7389441 0.6737321 0.0068374
v 0.0846494 -0.0210037 -0.0072098
vn 0.9949024 -0.1001958 0.0114063
v 0.0851637 -0.0225319 -0.0071972
vn 0.9808473 0.1947311 -0.0042955
v 0.0851322 -0.0219558 0.0072274
vn 0.8030596 0.5958717 -0.0056786
v 0.0847869 -0.0211720 0.0071699
vn 0.9814927 -0.1912236 -0.0102790
v 0.0851352 -0.0227326 0.0072383
vn 0.9599720 -0.2799873 0.0078118
v 0.0850904 -0.0229163 -0.0072571
vn 0.6702802 0.7420945 -0.0044990
v 0.0845175 -0.0208721 0.0072278
vn 0.9009794 -0.4336833 -0.0124462
v 0.0849739 -0.0232190 0.0071887
vn 0.4876875 0.8729502 0.0109014
v 0.0841703 -0.0206187 -0.0072027
vn 0.4753091 0.8797960 -0.0063514
v 0.0841305 -0.0205964 0.0072159
vn 0.8079810 -0.5891604 0.0075397
v 0.0847934 -0.0235222 -0.0072510
vn 0.6957091 -0.7179989 -0.0215988
v 0.0845737 -0.0237781 0.0071303
vn 0.2461531 0.9690750 0.0173867
v 0.0836674 -0.0204140 -0.0071163
vn 0.6685296 -0.7436262 0.0093991
v 0.0845121 -0.0238360 -0.0072157
vn 0.2311257 0.9728600 -0.0111494
v 0.0836399 -0.0204071 0.0071382
vn 0.7086970 0.7053987 -0.0127015
v 0.0845905 -0.0209419 0.0067925
vn 0.9712053 -0.2378427 0.0138260
v 0.0851151 -0.0228243 -0.0068294
vn 0.9088829 -0.4159516 -0.0302673
v 0.0849949 -0.0231741 0.0052894
vn 0.5600212 0.8279176 0.0304767
v 0.0842988 -0.0206993 -0.0052767
vn 0.9500409 -0.3116619 -0.0170069
v 0.0850758 -0.0229637 0.0069418
vn 0.6336098 0.7735584 0.0120852
v 0.0844526 -0.0208155 -0.0069039
vn 0.9993653 0.0328678 0.0137418
v 0.0851704 -0.0222762 -0.0068389
vn 0.9888619 -0.1482626 0.0130579
v 0.0851514 -0.0226361 -0.0062793
vn 0.8631938 -0.5032587 0.0403383
v 0.0849316 -0.0233020 -0.0064257
vn 0.8593182 0.5113322 -0.0105651
v 0.0848909 -0.0213295 0.0067726
vn 0.7643746 0.6446108 -0.0144408
v 0.0847081 -0.0210710 0.0062635
vn 0.4839043 0.8742035 -0.0400614
v 0.0842039 -0.0206385 0.0063988
vn 0.7881470 0.6153054 0.0149538
v 0.0847504 -0.0211236 -0.0068486
vn 0.9961079 -0.0864590 -0.0171479
v 0.0851652 -0.0225143 0.0069291
vn 0.6078281 0.7938052 -0.0204535
v 0.0843767 -0.0207553 0.0039121
vn 0.9310107 -0.3644004 0.0207740
v 0.0850300 -0.0230913 -0.0039106
vn 0.9267128 -0.3757702 -0.0004595
v 0.0850244 -0.0231051 0.0022662
vn 0.5988839 0.8008357 0.0005693
v 0.0843653 -0.0207467 -0.0022652
vn 0.9292868 -0.3693589 -0.0003823
v 0.0850310 -0.0230887 -0.0007563
vn 0.6049009 0.7963007 0.0003767
v 0.0843808 -0.0207584 0.0007596
vn 0.5508853 0.8345614 0.0057021
v 0.0843324 -0.0207228 0.0057027
vn 0.9038016 -0.4279129 -0.0057680
v 0.0850081 -0.0231440 -0.0057067
vn 0.9330867 0.3593147 -0.0155670
v 0.0850372 -0.0216303 0.0063045
vn 0.9810888 0.1929343 0.0155324
v 0.0851333 -0.0219612 -0.0062964
vn 0.9695178 -0.2443720 -0.0178222
v 0.0851069 -0.0228568 0.0063179
vn 0.6925400 0.7211397 0.0185997
v 0.0845431 -0.0208957 -0.0062739
vn 0.8296530 -0.5576999 -0.0254298
v 0.0848524 -0.0234358 0.0066953
vn 0.4125865 0.9107137 0.0193157
v 0.0840345 -0.0205472 -0.0065922
vn 0.5926787 0.8054380 0.0012659
v 0.0843486 -0.0207345 -0.0037814
vn 0.9240340 -0.3823086 -0.0011553
v 0.0850170 -0.0231232 0.0037834
vn 0.7626157 -0.6454486 0.0425853
v 0.0847132 -0.0236259 -0.0067729
vn 0.3444338 0.9378950 -0.0414537
v 0.0839019 -0.0204896 0.0067305
vn 0.9742135 0.2239981 -0.0270743
v 0.0851120 -0.0218662 0.0046183
vn 0.9480414 0.3169786 0.0272399
v 0.0850791 -0.0217499 -0.0046125
vn 0.9603957 0.2786378 -0.0010850
v 0.0850905 -0.0217871 -0.0030591
vn 0.9303098 -0.3667743 -0.0005894
v 0.0850325 -0.0230849 -0.0022886
vn 0.6071286 0.7946035 0.0004608
v 0.0843844 -0.0207611 0.0022893
vn 0.9280336 -0.3724962 -0.0003824
v 0.0850280 -0.0230963 0.0007554
vn 0.6024638 0.7981462 0.0003719
v 0.0843749 -0.0207539 -0.0007523
vn 0.9652951 0.2611592 0.0011103
v 0.0851035 -0.0218333 0.0030616
vn 0.9642086 0.2651448 0.0001871
v 0.0851002 -0.0218214 0.0015216
vn 0.9630604 0.2692855 0.0000272
v 0.0850976 -0.0218118 0.0000025
vn 0.9618833 0.2734601 -0.0003120
v 0.0850949 -0.0218022 -0.0015185
vn 0.9820349 0.1884021 0.0105866
v 0.0851362 -0.0219761 -0.0071894
vn 0.9605507 0.2778957 0.0107894
v 0.0850899 -0.0217851 -0.0068355
vn 0.9985597 0.0533339 -0.0058365
v 0.0851691 -0.0222480 0.0072336
vn 0.9937316 0.1114687 -0.0085051
v 0.0851594 -0.0221292 0.0069633
vn 0.9472712 0.3204059 -0.0041817
v 0.0850681 -0.0217160 0.0072637
vn 0.8935679 0.4489209 0.0025649
v 0.0849588 -0.0214534 -0.0072835
vn 0.9984713 0.0550800 0.0046255
v 0.0851686 -0.0222388 -0.0072457
vn 0.8976320 0.4406332 -0.0099598
v 0.0849705 -0.0214772 0.0071855
vn 0.8305629 0.5568990 0.0053716
v 0.0848370 -0.0212438 -0.0072208
vn 0.9974116 0.0640353 -0.0327047
v 0.0851639 -0.0221742 0.0057737
vn 0.8810619 0.4718145 0.0334850
v 0.0849555 -0.0214469 -0.0057554
vn 0.9837320 -0.1771931 0.0295634
v 0.0851282 -0.0227667 -0.0049613
vn 0.7478086 0.6632512 -0.0296690
v 0.0846261 -0.0209786 0.0049637
vn 0.9977756 -0.0666045 -0.0028016
v 0.0851673 -0.0224857 0.0072802
vn 0.8076665 -0.5890841 -0.0255902
v 0.0848535 -0.0234341 0.0060752
vn 0.3814692 0.9239529 0.0281485
v 0.0840417 -0.0205507 -0.0060368
vn 0.8988898 -0.4381099 0.0075348
v 0.0849688 -0.0232296 -0.0072961
vn 0.6357615 0.7718672 0.0053369
v 0.0844555 -0.0208179 -0.0072651
vn 0.9497256 -0.3130645 -0.0034414
v 0.0850719 -0.0229758 0.0072743
vn 0.8209792 -0.5709066 -0.0076696
v 0.0848286 -0.0234719 0.0072040
vn 0.9968273 0.0779544 -0.0160767
v 0.0851640 -0.0221754 0.0065303
vn 0.8034381 -0.5953496 0.0067890
v 0.0848086 -0.0235009 -0.0050129
vn 0.3817233 0.9242541 -0.0064630
v 0.0839809 -0.0205226 0.0050133
vn 0.8707755 0.4915437 -0.0116139
v 0.0849109 -0.0213638 0.0056022
vn 0.5590374 0.8291277 -0.0049513
v 0.0842827 -0.0206885 0.0068767
vn 0.8816240 0.4716482 0.0169482
v 0.0849427 -0.0214221 -0.0064976
vn 0.9992140 0.0380087 0.0112612
v 0.0851705 -0.0222785 -0.0055988
vn 0.8955622 -0.4448456 0.0089872
v 0.0849596 -0.0232480 -0.0069722
vn 0.9549553 0.2964779 -0.0126972
v 0.0850841 -0.0217659 0.0068936
vn 0.8909164 0.4540786 0.0089865
v 0.0849536 -0.0214433 -0.0069831
vn 0.9812204 -0.1928160 0.0053357
v 0.0851358 0.0219738 -0.0072148
vn 0.8041140 -0.5943657 0.0114088
v 0.0847921 0.0211791 -0.0071972
vn 0.9794208 0.2017133 0.0068361
v 0.0851306 0.0227556 -0.0072098
vn 0.9423761 -0.3345146 -0.0052297
v 0.0850538 0.0216748 0.0072145
vn 0.7445191 -0.6675739 -0.0060537
v 0.0846582 0.0210135 0.0072097
vn 0.9949895 0.0993719 -0.0110062
v 0.0851637 0.0225309 0.0071958
vn 0.9611273 0.2760213 -0.0068270
v 0.0850920 0.0229108 0.0072521
vn 0.6822386 -0.7310879 0.0078139
v 0.0845327 0.0208860 -0.0072571
vn 0.8651883 0.5013286 0.0109022
v 0.0849154 0.0233313 -0.0072027
vn 0.5495729 -0.8353730 -0.0110258
v 0.0842727 0.0206819 0.0071808
vn 0.8243052 0.5660922 -0.0077894
v 0.0848329 0.0234654 0.0071872
vn 0.3936384 -0.9192345 0.0075378
v 0.0839679 0.0205169 -0.0072510
vn 0.2300498 -0.9729590 -0.0206834
v 0.0836466 0.0204088 0.0071285
vn 0.7066497 0.7073500 0.0173849
v 0.0845876 0.0237642 -0.0071164
vn 0.1948471 -0.9807886 0.0093977
v 0.0835657 0.0203908 -0.0072157
vn 0.6851016 0.7283847 -0.0095733
v 0.0845530 0.0237981 0.0071339
vn 0.7134328 -0.7005872 0.0138324
v 0.0846010 0.0209525 -0.0068294
vn 0.9719574 0.2347583 -0.0136911
v 0.0851161 0.0228204 0.0068243
vn 0.9042982 0.4258135 0.0304565
v 0.0849845 0.0231967 -0.0052769
vn 0.5642642 -0.8250250 -0.0306551
v 0.0843094 0.0207067 0.0052795
vn 0.9398576 0.3413529 0.0120820
v 0.0850575 0.0230179 -0.0069039
vn 0.6460872 -0.7631063 -0.0154961
v 0.0844794 0.0208382 0.0069150
vn 0.8759331 -0.4822369 0.0137452
v 0.0849284 0.0213955 -0.0068389
vn 0.7744109 -0.6325480 0.0130692
v 0.0847284 0.0210958 -0.0062794
vn 0.4850053 -0.8735793 0.0403631
v 0.0841992 0.0206356 -0.0064257
vn 0.9993929 -0.0321083 -0.0135231
v 0.0851704 0.0222781 0.0068375
vn 0.9885935 0.1500469 -0.0129986
v 0.0851509 0.0226402 0.0062769
vn 0.8647081 0.5006607 -0.0402358
v 0.0849345 0.0232965 0.0064171
vn 0.9918698 0.1263749 0.0149585
v 0.0851562 0.0226010 -0.0068486
vn 0.7930491 -0.6089733 -0.0149888
v 0.0847586 0.0211342 0.0068517
vn 0.6144249 -0.7887015 0.0207861
v 0.0843918 0.0207668 -0.0039109
vn 0.9286872 0.3703020 -0.0204101
v 0.0850244 0.0231052 0.0039099
vn 0.6040362 -0.7969568 -0.0005334
v 0.0843779 0.0207562 0.0022657
vn 0.9238769 0.3826892 0.0005931
v 0.0850175 0.0231220 -0.0022652
vn 0.6101075 -0.7923186 -0.0004175
v 0.0843934 0.0207680 -0.0007557
vn 0.9269743 0.3751246 0.0004213
v 0.0850254 0.0231026 0.0007600
vn 0.9022877 0.4310899 0.0061898
v 0.0850054 0.0231504 0.0057051
vn 0.5584827 -0.8294963 -0.0057529
v 0.0843458 0.0207325 -0.0057069
vn 0.9818745 -0.1888944 -0.0155400
v 0.0851349 0.0219692 0.0062954
vn 0.9420087 -0.3352287 0.0155341
v 0.0850576 0.0216854 -0.0062966
vn 0.6975738 -0.7162763 -0.0184162
v 0.0845553 0.0209073 0.0062908
vn 0.9637246 0.2662493 0.0186058
v 0.0850943 0.0229028 -0.0062740
vn 0.8199055 0.5721733 0.0193074
v 0.0848351 0.0234622 -0.0065922
vn 0.4223326 -0.9061087 -0.0245416
v 0.0840534 0.0205564 0.0066844
vn 0.9208612 0.3898884 0.0012663
v 0.0850093 0.0231412 -0.0037817
vn 0.5975525 -0.8018286 -0.0013601
v 0.0843604 0.0207431 0.0037802
vn 0.3258926 -0.9444468 0.0425951
v 0.0838460 0.0204686 -0.0067729
vn 0.7695346 0.6369527 -0.0459109
v 0.0847320 0.0236030 0.0067398
vn 0.9505848 -0.3092631 -0.0272934
v 0.0850845 0.0217673 0.0046114
vn 0.9770020 -0.2114831 0.0272397
v 0.0851190 0.0218952 -0.0046129
vn 0.9680480 -0.2507627 -0.0010793
v 0.0851098 0.0218574 -0.0030593
vn 0.6125035 -0.7904677 -0.0006135
v 0.0843970 0.0207708 -0.0022885
vn 0.9281629 0.3721740 0.0005394
v 0.0850274 0.0230977 0.0022889
vn 0.6071718 -0.7945705 -0.0004261
v 0.0843862 0.0207625 0.0007558
vn 0.9256923 0.3782772 0.0004067
v 0.0850223 0.0231103 -0.0007519
vn 0.9628066 -0.2701889 0.0011585
v 0.0850961 0.0218064 0.0030595
vn 0.9641237 -0.2654532 0.0001957
v 0.0850999 0.0218203 0.0015216
vn 0.9653818 -0.2608410 0.0000243
v 0.0851029 0.0218310 0.0000031
vn 0.9666111 -0.2562476 -0.0003177
v 0.0851057 0.0218416 -0.0015182
vn 0.9404780 -0.3396897 0.0105876
v 0.0850524 0.0216709 -0.0071894
vn 0.9677306 -0.2517560 0.0107898
v 0.0851101 0.0218588 -0.0068355
vn 0.9821597 -0.1877616 -0.0103870
v 0.0851365 0.0219773 0.0071890
vn 0.9612035 -0.2756327 -0.0107014
v 0.0850912 0.0217894 0.0068349
vn 0.8940687 -0.4479232 -0.0024538
v 0.0849597 0.0214553 0.0072832
vn 0.9975058 -0.0705384 0.0025666
v 0.0851668 0.0222109 -0.0072835
vn 0.8865013 -0.4627030 0.0046235
v 0.0849460 0.0214285 -0.0072457
vn 0.9984750 -0.0550131 -0.0046125
v 0.0851686 0.0222392 0.0072452
vn 0.8840329 -0.4661855 -0.0340135
v 0.0849617 0.0214593 0.0057572
vn 0.9984573 -0.0443070 0.0334648
v 0.0851674 0.0222185 -0.0057555
vn 0.7553424 -0.6546634 0.0295607
v 0.0846420 0.0209957 -0.0049615
vn 0.9825078 0.1838508 -0.0296197
v 0.0851253 0.0227804 0.0049604
vn 0.8323073 -0.5542916 -0.0050373
v 0.0848399 0.0212482 0.0072210
vn 0.9985007 0.0544750 0.0053722
v 0.0851692 0.0224533 -0.0072209
vn 0.3869134 -0.9217449 -0.0261605
v 0.0840531 0.0205563 0.0060632
vn 0.7999004 0.5994746 0.0281017
v 0.0848395 0.0234556 -0.0060369
vn 0.9047811 0.4258314 -0.0062362
v 0.0849769 0.0232128 0.0072794
vn 0.5489528 -0.8358194 0.0075342
v 0.0842681 0.0206789 -0.0072961
vn 0.9408477 0.3387878 0.0053350
v 0.0850588 0.0230143 -0.0072651
vn 0.6539739 -0.7565092 -0.0034598
v 0.0844808 0.0208395 0.0072622
vn 0.4126413 -0.9108649 -0.0072253
v 0.0840207 0.0205407 0.0072001
vn 0.3866886 -0.9221852 0.0068122
v 0.0839921 0.0205276 -0.0050130
vn 0.8014542 0.5980248 -0.0061290
v 0.0848040 0.0235074 0.0050125
vn 0.8839585 -0.4672564 -0.0169997
v 0.0849474 0.0214311 0.0065001
vn 0.9994199 -0.0321781 -0.0111576
v 0.0851709 0.0222902 0.0055978
vn 0.9988504 -0.0448421 0.0169443
v 0.0851690 0.0222461 -0.0064976
vn 0.8785067 -0.4775971 0.0112731
v 0.0849275 0.0213938 -0.0055990
vn 0.5426567 -0.8399066 0.0089863
v 0.0842509 0.0206677 -0.0069722
vn 0.9011788 0.4333105 -0.0109000
v 0.0849692 0.0232286 0.0069513
vn 0.9978619 -0.0647373 0.0089869
v 0.0851676 0.0222223 -0.0069831
vn 0.8923559 -0.4512472 -0.0087692
v 0.0849563 0.0214485 0.0069835
# 1293 vertices, 0 vertices normals


usemtl material_0
vt 0.7656901 0.1856909
vt 0.7656901 0.1976424
vt 0.7597144 0.1916666
f 35/1/35 1/2/1 442/3/442
vt 0.3208334 0.1055477
vt 0.3226424 0.1073567
vt 0.3190243 0.1073568
f 454/4/454 372/5/372 483/6/483
vt 0.0643090 0.1656901
vt 0.0509766 0.1656901
vt 0.0509766 0.1523576
f 437/7/437 431/8/431 475/9/475
vt 0.0490234 0.1656901
vt 0.0356910 0.1656901
vt 0.0490234 0.1523576
f 427/10/427 433/11/433 475/12/475
vt 0.2509766 0.1023576
vt 0.2527856 0.1041667
vt 0.2509766 0.1059757
f 444/13/444 372/14/372 449/15/449
vt 0.2541667 0.1055477
vt 0.2559757 0.1073567
vt 0.2523576 0.1073568
f 367/16/367 445/17/445 453/18/453
vt 0.2176432 0.1023576
vt 0.2194523 0.1041667
vt 0.2176432 0.1059757
f 103/19/103 380/20/380 442/21/442
vt 0.2277856 0.0791667
vt 0.2259766 0.0809757
vt 0.2259766 0.0773576
f 381/22/381 68/23/68 441/24/441
vt 0.0656901 0.1356909
vt 0.0656901 0.1490235
vt 0.0523576 0.1490234
f 443/25/443 410/26/410 464/27/464
vt 0.2190243 0.1073568
vt 0.2208333 0.1055477
vt 0.2226424 0.1073567
f 377/28/377 84/29/84 379/30/379
vt 0.2291667 0.0805477
vt 0.2309757 0.0823568
vt 0.2273576 0.0823568
f 101/31/101 375/32/375 380/33/380
vt 0.7523577 0.1843098
vt 0.7643090 0.1843099
vt 0.7583333 0.1902856
f 408/34/408 417/35/417 439/36/439
vt 0.2055477 0.1208333
vt 0.2073568 0.1190243
vt 0.2073568 0.1226423
f 387/37/387 403/38/403 405/39/405
vt 0.0523576 0.1509765
vt 0.0656901 0.1509766
vt 0.0656901 0.1643091
f 408/40/408 410/41/410 417/42/417
vt 0.7843099 0.1643091
vt 0.7843099 0.1523576
vt 0.7902856 0.1583333
f 384/43/384 35/44/35 415/45/415
vt 0.0523576 0.1823567
vt 0.0656901 0.1690243
vt 0.0656901 0.1823568
f 46/46/46 385/47/385 419/48/419
vt 0.2926432 0.0773576
vt 0.2944523 0.0791667
vt 0.2926432 0.0809757
f 367/49/367 451/50/451 484/51/484
vt 0.0656901 0.1976424
vt 0.0523576 0.1843098
vt 0.0656901 0.1843099
f 398/52/398 443/53/443 464/54/464
vt 0.7916667 0.1597143
vt 0.7976424 0.1656901
vt 0.7856910 0.1656901
f 419/55/419 385/56/385 420/57/420
vt 0.7690243 0.1656901
vt 0.7750000 0.1597143
vt 0.7809757 0.1656901
f 384/58/384 415/59/415 416/60/416
vt 0.2958333 0.0805477
vt 0.2976424 0.0823568
vt 0.2940243 0.0823568
f 448/61/448 366/62/366 484/63/484
vt 0.7823568 0.1643091
vt 0.7763811 0.1583333
vt 0.7823568 0.1523576
f 46/64/46 419/65/419 441/66/441
vt 0.7916667 0.1430477
vt 0.7976424 0.1490235
vt 0.7856910 0.1490234
f 415/67/415 35/68/35 442/69/442
vt 0.0490234 0.1809757
vt 0.0356910 0.1676432
vt 0.0490234 0.1676432
f 431/70/431 437/71/437 471/72/471
vt 0.7990234 0.1356909
vt 0.7990234 0.1476424
vt 0.7930478 0.1416667
f 421/73/421 412/74/412 438/75/438
vt 0.2208333 0.0805477
vt 0.2226424 0.0823568
vt 0.2190243 0.0823568
f 450/76/450 456/77/456 469/78/469
vt 0.0643090 0.1676432
vt 0.0509766 0.1809757
vt 0.0509766 0.1676432
f 433/79/433 427/80/427 476/81/476
vt 0.2023576 0.1176432
vt 0.2059757 0.1176432
vt 0.2041667 0.1194523
f 390/82/390 444/83/444 449/84/449
vt 0.2106910 0.1176432
vt 0.2143090 0.1176432
vt 0.2125000 0.1194522
f 445/85/445 391/86/391 453/87/453
vt 0.7930477 0.1583333
vt 0.7990234 0.1523576
vt 0.7990234 0.1643091
f 414/88/414 412/89/412 421/90/421
vt 0.2240234 0.0809757
vt 0.2222144 0.0791667
vt 0.2240234 0.0773576
f 455/91/455 452/92/452 470/93/470
vt 0.1406901 0.1059757
vt 0.1356910 0.1009766
vt 0.1406901 0.1009766
f 418/94/418 416/95/416 424/96/424
vt 0.1476424 0.1009766
vt 0.1426432 0.1059757
vt 0.1426432 0.1009766
f 420/97/420 422/98/422 423/99/423
vt 0.2856910 0.0823568
vt 0.2875000 0.0805477
vt 0.2893091 0.0823568
f 62/100/62 63/101/63 462/102/462
vt 0.0323568 0.1356909
vt 0.0323568 0.1490234
vt 0.0190243 0.1490234
f 433/103/433 394/104/394 475/105/475
vt 0.7856910 0.1509765
vt 0.7976424 0.1509766
vt 0.7916667 0.1569523
f 438/106/438 383/107/383 478/108/478
vt 0.7856910 0.1823567
vt 0.7916667 0.1763810
vt 0.7976424 0.1823568
f 408/109/408 439/110/439 479/111/479
vt 0.2906901 0.0809757
vt 0.2888811 0.0791667
vt 0.2906901 0.0773576
f 371/112/371 447/113/447 483/114/483
vt 0.0190243 0.1509765
vt 0.0323568 0.1509765
vt 0.0323568 0.1643090
f 76/115/76 77/116/77 430/117/430
vt 0.7990234 0.1690243
vt 0.7990234 0.1809757
vt 0.7930478 0.1750000
f 420/118/420 421/119/421 422/120/422
vt 0.0023576 0.1343099
vt 0.0156901 0.1343099
vt 0.0156901 0.1476424
f 435/121/435 477/122/477 480/123/480
vt 0.7990234 0.1856909
vt 0.7990234 0.1976424
vt 0.7930477 0.1916666
f 417/124/417 416/125/416 418/126/418
vt 0.0309757 0.1343099
vt 0.0176432 0.1476424
vt 0.0176432 0.1343099
f 80/127/80 383/128/383 411/129/411
vt 0.0490234 0.1343099
vt 0.0490234 0.1476424
vt 0.0356910 0.1343099
f 394/130/394 437/131/437 475/132/475
vt 0.0509766 0.1343099
vt 0.0643090 0.1343099
vt 0.0509766 0.1476424
f 436/133/436 435/134/435 480/135/480
vt 0.7916667 0.1902856
vt 0.7856910 0.1843098
vt 0.7976424 0.1843099
f 420/136/420 385/137/385 421/138/421
vt 0.7823568 0.1809757
vt 0.7763811 0.1750000
vt 0.7823568 0.1690243
f 384/139/384 416/140/416 417/141/417
vt 0.0476424 0.1509765
vt 0.0343099 0.1643090
vt 0.0343099 0.1509765
f 411/142/411 383/143/383 412/144/412
vt 0.7690243 0.1676432
vt 0.7809757 0.1676432
vt 0.7750000 0.1736189
f 417/145/417 410/146/410 485/147/485
vt 0.2273576 0.0740234
vt 0.2291667 0.0722144
vt 0.2309757 0.0740234
f 456/148/456 368/149/368 461/150/461
vt 0.2305477 0.0708333
vt 0.2323568 0.0690243
vt 0.2323568 0.0726424
f 373/151/373 455/152/455 460/153/460
vt 0.0476424 0.1490234
vt 0.0343099 0.1490234
vt 0.0343099 0.1356909
f 430/154/430 427/155/427 475/156/475
vt 0.0823568 0.1676432
vt 0.0823568 0.1809757
vt 0.0690243 0.1676432
f 431/157/431 430/158/430 475/159/475
vt 0.0843099 0.1809757
vt 0.0843099 0.1676432
vt 0.0976424 0.1676432
f 407/160/407 72/161/72 440/162/440
vt 0.0676432 0.1976424
vt 0.0676432 0.1843099
vt 0.0809757 0.1843098
f 464/163/464 409/164/409 477/165/477
vt 0.0809757 0.1823567
vt 0.0676432 0.1823568
vt 0.0676432 0.1690243
f 393/166/393 425/167/425 426/168/426
vt 0.0809757 0.1509765
vt 0.0676432 0.1643091
vt 0.0676432 0.1509766
f 80/169/80 81/170/81 383/171/383
vt 0.0676432 0.1356909
vt 0.0809757 0.1490234
vt 0.0676432 0.1490235
f 70/172/70 71/173/71 382/174/382
vt 0.2833334 0.2513810
vt 0.2976424 0.2656901
vt 0.2690243 0.2656901
f 395/175/395 76/176/76 430/177/430
vt 0.7856910 0.1676432
vt 0.7976424 0.1676432
vt 0.7916667 0.1736189
f 70/178/70 382/179/382 467/180/467
vt 0.7902856 0.1750000
vt 0.7843099 0.1809757
vt 0.7843099 0.1690243
f 422/181/422 421/182/421 438/183/438
vt 0.7523577 0.1490234
vt 0.7583333 0.1430477
vt 0.7643090 0.1490234
f 417/184/417 418/185/418 439/186/439
vt 0.0843099 0.1523576
vt 0.0976424 0.1656901
vt 0.0843099 0.1656901
f 46/187/46 45/188/45 385/189/385
vt 0.0690243 0.1656901
vt 0.0823568 0.1523576
vt 0.0823568 0.1656901
f 36/190/36 35/191/35 384/192/384
vt 0.1009766 0.1843099
vt 0.1143090 0.1843098
vt 0.1009766 0.1976424
f 393/193/393 78/194/78 425/195/425
vt 0.1143090 0.1823567
vt 0.1009766 0.1823568
vt 0.1009766 0.1690242
f 393/196/393 426/197/426 427/198/427
vt 0.1309757 0.1990234
vt 0.1176432 0.1990234
vt 0.1176432 0.1856909
f 398/199/398 37/200/37 443/201/443
vt 0.2093099 0.1226423
vt 0.2093099 0.1190243
vt 0.2111189 0.1208333
f 424/202/424 455/203/455 470/204/470
vt 0.2990234 0.2643090
vt 0.2847144 0.2499999
vt 0.2990234 0.2356909
f 77/205/77 393/206/393 430/207/430
vt 0.7656901 0.1356909
vt 0.7656901 0.1476424
vt 0.7597144 0.1416667
f 412/208/412 383/209/383 438/210/438
vt 0.7656901 0.1523576
vt 0.7656901 0.1643090
vt 0.7597144 0.1583333
f 383/211/383 81/212/81 466/213/466
vt 0.1156901 0.1990234
vt 0.1023576 0.1990234
vt 0.1156901 0.1856909
f 385/214/385 45/215/45 459/216/459
vt 0.0843099 0.1990234
vt 0.0843099 0.1856909
vt 0.0976424 0.1990234
f 409/217/409 407/218/407 440/219/440
vt 0.2059757 0.1259765
vt 0.2041667 0.1277856
vt 0.2023576 0.1259766
f 423/220/423 456/221/456 461/222/461
vt 0.2027856 0.1291667
vt 0.2009766 0.1309757
vt 0.2009766 0.1273576
f 455/223/455 424/224/424 460/225/460
vt 0.2009766 0.1226424
vt 0.2009766 0.1190243
vt 0.2027856 0.1208333
f 456/226/456 423/227/423 469/228/469
vt 0.0823568 0.1990234
vt 0.0690243 0.1990234
vt 0.0823568 0.1856909
f 382/229/382 71/230/71 407/231/407
vt 0.7523577 0.1509765
vt 0.7643090 0.1509765
vt 0.7583333 0.1569523
f 382/232/382 408/233/408 479/234/479
vt 0.2305477 0.0791667
vt 0.2323568 0.0773576
vt 0.2323568 0.0809757
f 366/235/366 469/236/469 484/237/484
vt 0.2273576 0.0759766
vt 0.2309757 0.0759766
vt 0.2291667 0.0777856
f 453/238/453 391/239/391 457/240/457
vt 0.2309757 0.0906901
vt 0.2273576 0.0906901
vt 0.2291667 0.0888810
f 390/241/390 449/242/449 458/243/458
vt 0.2023576 0.1240234
vt 0.2041667 0.1222144
vt 0.2059757 0.1240234
f 401/244/401 386/245/386 406/246/406
vt 0.0990234 0.1690242
vt 0.0990234 0.1823568
vt 0.0856910 0.1823567
f 78/247/78 79/248/79 425/249/425
vt 0.2305477 0.0875000
vt 0.2323568 0.0856909
vt 0.2323568 0.0893090
f 372/250/372 444/251/444 483/252/483
vt 0.0990234 0.1843099
vt 0.0990234 0.1976424
vt 0.0856910 0.1843098
f 414/253/414 459/254/459 468/255/468
vt 0.1176432 0.1656901
vt 0.1176432 0.1523576
vt 0.1309757 0.1656901
f 382/256/382 407/257/407 408/258/408
vt 0.7490234 0.1356909
vt 0.7490234 0.1476424
vt 0.7430478 0.1416667
f 414/259/414 421/260/421 487/261/487
vt 0.2976424 0.0740234
vt 0.2940243 0.0740234
vt 0.2958333 0.0722144
f 463/262/463 375/263/375 482/264/482
vt 0.7356910 0.1343099
vt 0.7476424 0.1343099
vt 0.7416667 0.1402856
f 81/265/81 405/266/405 466/267/466
vt 0.1023576 0.1656901
vt 0.1156901 0.1523576
vt 0.1156901 0.1656901
f 459/268/459 392/269/392 468/270/468
vt 0.1323568 0.1356909
vt 0.1323568 0.1490235
vt 0.1190243 0.1490234
f 409/271/409 440/272/440 477/273/477
vt 0.2323568 0.0976424
vt 0.2305477 0.0958333
vt 0.2323568 0.0940242
f 470/274/470 371/275/371 483/276/483
vt 0.2309757 0.0926432
vt 0.2291667 0.0944523
vt 0.2273576 0.0926432
f 445/277/445 367/278/367 484/279/484
vt 0.1323568 0.1643091
vt 0.1190243 0.1509765
vt 0.1323568 0.1509766
f 79/280/79 80/281/80 411/282/411
vt 0.2041667 0.1111190
vt 0.2023576 0.1093099
vt 0.2059757 0.1093099
f 388/283/388 415/284/415 442/285/442
vt 0.1523576 0.1009766
vt 0.1573568 0.1009766
vt 0.1573568 0.1059757
f 419/286/419 389/287/389 441/288/441
vt 0.1323568 0.1690243
vt 0.1323568 0.1823568
vt 0.1190243 0.1823567
f 75/289/75 395/290/395 446/291/446
vt 0.1323568 0.1976424
vt 0.1190243 0.1843098
vt 0.1323568 0.1843099
f 79/292/79 411/293/411 425/294/425
vt 0.1156901 0.1676432
vt 0.1156901 0.1809757
vt 0.1023576 0.1676432
f 395/295/395 430/296/430 431/297/431
vt 0.7523577 0.1343099
vt 0.7643090 0.1343099
vt 0.7583333 0.1402856
f 385/298/385 459/299/459 487/300/487
vt 0.1176432 0.1676432
vt 0.1309757 0.1676432
vt 0.1176432 0.1809757
f 393/301/393 427/302/427 430/303/430
vt 0.0990234 0.1356909
vt 0.0990234 0.1490234
vt 0.0856910 0.1490234
f 36/304/36 384/305/384 443/306/443
vt 0.0990234 0.1643090
vt 0.0856910 0.1509765
vt 0.0990234 0.1509765
f 427/307/427 426/308/426 476/309/476
vt 0.0823568 0.1476424
vt 0.0690243 0.1343099
vt 0.0823568 0.1343099
f 71/310/71 72/311/72 407/312/407
vt 0.0843099 0.1343099
vt 0.0976424 0.1343099
vt 0.0843099 0.1476424
f 434/313/434 398/314/398 435/315/435
vt 0.1023576 0.1343099
vt 0.1156901 0.1343099
vt 0.1156901 0.1476424
f 434/316/434 435/317/435 436/318/436
vt 0.1309757 0.1343099
vt 0.1176432 0.1476424
vt 0.1176432 0.1343099
f 395/319/395 431/320/431 432/321/432
vt 0.7509766 0.1476424
vt 0.7509766 0.1356909
vt 0.7569523 0.1416667
f 406/322/406 70/323/70 467/324/467
vt 0.1143090 0.1509765
vt 0.1009766 0.1643090
vt 0.1009766 0.1509765
f 72/325/72 73/326/73 440/327/440
vt 0.1143090 0.1490234
vt 0.1009766 0.1490234
vt 0.1009766 0.1356909
f 42/328/42 394/329/394 433/330/433
vt 0.1356910 0.1676432
vt 0.1490234 0.1676432
vt 0.1490234 0.1809757
f 38/331/38 398/332/398 434/333/434
vt 0.1509766 0.1809757
vt 0.1509766 0.1676432
vt 0.1643090 0.1676432
f 40/334/40 396/335/396 437/336/437
vt 0.1476424 0.1843098
vt 0.1343099 0.1976424
vt 0.1343099 0.1843099
f 395/337/395 432/338/432 446/339/446
vt 0.1476424 0.1823567
vt 0.1343099 0.1823568
vt 0.1343099 0.1690243
f 77/340/77 78/341/78 393/342/393
vt 0.1343099 0.1509766
vt 0.1476424 0.1509765
vt 0.1343099 0.1643091
f 75/343/75 76/344/76 395/345/395
vt 0.1343099 0.1356909
vt 0.1476424 0.1490234
vt 0.1343099 0.1490235
f 73/346/73 74/347/74 397/348/397
vt 0.1509766 0.1523576
vt 0.1643090 0.1656901
vt 0.1509766 0.1656901
f 42/349/42 41/350/41 394/351/394
vt 0.1490234 0.1656901
vt 0.1356910 0.1656901
vt 0.1490234 0.1523576
f 38/352/38 37/353/37 398/354/398
vt 0.1809757 0.1843098
vt 0.1676432 0.1976424
vt 0.1676432 0.1843099
f 40/355/40 39/356/39 396/357/396
vt 0.1809757 0.1823567
vt 0.1676432 0.1823568
vt 0.1676432 0.1690242
f 43/358/43 42/359/42 433/360/433
vt 0.1843099 0.1856909
vt 0.1976424 0.1990234
vt 0.1843099 0.1990234
f 396/361/396 434/362/434 436/363/436
vt 0.1823568 0.1990234
vt 0.1690243 0.1990234
vt 0.1823568 0.1856909
f 39/364/39 38/365/38 434/366/434
vt 0.1509766 0.1990234
vt 0.1509766 0.1856909
vt 0.1643090 0.1990234
f 41/367/41 40/368/40 437/369/437
vt 0.1356910 0.1990234
vt 0.1490234 0.1856909
vt 0.1490234 0.1990234
f 396/370/396 39/371/39 434/372/434
vt 0.1656901 0.1823568
vt 0.1523576 0.1823567
vt 0.1656901 0.1690242
f 394/373/394 41/374/41 437/375/437
vt 0.1523576 0.1843098
vt 0.1656901 0.1843099
vt 0.1656901 0.1976424
f 413/376/413 412/377/412 414/378/414
vt 0.1843099 0.1656901
vt 0.1843099 0.1523576
vt 0.1976424 0.1656901
f 73/379/73 397/380/397 440/381/440
vt 0.1690243 0.1656901
vt 0.1823568 0.1523576
vt 0.1823568 0.1656901
f 436/382/436 432/383/432 471/384/471
vt 0.1990235 0.1490235
vt 0.1856910 0.1490234
vt 0.1990235 0.1356909
f 392/385/392 43/386/43 433/387/433
vt 0.1990235 0.1643091
vt 0.1856910 0.1509765
vt 0.1990235 0.1509766
f 44/388/44 43/389/43 392/390/392
vt 0.1856910 0.1823567
vt 0.1990235 0.1690243
vt 0.1990235 0.1823568
f 408/391/408 409/392/409 410/393/410
vt 0.2240234 0.0856909
vt 0.2240234 0.0893090
vt 0.2222144 0.0875000
f 380/394/380 375/395/375 388/396/388
vt 0.1990235 0.1843099
vt 0.1990235 0.1976424
vt 0.1856910 0.1843098
f 435/397/435 464/398/464 477/399/477
vt 0.1823568 0.1676432
vt 0.1823568 0.1809757
vt 0.1690243 0.1676432
f 37/400/37 36/401/36 443/402/443
vt 0.1843099 0.1676432
vt 0.1976424 0.1676432
vt 0.1843099 0.1809757
f 44/403/44 392/404/392 459/405/459
vt 0.1656901 0.1490234
vt 0.1523576 0.1490234
vt 0.1656901 0.1356909
f 74/406/74 75/407/75 446/408/446
vt 0.1656901 0.1643090
vt 0.1523576 0.1509765
vt 0.1656901 0.1509765
f 411/409/411 412/410/412 413/411/413
vt 0.1490234 0.1476424
vt 0.1356910 0.1343099
vt 0.1490234 0.1343099
f 432/412/432 431/413/431 471/414/471
vt 0.1643090 0.1343099
vt 0.1509766 0.1476424
vt 0.1509766 0.1343099
f 425/415/425 413/416/413 426/417/426
vt 0.2972144 0.0708333
vt 0.2990234 0.0690243
vt 0.2990234 0.0726424
f 368/418/368 62/419/62 462/420/462
vt 0.2009766 0.1143091
vt 0.2009766 0.1106910
vt 0.2027856 0.1125000
f 423/421/423 428/422/428 469/423/469
vt 0.1690243 0.1343099
vt 0.1823568 0.1343099
vt 0.1823568 0.1476424
f 408/424/408 407/425/407 409/426/409
vt 0.1843099 0.1343099
vt 0.1976424 0.1343099
vt 0.1843099 0.1476424
f 411/427/411 413/428/413 425/429/425
vt 0.2027856 0.1041667
vt 0.2009766 0.1059757
vt 0.2009766 0.1023576
f 377/430/377 379/431/379 406/432/406
vt 0.1809757 0.1509765
vt 0.1676432 0.1643090
vt 0.1676432 0.1509765
f 396/433/396 436/434/436 471/435/471
vt 0.2059757 0.1073567
vt 0.2023576 0.1073568
vt 0.2041667 0.1055477
f 429/436/429 424/437/424 470/438/470
vt 0.1676432 0.1356909
vt 0.1809757 0.1490234
vt 0.1676432 0.1490234
f 397/439/397 74/440/74 446/441/446
vt 0.2093099 0.1143091
vt 0.2093099 0.1106909
vt 0.2111189 0.1125000
f 423/442/423 422/443/422 428/444/428
vt 0.2143090 0.1156901
vt 0.2106910 0.1156901
vt 0.2125000 0.1138810
f 418/445/418 424/446/424 429/447/429
vt 0.2023576 0.1676432
vt 0.2156901 0.1676432
vt 0.2156901 0.1809757
f 432/448/432 436/449/436 480/450/480
vt 0.2176432 0.1809757
vt 0.2176432 0.1676432
vt 0.2309757 0.1676432
f 45/451/45 44/452/44 459/453/459
vt 0.1593099 0.1059757
vt 0.1593099 0.1009766
vt 0.1643090 0.1009765
f 405/454/405 403/455/403 466/456/466
vt 0.2143090 0.1843098
vt 0.2009766 0.1976424
vt 0.2009766 0.1843099
f 435/457/435 398/458/398 464/459/464
vt 0.2190243 0.0843099
vt 0.2226424 0.0843099
vt 0.2208333 0.0861189
f 370/460/370 400/461/400 481/462/481
vt 0.2023576 0.1156901
vt 0.2041667 0.1138811
vt 0.2059757 0.1156901
f 466/463/466 403/464/403 478/465/478
vt 0.2273576 0.0843099
vt 0.2309757 0.0843099
vt 0.2291667 0.0861189
f 374/466/374 390/467/390 458/468/458
vt 0.2259766 0.0893090
vt 0.2259766 0.0856909
vt 0.2277856 0.0875000
f 391/469/391 369/470/369 457/471/457
vt 0.2125000 0.0722144
vt 0.2143090 0.0740234
vt 0.2106910 0.0740234
f 374/472/374 386/473/386 390/474/390
vt 0.2156901 0.0726424
vt 0.2138811 0.0708333
vt 0.2156901 0.0690243
f 387/475/387 369/476/369 391/477/391
vt 0.2009766 0.1690243
vt 0.2143090 0.1823567
vt 0.2009766 0.1823568
f 437/478/437 396/479/396 471/480/471
vt 0.2073568 0.1106909
vt 0.2073568 0.1143091
vt 0.2055477 0.1125000
f 390/481/390 402/482/402 444/483/444
vt 0.2073568 0.0856910
vt 0.2073568 0.0893090
vt 0.2055477 0.0875000
f 404/484/404 391/485/391 445/486/445
vt 0.2023576 0.0843099
vt 0.2059757 0.0843099
vt 0.2041667 0.0861190
f 399/487/399 375/488/375 463/489/463
vt 0.2009766 0.1643091
vt 0.2009766 0.1509766
vt 0.2143090 0.1509765
f 426/490/426 413/491/413 468/492/468
vt 0.1559757 0.1093099
vt 0.1509766 0.1143090
vt 0.1509766 0.1093099
f 420/493/420 423/494/423 461/495/461
vt 0.1509766 0.1023576
vt 0.1559757 0.1073567
vt 0.1509766 0.1073568
f 424/496/424 416/497/416 460/498/460
vt 0.2138811 0.0791667
vt 0.2156901 0.0773576
vt 0.2156901 0.0809757
f 370/499/370 389/500/389 400/501/400
vt 0.2125000 0.0861189
vt 0.2106910 0.0843099
vt 0.2143090 0.0843099
f 388/502/388 375/503/375 399/504/399
vt 0.1406901 0.1226423
vt 0.1356910 0.1176432
vt 0.1406901 0.1176432
f 438/505/438 404/506/404 489/507/489
vt 0.2093099 0.0893090
vt 0.2093099 0.0856910
vt 0.2111189 0.0875000
f 402/508/402 439/509/439 488/510/488
vt 0.2009766 0.1356909
vt 0.2143090 0.1490234
vt 0.2009766 0.1490235
f 413/511/413 414/512/414 468/513/468
vt 0.1476424 0.1176432
vt 0.1426432 0.1226423
vt 0.1426432 0.1176432
f 422/514/422 438/515/438 489/516/489
vt 0.1393090 0.1259765
vt 0.1343099 0.1309757
vt 0.1343099 0.1259766
f 439/517/439 418/518/418 488/519/488
vt 0.2972144 0.0791667
vt 0.2990234 0.0773576
vt 0.2990234 0.0809757
f 58/520/58 59/521/59 366/522/366
vt 0.2976424 0.0759766
vt 0.2958333 0.0777856
vt 0.2940243 0.0759766
f 94/523/94 93/524/93 371/525/371
vt 0.2940243 0.0906901
vt 0.2958333 0.0888810
vt 0.2976424 0.0906901
f 55/526/55 56/527/56 367/528/367
vt 0.2972144 0.0875000
vt 0.2990234 0.0856909
vt 0.2990234 0.0893090
f 91/529/91 90/530/90 372/531/372
vt 0.1343099 0.1240234
vt 0.1343099 0.1190243
vt 0.1393090 0.1240234
f 401/532/401 406/533/406 467/534/467
vt 0.2990234 0.0940242
vt 0.2990234 0.0976424
vt 0.2972144 0.0958333
f 56/535/56 57/536/57 451/537/451
vt 0.2940243 0.0926432
vt 0.2976424 0.0926432
vt 0.2958333 0.0944523
f 92/538/92 91/539/91 454/540/454
vt 0.4426432 0.1143091
vt 0.4426432 0.1106909
vt 0.4444523 0.1125000
f 93/541/93 92/542/92 447/543/447
vt 0.4476424 0.1156901
vt 0.4440243 0.1156901
vt 0.4458333 0.1138810
f 57/544/57 58/545/58 448/546/448
vt 0.1343099 0.1093099
vt 0.1393090 0.1093099
vt 0.1343099 0.1143091
f 401/547/401 467/548/467 479/549/479
vt 0.2176432 0.1523576
vt 0.2309757 0.1656901
vt 0.2176432 0.1656901
f 477/550/477 397/551/397 480/552/480
vt 0.2023576 0.1656901
vt 0.2156901 0.1523576
vt 0.2156901 0.1656901
f 440/553/440 397/554/397 477/555/477
vt 0.2476424 0.1843098
vt 0.2343099 0.1976424
vt 0.2343099 0.1843099
f 410/556/410 409/557/409 464/558/464
vt 0.2888811 0.0875000
vt 0.2906901 0.0856909
vt 0.2906901 0.0893090
f 59/559/59 60/560/60 450/561/450
vt 0.2893091 0.0843099
vt 0.2875000 0.0861189
vt 0.2856910 0.0843099
f 95/562/95 94/563/94 452/564/452
vt 0.2958333 0.0861189
vt 0.2940243 0.0843099
vt 0.2976424 0.0843099
f 90/565/90 89/566/89 449/567/449
vt 0.2926432 0.0856909
vt 0.2944523 0.0875000
vt 0.2926432 0.0893090
f 54/568/54 55/569/55 453/570/453
vt 0.2125000 0.0777856
vt 0.2106910 0.0759766
vt 0.2143090 0.0759766
f 373/571/373 460/572/460 463/573/463
vt 0.2073568 0.0726424
vt 0.2055477 0.0708333
vt 0.2073568 0.0690243
f 461/574/461 368/575/368 462/576/462
vt 0.2343099 0.1690242
vt 0.2476424 0.1823567
vt 0.2343099 0.1823568
f 392/577/392 433/578/433 476/579/476
vt 0.7823568 0.1356909
vt 0.7823568 0.1476424
vt 0.7763811 0.1416667
f 443/580/443 384/581/384 485/582/485
vt 0.2809757 0.0740234
vt 0.2773576 0.0740234
vt 0.2791667 0.0722144
f 462/583/462 63/584/63 481/585/481
vt 0.2643090 0.1990234
vt 0.2509766 0.1990234
vt 0.2509766 0.1856909
f 446/586/446 432/587/432 480/588/480
vt 0.1343099 0.1023576
vt 0.1393090 0.1073567
vt 0.1343099 0.1073568
f 400/589/400 420/590/420 461/591/461
vt 0.1426432 0.1106909
vt 0.1476424 0.1156901
vt 0.1426432 0.1156901
f 416/592/416 399/593/399 460/594/460
vt 0.1406901 0.1156901
vt 0.1356910 0.1156901
vt 0.1406901 0.1106909
f 400/595/400 419/596/419 420/597/420
vt 0.1356910 0.0843099
vt 0.1406901 0.0843099
vt 0.1406901 0.0893090
f 415/598/415 399/599/399 416/600/416
vt 0.2059757 0.0926432
vt 0.2041667 0.0944523
vt 0.2023576 0.0926433
f 403/601/403 391/602/391 404/603/404
vt 0.1426432 0.0843099
vt 0.1476424 0.0843099
vt 0.1426432 0.0893090
f 390/604/390 401/605/401 402/606/402
vt 0.2059757 0.0676432
vt 0.2041667 0.0694523
vt 0.2023576 0.0676432
f 96/607/96 95/608/95 455/609/455
vt 0.2125000 0.0694523
vt 0.2106910 0.0676432
vt 0.2143090 0.0676432
f 60/610/60 61/611/61 456/612/456
vt 0.2823568 0.0726424
vt 0.2805477 0.0708333
vt 0.2823568 0.0690243
f 53/613/53 54/614/54 457/615/457
vt 0.2027856 0.0958334
vt 0.2009766 0.0976424
vt 0.2009766 0.0940243
f 376/616/376 387/617/387 405/618/405
vt 0.2805477 0.0791667
vt 0.2823568 0.0773576
vt 0.2823568 0.0809757
f 89/619/89 88/620/88 458/621/458
vt 0.2490234 0.1990234
vt 0.2356910 0.1990234
vt 0.2490235 0.1856909
f 397/622/397 446/623/446 480/624/480
vt 0.2111189 0.0708333
vt 0.2093099 0.0726424
vt 0.2093099 0.0690243
f 469/625/469 428/626/428 484/627/484
vt 0.2240234 0.0726424
vt 0.2222144 0.0708333
vt 0.2240234 0.0690243
f 429/628/429 470/629/470 483/630/483
vt 0.1393090 0.0926432
vt 0.1343099 0.0976424
vt 0.1343099 0.0926433
f 383/631/383 466/632/466 478/633/478
vt 0.7690243 0.1343099
vt 0.7809757 0.1343099
vt 0.7750000 0.1402856
f 459/634/459 414/635/414 487/636/487
vt 0.1393090 0.0906901
vt 0.1343099 0.0906901
vt 0.1343099 0.0856910
f 439/637/439 402/638/402 479/639/479
vt 0.1343099 0.0759766
vt 0.1393090 0.0759766
vt 0.1343099 0.0809758
f 404/640/404 438/641/438 478/642/478
vt 0.2190243 0.0676432
vt 0.2226424 0.0676432
vt 0.2208333 0.0694523
f 400/643/400 462/644/462 481/645/481
vt 0.2009766 0.0856910
vt 0.2027856 0.0875000
vt 0.2009766 0.0893091
f 390/646/390 386/647/386 401/648/401
vt 0.2041667 0.0888811
vt 0.2059757 0.0906901
vt 0.2023576 0.0906901
f 387/649/387 391/650/391 403/651/403
vt 0.7856910 0.1343099
vt 0.7976424 0.1343099
vt 0.7916667 0.1402856
f 426/652/426 468/653/468 476/654/476
vt 0.2041667 0.0777857
vt 0.2023576 0.0759766
vt 0.2059757 0.0759766
f 386/655/386 377/656/377 406/657/406
vt 0.2027856 0.0791667
vt 0.2009766 0.0809758
vt 0.2009766 0.0773576
f 388/658/388 399/659/399 415/660/415
vt 0.2009766 0.0690243
vt 0.2027856 0.0708333
vt 0.2009766 0.0726424
f 400/661/400 389/662/389 419/663/419
vt 0.2791667 0.0777856
vt 0.2773576 0.0759766
vt 0.2809757 0.0759766
f 366/664/366 450/665/450 469/666/469
vt 0.2740234 0.0726424
vt 0.2722144 0.0708333
vt 0.2740234 0.0690243
f 61/667/61 62/668/62 368/669/368
vt 0.2708333 0.0694523
vt 0.2690243 0.0676432
vt 0.2726424 0.0676432
f 97/670/97 96/671/96 373/672/373
vt 0.2809757 0.0676432
vt 0.2791667 0.0694523
vt 0.2773576 0.0676432
f 52/673/52 53/674/53 369/675/369
vt 0.2759766 0.0690243
vt 0.2777856 0.0708333
vt 0.2759766 0.0726424
f 88/676/88 87/677/87 374/678/374
vt 0.2906901 0.0690243
vt 0.2906901 0.0726424
vt 0.2888811 0.0708333
f 369/679/369 387/680/387 472/681/472
vt 0.2273576 0.0676432
vt 0.2309757 0.0676432
vt 0.2291667 0.0694523
f 386/682/386 374/683/374 465/684/465
vt 0.7843099 0.1476424
vt 0.7843099 0.1356909
vt 0.7902856 0.1416667
f 410/685/410 443/686/443 485/687/485
vt 0.2893091 0.0676432
vt 0.2875000 0.0694523
vt 0.2856910 0.0676432
f 63/688/63 64/689/64 481/690/481
vt 0.2976424 0.0676432
vt 0.2958333 0.0694523
vt 0.2940243 0.0676432
f 51/691/51 52/692/52 472/693/472
vt 0.2926432 0.0690243
vt 0.2944523 0.0708333
vt 0.2926432 0.0726424
f 87/694/87 86/695/86 465/696/465
vt 0.1343099 0.0740235
vt 0.1343099 0.0690243
vt 0.1393090 0.0740234
f 467/697/467 382/698/382 479/699/479
vt 0.2856910 0.0759766
vt 0.2893091 0.0759766
vt 0.2875000 0.0777856
f 387/700/387 376/701/376 472/702/472
vt 0.2259766 0.0726424
vt 0.2259766 0.0690243
vt 0.2277856 0.0708333
f 377/703/377 386/704/386 465/705/465
vt 0.7690243 0.1509765
vt 0.7809757 0.1509765
vt 0.7750000 0.1569523
f 384/706/384 417/707/417 485/708/485
vt 0.2843099 0.0809757
vt 0.2843099 0.0773576
vt 0.2861190 0.0791667
f 389/709/389 370/710/370 473/711/473
vt 0.2843099 0.0726424
vt 0.2843099 0.0690243
vt 0.2861190 0.0708333
f 381/712/381 389/713/389 473/714/473
vt 0.2856910 0.0740234
vt 0.2875000 0.0722144
vt 0.2893091 0.0740234
f 86/715/86 85/716/85 377/717/377
vt 0.3106910 0.0740234
vt 0.3125000 0.0722144
vt 0.3143091 0.0740234
f 50/718/50 51/719/51 376/720/376
vt 0.3138811 0.0708333
vt 0.3156901 0.0690243
vt 0.3156901 0.0726424
f 100/721/100 99/722/99 375/723/375
vt 0.3156901 0.0809757
vt 0.3138811 0.0791667
vt 0.3156901 0.0773576
f 64/724/64 65/725/65 370/726/370
vt 0.2059757 0.0740234
vt 0.2023576 0.0740235
vt 0.2041667 0.0722144
f 444/727/444 429/728/429 483/729/483
vt 0.3125000 0.0777856
vt 0.3106910 0.0759766
vt 0.3143091 0.0759766
f 49/730/49 50/731/50 474/732/474
vt 0.3073568 0.0690243
vt 0.3073568 0.0726424
vt 0.3055477 0.0708333
f 65/733/65 66/734/66 473/735/473
vt 0.2093099 0.0809758
vt 0.2093099 0.0773576
vt 0.2111189 0.0791667
f 403/736/403 404/737/404 478/738/478
vt 0.1426432 0.0823568
vt 0.1426432 0.0773576
vt 0.1476424 0.0823568
f 402/739/402 401/740/401 479/741/479
vt 0.7676433 0.1643090
vt 0.7676433 0.1523576
vt 0.7736189 0.1583333
f 468/742/468 392/743/392 476/744/476
vt 0.2143090 0.0823568
vt 0.2106910 0.0823568
vt 0.2125000 0.0805477
f 428/745/428 445/746/445 484/747/484
vt 0.3023576 0.0676432
vt 0.3059757 0.0676432
vt 0.3041667 0.0694523
f 102/748/102 101/749/101 380/750/380
vt 0.3106910 0.0676432
vt 0.3143091 0.0676432
vt 0.3125000 0.0694523
f 66/751/66 67/752/67 381/753/381
vt 0.2208333 0.0777856
vt 0.2190243 0.0759766
vt 0.2226424 0.0759766
f 48/754/48 49/755/49 378/756/378
vt 0.2176432 0.0773576
vt 0.2194523 0.0791667
vt 0.2176432 0.0809757
f 84/757/84 83/758/83 379/759/379
vt 0.3093099 0.0690243
vt 0.3111190 0.0708333
vt 0.3093099 0.0726424
f 375/760/375 99/761/99 482/762/482
vt 0.4393091 0.1156901
vt 0.4356910 0.1156901
vt 0.4375000 0.1138811
f 99/763/99 98/764/98 482/765/482
vt 0.2176432 0.0690243
vt 0.2194523 0.0708333
vt 0.2176432 0.0726424
f 389/766/389 381/767/381 441/768/441
vt 0.2041667 0.0805477
vt 0.2059757 0.0823568
vt 0.2023576 0.0823568
f 380/769/380 388/770/388 442/771/442
vt 0.3240235 0.0690243
vt 0.3240235 0.0726424
vt 0.3222144 0.0708333
f 367/772/367 56/773/56 451/774/451
vt 0.3226424 0.0676432
vt 0.3208334 0.0694523
vt 0.3190243 0.0676432
f 371/775/371 93/776/93 447/777/447
vt 0.3273576 0.0676432
vt 0.3309757 0.0676432
vt 0.3291667 0.0694523
f 91/778/91 372/779/372 454/780/454
vt 0.3259766 0.0726424
vt 0.3259766 0.0690243
vt 0.3277856 0.0708333
f 58/781/58 366/782/366 448/783/448
vt 0.4406901 0.1106909
vt 0.4406901 0.1143091
vt 0.4388811 0.1125000
f 447/784/447 92/785/92 454/786/454
vt 0.4523576 0.1259766
vt 0.4559757 0.1259765
vt 0.4541667 0.1277856
f 57/787/57 448/788/448 451/789/451
vt 0.3190243 0.0759766
vt 0.3226424 0.0759766
vt 0.3208334 0.0777856
f 366/790/366 59/791/59 450/792/450
vt 0.3176433 0.0809757
vt 0.3176433 0.0773576
vt 0.3194523 0.0791667
f 94/793/94 371/794/371 452/795/452
vt 0.2226424 0.0740234
vt 0.2190243 0.0740234
vt 0.2208333 0.0722144
f 372/796/372 90/797/90 449/798/449
vt 0.2476424 0.0740234
vt 0.2440243 0.0740234
vt 0.2458333 0.0722144
f 55/799/55 367/800/367 453/801/453
vt 0.7676433 0.1476424
vt 0.7676433 0.1356909
vt 0.7736189 0.1416667
f 421/802/421 385/803/385 487/804/487
vt 0.4509766 0.1309757
vt 0.4509766 0.1273576
vt 0.4527856 0.1291667
f 98/805/98 97/806/97 486/807/486
vt 0.2490234 0.0690243
vt 0.2490234 0.0726424
vt 0.2472144 0.0708333
f 460/808/460 399/809/399 463/810/463
vt 0.2490234 0.0773576
vt 0.2490234 0.0809757
vt 0.2472144 0.0791667
f 400/811/400 461/812/461 462/813/462
vt 0.3176433 0.0726424
vt 0.3176433 0.0690243
vt 0.3194523 0.0708333
f 373/814/373 463/815/463 486/816/486
vt 0.3208334 0.0722144
vt 0.3226424 0.0740234
vt 0.3190243 0.0740234
f 452/817/452 371/818/371 470/819/470
vt 0.3055477 0.0875000
vt 0.3073568 0.0856909
vt 0.3073568 0.0893090
f 450/820/450 60/821/60 456/822/456
vt 0.3059757 0.0843099
vt 0.3041667 0.0861189
vt 0.3023576 0.0843099
f 95/823/95 452/824/452 455/825/455
vt 0.3106910 0.0843099
vt 0.3143091 0.0843099
vt 0.3125000 0.0861189
f 449/826/449 89/827/89 458/828/458
vt 0.3093099 0.0893090
vt 0.3093099 0.0856909
vt 0.3111190 0.0875000
f 54/829/54 453/830/453 457/831/457
vt 0.2055477 0.0791667
vt 0.2073568 0.0773576
vt 0.2073568 0.0809758
f 428/832/428 422/833/422 489/834/489
vt 0.2190243 0.0926433
vt 0.2226424 0.0926432
vt 0.2208333 0.0944523
f 418/835/418 429/836/429 488/837/488
vt 0.2440243 0.0759766
vt 0.2476424 0.0759766
vt 0.2458333 0.0777856
f 376/838/376 405/839/405 474/840/474
vt 0.3059757 0.0926432
vt 0.3041667 0.0944523
vt 0.3023576 0.0926432
f 451/841/451 448/842/448 484/843/484
vt 0.2176432 0.0976424
vt 0.2176432 0.0940243
vt 0.2194523 0.0958334
f 405/844/405 378/845/378 474/846/474
vt 0.3027856 0.0958333
vt 0.3009766 0.0976424
vt 0.3009766 0.0940242
f 447/847/447 454/848/454 483/849/483
vt 0.2176432 0.0893091
vt 0.2176432 0.0856909
vt 0.2194523 0.0875000
f 429/850/429 444/851/444 488/852/488
vt 0.2226424 0.0906901
vt 0.2190243 0.0906901
vt 0.2208333 0.0888810
f 445/853/445 428/854/428 489/855/489
vt 0.2388811 0.0708333
vt 0.2406901 0.0690243
vt 0.2406901 0.0726424
f 373/856/373 96/857/96 455/858/455
vt 0.2393090 0.0676432
vt 0.2375000 0.0694523
vt 0.2356910 0.0676432
f 61/859/61 368/860/368 456/861/456
vt 0.3009766 0.0893090
vt 0.3009766 0.0856909
vt 0.3027856 0.0875000
f 369/862/369 53/863/53 457/864/457
vt 0.3059757 0.0906901
vt 0.3023576 0.0906901
vt 0.3041667 0.0888810
f 88/865/88 374/866/374 458/867/458
vt 0.3023576 0.0759766
vt 0.3059757 0.0759766
vt 0.3041667 0.0777856
f 97/868/97 373/869/373 486/870/486
vt 0.3009766 0.0809757
vt 0.3009766 0.0773576
vt 0.3027856 0.0791667
f 64/871/64 370/872/370 481/873/481
vt 0.3009766 0.0726424
vt 0.3009766 0.0690243
vt 0.3027856 0.0708333
f 374/874/374 87/875/87 465/876/465
vt 0.3059757 0.0740234
vt 0.3023576 0.0740234
vt 0.3041667 0.0722144
f 52/877/52 369/878/369 472/879/472
vt 0.3093099 0.0809757
vt 0.3093099 0.0773576
vt 0.3111190 0.0791667
f 376/880/376 51/881/51 472/882/472
vt 0.3143091 0.0823568
vt 0.3106910 0.0823568
vt 0.3125000 0.0805477
f 86/883/86 377/884/377 465/885/465
vt 0.2259766 0.0976424
vt 0.2259766 0.0940242
vt 0.2277856 0.0958333
f 444/886/444 402/887/402 488/888/488
vt 0.2309757 0.0990234
vt 0.2273576 0.0990235
vt 0.2291667 0.0972143
f 404/889/404 445/890/445 489/891/489
vt 0.2440243 0.0676432
vt 0.2476424 0.0676432
vt 0.2458333 0.0694523
f 50/892/50 376/893/376 474/894/474
vt 0.3059757 0.0823568
vt 0.3023576 0.0823568
vt 0.3041667 0.0805477
f 370/895/370 65/896/65 473/897/473
vt 0.2426432 0.0726424
vt 0.2426432 0.0690243
vt 0.2444523 0.0708333
f 378/898/378 49/899/49 474/900/474
vt 0.3055477 0.0791667
vt 0.3073568 0.0773576
vt 0.3073568 0.0809757
f 66/901/66 381/902/381 473/903/473
vt 0.4509766 0.1190242
vt 0.4527856 0.1208333
vt 0.4509766 0.1226424
f 482/904/482 98/905/98 486/906/486
vt 0.3476424 0.1073568
vt 0.3440243 0.1073567
vt 0.3458333 0.1055477
f 463/907/463 482/908/482 486/909/486
vt 0.2573568 0.0726424
vt 0.2555477 0.0708333
vt 0.2573568 0.0690243
f 1/910/1 104/911/104 442/912/442
vt 0.7809757 0.1490234
vt 0.7690243 0.1490234
vt 0.7750000 0.1430477
f 2/913/2 46/914/46 441/915/441
vt 0.2541667 0.0694523
vt 0.2523576 0.0676432
vt 0.2559757 0.0676432
f 69/916/69 2/917/2 441/918/441
vt 0.2643090 0.0676432
vt 0.2625000 0.0694523
vt 0.2606910 0.0676432
f 3/919/3 47/920/47 378/921/378
vt 0.8156901 0.1690243
vt 0.8156901 0.1809757
vt 0.8097144 0.1750000
f 81/922/81 3/923/3 378/924/378
vt 0.8023576 0.1676432
vt 0.8143091 0.1676432
vt 0.8083333 0.1736189
f 4/925/4 70/926/70 379/927/379
vt 0.2611189 0.0708333
vt 0.2593099 0.0726424
vt 0.2593099 0.0690243
f 82/928/82 4/929/4 379/930/379
vt 0.2559757 0.0759766
vt 0.2541667 0.0777856
vt 0.2523576 0.0759766
f 47/931/47 48/932/48 378/933/378
vt 0.3472144 0.1041667
vt 0.3490235 0.1023576
vt 0.3490235 0.1059757
f 67/934/67 68/935/68 381/936/381
vt 0.2527856 0.0791667
vt 0.2509766 0.0809757
vt 0.2509766 0.0773576
f 68/937/68 69/938/69 441/939/441
vt 0.8190243 0.1676432
vt 0.8309757 0.1676432
vt 0.8250000 0.1736189
f 379/940/379 70/941/70 406/942/406
vt 0.8176432 0.1809757
vt 0.8176432 0.1690243
vt 0.8236189 0.1750000
f 81/943/81 378/944/378 405/945/405
vt 0.2527856 0.0708333
vt 0.2509766 0.0726424
vt 0.2509766 0.0690243
f 83/946/83 82/947/82 379/948/379
vt 0.3472144 0.1125000
vt 0.3490235 0.1106910
vt 0.3490234 0.1143090
f 85/949/85 84/950/84 377/951/377
vt 0.3476424 0.1093099
vt 0.3458333 0.1111189
vt 0.3440243 0.1093099
f 101/952/101 100/953/100 375/954/375
vt 0.3406901 0.1059757
vt 0.3388811 0.1041667
vt 0.3406901 0.1023576
f 103/955/103 102/956/102 380/957/380
vt 0.2523576 0.0740234
vt 0.2541667 0.0722144
vt 0.2559757 0.0740234
f 104/958/104 103/959/103 442/960/442
vt 0.0009766 0.9990234
vt 0.0009766 0.9356909
vt 0.0643090 0.9990234
f 111/961/111 112/962/112 490/963/490
vt 0.0023576 0.9343099
vt 0.0656901 0.9343099
vt 0.0656901 0.9976424
f 113/964/113 114/965/114 491/966/491
vt 0.1309757 0.9990234
vt 0.0676432 0.9990234
vt 0.0676432 0.9356909
f 108/967/108 107/968/107 492/969/492
vt 0.1323568 0.9976424
vt 0.0690243 0.9343099
vt 0.1323568 0.9343099
f 490/970/490 112/971/112 492/972/492
vt 0.1343099 0.9356909
vt 0.1976424 0.9990234
vt 0.1343099 0.9990234
f 113/973/113 491/974/491 492/975/492
vt 0.1990235 0.9976424
vt 0.1356910 0.9343099
vt 0.1990235 0.9343099
f 107/976/107 490/977/490 492/978/492
vt 0.2009766 0.9356909
vt 0.2643090 0.9990234
vt 0.2009766 0.9990234
f 491/979/491 108/980/108 492/981/492
vt 0.2656901 0.9976424
vt 0.2023576 0.9343099
vt 0.2656901 0.9343099
f 111/982/111 490/983/490 493/984/493
vt 0.2676432 0.9356909
vt 0.3309757 0.9990234
vt 0.2676432 0.9990234
f 491/985/491 114/986/114 494/987/494
vt 0.2690243 0.9343099
vt 0.3323568 0.9343099
vt 0.3323568 0.9976424
f 112/988/112 113/989/113 492/990/492
vt 0.3976424 0.9990234
vt 0.3343099 0.9990234
vt 0.3343099 0.9356909
f 107/991/107 106/992/106 490/993/490
vt 0.3990234 0.9343099
vt 0.3990234 0.9976424
vt 0.3356910 0.9343099
f 109/994/109 108/995/108 491/996/491
vt 0.0656901 0.4690243
vt 0.0656901 0.5309757
vt 0.0347144 0.5000000
f 110/997/110 8/998/8 493/999/493
vt 0.4009766 0.9356909
vt 0.4643090 0.9990234
vt 0.4009766 0.9990234
f 8/1000/8 111/1001/111 493/1002/493
vt 0.0023576 0.4676432
vt 0.0643090 0.4676432
vt 0.0333333 0.4986189
f 5/1003/5 105/1004/105 494/1005/494
vt 0.4656901 0.9976424
vt 0.4023576 0.9343099
vt 0.4656901 0.9343099
f 114/1006/114 5/1007/5 494/1008/494
vt 0.4676432 0.9356909
vt 0.5309757 0.9990234
vt 0.4676432 0.9990234
f 490/1009/490 106/1010/106 495/1011/495
vt 0.5323568 0.9976424
vt 0.4690243 0.9343099
vt 0.5323568 0.9343099
f 109/1012/109 491/1013/491 496/1014/496
vt 0.0676432 0.5309757
vt 0.0676432 0.4690243
vt 0.0986189 0.5000000
f 491/1015/491 494/1016/494 496/1017/496
vt 0.1309757 0.5323567
vt 0.0690243 0.5323567
vt 0.1000000 0.5013810
f 493/1018/493 490/1019/490 495/1020/495
vt 0.1323568 0.4690243
vt 0.1323568 0.5309757
vt 0.1013811 0.5000000
f 7/1021/7 110/1022/110 495/1023/495
vt 0.5343099 0.9356909
vt 0.5976424 0.9990234
vt 0.5343099 0.9990234
f 6/1024/6 109/1025/109 496/1026/496
vt 0.5990235 0.9976424
vt 0.5356910 0.9343099
vt 0.5990235 0.9343099
f 106/1027/106 7/1028/7 495/1029/495
vt 0.0690243 0.4676432
vt 0.1309757 0.4676432
vt 0.1000000 0.4986189
f 105/1030/105 6/1031/6 496/1032/496
vt 0.1343099 0.4690243
vt 0.1652856 0.5000000
vt 0.1343099 0.5309757
f 110/1033/110 493/1034/493 495/1035/495
vt 0.1666667 0.5013810
vt 0.1976424 0.5323567
vt 0.1356910 0.5323567
f 494/1036/494 105/1037/105 496/1038/496
vt 0.1356910 0.0823568
vt 0.1406901 0.0773576
vt 0.1406901 0.0823568
f 11/1039/11 577/1040/577 565/1041/565
vt 0.8143091 0.1843098
vt 0.8083333 0.1902856
vt 0.8023576 0.1843099
f 529/1042/529 538/1043/538 519/1044/519
vt 0.6643091 0.9990234
vt 0.6009766 0.9990234
vt 0.6009766 0.9356909
f 7/1045/7 605/1046/605 152/1047/152
vt 0.1509766 0.0926433
vt 0.1559757 0.0926432
vt 0.1509766 0.0976424
f 503/1048/503 538/1049/538 526/1050/526
vt 0.3375000 0.1027856
vt 0.3356910 0.1009766
vt 0.3393090 0.1009766
f 573/1051/573 598/1052/598 579/1053/579
vt 0.6023576 0.9343099
vt 0.6656901 0.9343099
vt 0.6656901 0.9976424
f 20/1054/20 509/1055/509 190/1056/190
vt 0.2309757 0.1990234
vt 0.2176432 0.1990234
vt 0.2176432 0.1856909
f 541/1057/541 578/1058/578 11/1059/11
vt 0.6676432 0.9990234
vt 0.6676432 0.9356909
vt 0.7309757 0.9990234
f 115/1060/115 150/1061/150 9/1062/9
vt 0.7323568 0.9976424
vt 0.6690243 0.9343099
vt 0.7323568 0.9343099
f 7/1063/7 151/1064/151 186/1065/186
vt 0.7976424 0.9990234
vt 0.7343099 0.9990234
vt 0.7343099 0.9356909
f 13/1066/13 534/1067/534 533/1068/533
vt 0.7356910 0.9343099
vt 0.7990234 0.9343099
vt 0.7990234 0.9976424
f 149/1069/149 533/1070/533 9/1071/9
vt 0.8643091 0.9990234
vt 0.8009766 0.9990234
vt 0.8009766 0.9356909
f 532/1072/532 546/1073/546 517/1074/517
vt 0.2406901 0.0893090
vt 0.2388811 0.0875000
vt 0.2406901 0.0856909
f 499/1075/499 561/1076/561 536/1077/536
vt 0.8023576 0.9343099
vt 0.8656901 0.9343099
vt 0.8656901 0.9976424
f 517/1078/517 547/1079/547 532/1080/532
vt 0.9309757 0.9990234
vt 0.8676432 0.9990234
vt 0.8676432 0.9356909
f 531/1081/531 609/1082/609 187/1083/187
vt 0.9323568 0.9976424
vt 0.8690243 0.9343099
vt 0.9323568 0.9343099
f 13/1084/13 533/1085/533 149/1086/149
vt 0.9976424 0.9990234
vt 0.9343099 0.9990234
vt 0.9343099 0.9356909
f 535/1087/535 605/1088/605 106/1089/106
vt 0.9356909 0.9343099
vt 0.9990234 0.9343099
vt 0.9990234 0.9976424
f 511/1090/511 580/1091/580 547/1092/547
vt 0.0343099 0.3023576
vt 0.0643090 0.3323568
vt 0.0343099 0.3323568
f 21/1093/21 610/1094/610 20/1095/20
vt 0.3458334 0.1027856
vt 0.3440243 0.1009766
vt 0.3476424 0.1009766
f 560/1096/560 562/1097/562 537/1098/537
vt 0.2226424 0.0990235
vt 0.2190243 0.0990235
vt 0.2208333 0.0972144
f 578/1099/578 596/1100/596 576/1101/576
vt 0.3426432 0.1023576
vt 0.3444523 0.1041667
vt 0.3426432 0.1059757
f 590/1102/590 604/1103/604 497/1104/497
vt 0.1990235 0.5309757
vt 0.1680477 0.5000000
vt 0.1990235 0.4690243
f 154/1105/154 607/1106/607 153/1107/153
vt 0.2375000 0.0861189
vt 0.2356910 0.0843099
vt 0.2393090 0.0843099
f 589/1108/589 590/1109/590 527/1110/527
vt 0.0009766 0.8690243
vt 0.0643090 0.9323568
vt 0.0009766 0.9323568
f 106/1111/106 605/1112/605 7/1113/7
vt 0.0656901 0.9309757
vt 0.0023576 0.8676432
vt 0.0656901 0.8676432
f 511/1114/511 547/1115/547 545/1116/545
vt 0.2476424 0.0843099
vt 0.2458333 0.0861189
vt 0.2440243 0.0843099
f 503/1117/503 524/1118/524 16/1119/16
vt 0.1309757 0.9323568
vt 0.0676432 0.9323568
vt 0.0676432 0.8690243
f 17/1120/17 556/1121/556 109/1122/109
vt 0.1323568 0.9309757
vt 0.0690243 0.8676432
vt 0.1323568 0.8676432
f 18/1123/18 555/1124/555 187/1125/187
vt 0.3573568 0.1023576
vt 0.3573568 0.1059757
vt 0.3555478 0.1041667
f 583/1126/583 611/1127/611 513/1128/513
vt 0.8009766 0.1856909
vt 0.8069523 0.1916666
vt 0.8009766 0.1976424
f 518/1129/518 622/1130/622 541/1131/541
vt 0.1976424 0.9323568
vt 0.1343099 0.9323568
vt 0.1343099 0.8690243
f 106/1132/106 599/1133/599 535/1134/535
vt 0.1559757 0.0906901
vt 0.1509766 0.0906901
vt 0.1509766 0.0856909
f 176/1135/176 503/1136/503 16/1137/16
vt 0.3309757 0.2323568
vt 0.3023576 0.2323567
vt 0.3166667 0.2180477
f 543/1138/543 552/1139/552 520/1140/520
vt 0.1990235 0.8676432
vt 0.1990235 0.9309757
vt 0.1356910 0.8676432
f 188/1141/188 555/1142/555 18/1143/18
vt 0.3559757 0.1009766
vt 0.3541667 0.1027856
vt 0.3523576 0.1009766
f 514/1144/514 598/1145/598 573/1146/573
vt 0.4559757 0.1240234
vt 0.4523576 0.1240234
vt 0.4541667 0.1222143
f 588/1147/588 613/1148/613 567/1149/567
vt 0.2426432 0.0893090
vt 0.2426432 0.0856909
vt 0.2444523 0.0875000
f 537/1150/537 562/1151/562 553/1152/553
vt 0.2643090 0.9323568
vt 0.2009766 0.9323568
vt 0.2009766 0.8690243
f 13/1153/13 605/1154/605 535/1155/535
vt 0.2023576 0.1990234
vt 0.2156901 0.1856909
vt 0.2156901 0.1990234
f 551/1156/551 554/1157/554 519/1158/519
vt 0.2656901 0.8676432
vt 0.2656901 0.9309757
vt 0.2023576 0.8676432
f 152/1159/152 605/1160/605 13/1161/13
vt 0.3323568 0.2309757
vt 0.3180478 0.2166666
vt 0.3323568 0.2023576
f 155/1162/155 552/1163/552 543/1164/543
vt 0.1666667 0.4986189
vt 0.1356910 0.4676432
vt 0.1976424 0.4676432
f 17/1165/17 609/1166/609 556/1167/556
vt 0.4611189 0.1291667
vt 0.4593099 0.1309757
vt 0.4593099 0.1273575
f 582/1168/582 583/1169/583 513/1170/513
vt 0.3643090 0.1009765
vt 0.3625000 0.1027856
vt 0.3606910 0.1009766
f 562/1171/562 613/1172/613 553/1173/553
vt 0.3309757 0.9323568
vt 0.2676432 0.9323568
vt 0.2676432 0.8690243
f 20/1174/20 510/1175/510 509/1176/509
vt 0.1643090 0.0990234
vt 0.1593099 0.0990235
vt 0.1593099 0.0940242
f 508/1177/508 596/1178/596 578/1179/578
vt 0.2009766 0.4690243
vt 0.2319523 0.5000000
vt 0.2009766 0.5309757
f 194/1180/194 610/1181/610 21/1182/21
vt 0.2375000 0.0944523
vt 0.2356910 0.0926432
vt 0.2393090 0.0926432
f 553/1183/553 589/1184/589 527/1185/527
vt 0.2023576 0.5323567
vt 0.2333333 0.5013810
vt 0.2643090 0.5323567
f 115/1186/115 586/1187/586 150/1188/150
vt 0.2656901 0.5309757
vt 0.2347144 0.5000000
vt 0.2656901 0.4690243
f 151/1189/151 587/1190/587 186/1191/186
vt 0.3323568 0.2643090
vt 0.3180478 0.2499999
vt 0.3323568 0.2356910
f 550/1192/550 600/1193/600 521/1194/521
vt 0.2690243 0.8676432
vt 0.3323568 0.8676432
vt 0.3323568 0.9309757
f 187/1195/187 555/1196/555 531/1197/531
vt 0.2323568 0.1823568
vt 0.2190243 0.1823567
vt 0.2323568 0.1690242
f 549/1198/549 600/1199/600 550/1200/550
vt 0.2343099 0.0976424
vt 0.2343099 0.0940242
vt 0.2361189 0.0958333
f 558/1201/558 590/1202/590 497/1203/497
vt 0.2343099 0.0893090
vt 0.2343099 0.0856909
vt 0.2361189 0.0875000
f 503/1204/503 525/1205/525 524/1206/524
vt 0.0323568 0.3023576
vt 0.0323568 0.3323568
vt 0.0023576 0.3323568
f 145/1207/145 616/1208/616 146/1209/146
vt 0.3343099 0.8690243
vt 0.3976424 0.9323568
vt 0.3343099 0.9323568
f 13/1210/13 535/1211/535 534/1212/534
vt 0.2190243 0.1843098
vt 0.2323568 0.1843099
vt 0.2323568 0.1976424
f 519/1213/519 554/1214/554 529/1215/529
vt 0.2643090 0.4676432
vt 0.2333333 0.4986189
vt 0.2023576 0.4676432
f 516/1216/516 522/1217/522 515/1218/515
vt 0.1573568 0.0940242
vt 0.1573568 0.0990235
vt 0.1523576 0.0990235
f 10/1219/10 508/1220/508 125/1221/125
vt 0.3593099 0.1059757
vt 0.3593099 0.1023576
vt 0.3611189 0.1041666
f 566/1222/566 583/1223/583 504/1224/504
vt 0.0656901 0.2690243
vt 0.0656901 0.2990234
vt 0.0356910 0.2990234
f 155/1225/155 543/1226/543 154/1227/154
vt 0.0356910 0.3009765
vt 0.0656901 0.3009766
vt 0.0656901 0.3309757
f 146/1228/146 544/1229/544 147/1230/147
vt 0.3559757 0.1093099
vt 0.3541667 0.1111189
vt 0.3523576 0.1093099
f 175/1231/175 524/1232/524 506/1233/506
vt 0.3990234 0.9309757
vt 0.3356910 0.8676432
vt 0.3990234 0.8676432
f 19/1234/19 612/1235/612 189/1236/189
vt 0.2356910 0.0906901
vt 0.2375000 0.0888810
vt 0.2393090 0.0906901
f 536/1237/536 561/1238/561 537/1239/537
vt 0.2676432 0.4690243
vt 0.2986189 0.5000000
vt 0.2676432 0.5309757
f 185/1240/185 14/1241/14 184/1242/184
vt 0.3309757 0.5323567
vt 0.2690243 0.5323567
vt 0.3000000 0.5013810
f 116/1243/116 117/1244/117 12/1245/12
vt 0.4009766 0.8690243
vt 0.4643090 0.9323568
vt 0.4009766 0.9323568
f 9/1246/9 533/1247/533 191/1248/191
vt 0.3023576 0.2343099
vt 0.3309757 0.2343099
vt 0.3166667 0.2486189
f 552/1249/552 554/1250/554 551/1251/551
vt 0.3509766 0.1106910
vt 0.3527856 0.1125000
vt 0.3509766 0.1143090
f 584/1252/584 611/1253/611 583/1254/583
vt 0.2509766 0.1523576
vt 0.2643090 0.1656901
vt 0.2509766 0.1656901
f 541/1255/541 549/1256/549 518/1257/518
vt 0.3509766 0.1059757
vt 0.3509766 0.1023576
vt 0.3527856 0.1041667
f 514/1258/514 573/1259/573 572/1260/572
vt 0.4656901 0.8676432
vt 0.4656901 0.9309757
vt 0.4023576 0.8676432
f 534/1261/534 548/1262/548 533/1263/533
vt 0.0023576 0.2676432
vt 0.0323568 0.2676432
vt 0.0323568 0.2976424
f 120/1264/120 540/1265/540 119/1266/119
vt 0.0643090 0.2676432
vt 0.0343099 0.2976424
vt 0.0343099 0.2676432
f 182/1267/182 539/1268/539 181/1269/181
vt 0.4643090 0.1323568
vt 0.4606910 0.1323568
vt 0.4625000 0.1305477
f 514/1270/514 572/1271/572 571/1272/571
vt 0.3523576 0.1073568
vt 0.3541667 0.1055477
vt 0.3559757 0.1073567
f 497/1273/497 591/1274/591 558/1275/558
vt 0.2990234 0.2309757
vt 0.2847144 0.2166666
vt 0.2990234 0.2023576
f 180/1276/180 520/1277/520 179/1278/179
vt 0.2690243 0.2009766
vt 0.2976424 0.2009766
vt 0.2833334 0.2152856
f 122/1279/122 521/1280/521 121/1281/121
vt 0.0676432 0.3309757
vt 0.0676432 0.3009766
vt 0.0976424 0.3009765
f 154/1282/154 543/1283/543 539/1284/539
vt 0.3406901 0.1226423
vt 0.3388811 0.1208333
vt 0.3406901 0.1190243
f 507/1285/507 592/1286/592 590/1287/590
vt 0.4541667 0.1305477
vt 0.4559757 0.1323568
vt 0.4523576 0.1323568
f 568/1288/568 570/1289/570 569/1290/569
vt 0.8069523 0.1750000
vt 0.8009766 0.1809757
vt 0.8009766 0.1690243
f 526/1291/526 538/1292/538 529/1293/529
vt 0.4555477 0.1291667
vt 0.4573568 0.1273575
vt 0.4573568 0.1309757
f 581/1294/581 611/1295/611 498/1296/498
vt 0.8143091 0.1823567
vt 0.8023576 0.1823568
vt 0.8083333 0.1763810
f 578/1297/578 622/1298/622 508/1299/508
vt 0.5309757 0.9323568
vt 0.4676432 0.9323568
vt 0.4676432 0.8690243
f 535/1300/535 545/1301/545 534/1302/534
vt 0.2240234 0.0976424
vt 0.2222144 0.0958334
vt 0.2240234 0.0940242
f 508/1303/508 597/1304/597 596/1305/596
vt 0.3356910 0.1176432
vt 0.3393090 0.1176432
vt 0.3375000 0.1194523
f 537/1306/537 561/1307/561 560/1308/560
vt 0.5323568 0.8676432
vt 0.5323568 0.9309757
vt 0.4690243 0.8676432
f 108/1309/108 511/1310/511 107/1311/107
vt 0.5343099 0.8690243
vt 0.5976424 0.9323568
vt 0.5343099 0.9323568
f 192/1312/192 517/1313/517 193/1314/193
vt 0.3458333 0.1194522
vt 0.3440243 0.1176432
vt 0.3476424 0.1176432
f 507/1315/507 590/1316/590 589/1317/589
vt 0.5356910 0.8676432
vt 0.5990235 0.8676432
vt 0.5990235 0.9309757
f 517/1318/517 546/1319/546 193/1320/193
vt 0.3166667 0.2152856
vt 0.3023576 0.2009766
vt 0.3309757 0.2009766
f 521/1321/521 600/1322/600 544/1323/544
vt 0.3013811 0.5000000
vt 0.3323568 0.4690243
vt 0.3323568 0.5309757
f 516/1324/516 523/1325/523 522/1326/522
vt 0.3000000 0.4986189
vt 0.2690243 0.4676432
vt 0.3309757 0.4676432
f 522/1327/522 531/1328/531 515/1329/515
vt 0.6009766 0.8690243
vt 0.6643091 0.9323568
vt 0.6009766 0.9323568
f 515/1330/515 531/1331/531 530/1332/530
vt 0.3009766 0.2309757
vt 0.3009766 0.2023576
vt 0.3152856 0.2166666
f 148/1333/148 600/1334/600 549/1335/549
vt 0.4426432 0.1309757
vt 0.4426432 0.1273575
vt 0.4444523 0.1291667
f 162/1336/162 512/1337/512 161/1338/161
vt 0.4476424 0.1323568
vt 0.4440243 0.1323568
vt 0.4458333 0.1305477
f 160/1339/160 499/1340/499 159/1341/159
vt 0.6656901 0.8676432
vt 0.6656901 0.9309757
vt 0.6023576 0.8676432
f 515/1342/515 530/1343/530 509/1344/509
vt 0.3643090 0.2343099
vt 0.3500000 0.2486189
vt 0.3356910 0.2343099
f 539/1345/539 595/1346/595 181/1347/181
vt 0.3343099 0.2356910
vt 0.3486190 0.2499999
vt 0.3343099 0.2643090
f 120/1348/120 594/1349/594 540/1350/540
vt 0.2393090 0.0759766
vt 0.2375000 0.0777856
vt 0.2356910 0.0759766
f 537/1351/537 553/1352/553 527/1353/527
vt 0.4375000 0.1305477
vt 0.4393091 0.1323568
vt 0.4356910 0.1323568
f 142/1354/142 500/1355/500 141/1356/141
vt 0.4406901 0.1309757
vt 0.4388811 0.1291667
vt 0.4406901 0.1273575
f 165/1357/165 502/1358/502 164/1359/164
vt 0.7309757 0.9323568
vt 0.6676432 0.9323568
vt 0.6676432 0.8690243
f 192/1360/192 548/1361/548 517/1362/517
vt 0.3652856 0.5000000
vt 0.3343099 0.5309757
vt 0.3343099 0.4690243
f 510/1363/510 516/1364/516 515/1365/515
vt 0.2343099 0.0809757
vt 0.2343099 0.0773576
vt 0.2361189 0.0791667
f 565/1366/565 585/1367/585 566/1368/566
vt 0.4440243 0.1240234
vt 0.4458334 0.1222143
vt 0.4476424 0.1240234
f 128/1369/128 501/1370/501 127/1371/127
vt 0.6690243 0.8676432
vt 0.7323568 0.8676432
vt 0.7323568 0.9309757
f 190/1372/190 612/1373/612 19/1374/19
vt 0.3343099 0.2023576
vt 0.3486190 0.2166666
vt 0.3343099 0.2309757
f 147/1375/147 600/1376/600 148/1377/148
vt 0.4490235 0.1226424
vt 0.4472144 0.1208333
vt 0.4490235 0.1190242
f 139/1378/139 504/1379/504 138/1380/138
vt 0.4490235 0.1273576
vt 0.4490235 0.1309757
vt 0.4472144 0.1291667
f 131/1381/131 505/1382/505 130/1383/130
vt 0.4476424 0.1259766
vt 0.4458334 0.1277856
vt 0.4440243 0.1259765
f 127/1384/127 620/1385/620 126/1386/126
vt 0.7976424 0.9323568
vt 0.7343099 0.9323568
vt 0.7343099 0.8690243
f 193/1387/193 546/1388/546 194/1389/194
vt 0.3356910 0.2323568
vt 0.3500000 0.2180477
vt 0.3643090 0.2323567
f 156/1390/156 552/1391/552 155/1392/155
vt 0.3426432 0.1190243
vt 0.3444523 0.1208333
vt 0.3426432 0.1226423
f 589/1393/589 613/1394/613 588/1395/588
vt 0.7990234 0.9309757
vt 0.7356910 0.8676432
vt 0.7990234 0.8676432
f 191/1396/191 548/1397/548 192/1398/192
vt 0.3976424 0.5323567
vt 0.3356910 0.5323567
vt 0.3666667 0.5013810
f 556/1399/556 609/1400/609 522/1401/522
vt 0.3680477 0.5000000
vt 0.3990234 0.4690243
vt 0.3990234 0.5309757
f 510/1402/510 515/1403/515 509/1404/509
vt 0.4208333 0.1277856
vt 0.4190243 0.1259766
vt 0.4226424 0.1259765
f 137/1405/137 513/1406/513 136/1407/136
vt 0.4176432 0.1309757
vt 0.4176432 0.1273576
vt 0.4194523 0.1291667
f 133/1408/133 514/1409/514 132/1410/132
vt 0.2093099 0.0940242
vt 0.2111189 0.0958334
vt 0.2093099 0.0976424
f 10/1411/10 597/1412/597 508/1413/508
vt 0.4194523 0.1208333
vt 0.4176432 0.1226424
vt 0.4176432 0.1190242
f 501/1414/501 620/1415/620 127/1416/127
vt 0.2490234 0.1656901
vt 0.2356910 0.1656901
vt 0.2490234 0.1523576
f 124/1417/124 518/1418/518 123/1419/123
vt 0.2523576 0.1490234
vt 0.2656901 0.1356909
vt 0.2656901 0.1490235
f 178/1420/178 519/1421/519 177/1422/177
vt 0.2361189 0.0708333
vt 0.2343099 0.0726424
vt 0.2343099 0.0690243
f 593/1423/593 596/1424/596 569/1425/569
vt 0.4208333 0.1222143
vt 0.4226424 0.1240234
vt 0.4190243 0.1240234
f 168/1426/168 507/1427/507 167/1428/167
vt 0.3393091 0.1259765
vt 0.3375000 0.1277856
vt 0.3356910 0.1259766
f 499/1429/499 563/1430/563 561/1431/561
vt 0.8023576 0.1509766
vt 0.8143091 0.1509765
vt 0.8083333 0.1569523
f 177/1432/177 538/1433/538 176/1434/176
vt 0.3343099 0.1309757
vt 0.3343099 0.1273576
vt 0.3361190 0.1291667
f 498/1435/498 611/1436/611 579/1437/579
vt 0.8009766 0.9323568
vt 0.8009766 0.8690243
vt 0.8643091 0.9323568
f 531/1438/531 555/1439/555 530/1440/530
vt 0.1426432 0.0940242
vt 0.1476424 0.0990235
vt 0.1426432 0.0990235
f 508/1441/508 622/1442/622 542/1443/542
vt 0.3343099 0.1226424
vt 0.3343099 0.1190243
vt 0.3361189 0.1208333
f 569/1444/569 620/1445/620 501/1446/501
vt 0.8069523 0.1583333
vt 0.8009766 0.1643091
vt 0.8009766 0.1523576
f 542/1447/542 622/1448/622 518/1449/518
vt 0.3976424 0.4676432
vt 0.3666667 0.4986189
vt 0.3356910 0.4676432
f 183/1450/183 607/1451/607 182/1452/182
vt 0.0976424 0.2990234
vt 0.0676432 0.2990234
vt 0.0676432 0.2690243
f 119/1453/119 608/1454/608 118/1455/118
vt 0.8023576 0.8676432
vt 0.8656901 0.8676432
vt 0.8656901 0.9309757
f 545/1456/545 599/1457/599 511/1458/511
vt 0.9309757 0.9323568
vt 0.8676432 0.9323568
vt 0.8676432 0.8690243
f 511/1459/511 599/1460/599 107/1461/107
vt 0.2656901 0.1643091
vt 0.2523576 0.1509765
vt 0.2656901 0.1509766
f 179/1462/179 551/1463/551 178/1464/178
vt 0.3676432 0.2356909
vt 0.3819523 0.2499999
vt 0.3676432 0.2643090
f 181/1465/181 595/1466/595 180/1467/180
vt 0.3690243 0.2656901
vt 0.3833334 0.2513810
vt 0.3976424 0.2656901
f 121/1468/121 594/1469/594 120/1470/120
vt 0.4009766 0.4690243
vt 0.4319523 0.5000000
vt 0.4009766 0.5309757
f 523/1471/523 556/1472/556 522/1473/522
vt 0.8009766 0.1356909
vt 0.8069523 0.1416667
vt 0.8009766 0.1476424
f 541/1474/541 622/1475/622 578/1476/578
vt 0.9323568 0.8676432
vt 0.9323568 0.9309757
vt 0.8690243 0.8676432
f 516/1477/516 532/1478/532 523/1479/523
vt 0.1009766 0.3023576
vt 0.1309757 0.3323568
vt 0.1009766 0.3323568
f 544/1480/544 616/1481/616 540/1482/540
vt 0.3356910 0.1240234
vt 0.3375000 0.1222144
vt 0.3393090 0.1240234
f 497/1483/497 603/1484/603 591/1485/591
vt 0.9976424 0.9323568
vt 0.9343099 0.9323568
vt 0.9343099 0.8690243
f 109/1486/109 557/1487/557 108/1488/108
vt 0.2375000 0.0722144
vt 0.2393090 0.0740234
vt 0.2356910 0.0740234
f 574/1489/574 596/1490/596 593/1491/593
vt 0.3643090 0.2656901
vt 0.3356910 0.2656901
vt 0.3500000 0.2513810
f 520/1492/520 551/1493/551 179/1494/179
vt 0.1406901 0.0990235
vt 0.1356910 0.0990235
vt 0.1406901 0.0940242
f 176/1495/176 538/1496/538 503/1497/503
vt 0.3656901 0.2643090
vt 0.3513811 0.2499999
vt 0.3656901 0.2356909
f 122/1498/122 550/1499/550 521/1500/521
vt 0.9356909 0.8676432
vt 0.9990234 0.8676432
vt 0.9990234 0.9309757
f 533/1501/533 548/1502/548 191/1503/191
vt 0.8023576 0.1490235
vt 0.8083333 0.1430477
vt 0.8143091 0.1490234
f 124/1504/124 542/1505/542 518/1506/518
vt 0.3690243 0.2323567
vt 0.3833334 0.2180477
vt 0.3976424 0.2323568
f 520/1507/520 595/1508/595 543/1509/543
vt 0.3990234 0.2309757
vt 0.3847144 0.2166666
vt 0.3990234 0.2023576
f 544/1510/544 594/1511/594 521/1512/521
vt 0.4277856 0.1291667
vt 0.4259766 0.1309757
vt 0.4259766 0.1273575
f 135/1513/135 498/1514/498 134/1515/134
vt 0.8176432 0.1523576
vt 0.8236189 0.1583333
vt 0.8176432 0.1643091
f 125/1516/125 542/1517/542 124/1518/124
vt 0.3990234 0.2643090
vt 0.3847144 0.2499999
vt 0.3990234 0.2356910
f 543/1519/543 595/1520/595 539/1521/539
vt 0.3976424 0.2343099
vt 0.3833334 0.2486189
vt 0.3690243 0.2343099
f 540/1522/540 594/1523/594 544/1524/544
vt 0.3375000 0.1111190
vt 0.3356910 0.1093099
vt 0.3393090 0.1093099
f 502/1525/502 613/1526/613 562/1527/562
vt 0.3343099 0.1106910
vt 0.3361189 0.1125000
vt 0.3343099 0.1143091
f 566/1528/566 585/1529/585 583/1530/583
vt 0.0643090 0.8656901
vt 0.0009766 0.8656901
vt 0.0009766 0.8023576
f 108/1531/108 557/1532/557 511/1533/511
vt 0.2656901 0.1823568
vt 0.2523576 0.1823567
vt 0.2656901 0.1690243
f 123/1534/123 550/1535/550 122/1536/122
vt 0.0990234 0.3023576
vt 0.0990234 0.3323568
vt 0.0690243 0.3323568
f 544/1537/544 600/1538/600 147/1539/147
vt 0.1323568 0.2990234
vt 0.1023576 0.2990234
vt 0.1323568 0.2690243
f 146/1540/146 616/1541/616 544/1542/544
vt 0.0023576 0.8009766
vt 0.0656901 0.8009766
vt 0.0656901 0.8643091
f 547/1543/547 580/1544/580 532/1545/532
vt 0.3343099 0.1023576
vt 0.3361189 0.1041667
vt 0.3343099 0.1059757
f 573/1546/573 579/1547/579 575/1548/575
vt 0.2426432 0.0773576
vt 0.2444523 0.0791667
vt 0.2426432 0.0809757
f 526/1549/526 615/1550/615 525/1551/525
vt 0.2440243 0.0823568
vt 0.2458333 0.0805477
vt 0.2476424 0.0823568
f 527/1552/527 615/1553/615 526/1554/526
vt 0.1023576 0.3009765
vt 0.1323568 0.3009766
vt 0.1323568 0.3309757
f 118/1555/118 601/1556/601 117/1557/117
vt 0.4023576 0.5323567
vt 0.4333333 0.5013810
vt 0.4643090 0.5323567
f 184/1558/184 602/1559/602 183/1560/183
vt 0.1309757 0.8656901
vt 0.0676432 0.8656901
vt 0.0676432 0.8023576
f 535/1561/535 599/1562/599 545/1563/545
vt 0.3375000 0.1055477
vt 0.3393090 0.1073567
vt 0.3356910 0.1073568
f 171/1564/171 497/1565/497 170/1566/170
vt 0.4291667 0.1305477
vt 0.4309757 0.1323568
vt 0.4273576 0.1323568
f 163/1567/163 559/1568/559 162/1569/162
vt 0.4190243 0.1323568
vt 0.4208333 0.1305477
vt 0.4226424 0.1323568
f 161/1570/161 563/1571/563 160/1572/160
vt 0.4240234 0.1309757
vt 0.4222144 0.1291667
vt 0.4240234 0.1273575
f 141/1573/141 564/1574/564 140/1575/140
vt 0.2143090 0.0990235
vt 0.2106910 0.0990235
vt 0.2125000 0.0972144
f 503/1576/503 526/1577/526 525/1578/525
vt 0.4093099 0.1273575
vt 0.4111190 0.1291667
vt 0.4093099 0.1309757
f 129/1579/129 568/1580/568 128/1581/128
vt 0.4143091 0.1323568
vt 0.4106910 0.1323568
vt 0.4125000 0.1305477
f 130/1582/130 570/1583/570 129/1584/129
vt 0.4023576 0.1323568
vt 0.4041667 0.1305477
vt 0.4059757 0.1323568
f 166/1585/166 567/1586/567 165/1587/165
vt 0.4073568 0.1273575
vt 0.4073568 0.1309757
vt 0.4055477 0.1291667
f 162/1588/162 559/1589/559 512/1590/512
vt 0.4106910 0.1240234
vt 0.4125000 0.1222143
vt 0.4143091 0.1240234
f 512/1591/512 563/1592/563 161/1593/161
vt 0.0690243 0.2676432
vt 0.0990234 0.2676432
vt 0.0990234 0.2976424
f 182/1594/182 607/1595/607 539/1596/539
vt 0.1309757 0.2676432
vt 0.1009766 0.2976424
vt 0.1009766 0.2676432
f 540/1597/540 608/1598/608 119/1599/119
vt 0.4656901 0.4690243
vt 0.4656901 0.5309757
vt 0.4347144 0.5000000
f 14/1600/14 602/1601/602 184/1602/184
vt 0.4333333 0.4986189
vt 0.4023576 0.4676432
vt 0.4643090 0.4676432
f 117/1603/117 601/1604/601 12/1605/12
vt 0.4156901 0.1226424
vt 0.4138811 0.1208333
vt 0.4156901 0.1190242
f 160/1606/160 563/1607/563 499/1608/499
vt 0.4156901 0.1309757
vt 0.4138811 0.1291667
vt 0.4156901 0.1273576
f 132/1609/132 571/1610/571 131/1611/131
vt 0.2393090 0.0823568
vt 0.2356910 0.0823568
vt 0.2375000 0.0805477
f 527/1612/527 590/1613/590 558/1614/558
vt 0.4143091 0.1259766
vt 0.4125000 0.1277856
vt 0.4106910 0.1259765
f 138/1615/138 582/1616/582 137/1617/137
vt 0.1323568 0.8009766
vt 0.1323568 0.8643091
vt 0.0690243 0.8009766
f 556/1618/556 557/1619/557 109/1620/109
vt 0.4259766 0.1143091
vt 0.4259766 0.1106909
vt 0.4277856 0.1125000
f 167/1621/167 588/1622/588 166/1623/166
vt 0.3513811 0.2166666
vt 0.3656901 0.2023576
vt 0.3656901 0.2309757
f 156/1624/156 554/1625/554 552/1626/552
vt 0.3426432 0.1143091
vt 0.3426432 0.1106909
vt 0.3444523 0.1125000
f 500/1627/500 564/1628/564 141/1629/141
vt 0.1976424 0.8656901
vt 0.1343099 0.8656901
vt 0.1343099 0.8023576
f 548/1630/548 618/1631/618 517/1632/517
vt 0.4676432 0.4690243
vt 0.4986189 0.5000000
vt 0.4676432 0.5309757
f 532/1633/532 580/1634/580 523/1635/523
vt 0.1990235 0.8009766
vt 0.1990235 0.8643091
vt 0.1356910 0.8009766
f 523/1636/523 557/1637/557 556/1638/556
vt 0.4273576 0.1156901
vt 0.4291667 0.1138811
vt 0.4309757 0.1156901
f 128/1639/128 568/1640/568 501/1641/501
vt 0.4190243 0.1156901
vt 0.4208333 0.1138810
vt 0.4226424 0.1156901
f 165/1642/165 567/1643/567 502/1644/502
vt 0.3356910 0.2009766
vt 0.3643090 0.2009766
vt 0.3500000 0.2152856
f 520/1645/520 552/1646/552 551/1647/551
vt 0.2643090 0.8656901
vt 0.2009766 0.8656901
vt 0.2009766 0.8023576
f 517/1648/517 618/1649/618 547/1650/547
vt 0.3458333 0.1138810
vt 0.3476424 0.1156901
vt 0.3440243 0.1156901
f 505/1651/505 570/1652/570 130/1653/130
vt 0.4240234 0.1143091
vt 0.4222144 0.1125000
vt 0.4240234 0.1106909
f 561/1654/561 563/1655/563 512/1656/512
vt 0.2023576 0.8009766
vt 0.2656901 0.8009766
vt 0.2656901 0.8643091
f 107/1657/107 599/1658/599 106/1659/106
vt 0.4273576 0.1073567
vt 0.4291667 0.1055477
vt 0.4309757 0.1073568
f 136/1660/136 581/1661/581 135/1662/135
vt 0.4323568 0.1059757
vt 0.4305477 0.1041666
vt 0.4323568 0.1023576
f 504/1663/504 582/1664/582 138/1665/138
vt 0.4323568 0.1143091
vt 0.4305477 0.1125000
vt 0.4323568 0.1106910
f 131/1666/131 571/1667/571 505/1668/505
vt 0.2656901 0.1843099
vt 0.2656901 0.1976424
vt 0.2523576 0.1843098
f 549/1669/549 550/1670/550 518/1671/518
vt 0.8250000 0.1597143
vt 0.8309757 0.1656901
vt 0.8190243 0.1656901
f 519/1672/519 538/1673/538 177/1674/177
vt 0.3375000 0.1138811
vt 0.3393090 0.1156901
vt 0.3356910 0.1156901
f 134/1675/134 598/1676/598 133/1677/133
vt 0.4690243 0.5323567
vt 0.5000000 0.5013810
vt 0.5309757 0.5323567
f 545/1678/545 618/1679/618 534/1680/534
vt 0.1343099 0.3309757
vt 0.1343099 0.3009766
vt 0.1643090 0.3009765
f 186/1681/186 587/1682/587 185/1683/185
vt 0.1643090 0.2990234
vt 0.1343099 0.2990234
vt 0.1343099 0.2690243
f 116/1684/116 586/1685/586 115/1686/115
vt 0.5323568 0.5309757
vt 0.5013811 0.5000000
vt 0.5323568 0.4690243
f 532/1687/532 621/1688/621 546/1689/546
vt 0.5309757 0.4676432
vt 0.5000000 0.4986189
vt 0.4690243 0.4676432
f 547/1690/547 618/1691/618 545/1692/545
vt 0.3406901 0.1143091
vt 0.3388811 0.1125000
vt 0.3406901 0.1106909
f 591/1693/591 606/1694/606 506/1695/506
vt 0.4309757 0.1093099
vt 0.4291667 0.1111190
vt 0.4273576 0.1093099
f 514/1696/514 571/1697/571 132/1698/132
vt 0.4273576 0.1240234
vt 0.4291667 0.1222144
vt 0.4309757 0.1240234
f 137/1699/137 582/1700/582 513/1701/513
vt 0.5343099 0.4690243
vt 0.5652856 0.5000000
vt 0.5343099 0.5309757
f 523/1702/523 580/1703/580 557/1704/557
vt 0.1976424 0.3323568
vt 0.1676432 0.3323568
vt 0.1676432 0.3023576
f 12/1705/12 586/1706/586 116/1707/116
vt 0.1656901 0.3023576
vt 0.1656901 0.3323568
vt 0.1356910 0.3323568
f 185/1708/185 587/1709/587 14/1710/14
vt 0.2490234 0.1676432
vt 0.2490234 0.1809757
vt 0.2356910 0.1676432
f 178/1711/178 551/1712/551 519/1713/519
vt 0.3406901 0.0893090
vt 0.3388811 0.0875000
vt 0.3406901 0.0856910
f 507/1714/507 588/1715/588 167/1716/167
vt 0.3375000 0.0861190
vt 0.3356910 0.0843099
vt 0.3393090 0.0843099
f 570/1717/570 593/1718/593 569/1719/569
vt 0.3309757 0.8656901
vt 0.2676432 0.8656901
vt 0.2676432 0.8023576
f 557/1720/557 580/1721/580 511/1722/511
vt 0.3440243 0.0843099
vt 0.3476424 0.0843099
vt 0.3458333 0.0861189
f 565/1723/565 566/1724/566 564/1725/564
vt 0.2406901 0.0809757
vt 0.2388811 0.0791667
vt 0.2406901 0.0773576
f 525/1726/525 591/1727/591 506/1728/506
vt 0.4323568 0.1226424
vt 0.4305477 0.1208333
vt 0.4323568 0.1190243
f 513/1729/513 581/1730/581 136/1731/136
vt 0.3426432 0.0856910
vt 0.3444523 0.0875000
vt 0.3426432 0.0893090
f 579/1732/579 611/1733/611 584/1734/584
vt 0.4305477 0.1291667
vt 0.4323568 0.1273576
vt 0.4323568 0.1309757
f 592/1735/592 604/1736/604 590/1737/590
vt 0.4273576 0.1259765
vt 0.4309757 0.1259766
vt 0.4291667 0.1277856
f 170/1738/170 604/1739/604 169/1740/169
vt 0.3356910 0.0926433
vt 0.3393091 0.0926432
vt 0.3375000 0.0944523
f 133/1741/133 598/1742/598 514/1743/514
vt 0.3976424 0.2009766
vt 0.3833334 0.2152856
vt 0.3690243 0.2009766
f 148/1744/148 549/1745/549 541/1746/541
vt 0.4240234 0.1226423
vt 0.4222144 0.1208333
vt 0.4240234 0.1190243
f 169/1747/169 592/1748/592 168/1749/168
vt 0.5356910 0.5323567
vt 0.5666667 0.5013810
vt 0.5976424 0.5323567
f 546/1750/546 610/1751/610 194/1752/194
vt 0.5990235 0.5309757
vt 0.5680478 0.5000000
vt 0.5990235 0.4690243
f 516/1753/516 621/1754/621 532/1755/532
vt 0.4208333 0.1194522
vt 0.4190243 0.1176432
vt 0.4226424 0.1176432
f 139/1756/139 614/1757/614 504/1758/504
vt 0.2809757 0.1073568
vt 0.2773576 0.1073567
vt 0.2791667 0.1055477
f 573/1759/573 575/1760/575 574/1761/574
vt 0.3819523 0.2166666
vt 0.3676432 0.2309757
vt 0.3676432 0.2023576
f 521/1762/521 594/1763/594 121/1764/121
vt 0.4309757 0.2343099
vt 0.4166667 0.2486189
vt 0.4023576 0.2343099
f 180/1765/180 595/1766/595 520/1767/520
vt 0.2690243 0.8009766
vt 0.3323568 0.8009766
vt 0.3323568 0.8643091
f 189/1768/189 617/1769/617 188/1770/188
vt 0.4273576 0.1176432
vt 0.4309757 0.1176432
vt 0.4291667 0.1194523
f 129/1771/129 570/1772/570 568/1773/568
vt 0.3361190 0.0958334
vt 0.3343099 0.0976424
vt 0.3343099 0.0940243
f 583/1774/583 585/1775/585 584/1776/584
vt 0.4259766 0.1226423
vt 0.4259766 0.1190243
vt 0.4277856 0.1208333
f 504/1777/504 583/1778/583 582/1779/582
vt 0.3343099 0.0856910
vt 0.3361189 0.0875000
vt 0.3343099 0.0893091
f 597/1780/597 620/1781/620 569/1782/569
vt 0.4559757 0.0926432
vt 0.4541667 0.0944523
vt 0.4523576 0.0926433
f 502/1783/502 619/1784/619 164/1785/164
vt 0.3375000 0.0888811
vt 0.3393090 0.0906901
vt 0.3356910 0.0906901
f 174/1786/174 506/1787/506 173/1788/173
vt 0.4509766 0.0976424
vt 0.4509766 0.0940243
vt 0.4527856 0.0958334
f 166/1789/166 588/1790/588 567/1791/567
vt 0.5976424 0.4676432
vt 0.5666667 0.4986189
vt 0.5356910 0.4676432
f 20/1792/20 610/1793/610 510/1794/510
vt 0.6009766 0.4690243
vt 0.6319523 0.5000000
vt 0.6009766 0.5309757
f 522/1795/522 609/1796/609 531/1797/531
vt 0.2805477 0.1041667
vt 0.2823568 0.1023576
vt 0.2823568 0.1059757
f 524/1798/524 525/1799/525 506/1800/506
vt 0.4509766 0.0856909
vt 0.4527856 0.0875000
vt 0.4509766 0.0893091
f 135/1801/135 581/1802/581 498/1803/498
vt 0.2643090 0.1676432
vt 0.2509766 0.1809757
vt 0.2509766 0.1676432
f 518/1804/518 550/1805/550 123/1806/123
vt 0.4523576 0.0906901
vt 0.4541667 0.0888810
vt 0.4559757 0.0906901
f 172/1807/172 603/1808/603 171/1809/171
vt 0.3393091 0.0759766
vt 0.3375000 0.0777857
vt 0.3356910 0.0759766
f 574/1810/574 593/1811/593 572/1812/572
vt 0.3343099 0.0773576
vt 0.3361189 0.0791667
vt 0.3343099 0.0809758
f 500/1813/500 565/1814/565 564/1815/564
vt 0.4593099 0.0940242
vt 0.4611189 0.0958334
vt 0.4593099 0.0976424
f 140/1816/140 614/1817/614 139/1818/139
vt 0.3343099 0.0690243
vt 0.3361189 0.0708333
vt 0.3343099 0.0726424
f 498/1819/498 598/1820/598 134/1821/134
vt 0.6023576 0.5323567
vt 0.6333334 0.5013810
vt 0.6643091 0.5323567
f 612/1822/612 617/1823/617 189/1824/189
vt 0.4606910 0.0990235
vt 0.4625000 0.0972144
vt 0.4643090 0.0990235
f 168/1825/168 592/1826/592 507/1827/507
vt 0.4523576 0.0990235
vt 0.4541667 0.0972144
vt 0.4559757 0.0990235
f 566/1828/566 614/1829/614 564/1830/564
vt 0.4573568 0.0976424
vt 0.4555477 0.0958334
vt 0.4573568 0.0940242
f 504/1831/504 614/1832/614 566/1833/566
vt 0.2059757 0.0990235
vt 0.2023576 0.0990235
vt 0.2041667 0.0972144
f 528/1834/528 537/1835/537 527/1836/527
vt 0.4426432 0.0940242
vt 0.4444523 0.0958334
vt 0.4426432 0.0976424
f 173/1837/173 606/1838/606 172/1839/172
vt 0.3375000 0.0722144
vt 0.3393090 0.0740234
vt 0.3356910 0.0740235
f 560/1840/560 561/1841/561 512/1842/512
vt 0.4440243 0.0990235
vt 0.4458333 0.0972144
vt 0.4476424 0.0990235
f 164/1843/164 619/1844/619 163/1845/163
vt 0.2823568 0.1143090
vt 0.2805477 0.1125000
vt 0.2823568 0.1106910
f 596/1846/596 597/1847/597 569/1848/569
vt 0.4393091 0.0990235
vt 0.4356910 0.0990234
vt 0.4375000 0.0972143
f 564/1849/564 614/1850/614 140/1851/140
vt 0.3343099 0.8656901
vt 0.3343099 0.8023576
vt 0.3976424 0.8656901
f 530/1852/530 612/1853/612 509/1854/509
vt 0.2809757 0.1093099
vt 0.2791667 0.1111189
vt 0.2773576 0.1093099
f 584/1855/584 585/1856/585 577/1857/577
vt 0.1990235 0.2990234
vt 0.1690243 0.2990234
vt 0.1990235 0.2690243
f 118/1858/118 608/1859/608 601/1860/601
vt 0.1990235 0.3009766
vt 0.1990235 0.3309757
vt 0.1690243 0.3009765
f 602/1861/602 607/1862/607 183/1863/183
vt 0.3426432 0.0809758
vt 0.3426432 0.0773576
vt 0.3444523 0.0791667
f 579/1864/579 584/1865/584 575/1866/575
vt 0.3356910 0.8009766
vt 0.3990234 0.8009766
vt 0.3990234 0.8643091
f 534/1867/534 618/1868/618 548/1869/548
vt 0.2740234 0.1059757
vt 0.2722144 0.1041667
vt 0.2740234 0.1023576
f 10/1870/10 620/1871/620 597/1872/597
vt 0.6656901 0.5309757
vt 0.6347144 0.5000000
vt 0.6656901 0.4690243
f 530/1873/530 617/1874/617 612/1875/612
vt 0.4406901 0.0976424
vt 0.4388811 0.0958333
vt 0.4406901 0.0940242
f 163/1876/163 619/1877/619 559/1878/559
vt 0.3458333 0.0805477
vt 0.3476424 0.0823568
vt 0.3440243 0.0823568
f 573/1879/573 574/1880/574 572/1881/572
vt 0.6643091 0.4676432
vt 0.6333334 0.4986189
vt 0.6023576 0.4676432
f 510/1882/510 621/1883/621 516/1884/516
vt 0.4458334 0.0888810
vt 0.4476424 0.0906901
vt 0.4440243 0.0906901
f 126/1885/126 620/1886/620 10/1887/10
vt 0.1440243 0.0906901
vt 0.1490234 0.0856909
vt 0.1490234 0.0906901
f 508/1888/508 542/1889/542 125/1890/125
vt 0.3356910 0.0823568
vt 0.3375000 0.0805477
vt 0.3393090 0.0823568
f 497/1891/497 604/1892/604 170/1893/170
vt 0.4643090 0.8656901
vt 0.4009766 0.8656901
vt 0.4009766 0.8023576
f 509/1894/509 612/1895/612 190/1896/190
vt 0.4472144 0.0875000
vt 0.4490235 0.0856909
vt 0.4490235 0.0893091
f 571/1897/571 572/1898/572 505/1899/505
vt 0.4472144 0.0958334
vt 0.4490235 0.0940243
vt 0.4490235 0.0976424
f 567/1900/567 613/1901/613 502/1902/502
vt 0.4476424 0.0926433
vt 0.4458334 0.0944523
vt 0.4440243 0.0926432
f 559/1903/559 619/1904/619 562/1905/562
vt 0.4593099 0.0773576
vt 0.4611189 0.0791667
vt 0.4593099 0.0809758
f 562/1906/562 619/1907/619 502/1908/502
vt 0.3406901 0.0773576
vt 0.3406901 0.0809758
vt 0.3388811 0.0791667
f 507/1909/507 589/1910/589 588/1911/588
vt 0.4625000 0.0805477
vt 0.4643090 0.0823568
vt 0.4606910 0.0823568
f 559/1912/559 560/1913/560 512/1914/512
vt 0.6676432 0.4690243
vt 0.6986189 0.5000000
vt 0.6676432 0.5309757
f 555/1915/555 617/1916/617 530/1917/530
vt 0.6690243 0.5323567
vt 0.7000000 0.5013810
vt 0.7309757 0.5323567
f 546/1918/546 621/1919/621 610/1920/610
vt 0.3523576 0.0926433
vt 0.3559757 0.0926432
vt 0.3541667 0.0944523
f 559/1921/559 562/1922/562 560/1923/560
vt 0.4559757 0.0823568
vt 0.4523576 0.0823568
vt 0.4541667 0.0805477
f 513/1924/513 611/1925/611 581/1926/581
vt 0.2726424 0.1009766
vt 0.2708333 0.1027856
vt 0.2690243 0.1009766
f 558/1927/558 591/1928/591 525/1929/525
vt 0.3509766 0.0940243
vt 0.3527856 0.0958334
vt 0.3509766 0.0976424
f 171/1930/171 603/1931/603 497/1932/497
vt 0.3509766 0.0893091
vt 0.3509766 0.0856909
vt 0.3527856 0.0875000
f 505/1933/505 593/1934/593 570/1935/570
vt 0.4573568 0.0773576
vt 0.4573568 0.0809758
vt 0.4555477 0.0791667
f 169/1936/169 604/1937/604 592/1938/592
vt 0.2073568 0.0976424
vt 0.2055477 0.0958334
vt 0.2073568 0.0940242
f 526/1939/526 528/1940/528 527/1941/527
vt 0.1356910 0.2676432
vt 0.1656901 0.2676432
vt 0.1656901 0.2976424
f 601/1942/601 608/1943/608 145/1944/145
vt 0.1676432 0.2676432
vt 0.1976424 0.2676432
vt 0.1676432 0.2976424
f 153/1945/153 607/1946/607 602/1947/602
vt 0.2791667 0.1027856
vt 0.2773576 0.1009766
vt 0.2809757 0.1009766
f 575/1948/575 576/1949/576 574/1950/574
vt 0.3523576 0.0906901
vt 0.3541667 0.0888810
vt 0.3559757 0.0906901
f 553/1951/553 613/1952/613 589/1953/589
vt 0.1490234 0.0926433
vt 0.1490234 0.0976424
vt 0.1440243 0.0926432
f 526/1954/526 529/1955/529 528/1956/528
vt 0.7323568 0.4690243
vt 0.7323568 0.5309757
vt 0.7013811 0.5000000
f 188/1957/188 617/1958/617 555/1959/555
vt 0.2009766 0.3309757
vt 0.2009766 0.3009766
vt 0.2309757 0.3009765
f 540/1960/540 616/1961/616 608/1962/608
vt 0.2009766 0.2990234
vt 0.2009766 0.2690243
vt 0.2309757 0.2990234
f 608/1963/608 616/1964/616 145/1965/145
vt 0.2759766 0.1023576
vt 0.2777856 0.1041667
vt 0.2759766 0.1059757
f 575/1966/575 584/1967/584 577/1968/577
vt 0.4643090 0.0740235
vt 0.4606910 0.0740234
vt 0.4625000 0.0722144
f 172/1969/172 606/1970/606 603/1971/603
vt 0.4656901 0.0726424
vt 0.4638811 0.0708333
vt 0.4656901 0.0690243
f 506/1972/506 606/1973/606 173/1974/173
vt 0.4656901 0.0773576
vt 0.4656901 0.0809758
vt 0.4638811 0.0791667
f 568/1975/568 569/1976/569 501/1977/501
vt 0.3611189 0.0958333
vt 0.3593099 0.0976424
vt 0.3593099 0.0940242
f 572/1978/572 593/1979/593 505/1980/505
vt 0.2906901 0.1023576
vt 0.2906901 0.1059757
vt 0.2888811 0.1041667
f 576/1981/576 596/1982/596 574/1983/574
vt 0.2106910 0.0906901
vt 0.2125000 0.0888810
vt 0.2143090 0.0906901
f 536/1984/536 537/1985/537 528/1986/528
vt 0.2156901 0.0856909
vt 0.2156901 0.0893091
vt 0.2138811 0.0875000
f 577/1987/577 578/1988/578 576/1989/576
vt 0.2856910 0.1009766
vt 0.2893091 0.1009766
vt 0.2875000 0.1027856
f 575/1990/575 577/1991/577 576/1992/576
vt 0.3643090 0.0990234
vt 0.3606910 0.0990235
vt 0.3625000 0.0972143
f 16/1993/16 524/1994/524 175/1995/175
vt 0.6690243 0.4676432
vt 0.7309757 0.4676432
vt 0.7000000 0.4986189
f 610/1996/610 621/1997/621 510/1998/510
vt 0.2976424 0.1009765
vt 0.2958333 0.1027856
vt 0.2940243 0.1009766
f 525/1999/525 615/2000/615 558/2001/558
vt 0.4643090 0.0759766
vt 0.4625000 0.0777857
vt 0.4606910 0.0759766
f 603/2002/603 606/2003/606 591/2004/591
vt 0.2926432 0.1023576
vt 0.2944523 0.1041666
vt 0.2926432 0.1059757
f 558/2005/558 615/2006/615 527/2007/527
vt 0.2875000 0.1111189
vt 0.2856910 0.1093099
vt 0.2893091 0.1093099
f 157/2008/157 536/2009/536 15/2010/15
vt 0.4009766 0.2356910
vt 0.4152856 0.2499999
vt 0.4009766 0.2643090
f 148/2011/148 541/2012/541 11/2013/11
vt 0.7343099 0.4690243
vt 0.7652856 0.5000000
vt 0.7343099 0.5309757
f 12/2014/12 601/2015/601 145/2016/145
vt 0.7356910 0.5323567
vt 0.7666667 0.5013810
vt 0.7976424 0.5323567
f 150/2017/150 586/2018/586 12/2019/12
vt 0.7990234 0.5309757
vt 0.7680477 0.5000000
vt 0.7990234 0.4690243
f 14/2020/14 587/2021/587 151/2022/151
vt 0.7976424 0.4676432
vt 0.7666667 0.4986189
vt 0.7356910 0.4676432
f 153/2023/153 602/2024/602 14/2025/14
vt 0.8319523 0.5000000
vt 0.8009766 0.5309757
vt 0.8009766 0.4690243
f 6/2026/6 17/2027/17 109/2028/109
vt 0.4656901 0.8643091
vt 0.4023576 0.8009766
vt 0.4656901 0.8009766
f 7/2029/7 152/2030/152 151/2031/151
vt 0.5309757 0.8656901
vt 0.4676432 0.8656901
vt 0.4676432 0.8023576
f 9/2032/9 150/2033/150 149/2034/149
vt 0.2843099 0.1143090
vt 0.2843099 0.1106910
vt 0.2861190 0.1125000
f 11/2035/11 565/2036/565 144/2037/144
vt 0.8143091 0.1656901
vt 0.8023576 0.1656901
vt 0.8083333 0.1597143
f 11/2038/11 578/2039/578 577/2040/577
vt 0.4009766 0.2023576
vt 0.4152856 0.2166666
vt 0.4009766 0.2309757
f 15/2041/15 554/2042/554 156/2043/156
vt 0.8156901 0.1643091
vt 0.8097144 0.1583333
vt 0.8156901 0.1523576
f 15/2044/15 536/2045/536 529/2046/529
vt 0.2323568 0.1490234
vt 0.2190243 0.1490234
vt 0.2323568 0.1356909
f 529/2047/529 554/2048/554 15/2049/15
vt 0.4690243 0.8009766
vt 0.5323568 0.8009766
vt 0.5323568 0.8643091
f 187/2050/187 609/2051/609 17/2052/17
vt 0.4643090 0.0906901
vt 0.4606910 0.0906901
vt 0.4625000 0.0888811
f 143/2053/143 500/2054/500 142/2055/142
vt 0.4656901 0.0856910
vt 0.4656901 0.0893091
vt 0.4638811 0.0875000
f 144/2056/144 500/2057/500 143/2058/143
vt 0.2843099 0.1059757
vt 0.2843099 0.1023576
vt 0.2861190 0.1041667
f 144/2059/144 565/2060/565 500/2061/500
vt 0.8333334 0.5013810
vt 0.8643091 0.5323567
vt 0.8023576 0.5323567
f 539/2062/539 607/2063/607 154/2064/154
vt 0.2875000 0.1055477
vt 0.2893091 0.1073567
vt 0.2856910 0.1073568
f 158/2065/158 536/2066/536 157/2067/157
vt 0.3541667 0.0972144
vt 0.3559757 0.0990235
vt 0.3523576 0.0990235
f 159/2068/159 499/2069/499 158/2070/158
vt 0.2722144 0.1208333
vt 0.2740234 0.1190243
vt 0.2740234 0.1226423
f 499/2071/499 536/2072/536 158/2073/158
vt 0.3573568 0.0940242
vt 0.3573568 0.0976424
vt 0.3555478 0.0958334
f 175/2074/175 506/2075/506 174/2076/174
vt 0.3426432 0.0976424
vt 0.3426432 0.0940242
vt 0.3444523 0.0958334
f 579/2077/579 598/2078/598 498/2079/498
vt 0.1740234 0.1226423
vt 0.1690243 0.1176432
vt 0.1740234 0.1176432
f 529/2080/529 536/2081/536 528/2082/528
vt 0.2156901 0.0976424
vt 0.2138811 0.0958334
vt 0.2156901 0.0940243
f 577/2083/577 585/2084/585 565/2085/565
vt 0.3440243 0.0990235
vt 0.3458333 0.0972144
vt 0.3476424 0.0990235
f 690/2086/690 688/2087/688 695/2088/695
vt 0.5343099 0.8023576
vt 0.5976424 0.8656901
vt 0.5343099 0.8656901
f 273/2089/273 25/2090/25 666/2091/666
vt 0.1809757 0.1176432
vt 0.1759766 0.1226423
vt 0.1759766 0.1176432
f 642/2092/642 31/2093/31 677/2094/677
vt 0.5356910 0.8009766
vt 0.5990235 0.8009766
vt 0.5990235 0.8643091
f 234/2095/234 655/2096/655 727/2097/727
vt 0.6009766 0.8023576
vt 0.6643091 0.8656901
vt 0.6009766 0.8656901
f 236/2098/236 30/2099/30 634/2100/634
vt 0.6656901 0.8009766
vt 0.6656901 0.8643091
vt 0.6023576 0.8009766
f 658/2101/658 34/2102/34 659/2103/659
vt 0.6676432 0.8656901
vt 0.6676432 0.8023576
vt 0.7309757 0.8656901
f 218/2104/218 25/2105/25 274/2106/274
vt 0.7323568 0.8643091
vt 0.6690243 0.8009766
vt 0.7323568 0.8009766
f 271/2107/271 8/2108/8 247/2109/247
vt 0.2343099 0.3023576
vt 0.2643090 0.3323568
vt 0.2343099 0.3323568
f 669/2110/669 242/2111/242 738/2112/738
vt 0.1726424 0.1259765
vt 0.1676432 0.1309757
vt 0.1676432 0.1259766
f 237/2113/237 31/2114/31 642/2115/642
vt 0.7343099 0.8023576
vt 0.7976424 0.8656901
vt 0.7343099 0.8656901
f 8/2116/8 272/2117/272 658/2118/658
vt 0.7356910 0.8009766
vt 0.7990234 0.8009766
vt 0.7990234 0.8643091
f 34/2119/34 273/2120/273 666/2121/666
vt 0.3393090 0.0990235
vt 0.3356910 0.0990235
vt 0.3375000 0.0972144
f 697/2122/697 699/2123/699 728/2124/728
vt 0.8009766 0.8023576
vt 0.8643091 0.8656901
vt 0.8009766 0.8656901
f 34/2125/34 666/2126/666 726/2127/726
vt 0.8656901 0.8009766
vt 0.8656901 0.8643091
vt 0.8023576 0.8009766
f 233/2128/233 28/2129/28 727/2130/727
vt 0.2690243 0.1176432
vt 0.2726424 0.1176432
vt 0.2708333 0.1194523
f 647/2131/647 663/2132/663 706/2133/706
vt 0.8676432 0.8656901
vt 0.8676432 0.8023576
vt 0.9309757 0.8656901
f 272/2134/272 34/2135/34 658/2136/658
vt 0.2323568 0.3323568
vt 0.2023576 0.3323568
vt 0.2323568 0.3023576
f 243/2137/243 242/2138/242 669/2139/669
vt 0.8690243 0.8009766
vt 0.9323568 0.8009766
vt 0.9323568 0.8643091
f 28/2140/28 235/2141/235 727/2142/727
vt 0.3406901 0.0940242
vt 0.3406901 0.0976424
vt 0.3388811 0.0958334
f 214/2143/214 624/2144/624 646/2145/646
vt 0.9343099 0.8023576
vt 0.9976424 0.8656901
vt 0.9343099 0.8656901
f 655/2146/655 234/2147/234 732/2148/732
vt 0.2773576 0.1176432
vt 0.2809757 0.1176432
vt 0.2791667 0.1194522
f 684/2149/684 683/2150/683 693/2151/693
vt 0.8656901 0.4690243
vt 0.8656901 0.5309757
vt 0.8347144 0.5000000
f 5/2152/5 114/2153/114 731/2154/731
vt 0.2759766 0.1226423
vt 0.2759766 0.1190243
vt 0.2777856 0.1208333
f 689/2155/689 690/2156/690 695/2157/695
vt 0.8333334 0.4986189
vt 0.8023576 0.4676432
vt 0.8643091 0.4676432
f 27/2158/27 718/2159/718 719/2160/719
vt 0.4023576 0.2323568
vt 0.4166667 0.2180477
vt 0.4309757 0.2323567
f 270/2161/270 660/2162/660 709/2163/709
vt 0.4486189 0.2499999
vt 0.4343099 0.2643090
vt 0.4343099 0.2356909
f 651/2164/651 672/2165/672 680/2166/680
vt 0.9990234 0.8643091
vt 0.9356909 0.8009766
vt 0.9990234 0.8009766
f 232/2167/232 27/2168/27 719/2169/719
vt 0.3440243 0.0906901
vt 0.3458333 0.0888810
vt 0.3476424 0.0906901
f 705/2170/705 639/2171/639 721/2172/721
vt 0.2356910 0.2990234
vt 0.2656901 0.2690243
vt 0.2656901 0.2990234
f 269/2173/269 268/2174/268 656/2175/656
vt 0.4656901 0.0976424
vt 0.4638811 0.0958334
vt 0.4656901 0.0940243
f 700/2176/700 628/2177/628 704/2178/704
vt 0.4643090 0.2656901
vt 0.4356910 0.2656901
vt 0.4500000 0.2513810
f 269/2179/269 656/2180/656 682/2181/682
vt 0.3490235 0.0856909
vt 0.3490235 0.0893091
vt 0.3472144 0.0875000
f 693/2182/693 683/2183/683 715/2184/715
vt 0.1726424 0.1240234
vt 0.1676432 0.1240234
vt 0.1676432 0.1190243
f 652/2185/652 642/2186/642 677/2187/677
vt 0.3490235 0.0940243
vt 0.3490235 0.0976424
vt 0.3472144 0.0958334
f 699/2188/699 627/2189/627 725/2190/725
vt 0.2726424 0.1259765
vt 0.2708333 0.1277856
vt 0.2690243 0.1259766
f 663/2191/663 705/2192/705 706/2193/706
vt 0.8416667 0.1902856
vt 0.8356910 0.1843099
vt 0.8476424 0.1843098
f 662/2194/662 633/2195/633 665/2196/665
vt 0.2356910 0.3009765
vt 0.2656901 0.3009766
vt 0.2656901 0.3309757
f 672/2197/672 197/2198/197 680/2199/680
vt 0.3476424 0.0926433
vt 0.3458333 0.0944523
vt 0.3440243 0.0926432
f 31/2200/31 248/2201/248 625/2202/625
vt 0.0009766 0.7356910
vt 0.0643090 0.7990234
vt 0.0009766 0.7990234
f 233/2203/233 657/2204/657 718/2205/718
vt 0.2694523 0.1291667
vt 0.2676432 0.1309757
vt 0.2676432 0.1273576
f 692/2206/692 684/2207/684 693/2208/693
vt 0.8986189 0.5000000
vt 0.8676432 0.5309757
vt 0.8676432 0.4690243
f 268/2209/268 267/2210/267 669/2211/669
vt 0.2323568 0.2976424
vt 0.2023576 0.2676432
vt 0.2323568 0.2676432
f 656/2212/656 669/2213/669 738/2214/738
vt 0.9309757 0.5323567
vt 0.8690243 0.5323567
vt 0.9000000 0.5013810
f 634/2215/634 30/2216/30 635/2217/635
vt 0.0656901 0.7343099
vt 0.0656901 0.7976424
vt 0.0023576 0.7343099
f 235/2218/235 234/2219/234 727/2220/727
vt 0.1309757 0.7990234
vt 0.0676432 0.7990234
vt 0.0676432 0.7356910
f 644/2221/644 654/2222/654 657/2223/657
vt 0.9323568 0.4690243
vt 0.9323568 0.5309757
vt 0.9013811 0.5000000
f 218/2224/218 274/2225/274 707/2226/707
vt 0.8690243 0.4676432
vt 0.9309757 0.4676432
vt 0.9000000 0.4986189
f 271/2227/271 247/2228/247 708/2229/708
vt 0.8343099 0.1976424
vt 0.8343099 0.1856909
vt 0.8402856 0.1916666
f 733/2230/733 665/2231/665 742/2232/742
vt 0.1323568 0.7976424
vt 0.0690243 0.7343099
vt 0.1323568 0.7343099
f 657/2233/657 233/2234/233 727/2235/727
vt 0.1676432 0.1093099
vt 0.1726424 0.1093099
vt 0.1676432 0.1143091
f 653/2236/653 652/2237/652 677/2238/677
vt 0.2125000 0.0944523
vt 0.2106910 0.0926432
vt 0.2143090 0.0926433
f 698/2239/698 664/2240/664 699/2241/699
vt 0.4023576 0.2656901
vt 0.4166667 0.2513810
vt 0.4309757 0.2656901
f 656/2242/656 681/2243/681 682/2244/682
vt 0.2643090 0.2676432
vt 0.2343099 0.2976424
vt 0.2343099 0.2676432
f 195/2245/195 196/2246/196 739/2247/739
vt 0.3740234 0.1226423
vt 0.3722144 0.1208333
vt 0.3740234 0.1190243
f 704/2248/704 639/2249/639 705/2250/705
vt 0.2406901 0.1190243
vt 0.2406901 0.1226423
vt 0.2388811 0.1208333
f 647/2251/647 662/2252/662 663/2253/663
vt 0.1343099 0.7990234
vt 0.1343099 0.7356910
vt 0.1976424 0.7990234
f 25/2254/25 229/2255/229 666/2256/666
vt 0.3690243 0.1176432
vt 0.3726424 0.1176432
vt 0.3708333 0.1194523
f 630/2257/630 705/2258/705 721/2259/721
vt 0.1356910 0.7343099
vt 0.1990235 0.7343099
vt 0.1990235 0.7976424
f 643/2260/643 720/2261/720 734/2262/734
vt 0.2976424 0.3009765
vt 0.2676432 0.3309757
vt 0.2676432 0.3009766
f 196/2263/196 197/2264/197 672/2265/672
vt 0.8343099 0.1690242
vt 0.8402856 0.1750000
vt 0.8343099 0.1809757
f 24/2266/24 228/2267/228 633/2268/633
vt 0.2694523 0.1208333
vt 0.2676432 0.1226424
vt 0.2676432 0.1190243
f 624/2269/624 217/2270/217 661/2271/661
vt 0.2323568 0.1643090
vt 0.2190243 0.1509765
vt 0.2323568 0.1509765
f 660/2272/660 270/2273/270 737/2274/737
vt 0.4643090 0.0926433
vt 0.4625000 0.0944523
vt 0.4606910 0.0926432
f 637/2275/637 687/2276/687 688/2277/688
vt 0.9343099 0.5309757
vt 0.9343099 0.4690243
vt 0.9652856 0.5000000
f 644/2278/644 650/2279/650 654/2280/654
vt 0.2643090 0.7990234
vt 0.2009766 0.7990234
vt 0.2009766 0.7356910
f 720/2281/720 671/2282/671 734/2283/734
vt 0.9356909 0.5323567
vt 0.9666667 0.5013810
vt 0.9976424 0.5323567
f 718/2284/718 654/2285/654 719/2286/719
vt 0.4555477 0.0875000
vt 0.4573568 0.0856910
vt 0.4573568 0.0893090
f 691/2287/691 637/2288/637 692/2289/692
vt 0.3773577 0.1176432
vt 0.3809757 0.1176432
vt 0.3791667 0.1194522
f 698/2290/698 697/2291/697 700/2292/700
vt 0.2023576 0.7343099
vt 0.2656901 0.7343099
vt 0.2656901 0.7976424
f 658/2293/658 659/2294/659 676/2295/676
vt 0.8476424 0.1823567
vt 0.8356910 0.1823568
vt 0.8416667 0.1763810
f 665/2296/665 633/2297/633 673/2298/673
vt 0.9990234 0.5309757
vt 0.9680477 0.5000000
vt 0.9990234 0.4690243
f 245/2299/245 33/2300/33 246/2301/246
vt 0.9356909 0.4676432
vt 0.9976424 0.4676432
vt 0.9666667 0.4986189
f 220/2302/220 219/2303/219 22/2304/22
vt 0.2676432 0.7990234
vt 0.2676432 0.7356910
vt 0.3309757 0.7990234
f 111/2305/111 8/2306/8 658/2307/658
vt 0.2690243 0.1240234
vt 0.2708333 0.1222144
vt 0.2726424 0.1240234
f 698/2308/698 704/2309/704 705/2310/705
vt 0.3323568 0.7976424
vt 0.2690243 0.7343099
vt 0.3323568 0.7343099
f 675/2311/675 659/2312/659 726/2313/726
vt 0.2156901 0.1343099
vt 0.2156901 0.1476424
vt 0.2023576 0.1343099
f 648/2314/648 679/2315/679 733/2316/733
vt 0.2676432 0.2690243
vt 0.2976424 0.2990234
vt 0.2676432 0.2990234
f 223/2317/223 222/2318/222 667/2319/667
vt 0.4323568 0.2643090
vt 0.4180477 0.2499999
vt 0.4323568 0.2356909
f 225/2320/225 224/2321/224 651/2322/651
vt 0.3343099 0.7356910
vt 0.3976424 0.7990234
vt 0.3343099 0.7990234
f 671/2323/671 670/2324/670 740/2325/740
vt 0.3990234 0.7976424
vt 0.3356910 0.7343099
vt 0.3990234 0.7343099
f 659/2326/659 34/2327/34 726/2328/726
vt 0.2708333 0.1111190
vt 0.2690243 0.1093099
vt 0.2726424 0.1093099
f 623/2329/623 686/2330/686 689/2331/689
vt 0.4009766 0.7990234
vt 0.4009766 0.7356910
vt 0.4643090 0.7990234
f 671/2332/671 740/2333/740 743/2334/743
vt 0.3777856 0.1208333
vt 0.3759766 0.1226423
vt 0.3759766 0.1190243
f 641/2335/641 689/2336/689 695/2337/695
vt 0.2375000 0.1194523
vt 0.2356910 0.1176432
vt 0.2393090 0.1176432
f 647/2338/647 661/2339/661 662/2340/662
vt 0.0009766 0.4643090
vt 0.0009766 0.4023576
vt 0.0319523 0.4333333
f 657/2341/657 654/2342/654 718/2343/718
vt 0.4559757 0.0843099
vt 0.4541667 0.0861189
vt 0.4523576 0.0843099
f 638/2344/638 702/2345/702 716/2346/716
vt 0.4656901 0.7976424
vt 0.4023576 0.7343099
vt 0.4656901 0.7343099
f 231/2347/231 232/2348/232 643/2349/643
vt 0.4676432 0.7356910
vt 0.5309757 0.7990234
vt 0.4676432 0.7990234
f 113/2350/113 112/2351/112 636/2352/636
vt 0.4643090 0.2323568
vt 0.4356910 0.2323567
vt 0.4500000 0.2180477
f 270/2353/270 269/2354/269 682/2355/682
vt 0.5323568 0.7976424
vt 0.4690243 0.7343099
vt 0.5323568 0.7343099
f 645/2356/645 675/2357/675 726/2358/726
vt 0.5976424 0.7990234
vt 0.5343099 0.7990234
vt 0.5343099 0.7356910
f 231/2359/231 643/2360/643 674/2361/674
vt 0.5990235 0.7976424
vt 0.5356910 0.7343099
vt 0.5990235 0.7343099
f 230/2362/230 231/2363/231 674/2364/674
vt 0.6009766 0.7356910
vt 0.6643091 0.7990234
vt 0.6009766 0.7990234
f 229/2365/229 230/2366/230 645/2367/645
vt 0.6656901 0.7343099
vt 0.6656901 0.7976424
vt 0.6023576 0.7343099
f 645/2368/645 674/2369/674 675/2370/675
vt 0.7309757 0.7990234
vt 0.6676432 0.7990234
vt 0.6676432 0.7356910
f 645/2371/645 230/2372/230 674/2373/674
vt 0.3726424 0.1259765
vt 0.3708333 0.1277856
vt 0.3690243 0.1259766
f 257/2374/257 258/2375/258 637/2376/637
vt 0.4625000 0.0861190
vt 0.4606910 0.0843099
vt 0.4643090 0.0843099
f 255/2377/255 256/2378/256 626/2379/626
vt 0.4593099 0.0893090
vt 0.4593099 0.0856910
vt 0.4611189 0.0875000
f 252/2380/252 253/2381/253 631/2382/631
vt 0.7323568 0.7343099
vt 0.7323568 0.7976424
vt 0.6690243 0.7343099
f 634/2383/634 644/2384/644 655/2385/655
vt 0.4656901 0.2023576
vt 0.4656901 0.2309757
vt 0.4513811 0.2166666
f 223/2386/223 667/2387/667 717/2388/717
vt 0.7343099 0.7990234
vt 0.7343099 0.7356910
vt 0.7976424 0.7990234
f 636/2389/636 112/2390/112 676/2391/676
vt 0.1676432 0.1023576
vt 0.1726424 0.1073567
vt 0.1676432 0.1073568
f 640/2392/640 237/2393/237 642/2394/642
vt 0.4593099 0.1143091
vt 0.4593099 0.1106909
vt 0.4611189 0.1125000
f 259/2395/259 260/2396/260 629/2397/629
vt 0.4625000 0.1138811
vt 0.4643090 0.1156901
vt 0.4606910 0.1156901
f 694/2398/694 693/2399/693 714/2400/714
vt 0.3676432 0.1309757
vt 0.3676432 0.1273576
vt 0.3694523 0.1291667
f 683/2401/683 711/2402/711 716/2403/716
vt 0.4559757 0.1156901
vt 0.4523576 0.1156901
vt 0.4541667 0.1138810
f 204/2404/204 205/2405/205 632/2406/632
vt 0.2440243 0.1176432
vt 0.2476424 0.1176432
vt 0.2458333 0.1194522
f 663/2407/663 664/2408/664 698/2409/698
vt 0.4656901 0.2356910
vt 0.4656901 0.2643090
vt 0.4513811 0.2499999
f 197/2410/197 198/2411/198 680/2412/680
vt 0.4573568 0.1143091
vt 0.4555477 0.1125000
vt 0.4573568 0.1106909
f 250/2413/250 251/2414/251 638/2415/638
vt 0.3676432 0.1190243
vt 0.3694523 0.1208333
vt 0.3676432 0.1226424
f 711/2416/711 638/2417/638 716/2418/716
vt 0.7990234 0.7976424
vt 0.7356910 0.7343099
vt 0.7990234 0.7343099
f 112/2419/112 111/2420/111 676/2421/676
vt 0.4606910 0.1073567
vt 0.4625000 0.1055477
vt 0.4643090 0.1073568
f 261/2422/261 262/2423/262 641/2424/641
vt 0.8643091 0.7990234
vt 0.8009766 0.7990234
vt 0.8009766 0.7356910
f 229/2425/229 645/2426/645 666/2427/666
vt 0.2676432 0.1143091
vt 0.2676432 0.1106910
vt 0.2694523 0.1125000
f 683/2428/683 677/2429/677 711/2430/711
vt 0.3708333 0.1222144
vt 0.3726424 0.1240234
vt 0.3690243 0.1240234
f 201/2431/201 202/2432/202 627/2433/627
vt 0.0643090 0.4656901
vt 0.0023576 0.4656901
vt 0.0333333 0.4347143
f 634/2434/634 635/2435/635 644/2436/644
vt 0.4656901 0.1059757
vt 0.4638811 0.1041667
vt 0.4656901 0.1023576
f 725/2437/725 701/2438/701 728/2439/728
vt 0.4656901 0.1106910
vt 0.4656901 0.1143091
vt 0.4638811 0.1125000
f 207/2440/207 208/2441/208 628/2442/628
vt 0.2176432 0.1343099
vt 0.2309757 0.1343099
vt 0.2176432 0.1476424
f 240/2443/240 239/2444/239 649/2445/649
vt 0.3726424 0.1093099
vt 0.3708333 0.1111190
vt 0.3690243 0.1093099
f 625/2446/625 710/2447/710 711/2448/711
vt 0.8656901 0.7343099
vt 0.8656901 0.7976424
vt 0.8023576 0.7343099
f 670/2449/670 114/2450/114 740/2451/740
vt 0.2490234 0.1476424
vt 0.2356910 0.1343099
vt 0.2490234 0.1343099
f 227/2452/227 226/2453/226 648/2454/648
vt 0.0656901 0.4023576
vt 0.0656901 0.4643090
vt 0.0347144 0.4333333
f 114/2455/114 670/2456/670 731/2457/731
vt 0.0333333 0.4319522
vt 0.0023576 0.4009765
vt 0.0643090 0.4009765
f 650/2458/650 670/2459/670 671/2460/671
vt 0.0676432 0.4023576
vt 0.0986189 0.4333333
vt 0.0676432 0.4643090
f 644/2461/644 635/2462/635 650/2463/650
vt 0.8509766 0.1856909
vt 0.8569523 0.1916666
vt 0.8509766 0.1976424
f 685/2464/685 686/2465/686 709/2466/709
vt 0.2694523 0.1041667
vt 0.2676432 0.1059757
vt 0.2676432 0.1023576
f 217/2467/217 24/2468/24 661/2469/661
vt 0.3676432 0.1106910
vt 0.3694523 0.1125000
vt 0.3676432 0.1143091
f 248/2470/248 249/2471/249 625/2472/625
vt 0.3009766 0.3323568
vt 0.3009766 0.3023576
vt 0.3309757 0.3323568
f 656/2473/656 268/2474/268 669/2475/669
vt 0.3676432 0.1023576
vt 0.3694523 0.1041666
vt 0.3676432 0.1059757
f 263/2476/263 264/2477/264 623/2478/623
vt 0.4356910 0.2343099
vt 0.4643090 0.2343099
vt 0.4500000 0.2486189
f 270/2479/270 682/2480/682 737/2481/737
vt 0.4625000 0.1111190
vt 0.4606910 0.1093099
vt 0.4643090 0.1093099
f 209/2482/209 210/2483/210 639/2484/639
vt 0.8643091 0.1990234
vt 0.8523576 0.1990234
vt 0.8583333 0.1930476
f 238/2485/238 237/2486/237 640/2487/640
vt 0.4323568 0.2023576
vt 0.4323568 0.2309757
vt 0.4180478 0.2166666
f 225/2488/225 651/2489/651 679/2490/679
vt 0.2690243 0.3323568
vt 0.2990234 0.3023576
vt 0.2990234 0.3323568
f 222/2491/222 221/2492/221 729/2493/729
vt 0.4023576 0.2009766
vt 0.4309757 0.2009766
vt 0.4166667 0.2152856
f 224/2494/224 223/2495/223 717/2496/717
vt 0.9309757 0.7990234
vt 0.8676432 0.7990234
vt 0.8676432 0.7356910
f 655/2497/655 644/2498/644 657/2499/657
vt 0.4356910 0.2009766
vt 0.4643090 0.2009766
vt 0.4500000 0.2152856
f 241/2500/241 240/2501/240 681/2502/681
vt 0.2509766 0.1343099
vt 0.2643090 0.1343099
vt 0.2509766 0.1476424
f 226/2503/226 225/2504/225 679/2505/679
vt 0.3323568 0.2690243
vt 0.3323568 0.2990234
vt 0.3023576 0.2990234
f 672/2506/672 667/2507/667 739/2508/739
vt 0.8690243 0.7343099
vt 0.9323568 0.7343099
vt 0.9323568 0.7976424
f 114/2509/114 113/2510/113 740/2511/740
vt 0.1309757 0.4656901
vt 0.0690243 0.4656901
vt 0.1000000 0.4347143
f 669/2512/669 267/2513/267 730/2514/730
vt 0.9343099 0.7356910
vt 0.9976424 0.7990234
vt 0.9343099 0.7990234
f 659/2515/659 675/2516/675 736/2517/736
vt 0.9990234 0.7976424
vt 0.9356909 0.7343099
vt 0.9990234 0.7343099
f 111/2518/111 658/2519/658 676/2520/676
vt 0.0009766 0.6690242
vt 0.0643090 0.7323568
vt 0.0009766 0.7323568
f 674/2521/674 643/2522/643 734/2523/734
vt 0.2426432 0.1226423
vt 0.2426432 0.1190243
vt 0.2444523 0.1208333
f 689/2524/689 685/2525/685 690/2526/690
vt 0.4343099 0.2309757
vt 0.4343099 0.2023576
vt 0.4486189 0.2166666
f 672/2527/672 651/2528/651 717/2529/717
vt 0.0656901 0.7309757
vt 0.0023576 0.6676432
vt 0.0656901 0.6676432
f 29/2530/29 236/2531/236 732/2532/732
vt 0.4690243 0.2343099
vt 0.4976424 0.2343099
vt 0.4833333 0.2486189
f 667/2533/667 672/2534/672 717/2535/717
vt 0.1323568 0.4643090
vt 0.1013811 0.4333333
vt 0.1323568 0.4023576
f 650/2536/650 635/2537/635 670/2538/670
vt 0.8416667 0.1930476
vt 0.8476424 0.1990234
vt 0.8356910 0.1990234
f 228/2539/228 227/2540/227 673/2541/673
vt 0.8490235 0.1856909
vt 0.8490235 0.1976424
vt 0.8430477 0.1916666
f 227/2542/227 648/2543/648 673/2544/673
vt 0.4819523 0.2499999
vt 0.4676432 0.2643090
vt 0.4676432 0.2356910
f 679/2545/679 680/2546/680 733/2547/733
vt 0.0676432 0.6690242
vt 0.1309757 0.7323568
vt 0.0676432 0.7323568
f 234/2548/234 29/2549/29 732/2550/732
vt 0.2343099 0.1643090
vt 0.2343099 0.1509765
vt 0.2476424 0.1509765
f 239/2551/239 238/2552/238 678/2553/678
vt 0.3323568 0.3009766
vt 0.3323568 0.3309757
vt 0.3023576 0.3009765
f 196/2554/196 672/2555/672 739/2556/739
vt 0.2690243 0.1073568
vt 0.2708333 0.1055477
vt 0.2726424 0.1073567
f 668/2557/668 627/2558/627 699/2559/699
vt 0.2990234 0.2976424
vt 0.2690243 0.2676432
vt 0.2990234 0.2676432
f 244/2560/244 243/2561/243 730/2562/730
vt 0.4625000 0.1222144
vt 0.4643090 0.1240234
vt 0.4606910 0.1240234
f 211/2563/211 212/2564/212 630/2565/630
vt 0.3309757 0.2676432
vt 0.3009766 0.2976424
vt 0.3009766 0.2676432
f 245/2566/245 244/2567/244 724/2568/724
vt 0.3643090 0.3009765
vt 0.3343099 0.3309757
vt 0.3343099 0.3009766
f 221/2569/221 220/2570/220 723/2571/723
vt 0.4676432 0.2309757
vt 0.4676432 0.2023576
vt 0.4819523 0.2166666
f 242/2572/242 241/2573/241 738/2574/738
vt 0.4656901 0.1190243
vt 0.4656901 0.1226424
vt 0.4638811 0.1208333
f 256/2575/256 257/2576/257 691/2577/691
vt 0.4656901 0.1273576
vt 0.4656901 0.1309757
vt 0.4638811 0.1291667
f 258/2578/258 259/2579/259 687/2580/687
vt 0.0690243 0.6676432
vt 0.1323568 0.6676432
vt 0.1323568 0.7309757
f 634/2581/634 655/2582/655 732/2583/732
vt 0.2356910 0.1259766
vt 0.2393091 0.1259765
vt 0.2375000 0.1277856
f 24/2584/24 633/2585/633 661/2586/661
vt 0.4606910 0.1259765
vt 0.4643090 0.1259766
vt 0.4625000 0.1277856
f 251/2587/251 252/2588/252 702/2589/702
vt 0.3343099 0.2690243
vt 0.3643090 0.2990234
vt 0.3343099 0.2990234
f 635/2590/635 30/2591/30 731/2592/731
vt 0.3708333 0.1055477
vt 0.3726424 0.1073567
vt 0.3690243 0.1073568
f 260/2593/260 261/2594/261 695/2595/695
vt 0.4573568 0.1226423
vt 0.4555477 0.1208333
vt 0.4573568 0.1190243
f 205/2596/205 206/2597/206 696/2598/696
vt 0.4976424 0.2323567
vt 0.4690243 0.2323568
vt 0.4833333 0.2180477
f 679/2599/679 651/2600/651 680/2601/680
vt 0.4523576 0.1176432
vt 0.4559757 0.1176432
vt 0.4541667 0.1194522
f 257/2602/257 637/2603/637 691/2604/691
vt 0.4606910 0.1176432
vt 0.4643090 0.1176432
vt 0.4625000 0.1194523
f 626/2605/626 256/2606/256 691/2607/691
vt 0.3976424 0.3323568
vt 0.3676432 0.3323568
vt 0.3676432 0.3023576
f 667/2608/667 222/2609/222 729/2610/729
vt 0.4593099 0.1226423
vt 0.4593099 0.1190243
vt 0.4611189 0.1208333
f 637/2611/637 258/2612/258 687/2613/687
vt 0.5009766 0.2643090
vt 0.5009766 0.2356909
vt 0.5152856 0.2499999
f 681/2614/681 656/2615/656 738/2616/738
vt 0.1309757 0.4009765
vt 0.1000000 0.4319522
vt 0.0690243 0.4009765
f 33/2617/33 245/2618/245 724/2619/724
vt 0.1652856 0.4333333
vt 0.1343099 0.4643090
vt 0.1343099 0.4023576
f 220/2620/220 22/2621/22 723/2622/723
vt 0.4440243 0.1073567
vt 0.4458334 0.1055477
vt 0.4476424 0.1073568
f 259/2623/259 629/2624/629 687/2625/687
vt 0.3759766 0.1106909
vt 0.3777856 0.1125000
vt 0.3759766 0.1143091
f 698/2626/698 700/2627/700 704/2628/704
vt 0.4490235 0.1023576
vt 0.4490235 0.1059757
vt 0.4472144 0.1041667
f 252/2629/252 631/2630/631 702/2631/702
vt 0.4490235 0.1143090
vt 0.4472144 0.1125000
vt 0.4490235 0.1106910
f 249/2632/249 250/2633/250 710/2634/710
vt 0.4440243 0.1093099
vt 0.4476424 0.1093099
vt 0.4458334 0.1111189
f 262/2635/262 263/2636/263 703/2637/703
vt 0.4388811 0.1041666
vt 0.4406901 0.1023576
vt 0.4406901 0.1059757
f 629/2638/629 260/2639/260 695/2640/695
vt 0.1343099 0.6690242
vt 0.1976424 0.7323568
vt 0.1343099 0.7323568
f 666/2641/666 645/2642/645 726/2643/726
vt 0.4356910 0.1009765
vt 0.4393091 0.1009766
vt 0.4375000 0.1027856
f 208/2644/208 209/2645/209 713/2646/713
vt 0.4440243 0.1009766
vt 0.4476424 0.1009766
vt 0.4458334 0.1027856
f 638/2647/638 251/2648/251 702/2649/702
vt 0.4426432 0.1023576
vt 0.4444523 0.1041667
vt 0.4426433 0.1059757
f 253/2650/253 254/2651/254 714/2652/714
vt 0.4555477 0.1041667
vt 0.4573568 0.1023576
vt 0.4573568 0.1059757
f 632/2653/632 205/2654/205 696/2655/696
vt 0.5023577 0.2656901
vt 0.5166667 0.2513810
vt 0.5309757 0.2656901
f 681/2656/681 649/2657/649 682/2658/682
vt 0.3809757 0.1156901
vt 0.3773577 0.1156901
vt 0.3791667 0.1138810
f 714/2659/714 693/2660/693 715/2661/715
vt 0.1990235 0.7309757
vt 0.1356910 0.6676432
vt 0.1990235 0.6676432
f 643/2662/643 232/2663/232 719/2664/719
vt 0.3726424 0.1156901
vt 0.3690243 0.1156901
vt 0.3708334 0.1138811
f 699/2665/699 725/2666/725 728/2667/728
vt 0.3740235 0.1143091
vt 0.3722144 0.1125000
vt 0.3740235 0.1106909
f 261/2668/261 641/2669/641 695/2670/695
vt 0.2009766 0.7323568
vt 0.2009766 0.6690242
vt 0.2643090 0.7323568
f 650/2671/650 671/2672/671 720/2673/720
vt 0.1976424 0.4656901
vt 0.1356910 0.4656901
vt 0.1666667 0.4347143
f 676/2674/676 659/2675/659 736/2676/736
vt 0.3356910 0.3323568
vt 0.3656901 0.3023576
vt 0.3656901 0.3323568
f 247/2677/247 246/2678/246 708/2679/708
vt 0.3690243 0.2990234
vt 0.3990234 0.2690243
vt 0.3990234 0.2990234
f 219/2680/219 218/2681/218 707/2682/707
vt 0.4541667 0.1027856
vt 0.4523576 0.1009766
vt 0.4559757 0.1009766
f 631/2683/631 253/2684/253 714/2685/714
vt 0.4606910 0.1009766
vt 0.4643090 0.1009766
vt 0.4625000 0.1027856
f 250/2686/250 638/2687/638 710/2688/710
vt 0.2777856 0.1125000
vt 0.2759766 0.1143091
vt 0.2759766 0.1106909
f 646/2689/646 624/2690/624 647/2691/647
vt 0.2476424 0.1490234
vt 0.2343099 0.1490234
vt 0.2343099 0.1356909
f 678/2692/678 660/2693/660 737/2694/737
vt 0.3893090 0.1259765
vt 0.3875000 0.1277856
vt 0.3856910 0.1259766
f 637/2695/637 688/2696/688 735/2697/735
vt 0.4611189 0.1041667
vt 0.4593099 0.1059757
vt 0.4593099 0.1023576
f 641/2698/641 262/2699/262 703/2700/703
vt 0.3843099 0.1309757
vt 0.3843099 0.1273576
vt 0.3861189 0.1291667
f 689/2701/689 641/2702/641 703/2703/703
vt 0.2823568 0.1809757
vt 0.2690243 0.1676432
vt 0.2823568 0.1676432
f 649/2704/649 239/2705/239 678/2706/678
vt 0.2023576 0.6676432
vt 0.2656901 0.6676432
vt 0.2656901 0.7309757
f 654/2707/654 650/2708/650 720/2709/720
vt 0.3843099 0.1226424
vt 0.3843099 0.1190242
vt 0.3861189 0.1208333
f 692/2710/692 637/2711/637 735/2712/735
vt 0.3893090 0.1240234
vt 0.3856910 0.1240234
vt 0.3875000 0.1222143
f 684/2713/684 692/2714/692 735/2715/735
vt 0.3926432 0.1273575
vt 0.3944523 0.1291667
vt 0.3926432 0.1309757
f 202/2716/202 203/2717/203 725/2718/725
vt 0.1680477 0.4333333
vt 0.1990235 0.4023576
vt 0.1990235 0.4643090
f 719/2719/719 654/2720/654 720/2721/720
vt 0.8176432 0.1856909
vt 0.8236189 0.1916666
vt 0.8176432 0.1976424
f 640/2722/640 642/2723/642 652/2724/652
vt 0.3990234 0.3009766
vt 0.3990234 0.3309757
vt 0.3690243 0.3009765
f 243/2725/243 669/2726/669 730/2727/730
vt 0.4541667 0.1111189
vt 0.4523576 0.1093099
vt 0.4559757 0.1093099
f 210/2728/210 211/2729/211 721/2730/721
vt 0.2976424 0.1676432
vt 0.2843099 0.1809757
vt 0.2843099 0.1676432
f 649/2731/649 678/2732/678 737/2733/737
vt 0.3656901 0.2976424
vt 0.3356910 0.2676432
vt 0.3656901 0.2676432
f 22/2734/22 219/2735/219 707/2736/707
vt 0.3976424 0.2676432
vt 0.3676432 0.2976424
vt 0.3676432 0.2676432
f 246/2737/246 33/2738/33 708/2739/708
vt 0.4509766 0.1143090
vt 0.4509766 0.1106910
vt 0.4527856 0.1125000
f 254/2740/254 255/2741/255 694/2742/694
vt 0.4509766 0.1059757
vt 0.4509766 0.1023576
vt 0.4527856 0.1041667
f 628/2743/628 208/2744/208 713/2745/713
vt 0.1809757 0.1156901
vt 0.1759766 0.1156901
vt 0.1759766 0.1106909
f 652/2746/652 653/2747/653 685/2748/685
vt 0.4690243 0.2656901
vt 0.4833333 0.2513810
vt 0.4976424 0.2656901
f 240/2749/240 649/2750/649 681/2751/681
vt 0.4559757 0.1073567
vt 0.4523576 0.1073568
vt 0.4541667 0.1055477
f 625/2752/625 249/2753/249 710/2754/710
vt 0.3940243 0.1323568
vt 0.3958333 0.1305477
vt 0.3976424 0.1323568
f 705/2755/705 630/2756/630 706/2757/706
vt 0.1666667 0.4319522
vt 0.1356910 0.4009765
vt 0.1976424 0.4009765
f 236/2758/236 634/2759/634 732/2760/732
vt 0.4259766 0.0809757
vt 0.4259766 0.0773576
vt 0.4277856 0.0791667
f 263/2761/263 623/2762/623 703/2763/703
vt 0.4309757 0.0823568
vt 0.4273576 0.0823568
vt 0.4291667 0.0805477
f 704/2764/704 628/2765/628 713/2766/713
vt 0.4226424 0.0823568
vt 0.4190243 0.0823568
vt 0.4208333 0.0805477
f 255/2767/255 626/2768/626 694/2769/694
vt 0.3856910 0.1323568
vt 0.3875000 0.1305477
vt 0.3893090 0.1323568
f 213/2770/213 214/2771/214 646/2772/646
vt 0.4240234 0.0773576
vt 0.4240234 0.0809757
vt 0.4222144 0.0791667
f 626/2773/626 693/2774/693 694/2775/694
vt 0.2676432 0.6690242
vt 0.3309757 0.7323568
vt 0.2676432 0.7323568
f 675/2776/675 734/2777/734 743/2778/743
vt 0.3323568 0.7309757
vt 0.2690243 0.6676432
vt 0.3323568 0.6676432
f 675/2779/675 674/2780/674 734/2781/734
vt 0.2009766 0.4643090
vt 0.2009766 0.4023576
vt 0.2319523 0.4333333
f 670/2782/670 635/2783/635 731/2784/731
vt 0.4309757 0.0740234
vt 0.4273576 0.0740234
vt 0.4291667 0.0722144
f 209/2785/209 639/2786/639 713/2787/713
vt 0.2343099 0.1273576
vt 0.2361189 0.1291667
vt 0.2343099 0.1309757
f 653/2788/653 683/2789/683 684/2790/684
vt 0.4990234 0.2643090
vt 0.4847144 0.2499999
vt 0.4990234 0.2356909
f 651/2791/651 224/2792/224 717/2793/717
vt 0.4323568 0.0690243
vt 0.4323568 0.0726424
vt 0.4305477 0.0708333
f 639/2794/639 704/2795/704 713/2796/713
vt 0.2643090 0.4656901
vt 0.2023576 0.4656901
vt 0.2333333 0.4347143
f 636/2797/636 676/2798/676 736/2799/736
vt 0.3888811 0.1291667
vt 0.3906901 0.1273575
vt 0.3906901 0.1309757
f 627/2800/627 202/2801/202 725/2802/725
vt 0.3759766 0.1309757
vt 0.3759766 0.1273575
vt 0.3777856 0.1291667
f 686/2803/686 623/2804/623 712/2805/712
vt 0.2676432 0.1843099
vt 0.2809757 0.1843098
vt 0.2676432 0.1976424
f 648/2806/648 226/2807/226 679/2808/679
vt 0.8190243 0.1990234
vt 0.8250000 0.1930476
vt 0.8309757 0.1990234
f 238/2809/238 640/2810/640 678/2811/678
vt 0.5309757 0.2323568
vt 0.5023577 0.2323567
vt 0.5166667 0.2180477
f 680/2812/680 198/2813/198 733/2814/733
vt 0.5323568 0.2309757
vt 0.5180477 0.2166666
vt 0.5323568 0.2023576
f 241/2815/241 681/2816/681 738/2817/738
vt 0.4323568 0.0773576
vt 0.4323568 0.0809757
vt 0.4305477 0.0791667
f 203/2818/203 204/2819/204 701/2820/701
vt 0.4291667 0.0777856
vt 0.4273576 0.0759766
vt 0.4309757 0.0759766
f 212/2821/212 213/2822/213 722/2823/722
vt 0.3976424 0.7323568
vt 0.3343099 0.7323568
vt 0.3343099 0.6690242
f 740/2824/740 636/2825/636 743/2826/743
vt 0.3990234 0.7309757
vt 0.3356910 0.6676432
vt 0.3990234 0.6676432
f 113/2827/113 636/2828/636 740/2829/740
vt 0.4643090 0.7323568
vt 0.4009766 0.7323568
vt 0.4009766 0.6690242
f 655/2830/655 657/2831/657 727/2832/727
vt 0.4309757 0.0906901
vt 0.4273576 0.0906901
vt 0.4291667 0.0888810
f 639/2833/639 210/2834/210 721/2835/721
vt 0.2343099 0.1226424
vt 0.2343099 0.1190243
vt 0.2361189 0.1208333
f 686/2836/686 685/2837/685 689/2838/689
vt 0.4323568 0.0856909
vt 0.4323568 0.0893090
vt 0.4305477 0.0875000
f 207/2839/207 628/2840/628 741/2841/741
vt 0.4656901 0.6676432
vt 0.4656901 0.7309757
vt 0.4023576 0.6676432
f 736/2842/736 675/2843/675 743/2844/743
vt 0.4323568 0.0940242
vt 0.4323568 0.0976424
vt 0.4305477 0.0958333
f 631/2845/631 714/2846/714 715/2847/715
vt 0.4273576 0.0926432
vt 0.4309757 0.0926432
vt 0.4291667 0.0944523
f 204/2848/204 632/2849/632 701/2850/701
vt 0.4309757 0.3009765
vt 0.4009766 0.3309757
vt 0.4009766 0.3009766
f 267/2851/267 724/2852/724 730/2853/730
vt 0.3791667 0.1305477
vt 0.3809757 0.1323568
vt 0.3773577 0.1323568
f 626/2854/626 692/2855/692 693/2856/693
vt 0.8143091 0.1990234
vt 0.8023576 0.1990234
vt 0.8083333 0.1930476
f 648/2857/648 733/2858/733 742/2859/742
vt 0.4240234 0.0856909
vt 0.4240234 0.0893090
vt 0.4222144 0.0875000
f 206/2860/206 207/2861/207 741/2862/741
vt 0.1740234 0.1156901
vt 0.1690243 0.1156901
vt 0.1740234 0.1106909
f 686/2863/686 32/2864/32 709/2865/709
vt 0.4309757 0.2990234
vt 0.4009766 0.2990234
vt 0.4009766 0.2690243
f 724/2866/724 244/2867/244 730/2868/730
vt 0.2676432 0.1690243
vt 0.2809757 0.1823567
vt 0.2676432 0.1823568
f 682/2869/682 649/2870/649 737/2871/737
vt 0.8156901 0.1856909
vt 0.8156901 0.1976424
vt 0.8097144 0.1916666
f 660/2872/660 652/2873/652 709/2874/709
vt 0.2393090 0.1240234
vt 0.2356910 0.1240234
vt 0.2375000 0.1222144
f 685/2875/685 684/2876/684 690/2877/690
vt 0.3726424 0.1323568
vt 0.3690243 0.1323568
vt 0.3708334 0.1305477
f 706/2878/706 630/2879/630 722/2880/722
vt 0.4343099 0.3323568
vt 0.4343099 0.3023576
vt 0.4643090 0.3323568
f 221/2881/221 723/2882/723 729/2883/729
vt 0.2809757 0.1156901
vt 0.2773576 0.1156901
vt 0.2791667 0.1138810
f 663/2884/663 698/2885/698 705/2886/705
vt 0.4190243 0.0843099
vt 0.4226424 0.0843099
vt 0.4208333 0.0861189
f 211/2887/211 630/2888/630 721/2889/721
vt 0.8190243 0.1823567
vt 0.8250000 0.1763810
vt 0.8309757 0.1823568
f 652/2890/652 685/2891/685 709/2892/709
vt 0.4309757 0.0843099
vt 0.4291667 0.0861189
vt 0.4273576 0.0843099
f 254/2893/254 694/2894/694 714/2895/714
vt 0.4259766 0.0893090
vt 0.4259766 0.0856909
vt 0.4277856 0.0875000
f 696/2896/696 206/2897/206 741/2898/741
vt 0.4106910 0.0740234
vt 0.4125000 0.0722144
vt 0.4143091 0.0740234
f 264/2899/264 265/2900/265 712/2901/712
vt 0.4156901 0.0726424
vt 0.4138811 0.0708333
vt 0.4156901 0.0690243
f 632/2902/632 696/2903/696 697/2904/697
vt 0.4676432 0.6690242
vt 0.5309757 0.7323568
vt 0.4676432 0.7323568
f 643/2905/643 719/2906/719 720/2907/720
vt 0.3740235 0.1309757
vt 0.3722144 0.1291667
vt 0.3740235 0.1273575
f 697/2908/697 696/2909/696 700/2910/700
vt 0.8263811 0.1750000
vt 0.8323568 0.1690242
vt 0.8323568 0.1809757
f 633/2911/633 228/2912/228 673/2913/673
vt 0.4138811 0.0791667
vt 0.4156901 0.0773576
vt 0.4156901 0.0809757
f 687/2914/687 629/2915/629 688/2916/688
vt 0.2809757 0.1509765
vt 0.2676432 0.1643091
vt 0.2676432 0.1509766
f 640/2917/640 660/2918/660 678/2919/678
vt 0.4143091 0.0759766
vt 0.4125000 0.0777856
vt 0.4106910 0.0759766
f 626/2920/626 691/2921/691 692/2922/692
vt 0.1843099 0.1309757
vt 0.1843099 0.1259766
vt 0.1893091 0.1259765
f 661/2923/661 633/2924/633 662/2925/662
vt 0.4073568 0.0690243
vt 0.4073568 0.0726424
vt 0.4055477 0.0708333
f 700/2926/700 696/2927/696 741/2928/741
vt 0.8323568 0.1856909
vt 0.8323568 0.1976424
vt 0.8263811 0.1916666
f 665/2929/665 673/2930/673 742/2931/742
vt 0.2726424 0.1156901
vt 0.2690243 0.1156901
vt 0.2708333 0.1138811
f 690/2932/690 684/2933/684 735/2934/735
vt 0.4023576 0.0676432
vt 0.4059757 0.0676432
vt 0.4041667 0.0694523
f 630/2935/630 212/2936/212 722/2937/722
vt 0.2356910 0.1093099
vt 0.2393090 0.1093099
vt 0.2375000 0.1111190
f 653/2938/653 677/2939/677 683/2940/683
vt 0.4106910 0.0676432
vt 0.4143091 0.0676432
vt 0.4125000 0.0694523
f 628/2941/628 700/2942/700 741/2943/741
vt 0.3809757 0.1240234
vt 0.3773576 0.1240234
vt 0.3791667 0.1222143
f 646/2944/646 706/2945/706 722/2946/722
vt 0.8250000 0.1902856
vt 0.8190243 0.1843098
vt 0.8309757 0.1843099
f 640/2947/640 652/2948/652 660/2949/660
vt 0.4111189 0.0708333
vt 0.4093099 0.0726424
vt 0.4093099 0.0690243
f 215/2950/215 216/2951/216 624/2952/624
vt 0.8509766 0.1643091
vt 0.8509766 0.1523576
vt 0.8569523 0.1583333
f 673/2953/673 648/2954/648 742/2955/742
vt 0.3823568 0.1190242
vt 0.3823568 0.1226424
vt 0.3805478 0.1208333
f 623/2956/623 264/2957/264 712/2958/712
vt 0.4222144 0.0708333
vt 0.4240234 0.0690243
vt 0.4240234 0.0726424
f 702/2959/702 631/2960/631 716/2961/716
vt 0.4226424 0.0676432
vt 0.4208333 0.0694523
vt 0.4190243 0.0676432
f 203/2962/203 701/2963/701 725/2964/725
vt 0.3823568 0.1273576
vt 0.3823568 0.1309757
vt 0.3805477 0.1291667
f 688/2965/688 690/2966/690 735/2967/735
vt 0.4023576 0.3323568
vt 0.4323568 0.3023576
vt 0.4323568 0.3323568
f 723/2968/723 195/2969/195 729/2970/729
vt 0.4309757 0.0676432
vt 0.4291667 0.0694523
vt 0.4273576 0.0676432
f 710/2971/710 638/2972/638 711/2973/711
vt 0.5323568 0.7309757
vt 0.4690243 0.6676432
vt 0.5323568 0.6676432
f 734/2974/734 671/2975/671 743/2976/743
vt 0.2740235 0.1106909
vt 0.2740234 0.1143091
vt 0.2722144 0.1125000
f 646/2977/646 647/2978/647 706/2979/706
vt 0.8583333 0.1597143
vt 0.8643091 0.1656901
vt 0.8523576 0.1656901
f 664/2980/664 662/2981/662 665/2982/665
vt 0.2361189 0.1125000
vt 0.2343099 0.1143091
vt 0.2343099 0.1106910
f 663/2983/663 662/2984/662 664/2985/664
vt 0.4356910 0.2990234
vt 0.4656901 0.2690243
vt 0.4656901 0.2990234
f 667/2986/667 729/2987/729 739/2988/739
vt 0.3773576 0.1259765
vt 0.3809757 0.1259766
vt 0.3791667 0.1277856
f 213/2989/213 646/2990/646 722/2991/722
vt 0.3541667 0.1277856
vt 0.3523576 0.1259766
vt 0.3559757 0.1259765
f 715/2992/715 683/2993/683 716/2994/716
vt 0.4656901 0.3009766
vt 0.4656901 0.3309757
vt 0.4356910 0.3009765
f 729/2995/729 195/2996/195 739/2997/739
vt 0.2740234 0.0856910
vt 0.2740234 0.0893090
vt 0.2722144 0.0875000
f 647/2998/647 624/2999/624 661/3000/661
vt 0.4277856 0.0708333
vt 0.4259766 0.0726424
vt 0.4259766 0.0690243
f 631/3001/631 715/3002/715 716/3003/716
vt 0.2361189 0.1041666
vt 0.2343099 0.1059757
vt 0.2343099 0.1023576
f 653/3004/653 684/3005/684 685/3006/685
vt 0.4190243 0.0759766
vt 0.4226424 0.0759766
vt 0.4208333 0.0777856
f 701/3007/701 632/3008/632 728/3009/728
vt 0.2656901 0.4643090
vt 0.2347144 0.4333333
vt 0.2656901 0.4023576
f 636/3010/636 736/3011/736 743/3012/743
vt 0.2708333 0.0861190
vt 0.2690243 0.0843099
vt 0.2726424 0.0843099
f 266/3013/266 32/3014/32 686/3015/686
vt 0.2393090 0.1073567
vt 0.2356910 0.1073568
vt 0.2375000 0.1055477
f 664/3016/664 668/3017/668 699/3018/699
vt 0.4176432 0.0809757
vt 0.4176432 0.0773576
vt 0.4194523 0.0791667
f 632/3019/632 697/3020/697 728/3021/728
vt 0.2809757 0.0843099
vt 0.2791667 0.0861189
vt 0.2773576 0.0843099
f 23/3022/23 199/3023/199 668/3024/668
vt 0.2023576 0.4009765
vt 0.2643090 0.4009765
vt 0.2333333 0.4319522
f 22/3025/22 195/3026/195 723/3027/723
vt 0.2676432 0.4643090
vt 0.2676432 0.4023576
vt 0.2986189 0.4333333
f 274/3028/274 22/3029/22 707/3030/707
vt 0.5323568 0.2356910
vt 0.5323568 0.2643090
vt 0.5180477 0.2499999
f 32/3031/32 270/3032/270 709/3033/709
vt 0.3309757 0.4656901
vt 0.2690243 0.4656901
vt 0.3000000 0.4347143
f 267/3034/267 33/3035/33 724/3036/724
vt 0.3323568 0.4023576
vt 0.3323568 0.4643090
vt 0.3013811 0.4333333
f 33/3037/33 271/3038/271 708/3039/708
vt 0.5166667 0.2486189
vt 0.5023577 0.2343099
vt 0.5309757 0.2343099
f 30/3040/30 5/3041/5 731/3042/731
vt 0.5343099 0.7323568
vt 0.5343099 0.6690242
vt 0.5976424 0.7323568
f 271/3043/271 272/3044/272 8/3045/8
vt 0.4990234 0.2023576
vt 0.4990234 0.2309757
vt 0.4847144 0.2166666
f 198/3046/198 23/3047/23 665/3048/665
vt 0.8476424 0.1656901
vt 0.8356910 0.1656901
vt 0.8416667 0.1597143
f 665/3049/665 23/3050/23 668/3051/668
vt 0.5990235 0.7309757
vt 0.5356910 0.6676432
vt 0.5990235 0.6676432
f 25/3052/25 273/3053/273 274/3054/274
vt 0.3309757 0.4009765
vt 0.3000000 0.4319522
vt 0.2690243 0.4009765
f 232/3055/232 26/3056/26 27/3057/27
vt 0.6009766 0.6690242
vt 0.6643091 0.7323568
vt 0.6009766 0.7323568
f 27/3058/27 233/3059/233 718/3060/718
vt 0.2759766 0.0856910
vt 0.2777856 0.0875000
vt 0.2759766 0.0893090
f 31/3061/31 625/3062/625 677/3063/677
vt 0.4690243 0.2009766
vt 0.4976424 0.2009766
vt 0.4833333 0.2152856
f 198/3064/198 665/3065/665 733/3066/733
vt 0.2726424 0.0926432
vt 0.2708333 0.0944523
vt 0.2690243 0.0926433
f 199/3067/199 200/3068/200 668/3069/668
vt 0.3509766 0.1273576
vt 0.3527856 0.1291667
vt 0.3509766 0.1309757
f 200/3070/200 201/3071/201 627/3072/627
vt 0.2676432 0.0940243
vt 0.2694523 0.0958334
vt 0.2676432 0.0976424
f 200/3073/200 627/3074/627 668/3075/668
vt 0.3509766 0.1190242
vt 0.3527856 0.1208333
vt 0.3509766 0.1226424
f 214/3076/214 215/3077/215 624/3078/624
vt 0.3541667 0.1222143
vt 0.3559757 0.1240234
vt 0.3523576 0.1240234
f 216/3079/216 217/3080/217 624/3081/624
vt 0.4194523 0.0708333
vt 0.4176432 0.0726424
vt 0.4176432 0.0690243
f 265/3082/265 266/3083/266 712/3084/712
vt 0.2676432 0.0893091
vt 0.2676432 0.0856910
vt 0.2694523 0.0875000
f 266/3085/266 686/3086/686 712/3087/712
vt 0.3593099 0.1309757
vt 0.3593099 0.1273575
vt 0.3611189 0.1291667
f 623/3088/623 689/3089/689 703/3090/703
vt 0.2726424 0.0906901
vt 0.2690243 0.0906901
vt 0.2708333 0.0888811
f 677/3091/677 625/3092/625 711/3093/711
vt 0.4190243 0.0740234
vt 0.4208333 0.0722144
vt 0.4226424 0.0740234
f 688/3094/688 629/3095/629 695/3096/695
vt 0.8430477 0.1583333
vt 0.8490235 0.1523576
vt 0.8490235 0.1643091
f 664/3097/664 665/3098/665 668/3099/668
vt 0.2708333 0.0777857
vt 0.2690243 0.0759766
vt 0.2726424 0.0759766
f 697/3100/697 698/3101/698 699/3102/699
vt 0.5166667 0.2152856
vt 0.5023577 0.2009766
vt 0.5309757 0.2009766
f 749/3103/749 156/3104/156 763/3105/763
vt 0.5009766 0.2309757
vt 0.5009766 0.2023576
vt 0.5152856 0.2166666
f 754/3106/754 753/3107/753 756/3108/756
vt 0.4023576 0.2676432
vt 0.4323568 0.2676432
vt 0.4323568 0.2976424
f 746/3109/746 753/3110/753 754/3111/754
vt 0.3343099 0.4023576
vt 0.3652856 0.4333333
vt 0.3343099 0.4643090
f 751/3112/751 748/3113/748 752/3114/752
vt 0.4643090 0.2676432
vt 0.4343099 0.2976424
vt 0.4343099 0.2676432
f 752/3115/752 748/3116/748 759/3117/759
vt 0.6656901 0.7309757
vt 0.6023576 0.6676432
vt 0.6656901 0.6676432
f 153/3118/153 14/3119/14 758/3120/758
vt 0.4676432 0.3009766
vt 0.4976424 0.3009765
vt 0.4676432 0.3309757
f 269/3121/269 270/3122/270 755/3123/755
vt 0.4676432 0.2690243
vt 0.4976424 0.2990234
vt 0.4676432 0.2990234
f 748/3124/748 269/3125/269 755/3126/755
vt 0.5309757 0.3323568
vt 0.5009766 0.3323568
vt 0.5009766 0.3023576
f 268/3127/268 748/3128/748 751/3129/751
vt 0.5356910 0.2343099
vt 0.5643091 0.2343099
vt 0.5500000 0.2486189
f 757/3130/757 755/3131/755 760/3132/760
vt 0.5343099 0.2643090
vt 0.5343099 0.2356910
vt 0.5486190 0.2499999
f 755/3133/755 270/3134/270 766/3135/766
vt 0.6676432 0.6690242
vt 0.7309757 0.7323568
vt 0.6676432 0.7323568
f 14/3136/14 284/3137/284 758/3138/758
vt 0.4690243 0.3323568
vt 0.4990234 0.3023576
vt 0.4990234 0.3323568
f 746/3139/746 752/3140/752 753/3141/753
vt 0.5023577 0.2990234
vt 0.5323568 0.2690243
vt 0.5323568 0.2990234
f 753/3142/753 752/3143/752 759/3144/759
vt 0.5323568 0.3309757
vt 0.5023577 0.3009765
vt 0.5323568 0.3009766
f 155/3145/155 746/3146/746 754/3147/754
vt 0.4990234 0.2976424
vt 0.4690243 0.2676432
vt 0.4990234 0.2676432
f 155/3148/155 154/3149/154 746/3150/746
vt 0.5309757 0.2676432
vt 0.5009766 0.2976424
vt 0.5009766 0.2676432
f 268/3151/268 269/3152/269 748/3153/748
vt 0.3976424 0.4656901
vt 0.3356910 0.4656901
vt 0.3666667 0.4347143
f 267/3154/267 268/3155/268 751/3156/751
vt 0.2676432 0.1356909
vt 0.2809757 0.1490234
vt 0.2676432 0.1490235
f 760/3157/760 747/3158/747 765/3159/765
vt 0.3990234 0.4023576
vt 0.3990234 0.4643090
vt 0.3680477 0.4333333
f 154/3160/154 153/3161/153 750/3162/750
vt 0.7323568 0.7309757
vt 0.6690243 0.6676432
vt 0.7323568 0.6676432
f 33/3163/33 267/3164/267 761/3165/761
vt 0.5486190 0.2166666
vt 0.5343099 0.2309757
vt 0.5343099 0.2023576
f 756/3166/756 753/3167/753 757/3168/757
vt 0.5643091 0.3009765
vt 0.5343099 0.3309757
vt 0.5343099 0.3009766
f 755/3169/755 757/3170/757 759/3171/759
vt 0.5643091 0.2323567
vt 0.5356910 0.2323568
vt 0.5500000 0.2180477
f 156/3172/156 754/3173/754 763/3174/763
vt 0.5676433 0.2643090
vt 0.5676433 0.2356909
vt 0.5819523 0.2499999
f 754/3175/754 756/3176/756 763/3177/763
vt 0.5976424 0.2656901
vt 0.5690243 0.2656901
vt 0.5833334 0.2513810
f 756/3178/756 757/3179/757 768/3180/768
vt 0.5643091 0.2990234
vt 0.5343099 0.2990234
vt 0.5343099 0.2690243
f 156/3181/156 155/3182/155 754/3183/754
vt 0.2843099 0.1523576
vt 0.2976424 0.1656901
vt 0.2843099 0.1656901
f 763/3184/763 756/3185/756 772/3186/772
vt 0.2823568 0.1656901
vt 0.2690243 0.1656901
vt 0.2823568 0.1523576
f 747/3187/747 760/3188/760 766/3189/766
vt 0.3143091 0.1843098
vt 0.3009766 0.1976424
vt 0.3009766 0.1843099
f 760/3190/760 765/3191/765 770/3192/770
vt 0.7343099 0.6690242
vt 0.7976424 0.7323568
vt 0.7343099 0.7323568
f 284/3193/284 33/3194/33 761/3195/761
vt 0.5643091 0.2656901
vt 0.5356910 0.2656901
vt 0.5500000 0.2513810
f 760/3196/760 755/3197/755 766/3198/766
vt 0.3666667 0.4319522
vt 0.3356910 0.4009765
vt 0.3976424 0.4009765
f 746/3199/746 750/3200/750 752/3201/752
vt 0.4009766 0.4023576
vt 0.4319523 0.4333333
vt 0.4009766 0.4643090
f 750/3202/750 153/3203/153 758/3204/758
vt 0.5676433 0.3023576
vt 0.5976424 0.3323568
vt 0.5676433 0.3323568
f 748/3205/748 755/3206/755 759/3207/759
vt 0.4643090 0.4656901
vt 0.4023576 0.4656901
vt 0.4333333 0.4347143
f 758/3208/758 284/3209/284 761/3210/761
vt 0.8523576 0.1490234
vt 0.8583333 0.1430477
vt 0.8643091 0.1490235
f 278/3211/278 279/3212/279 744/3213/744
vt 0.4656901 0.4023576
vt 0.4656901 0.4643090
vt 0.4347144 0.4333333
f 761/3214/761 751/3215/751 769/3216/769
vt 0.5656902 0.2356909
vt 0.5656902 0.2643090
vt 0.5513811 0.2499999
f 757/3217/757 753/3218/753 759/3219/759
vt 0.5656902 0.3023576
vt 0.5656902 0.3323568
vt 0.5356910 0.3323568
f 746/3220/746 154/3221/154 750/3222/750
vt 0.8656901 0.1476424
vt 0.8597144 0.1416667
vt 0.8656901 0.1356909
f 279/3223/279 280/3224/280 764/3225/764
vt 0.3143091 0.1823567
vt 0.3009766 0.1823568
vt 0.3009766 0.1690242
f 277/3226/277 278/3227/278 765/3228/765
vt 0.3176433 0.1856909
vt 0.3309757 0.1990234
vt 0.3176433 0.1990234
f 756/3229/756 768/3230/768 771/3231/771
vt 0.8656901 0.1523576
vt 0.8656901 0.1643091
vt 0.8597144 0.1583333
f 280/3232/280 281/3233/281 745/3234/745
vt 0.3156901 0.1990234
vt 0.3023576 0.1990234
vt 0.3156901 0.1856909
f 747/3235/747 766/3236/766 767/3237/767
vt 0.4333333 0.4319522
vt 0.4023576 0.4009765
vt 0.4643090 0.4009765
f 267/3238/267 751/3239/751 761/3240/761
vt 0.8643091 0.1509766
vt 0.8583333 0.1569523
vt 0.8523576 0.1509765
f 281/3241/281 282/3242/282 762/3243/762
vt 0.2843099 0.1990234
vt 0.2843099 0.1856909
vt 0.2976424 0.1990234
f 275/3244/275 276/3245/276 767/3246/767
vt 0.2823568 0.1990234
vt 0.2690243 0.1990234
vt 0.2823568 0.1856909
f 276/3247/276 277/3248/277 747/3249/747
vt 0.5690243 0.2990234
vt 0.5990235 0.2690243
vt 0.5990235 0.2990234
f 751/3250/751 752/3251/752 769/3252/769
vt 0.2856910 0.1823567
vt 0.2990234 0.1690242
vt 0.2990234 0.1823568
f 757/3253/757 760/3254/760 770/3255/770
vt 0.4676432 0.4643090
vt 0.4676432 0.4023576
vt 0.4986189 0.4333333
f 758/3256/758 761/3257/761 769/3258/769
vt 0.2856910 0.1843098
vt 0.2990234 0.1843099
vt 0.2990234 0.1976424
f 282/3259/282 283/3260/283 749/3261/749
vt 0.5309757 0.4656901
vt 0.4690243 0.4656901
vt 0.5000000 0.4347143
f 750/3262/750 758/3263/758 769/3264/769
vt 0.8583333 0.1763810
vt 0.8643091 0.1823568
vt 0.8523576 0.1823567
f 744/3265/744 279/3266/279 764/3267/764
vt 0.3309757 0.1656901
vt 0.3176433 0.1656901
vt 0.3176433 0.1523576
f 278/3268/278 744/3269/744 765/3270/765
vt 0.8656901 0.1809757
vt 0.8597144 0.1750000
vt 0.8656901 0.1690243
f 744/3271/744 764/3272/764 768/3273/768
vt 0.8656901 0.1976424
vt 0.8597144 0.1916666
vt 0.8656901 0.1856909
f 280/3274/280 745/3275/745 764/3276/764
vt 0.3023576 0.1656901
vt 0.3156901 0.1523576
vt 0.3156901 0.1656901
f 768/3277/768 757/3278/757 770/3279/770
vt 0.3190243 0.1490234
vt 0.3323568 0.1356909
vt 0.3323568 0.1490235
f 747/3280/747 277/3281/277 765/3282/765
vt 0.5990235 0.3309757
vt 0.5690243 0.3009765
vt 0.5990235 0.3009766
f 752/3283/752 750/3284/750 769/3285/769
vt 0.8583333 0.1902856
vt 0.8523576 0.1843098
vt 0.8643091 0.1843099
f 745/3286/745 281/3287/281 762/3288/762
vt 0.3323568 0.1509766
vt 0.3323568 0.1643091
vt 0.3190243 0.1509765
f 762/3289/762 749/3290/749 763/3291/763
vt 0.3323568 0.1690243
vt 0.3323568 0.1823568
vt 0.3190243 0.1823567
f 276/3292/276 747/3293/747 767/3294/767
vt 0.3323568 0.1843099
vt 0.3323568 0.1976424
vt 0.3190243 0.1843098
f 282/3295/282 749/3296/749 762/3297/762
vt 0.8490235 0.1690243
vt 0.8490235 0.1809757
vt 0.8430477 0.1750000
f 744/3298/744 768/3299/768 770/3300/770
vt 0.8476424 0.1676432
vt 0.8416667 0.1736189
vt 0.8356910 0.1676432
f 765/3301/765 744/3302/744 770/3303/770
vt 0.8523576 0.1676432
vt 0.8643091 0.1676432
vt 0.8583333 0.1736189
f 768/3304/768 764/3305/764 771/3306/771
vt 0.8509766 0.1809757
vt 0.8509766 0.1690243
vt 0.8569523 0.1750000
f 764/3307/764 745/3308/745 771/3309/771
vt 0.3156901 0.1809757
vt 0.3023576 0.1676432
vt 0.3156901 0.1676432
f 762/3310/762 763/3311/763 772/3312/772
vt 0.8190243 0.1490234
vt 0.8250000 0.1430477
vt 0.8309757 0.1490234
f 756/3313/756 771/3314/771 772/3315/772
vt 0.8323568 0.1356909
vt 0.8323568 0.1476424
vt 0.8263811 0.1416667
f 745/3316/745 762/3317/762 772/3318/772
vt 0.8263811 0.1583333
vt 0.8323568 0.1523576
vt 0.8323568 0.1643090
f 771/3319/771 745/3320/745 772/3321/772
vt 0.5976424 0.2323568
vt 0.5690243 0.2323567
vt 0.5833334 0.2180477
f 15/3322/15 156/3323/156 749/3324/749
vt 0.3176433 0.1676432
vt 0.3309757 0.1676432
vt 0.3176433 0.1809757
f 283/3325/283 15/3326/15 749/3327/749
vt 0.5990235 0.2023576
vt 0.5990235 0.2309757
vt 0.5847144 0.2166666
f 270/3328/270 32/3329/32 767/3330/767
vt 0.2990234 0.1356909
vt 0.2990234 0.1490234
vt 0.2856910 0.1490234
f 32/3331/32 275/3332/275 767/3333/767
vt 0.5847144 0.2499999
vt 0.5990235 0.2356910
vt 0.5990235 0.2643090
f 766/3334/766 270/3335/270 767/3336/767
vt 0.5656902 0.2676432
vt 0.5656902 0.2976424
vt 0.5356910 0.2676432
f 787/3337/787 821/3338/821 812/3339/812
vt 0.5976424 0.2343099
vt 0.5833334 0.2486189
vt 0.5690243 0.2343099
f 777/3340/777 816/3341/816 801/3342/801
vt 0.5676433 0.2976424
vt 0.5676433 0.2676432
vt 0.5976424 0.2676432
f 781/3343/781 817/3344/817 788/3345/788
vt 0.5513811 0.2166666
vt 0.5656902 0.2023576
vt 0.5656902 0.2309757
f 806/3346/806 816/3347/816 777/3348/777
vt 0.5643091 0.2009766
vt 0.5500000 0.2152856
vt 0.5356910 0.2009766
f 799/3349/799 807/3350/807 778/3351/778
vt 0.2856910 0.1509765
vt 0.2990234 0.1509765
vt 0.2990234 0.1643090
f 804/3352/804 805/3353/805 775/3354/775
vt 0.2823568 0.1476424
vt 0.2690243 0.1343099
vt 0.2823568 0.1343099
f 777/3355/777 809/3356/809 806/3357/806
vt 0.6009766 0.3009766
vt 0.6309757 0.3009765
vt 0.6009766 0.3309757
f 773/3358/773 789/3359/789 242/3360/242
vt 0.5323568 0.4643090
vt 0.5013811 0.4333333
vt 0.5323568 0.4023576
f 780/3361/780 786/3362/786 244/3363/244
vt 0.4690243 0.4009765
vt 0.5309757 0.4009765
vt 0.5000000 0.4319522
f 813/3364/813 815/3365/815 774/3366/774
vt 0.6009766 0.2690243
vt 0.6309757 0.2990234
vt 0.6009766 0.2990234
f 812/3367/812 821/3368/821 183/3369/183
vt 0.5652856 0.4333333
vt 0.5343099 0.4643090
vt 0.5343099 0.4023576
f 784/3370/784 815/3371/815 813/3372/813
vt 0.2843099 0.1476424
vt 0.2843099 0.1343099
vt 0.2976424 0.1343099
f 805/3373/805 819/3374/819 775/3375/775
vt 0.8309757 0.1509765
vt 0.8250000 0.1569523
vt 0.8190243 0.1509765
f 814/3376/814 831/3377/831 804/3378/804
vt 0.6343099 0.3323568
vt 0.6343099 0.3023576
vt 0.6643091 0.3323568
f 788/3379/788 812/3380/812 781/3381/781
vt 0.5976424 0.2009766
vt 0.5833334 0.2152856
vt 0.5690243 0.2009766
f 179/3382/179 809/3383/809 777/3384/777
vt 0.6323568 0.3023576
vt 0.6323568 0.3323568
vt 0.6023576 0.3323568
f 243/3385/243 773/3386/773 242/3387/242
vt 0.8097144 0.1416667
vt 0.8156901 0.1356909
vt 0.8156901 0.1476424
f 238/3388/238 802/3389/802 237/3390/237
vt 0.6356910 0.2990234
vt 0.6656901 0.2690243
vt 0.6656901 0.2990234
f 787/3391/787 812/3392/812 788/3393/788
vt 0.5676433 0.2023576
vt 0.5819523 0.2166666
vt 0.5676433 0.2309757
f 795/3394/795 796/3395/796 794/3396/794
vt 0.3023576 0.1343099
vt 0.3156901 0.1343099
vt 0.3156901 0.1476424
f 795/3397/795 797/3398/797 796/3399/796
vt 0.8143091 0.1343099
vt 0.8083333 0.1402856
vt 0.8023576 0.1343099
f 293/3400/293 833/3401/833 829/3402/829
vt 0.3176433 0.1343099
vt 0.3309757 0.1343099
vt 0.3176433 0.1476424
f 797/3403/797 811/3404/811 796/3405/796
vt 0.6309757 0.2343099
vt 0.6166667 0.2486189
vt 0.6023576 0.2343099
f 793/3406/793 795/3407/795 794/3408/794
vt 0.6009766 0.2356910
vt 0.6152856 0.2499999
vt 0.6009766 0.2643090
f 793/3409/793 794/3410/794 791/3411/791
vt 0.6356910 0.3009765
vt 0.6656901 0.3009766
vt 0.6656901 0.3309757
f 181/3412/181 820/3413/820 781/3414/781
vt 0.5356910 0.4656901
vt 0.5666667 0.4347143
vt 0.5976424 0.4656901
f 245/3415/245 780/3416/780 244/3417/244
vt 0.6023576 0.2676432
vt 0.6323568 0.2676432
vt 0.6323568 0.2976424
f 786/3418/786 830/3419/830 244/3420/244
vt 0.6152856 0.2166666
vt 0.6009766 0.2309757
vt 0.6009766 0.2023576
f 778/3421/778 824/3422/824 799/3423/799
vt 0.5990235 0.4643090
vt 0.5680478 0.4333333
vt 0.5990235 0.4023576
f 7/3424/7 784/3425/784 110/3426/110
vt 0.6643091 0.2676432
vt 0.6343099 0.2976424
vt 0.6343099 0.2676432
f 780/3427/780 787/3428/787 786/3429/786
vt 0.3009766 0.1643090
vt 0.3009766 0.1509765
vt 0.3143091 0.1509765
f 796/3430/796 800/3431/800 799/3432/799
vt 0.6976424 0.3009765
vt 0.6676432 0.3309757
vt 0.6676432 0.3009766
f 181/3433/181 781/3434/781 182/3435/182
vt 0.6976424 0.2990234
vt 0.6676432 0.2990234
vt 0.6676432 0.2690243
f 244/3436/244 830/3437/830 243/3438/243
vt 0.3143091 0.1490234
vt 0.3009766 0.1490234
vt 0.3009766 0.1356909
f 804/3439/804 831/3440/831 797/3441/797
vt 0.3490234 0.1809757
vt 0.3356910 0.1676432
vt 0.3490235 0.1676432
f 798/3442/798 804/3443/804 797/3444/797
vt 0.6166667 0.2180477
vt 0.6309757 0.2323567
vt 0.6023576 0.2323568
f 801/3445/801 820/3446/820 777/3447/777
vt 0.8309757 0.1343099
vt 0.8250000 0.1402856
vt 0.8190243 0.1343099
f 829/3448/829 833/3449/833 802/3450/802
vt 0.7009766 0.3023576
vt 0.7309757 0.3323568
vt 0.7009766 0.3323568
f 787/3451/787 788/3452/788 786/3453/786
vt 0.6343099 0.2643090
vt 0.6343099 0.2356909
vt 0.6486189 0.2499999
f 773/3454/773 790/3455/790 789/3456/789
vt 0.6500000 0.2513810
vt 0.6643091 0.2656901
vt 0.6356910 0.2656901
f 792/3457/792 793/3458/793 791/3459/791
vt 0.6990235 0.3023576
vt 0.6990235 0.3323568
vt 0.6690243 0.3323568
f 788/3460/788 822/3461/822 786/3462/786
vt 0.6309757 0.2656901
vt 0.6023576 0.2656901
vt 0.6166667 0.2513810
f 790/3463/790 791/3464/791 789/3465/789
vt 0.3643090 0.1676432
vt 0.3509766 0.1809757
vt 0.3509766 0.1676432
f 796/3466/796 811/3467/811 800/3468/800
vt 0.6180478 0.2499999
vt 0.6323568 0.2356909
vt 0.6323568 0.2643090
f 179/3469/179 777/3470/777 180/3471/180
vt 0.5976424 0.4009765
vt 0.5666667 0.4319522
vt 0.5356910 0.4009765
f 110/3472/110 813/3473/813 8/3474/8
vt 0.6356910 0.2323567
vt 0.6500000 0.2180477
vt 0.6643091 0.2323568
f 241/3475/241 778/3476/778 240/3477/240
vt 0.3476424 0.1843098
vt 0.3343099 0.1976424
vt 0.3343099 0.1843099
f 778/3478/778 807/3479/807 240/3480/240
vt 0.6656901 0.2023576
vt 0.6656901 0.2309757
vt 0.6513811 0.2166666
f 801/3481/801 816/3482/816 793/3483/793
vt 0.3343099 0.1690243
vt 0.3476424 0.1823567
vt 0.3343099 0.1823568
f 795/3484/795 798/3485/798 797/3486/797
vt 0.3343099 0.1643091
vt 0.3343099 0.1509766
vt 0.3476424 0.1509765
f 798/3487/798 805/3488/805 804/3489/804
vt 0.6513811 0.2499999
vt 0.6656901 0.2356910
vt 0.6656901 0.2643090
f 796/3490/796 799/3491/799 794/3492/794
vt 0.6643091 0.2343099
vt 0.6500000 0.2486189
vt 0.6356910 0.2343099
f 791/3493/791 824/3494/824 789/3495/789
vt 0.7323568 0.2690243
vt 0.7323568 0.2990234
vt 0.7023576 0.2990234
f 182/3496/182 812/3497/812 183/3498/183
vt 0.3476424 0.1490234
vt 0.3343099 0.1490235
vt 0.3343099 0.1356909
f 797/3499/797 831/3500/831 811/3501/811
vt 0.6323568 0.2309757
vt 0.6180478 0.2166666
vt 0.6323568 0.2023576
f 820/3502/820 828/3503/828 781/3504/781
vt 0.6309757 0.2009766
vt 0.6166667 0.2152856
vt 0.6023576 0.2009766
f 242/3505/242 837/3506/837 241/3507/241
vt 0.3643090 0.1656901
vt 0.3509766 0.1656901
vt 0.3509766 0.1523576
f 799/3508/799 825/3509/825 807/3510/807
vt 0.3490235 0.1523576
vt 0.3490235 0.1656901
vt 0.3356910 0.1656901
f 240/3511/240 807/3512/807 239/3513/239
vt 0.6643091 0.2009766
vt 0.6500000 0.2152856
vt 0.6356910 0.2009766
f 789/3514/789 837/3515/837 242/3516/242
vt 0.6319523 0.4333333
vt 0.6009766 0.4643090
vt 0.6009766 0.4023576
f 774/3517/774 808/3518/808 246/3519/246
vt 0.6643091 0.4656901
vt 0.6023576 0.4656901
vt 0.6333334 0.4347143
f 245/3520/245 808/3521/808 780/3522/780
vt 0.3676432 0.1976424
vt 0.3676432 0.1843099
vt 0.3809757 0.1843098
f 239/3523/239 782/3524/782 238/3525/238
vt 0.3809757 0.1823567
vt 0.3676432 0.1823568
vt 0.3676432 0.1690242
f 775/3526/775 823/3527/823 804/3528/804
vt 0.8176432 0.1356909
vt 0.8236189 0.1416667
vt 0.8176432 0.1476424
f 285/3529/285 832/3530/832 16/3531/16
vt 0.8490235 0.1476424
vt 0.8430477 0.1416667
vt 0.8490235 0.1356909
f 31/3532/31 833/3533/833 293/3534/293
vt 0.3843099 0.1856909
vt 0.3976424 0.1990234
vt 0.3843099 0.1990234
f 795/3535/795 816/3536/816 798/3537/798
vt 0.3823568 0.1856909
vt 0.3823568 0.1990234
vt 0.3690243 0.1990234
f 177/3538/177 783/3539/783 178/3540/178
vt 0.6343099 0.2309757
vt 0.6343099 0.2023576
vt 0.6486189 0.2166666
f 792/3541/792 801/3542/801 793/3543/793
vt 0.8476424 0.1343099
vt 0.8416667 0.1402856
vt 0.8356910 0.1343099
f 802/3544/802 833/3545/833 237/3546/237
vt 0.3509766 0.1856909
vt 0.3643090 0.1990234
vt 0.3509766 0.1990234
f 239/3547/239 807/3548/807 782/3549/782
vt 0.3490235 0.1990234
vt 0.3356910 0.1990234
vt 0.3490235 0.1856909
f 798/3550/798 816/3551/816 806/3552/806
vt 0.3656901 0.1690242
vt 0.3656901 0.1823568
vt 0.3523576 0.1823567
f 178/3553/178 809/3554/809 179/3555/179
vt 0.8643091 0.1343099
vt 0.8583333 0.1402856
vt 0.8523576 0.1343099
f 804/3556/804 823/3557/823 814/3558/814
vt 0.6690243 0.2343099
vt 0.6976424 0.2343099
vt 0.6833333 0.2486189
f 790/3559/790 792/3560/792 791/3561/791
vt 0.8509766 0.1356909
vt 0.8569523 0.1416667
vt 0.8509766 0.1476424
f 782/3562/782 802/3563/802 238/3564/238
vt 0.6676432 0.2643090
vt 0.6676432 0.2356910
vt 0.6819523 0.2499999
f 777/3565/777 820/3566/820 180/3567/180
vt 0.6656901 0.4023576
vt 0.6656901 0.4643090
vt 0.6347144 0.4333333
f 246/3568/246 808/3569/808 245/3570/245
vt 0.6676432 0.2023576
vt 0.6819523 0.2166666
vt 0.6676432 0.2309757
f 824/3571/824 837/3572/837 789/3573/789
vt 0.6333334 0.4319522
vt 0.6023576 0.4009765
vt 0.6643091 0.4009765
f 184/3574/184 785/3575/785 185/3576/185
vt 0.8476424 0.1509765
vt 0.8416667 0.1569523
vt 0.8356910 0.1509765
f 176/3577/176 803/3578/803 177/3579/177
vt 0.6976424 0.2323567
vt 0.6690243 0.2323568
vt 0.6833333 0.2180477
f 799/3580/799 824/3581/824 794/3582/794
vt 0.6676432 0.4023576
vt 0.6986189 0.4333333
vt 0.6676432 0.4643090
f 184/3583/184 821/3584/821 785/3585/785
vt 0.3523576 0.1843098
vt 0.3656901 0.1843099
vt 0.3656901 0.1976424
f 800/3586/800 825/3587/825 799/3588/799
vt 0.7009766 0.2643090
vt 0.7009766 0.2356909
vt 0.7152856 0.2499999
f 793/3589/793 816/3590/816 795/3591/795
vt 0.7000000 0.4347143
vt 0.7309757 0.4656901
vt 0.6690243 0.4656901
f 185/3592/185 815/3593/815 186/3594/186
vt 0.7323568 0.4643090
vt 0.7013811 0.4333333
vt 0.7323568 0.4023576
f 785/3595/785 827/3596/827 808/3597/808
vt 0.7000000 0.4319522
vt 0.6690243 0.4009765
vt 0.7309757 0.4009765
f 785/3598/785 815/3599/815 185/3600/185
vt 0.7023576 0.3009765
vt 0.7323568 0.3009766
vt 0.7323568 0.3309757
f 822/3601/822 830/3602/830 786/3603/786
vt 0.8343099 0.1523576
vt 0.8402856 0.1583333
vt 0.8343099 0.1643090
f 803/3604/803 832/3605/832 826/3606/826
vt 0.8343099 0.1356909
vt 0.8402856 0.1416667
vt 0.8343099 0.1476424
f 292/3607/292 779/3608/779 291/3609/291
vt 0.7023576 0.2656901
vt 0.7166667 0.2513810
vt 0.7309757 0.2656901
f 180/3610/180 820/3611/820 181/3612/181
vt 0.7343099 0.4643090
vt 0.7343099 0.4023576
vt 0.7652856 0.4333333
f 247/3613/247 774/3614/774 246/3615/246
vt 0.8356910 0.1490234
vt 0.8416667 0.1430477
vt 0.8476424 0.1490234
f 177/3616/177 803/3617/803 783/3618/783
vt 0.8823568 0.1690243
vt 0.8823568 0.1809757
vt 0.8763811 0.1750000
f 291/3619/291 810/3620/810 290/3621/290
vt 0.7666667 0.4347143
vt 0.7976424 0.4656901
vt 0.7356910 0.4656901
f 186/3622/186 784/3623/784 7/3624/7
vt 0.8809757 0.1676432
vt 0.8750000 0.1736189
vt 0.8690243 0.1676432
f 803/3625/803 819/3626/819 783/3627/783
vt 0.3843099 0.1523576
vt 0.3976424 0.1656901
vt 0.3843099 0.1656901
f 798/3628/798 806/3629/806 805/3630/805
vt 0.3823568 0.1656901
vt 0.3690243 0.1656901
vt 0.3823568 0.1523576
f 287/3631/287 775/3632/775 286/3633/286
vt 0.8856910 0.1676432
vt 0.8976424 0.1676432
vt 0.8916667 0.1736189
f 290/3634/290 776/3635/776 289/3636/289
vt 0.8843099 0.1809757
vt 0.8843099 0.1690243
vt 0.8902856 0.1750000
f 289/3637/289 814/3638/814 288/3639/288
vt 0.6690243 0.2676432
vt 0.6990235 0.2676432
vt 0.6990235 0.2976424
f 808/3640/808 827/3641/827 780/3642/780
vt 0.7990234 0.4023576
vt 0.7990234 0.4643090
vt 0.7680477 0.4333333
f 186/3643/186 815/3644/815 784/3645/784
vt 0.8690243 0.1843099
vt 0.8809757 0.1843098
vt 0.8750000 0.1902856
f 779/3646/779 810/3647/810 291/3648/291
vt 0.7309757 0.2676432
vt 0.7009766 0.2976424
vt 0.7009766 0.2676432
f 781/3649/781 812/3650/812 182/3651/182
vt 0.3990234 0.1490235
vt 0.3856910 0.1490234
vt 0.3990234 0.1356909
f 782/3652/782 818/3653/818 802/3654/802
vt 0.7343099 0.3309757
vt 0.7343099 0.3009766
vt 0.7643090 0.3009765
f 821/3655/821 827/3656/827 785/3657/785
vt 0.6690243 0.2656901
vt 0.6833333 0.2513810
vt 0.6976424 0.2656901
f 790/3658/790 817/3659/817 792/3660/792
vt 0.8676432 0.1856909
vt 0.8736190 0.1916666
vt 0.8676432 0.1976424
f 293/3661/293 829/3662/829 292/3663/292
vt 0.7976424 0.4009765
vt 0.7666667 0.4319522
vt 0.7356910 0.4009765
f 183/3664/183 821/3665/821 184/3666/184
vt 0.8676432 0.1690243
vt 0.8736190 0.1750000
vt 0.8676432 0.1809757
f 819/3667/819 836/3668/836 783/3669/783
vt 0.7643090 0.2990234
vt 0.7343099 0.2990234
vt 0.7343099 0.2690243
f 780/3670/780 827/3671/827 787/3672/787
vt 0.8750000 0.1763810
vt 0.8809757 0.1823567
vt 0.8690243 0.1823568
f 290/3673/290 810/3674/810 776/3675/776
vt 0.8009766 0.4643090
vt 0.8009766 0.4023576
vt 0.8319523 0.4333333
f 8/3676/8 813/3677/813 247/3678/247
vt 0.7976424 0.3323568
vt 0.7676433 0.3323568
vt 0.7676433 0.3023576
f 808/3679/808 835/3680/835 785/3681/785
vt 0.6990235 0.2643090
vt 0.6847144 0.2499999
vt 0.6990235 0.2356909
f 781/3682/781 828/3683/828 817/3684/817
vt 0.8690243 0.1509766
vt 0.8809757 0.1509765
vt 0.8750000 0.1569523
f 776/3685/776 814/3686/814 289/3687/289
vt 0.7023576 0.2323567
vt 0.7166667 0.2180477
vt 0.7309757 0.2323568
f 794/3688/794 824/3689/824 791/3690/791
vt 0.8676432 0.1523576
vt 0.8736190 0.1583333
vt 0.8676432 0.1643091
f 826/3691/826 832/3692/832 285/3693/285
vt 0.8676432 0.1356909
vt 0.8736190 0.1416667
vt 0.8676432 0.1476424
f 288/3694/288 823/3695/823 287/3696/287
vt 0.3856910 0.1509765
vt 0.3990234 0.1509766
vt 0.3990234 0.1643091
f 811/3697/811 834/3698/834 800/3699/800
vt 0.8690243 0.1490235
vt 0.8750000 0.1430477
vt 0.8809757 0.1490234
f 818/3700/818 834/3701/834 779/3702/779
vt 0.3990234 0.1823568
vt 0.3856910 0.1823567
vt 0.3990234 0.1690243
f 778/3703/778 837/3704/837 824/3705/824
vt 0.7656901 0.3023576
vt 0.7656901 0.3323568
vt 0.7356910 0.3323568
f 774/3706/774 835/3707/835 808/3708/808
vt 0.3990234 0.1976424
vt 0.3856910 0.1843098
vt 0.3990234 0.1843099
f 810/3709/810 811/3710/811 776/3711/776
vt 0.3823568 0.1676432
vt 0.3823568 0.1809757
vt 0.3690243 0.1676432
f 783/3712/783 809/3713/809 178/3714/178
vt 0.8843099 0.1523576
vt 0.8902856 0.1583333
vt 0.8843099 0.1643091
f 287/3715/287 823/3716/823 775/3717/775
vt 0.8023576 0.4656901
vt 0.8333334 0.4347143
vt 0.8643091 0.4656901
f 247/3718/247 813/3719/813 774/3720/774
vt 0.8856910 0.1656901
vt 0.8916667 0.1597143
vt 0.8976424 0.1656901
f 814/3721/814 823/3722/823 288/3723/288
vt 0.8750000 0.1597143
vt 0.8809757 0.1656901
vt 0.8690243 0.1656901
f 779/3724/779 829/3725/829 818/3726/818
vt 0.3843099 0.1809757
vt 0.3843099 0.1676432
vt 0.3976424 0.1676432
f 775/3727/775 826/3728/826 286/3729/286
vt 0.7180477 0.2166666
vt 0.7323568 0.2023576
vt 0.7323568 0.2309757
f 801/3730/801 828/3731/828 820/3732/820
vt 0.8823568 0.1643091
vt 0.8763811 0.1583333
vt 0.8823568 0.1523576
f 805/3733/805 836/3734/836 819/3735/819
vt 0.7990234 0.2690243
vt 0.7990234 0.2990234
vt 0.7690243 0.2990234
f 787/3736/787 827/3737/827 821/3738/821
vt 0.9143090 0.1843098
vt 0.9083334 0.1902856
vt 0.9023576 0.1843099
f 176/3739/176 832/3740/832 803/3741/803
vt 0.3656901 0.1356909
vt 0.3656901 0.1490234
vt 0.3523577 0.1490234
f 807/3742/807 825/3743/825 782/3744/782
vt 0.9009766 0.1856909
vt 0.9069523 0.1916666
vt 0.9009766 0.1976424
f 818/3745/818 829/3746/829 802/3747/802
vt 0.7180477 0.2499999
vt 0.7323568 0.2356910
vt 0.7323568 0.2643090
f 773/3748/773 830/3749/830 822/3750/822
vt 0.7166667 0.2486189
vt 0.7023576 0.2343099
vt 0.7309757 0.2343099
f 773/3751/773 822/3752/822 790/3753/790
vt 0.9009766 0.1690242
vt 0.9069523 0.1750000
vt 0.9009766 0.1809757
f 286/3754/286 826/3755/826 285/3756/285
vt 0.3656901 0.1509765
vt 0.3656901 0.1643090
vt 0.3523577 0.1509765
f 819/3757/819 826/3758/826 775/3759/775
vt 0.6990235 0.2309757
vt 0.6847144 0.2166666
vt 0.6990235 0.2023576
f 243/3760/243 830/3761/830 773/3762/773
vt 0.9083334 0.1763810
vt 0.9143090 0.1823567
vt 0.9023576 0.1823568
f 803/3763/803 826/3764/826 819/3765/819
vt 0.6976424 0.2009766
vt 0.6833333 0.2152856
vt 0.6690243 0.2009766
f 817/3766/817 828/3767/828 792/3768/792
vt 0.7309757 0.2009766
vt 0.7166667 0.2152856
vt 0.7023576 0.2009766
f 792/3769/792 828/3770/828 801/3771/801
vt 0.7152856 0.2166666
vt 0.7009766 0.2309757
vt 0.7009766 0.2023576
f 790/3772/790 822/3773/822 817/3774/817
vt 0.9236190 0.1916666
vt 0.9176432 0.1976424
vt 0.9176432 0.1856909
f 292/3775/292 829/3776/829 779/3777/779
vt 0.3356910 0.1343099
vt 0.3490235 0.1343099
vt 0.3490235 0.1476424
f 782/3778/782 825/3779/825 818/3780/818
vt 0.3509766 0.1476424
vt 0.3509766 0.1343099
vt 0.3643090 0.1343099
f 800/3781/800 834/3782/834 818/3783/818
vt 0.3690243 0.1343099
vt 0.3823568 0.1343099
vt 0.3823568 0.1476424
f 818/3784/818 825/3785/825 800/3786/800
vt 0.7690243 0.3009765
vt 0.7990234 0.3009766
vt 0.7990234 0.3309757
f 817/3787/817 822/3788/822 788/3789/788
vt 0.3843099 0.1476424
vt 0.3843099 0.1343099
vt 0.3976424 0.1343099
f 806/3790/806 836/3791/836 805/3792/805
vt 0.9190243 0.1990234
vt 0.9250000 0.1930476
vt 0.9309757 0.1990234
f 810/3793/810 834/3794/834 811/3795/811
vt 0.3676432 0.1643090
vt 0.3676432 0.1509765
vt 0.3809757 0.1509765
f 809/3796/809 836/3797/836 806/3798/806
vt 0.3809757 0.1490234
vt 0.3676432 0.1490234
vt 0.3676432 0.1356909
f 811/3799/811 831/3800/831 776/3801/776
vt 0.1843099 0.1190242
vt 0.1893090 0.1240234
vt 0.1843099 0.1240234
f 16/3802/16 832/3803/832 176/3804/176
vt 0.9083334 0.1930476
vt 0.9143090 0.1990234
vt 0.9023576 0.1990234
f 237/3805/237 833/3806/833 31/3807/31
vt 0.7356910 0.2676432
vt 0.7656901 0.2676432
vt 0.7656901 0.2976424
f 785/3808/785 835/3809/835 815/3810/815
vt 0.7676433 0.2976424
vt 0.7676433 0.2676432
vt 0.7976424 0.2676432
f 815/3811/815 835/3812/835 774/3813/774
vt 0.4023576 0.1676432
vt 0.4156901 0.1676432
vt 0.4156901 0.1809757
f 241/3814/241 837/3815/837 778/3816/778
vt 0.9156901 0.1976424
vt 0.9097144 0.1916666
vt 0.9156901 0.1856909
f 776/3817/776 831/3818/831 814/3819/814
vt 0.8843099 0.1856909
vt 0.8902856 0.1916666
vt 0.8843099 0.1976424
f 779/3820/779 834/3821/834 810/3822/810
vt 0.8856910 0.1990234
vt 0.8916667 0.1930476
vt 0.8976424 0.1990234
f 783/3823/783 836/3824/836 809/3825/809
vt 0.8656901 0.4023576
vt 0.8656901 0.4643090
vt 0.8347144 0.4333333
f 784/3826/784 813/3827/813 110/3828/110
vt 0.7990234 0.6676432
vt 0.7990234 0.7309757
vt 0.7356910 0.6676432
f 188/3829/188 18/3830/18 840/3831/840
vt 0.8643091 0.7323568
vt 0.8009766 0.7323568
vt 0.8009766 0.6690242
f 234/3832/234 235/3833/235 838/3834/838
vt 0.8656901 0.7309757
vt 0.8023576 0.6676432
vt 0.8656901 0.6676432
f 28/3835/28 295/3836/295 839/3837/839
vt 0.8676432 0.7323568
vt 0.8676432 0.6690242
vt 0.9309757 0.7323568
f 294/3838/294 29/3839/29 840/3840/840
vt 0.9323568 0.7309757
vt 0.8690243 0.6676432
vt 0.9323568 0.6676432
f 235/3841/235 28/3842/28 839/3843/839
vt 0.9976424 0.7323568
vt 0.9343099 0.7323568
vt 0.9343099 0.6690242
f 29/3844/29 234/3845/234 840/3846/840
vt 0.9990234 0.6676432
vt 0.9990234 0.7309757
vt 0.9356909 0.6676432
f 189/3847/189 188/3848/188 838/3849/838
vt 0.0009766 0.6023576
vt 0.0643090 0.6656901
vt 0.0009766 0.6656901
f 838/3850/838 188/3851/188 840/3852/840
vt 0.8643091 0.4009765
vt 0.8333334 0.4319522
vt 0.8023576 0.4009765
f 838/3853/838 839/3854/839 841/3855/841
vt 0.0656901 0.6643090
vt 0.0023576 0.6009766
vt 0.0656901 0.6009766
f 189/3856/189 838/3857/838 841/3858/841
vt 0.0676432 0.6023576
vt 0.1309757 0.6656901
vt 0.0676432 0.6656901
f 234/3859/234 838/3860/838 840/3861/840
vt 0.1323568 0.6643090
vt 0.0690243 0.6009766
vt 0.1323568 0.6009766
f 838/3862/838 235/3863/235 839/3864/839
vt 0.1343099 0.6023576
vt 0.1976424 0.6656901
vt 0.1343099 0.6656901
f 19/3865/19 189/3866/189 841/3867/841
vt 0.1990235 0.6643090
vt 0.1356910 0.6009766
vt 0.1990235 0.6009766
f 295/3868/295 19/3869/19 841/3870/841
vt 0.8986189 0.4333333
vt 0.8676432 0.4643090
vt 0.8676432 0.4023576
f 839/3871/839 295/3872/295 841/3873/841
vt 0.2643090 0.6656901
vt 0.2009766 0.6656901
vt 0.2009766 0.6023576
f 18/3874/18 294/3875/294 840/3876/840
vt 0.2656901 0.6009766
vt 0.2656901 0.6643090
vt 0.2023576 0.6009766
f 229/3877/229 842/3878/842 230/3879/230
vt 0.2676432 0.6023576
vt 0.3309757 0.6656901
vt 0.2676432 0.6656901
f 231/3880/231 843/3881/843 232/3882/232
vt 0.3323568 0.6009766
vt 0.3323568 0.6643090
vt 0.2690243 0.6009766
f 193/3883/193 844/3884/844 192/3885/192
vt 0.3976424 0.6656901
vt 0.3343099 0.6656901
vt 0.3343099 0.6023576
f 842/3886/842 844/3887/844 230/3888/230
vt 0.3356910 0.6009766
vt 0.3990234 0.6009766
vt 0.3990234 0.6643090
f 231/3889/231 844/3890/844 843/3891/843
vt 0.4643090 0.6656901
vt 0.4009766 0.6656901
vt 0.4009766 0.6023576
f 192/3892/192 844/3893/844 842/3894/842
vt 0.4023576 0.6009766
vt 0.4656901 0.6009766
vt 0.4656901 0.6643090
f 843/3895/843 844/3896/844 193/3897/193
vt 0.5309757 0.6656901
vt 0.4676432 0.6656901
vt 0.4676432 0.6023576
f 229/3898/229 845/3899/845 842/3900/842
vt 0.4690243 0.6009766
vt 0.5323568 0.6009766
vt 0.5323568 0.6643090
f 843/3901/843 846/3902/846 232/3903/232
vt 0.5343099 0.6656901
vt 0.5343099 0.6023576
vt 0.5976424 0.6656901
f 230/3904/230 844/3905/844 231/3906/231
vt 0.5990235 0.6643090
vt 0.5356910 0.6009766
vt 0.5990235 0.6009766
f 192/3907/192 842/3908/842 191/3909/191
vt 0.6009766 0.6656901
vt 0.6009766 0.6023576
vt 0.6643091 0.6656901
f 194/3910/194 843/3911/843 193/3912/193
vt 0.6023576 0.6009766
vt 0.6656901 0.6009766
vt 0.6656901 0.6643090
f 25/3913/25 845/3914/845 229/3915/229
vt 0.8690243 0.4656901
vt 0.9000000 0.4347143
vt 0.9309757 0.4656901
f 297/3916/297 845/3917/845 25/3918/25
vt 0.9323568 0.4643090
vt 0.9013811 0.4333333
vt 0.9323568 0.4023576
f 26/3919/26 846/3920/846 296/3921/296
vt 0.7309757 0.6656901
vt 0.6676432 0.6656901
vt 0.6676432 0.6023576
f 232/3922/232 846/3923/846 26/3924/26
vt 0.6690243 0.6009766
vt 0.7323568 0.6009766
vt 0.7323568 0.6643090
f 842/3925/842 847/3926/847 191/3927/191
vt 0.7976424 0.6656901
vt 0.7343099 0.6656901
vt 0.7343099 0.6023576
f 194/3928/194 848/3929/848 843/3930/843
vt 0.9309757 0.4009765
vt 0.9000000 0.4319522
vt 0.8690243 0.4009765
f 843/3931/843 848/3932/848 846/3933/846
vt 0.9343099 0.4023576
vt 0.9652856 0.4333333
vt 0.9343099 0.4643090
f 845/3934/845 847/3935/847 842/3936/842
vt 0.9356909 0.4656901
vt 0.9666667 0.4347143
vt 0.9976424 0.4656901
f 9/3937/9 847/3938/847 297/3939/297
vt 0.7356910 0.6009766
vt 0.7990234 0.6009766
vt 0.7990234 0.6643090
f 21/3940/21 848/3941/848 194/3942/194
vt 0.8643091 0.6656901
vt 0.8009766 0.6656901
vt 0.8009766 0.6023576
f 191/3943/191 847/3944/847 9/3945/9
vt 0.9990234 0.4643090
vt 0.9680477 0.4333333
vt 0.9990234 0.4023576
f 296/3946/296 848/3947/848 21/3948/21
vt 0.9356909 0.4009765
vt 0.9976424 0.4009765
vt 0.9666667 0.4319522
f 297/3949/297 847/3950/847 845/3951/845
vt 0.0319523 0.3666666
vt 0.0009766 0.3976424
vt 0.0009766 0.3356909
f 846/3952/846 848/3953/848 296/3954/296
vt 0.7643090 0.2343099
vt 0.7500000 0.2486189
vt 0.7356910 0.2343099
f 896/3955/896 905/3956/905 858/3957/858
vt 0.8009766 0.3309757
vt 0.8009766 0.3009766
vt 0.8309757 0.3009765
f 223/3958/223 896/3959/896 858/3960/858
vt 0.4176432 0.1676432
vt 0.4309757 0.1676432
vt 0.4176432 0.1809757
f 302/3961/302 885/3962/885 301/3963/301
vt 0.4143091 0.1843098
vt 0.4009766 0.1976424
vt 0.4009766 0.1843099
f 874/3964/874 882/3965/882 881/3966/881
vt 0.8009766 0.2990234
vt 0.8009766 0.2690243
vt 0.8309757 0.2990234
f 864/3967/864 897/3968/897 889/3969/889
vt 0.7343099 0.2356910
vt 0.7486190 0.2499999
vt 0.7343099 0.2643090
f 875/3970/875 880/3971/880 853/3972/853
vt 0.7343099 0.2023576
vt 0.7486190 0.2166666
vt 0.7343099 0.2309757
f 854/3973/854 882/3974/882 878/3975/878
vt 0.8643091 0.3323568
vt 0.8343099 0.3323568
vt 0.8343099 0.3023576
f 858/3976/858 892/3977/892 877/3978/877
vt 0.4009766 0.1690243
vt 0.4143091 0.1823567
vt 0.4009766 0.1823568
f 301/3979/301 885/3980/885 851/3981/851
vt 0.4009766 0.1509766
vt 0.4143091 0.1509765
vt 0.4009766 0.1643091
f 856/3982/856 879/3983/879 226/3984/226
vt 0.4009766 0.1356909
vt 0.4143091 0.1490234
vt 0.4009766 0.1490235
f 881/3985/881 882/3986/882 879/3987/879
vt 0.7356910 0.2323568
vt 0.7500000 0.2180477
vt 0.7643090 0.2323567
f 882/3988/882 909/3989/909 878/3990/878
vt 0.8690243 0.1990234
vt 0.8750000 0.1930476
vt 0.8809757 0.1990234
f 893/3991/893 900/3992/900 856/3993/856
vt 0.4176432 0.1656901
vt 0.4176432 0.1523576
vt 0.4309757 0.1656901
f 857/3994/857 895/3995/895 894/3996/894
vt 0.4023576 0.1656901
vt 0.4156901 0.1523576
vt 0.4156901 0.1656901
f 226/3997/226 879/3998/879 225/3999/225
vt 0.8323568 0.3323568
vt 0.8023576 0.3323568
vt 0.8323568 0.3023576
f 849/4000/849 865/4001/865 120/4002/120
vt 0.8823568 0.1856909
vt 0.8823568 0.1976424
vt 0.8763811 0.1916666
f 894/4003/894 895/4004/895 861/4005/861
vt 0.0333333 0.3680477
vt 0.0643090 0.3990234
vt 0.0023576 0.3990234
f 855/4006/855 863/4007/863 118/4008/118
vt 0.0656901 0.3356909
vt 0.0656901 0.3976424
vt 0.0347144 0.3666666
f 890/4009/890 891/4010/891 850/4011/850
vt 0.8916667 0.1763810
vt 0.8976424 0.1823568
vt 0.8856910 0.1823567
f 862/4012/862 900/4013/900 893/4014/893
vt 0.8356910 0.2990234
vt 0.8656901 0.2690243
vt 0.8656901 0.2990234
f 889/4015/889 897/4016/897 221/4017/221
vt 0.0333333 0.3652856
vt 0.0023576 0.3343099
vt 0.0643090 0.3343099
f 859/4018/859 891/4019/891 890/4020/890
vt 0.8656901 0.3009766
vt 0.8656901 0.3309757
vt 0.8356910 0.3009765
f 877/4021/877 889/4022/889 858/4023/858
vt 0.4343099 0.1976424
vt 0.4343099 0.1843099
vt 0.4476424 0.1843098
f 856/4024/856 881/4025/881 879/4026/879
vt 0.8023576 0.2676432
vt 0.8323568 0.2676432
vt 0.8323568 0.2976424
f 119/4027/119 849/4028/849 120/4029/120
vt 0.8643091 0.2676432
vt 0.8343099 0.2976424
vt 0.8343099 0.2676432
f 864/4030/864 889/4031/889 877/4032/877
vt 0.7819523 0.2499999
vt 0.7676433 0.2643090
vt 0.7676433 0.2356909
f 869/4033/869 870/4034/870 867/4035/867
vt 0.7976424 0.2656901
vt 0.7690243 0.2656901
vt 0.7833334 0.2513810
f 869/4036/869 871/4037/871 870/4038/870
vt 0.7500000 0.2513810
vt 0.7643090 0.2656901
vt 0.7356910 0.2656901
f 853/4039/853 901/4040/901 875/4041/875
vt 0.7513811 0.2499999
vt 0.7656901 0.2356909
vt 0.7656901 0.2643090
f 871/4042/871 872/4043/872 870/4044/870
vt 0.4343099 0.1690242
vt 0.4476424 0.1823567
vt 0.4343099 0.1823568
f 872/4045/872 884/4046/884 876/4047/876
vt 0.4509766 0.1856909
vt 0.4643090 0.1990234
vt 0.4509766 0.1990234
f 871/4048/871 873/4049/873 872/4050/872
vt 0.4490235 0.1856909
vt 0.4490235 0.1990234
vt 0.4356910 0.1990234
f 887/4051/887 903/4052/903 874/4053/874
vt 0.0676432 0.3356909
vt 0.0986189 0.3666666
vt 0.0676432 0.3976424
f 117/4054/117 855/4055/855 118/4056/118
vt 0.8676432 0.3309757
vt 0.8676432 0.3009766
vt 0.8976424 0.3009765
f 863/4057/863 906/4058/906 118/4059/118
vt 0.0690243 0.3990234
vt 0.1000000 0.3680477
vt 0.1309757 0.3990234
f 25/4060/25 859/4061/859 297/4062/297
vt 0.8976424 0.2990234
vt 0.8676432 0.2990234
vt 0.8676432 0.2690243
f 855/4063/855 864/4064/864 863/4065/863
vt 0.9009766 0.3023576
vt 0.9309757 0.3323568
vt 0.9009766 0.3323568
f 223/4066/223 858/4067/858 222/4068/222
vt 0.4309757 0.1990234
vt 0.4176432 0.1990234
vt 0.4176432 0.1856909
f 872/4069/872 876/4070/876 875/4071/875
vt 0.8990235 0.3023576
vt 0.8990235 0.3323568
vt 0.8690243 0.3323568
f 118/4072/118 906/4073/906 119/4074/119
vt 0.4156901 0.1990234
vt 0.4023576 0.1990234
vt 0.4156901 0.1856909
f 881/4075/881 887/4076/887 874/4077/874
vt 0.4323568 0.1690242
vt 0.4323568 0.1823568
vt 0.4190243 0.1823567
f 874/4078/874 903/4079/903 873/4080/873
vt 0.9023576 0.2990234
vt 0.9323568 0.2690243
vt 0.9323568 0.2990234
f 864/4081/864 877/4082/877 863/4083/863
vt 0.4190243 0.1843098
vt 0.4323568 0.1843099
vt 0.4323568 0.1976424
f 875/4084/875 899/4085/899 880/4086/880
vt 0.7976424 0.2323568
vt 0.7690243 0.2323567
vt 0.7833334 0.2180477
f 849/4087/849 866/4088/866 865/4089/865
vt 0.7990234 0.2023576
vt 0.7990234 0.2309757
vt 0.7847144 0.2166666
f 868/4090/868 869/4091/869 867/4092/867
vt 0.7990234 0.2643090
vt 0.7847144 0.2499999
vt 0.7990234 0.2356910
f 225/4093/225 854/4094/854 224/4095/224
vt 0.7690243 0.2343099
vt 0.7976424 0.2343099
vt 0.7833334 0.2486189
f 866/4096/866 867/4097/867 865/4098/865
vt 0.7656901 0.2309757
vt 0.7513811 0.2166666
vt 0.7656901 0.2023576
f 225/4099/225 879/4100/879 854/4101/854
vt 0.4509766 0.1523576
vt 0.4643090 0.1656901
vt 0.4509766 0.1656901
f 853/4102/853 880/4103/880 122/4104/122
vt 0.9023576 0.3009765
vt 0.9323568 0.3009766
vt 0.9323568 0.3309757
f 877/4105/877 898/4106/898 863/4107/863
vt 0.4490235 0.1523576
vt 0.4490235 0.1656901
vt 0.4356910 0.1656901
f 884/4108/884 910/4109/910 876/4110/876
vt 0.7643090 0.2009766
vt 0.7500000 0.2152856
vt 0.7356910 0.2009766
f 121/4111/121 853/4112/853 122/4113/122
vt 0.1323568 0.3976424
vt 0.1013811 0.3666666
vt 0.1323568 0.3356909
f 297/4114/297 890/4115/890 9/4116/9
vt 0.7976424 0.2009766
vt 0.7833334 0.2152856
vt 0.7690243 0.2009766
f 878/4117/878 909/4118/909 869/4119/869
vt 0.7676433 0.2023576
vt 0.7819523 0.2166666
vt 0.7676433 0.2309757
f 867/4120/867 901/4121/901 865/4122/865
vt 0.4523576 0.1490234
vt 0.4656901 0.1356909
vt 0.4656901 0.1490235
f 871/4123/871 874/4124/874 873/4125/873
vt 0.8166667 0.2486189
vt 0.8023576 0.2343099
vt 0.8309757 0.2343099
f 872/4126/872 875/4127/875 870/4128/870
vt 0.8690243 0.2676432
vt 0.8990235 0.2676432
vt 0.8990235 0.2976424
f 222/4129/222 889/4130/889 221/4131/221
vt 0.8009766 0.2356910
vt 0.8152856 0.2499999
vt 0.8009766 0.2643090
f 120/4132/120 911/4133/911 121/4134/121
vt 0.4523576 0.1509765
vt 0.4656901 0.1509766
vt 0.4656901 0.1643091
f 122/4135/122 880/4136/880 123/4137/123
vt 0.4523576 0.1823567
vt 0.4656901 0.1690243
vt 0.4656901 0.1823568
f 227/4138/227 856/4139/856 226/4140/226
vt 0.4523576 0.1843098
vt 0.4656901 0.1843099
vt 0.4656901 0.1976424
f 123/4141/123 857/4142/857 124/4143/124
vt 0.4356910 0.1676432
vt 0.4490235 0.1676432
vt 0.4490235 0.1809757
f 856/4144/856 900/4145/900 881/4146/881
vt 0.8009766 0.2023576
vt 0.8152856 0.2166666
vt 0.8009766 0.2309757
f 865/4147/865 911/4148/911 120/4149/120
vt 0.1000000 0.3652856
vt 0.0690243 0.3343099
vt 0.1309757 0.3343099
f 850/4150/850 883/4151/883 116/4152/116
vt 0.4509766 0.1676432
vt 0.4643090 0.1676432
vt 0.4509766 0.1809757
f 873/4153/873 884/4154/884 872/4155/872
vt 0.8166667 0.2180477
vt 0.8309757 0.2323567
vt 0.8023576 0.2323568
f 878/4156/878 896/4157/896 854/4158/854
vt 0.4190243 0.1490234
vt 0.4323568 0.1356909
vt 0.4323568 0.1490234
f 123/4159/123 880/4160/880 857/4161/857
vt 0.1343099 0.3976424
vt 0.1343099 0.3356909
vt 0.1652856 0.3666666
f 117/4162/117 883/4163/883 855/4164/855
vt 0.8990235 0.1809757
vt 0.8930477 0.1750000
vt 0.8990235 0.1690242
f 10/4165/10 908/4166/908 306/4167/306
vt 0.8990235 0.1976424
vt 0.8930477 0.1916666
vt 0.8990235 0.1856909
f 298/4168/298 907/4169/907 24/4170/24
vt 0.8343099 0.2643090
vt 0.8343099 0.2356909
vt 0.8486189 0.2499999
f 868/4171/868 878/4172/878 869/4173/869
vt 0.8356910 0.2656901
vt 0.8500000 0.2513810
vt 0.8643091 0.2656901
f 224/4174/224 896/4175/896 223/4176/223
vt 0.4323568 0.1509765
vt 0.4323568 0.1643090
vt 0.4190243 0.1509765
f 873/4177/873 885/4178/885 884/4179/884
vt 0.8976424 0.1843099
vt 0.8916667 0.1902856
vt 0.8856910 0.1843098
f 861/4180/861 908/4181/908 894/4182/894
vt 0.9176432 0.1523576
vt 0.9236190 0.1583333
vt 0.9176432 0.1643091
f 893/4183/893 907/4184/907 862/4185/862
vt 0.8309757 0.2656901
vt 0.8023576 0.2656901
vt 0.8166667 0.2513810
f 866/4186/866 868/4187/868 867/4188/867
vt 0.9190243 0.1656901
vt 0.9250000 0.1597143
vt 0.9309757 0.1656901
f 302/4189/302 902/4190/902 885/4191/885
vt 0.8323568 0.2643090
vt 0.8180478 0.2499999
vt 0.8323568 0.2356909
f 901/4192/901 911/4193/911 865/4194/865
vt 0.1976424 0.3990234
vt 0.1356910 0.3990234
vt 0.1666667 0.3680477
f 116/4195/116 883/4196/883 117/4197/117
vt 0.1680477 0.3666666
vt 0.1990235 0.3356909
vt 0.1990235 0.3976424
f 220/4198/220 860/4199/860 219/4200/219
vt 0.9023576 0.1656901
vt 0.9083334 0.1597143
vt 0.9143090 0.1656901
f 227/4201/227 893/4202/893 856/4203/856
vt 0.9156901 0.1643091
vt 0.9097144 0.1583333
vt 0.9156901 0.1523576
f 857/4204/857 894/4205/894 124/4206/124
vt 0.4023576 0.1343099
vt 0.4156901 0.1343099
vt 0.4156901 0.1476424
f 874/4207/874 909/4208/909 882/4209/882
vt 0.9250000 0.1430477
vt 0.9309757 0.1490235
vt 0.9190243 0.1490234
f 124/4210/124 894/4211/894 125/4212/125
vt 0.9323568 0.1356909
vt 0.9323568 0.1476424
vt 0.9263811 0.1416667
f 228/4213/228 893/4214/893 227/4215/227
vt 0.8356910 0.2323567
vt 0.8500000 0.2180477
vt 0.8643091 0.2323568
f 879/4216/879 882/4217/882 854/4218/854
vt 0.9323568 0.1643091
vt 0.9263811 0.1583333
vt 0.9323568 0.1523576
f 306/4219/306 908/4220/908 861/4221/861
vt 0.9309757 0.1509766
vt 0.9250000 0.1569523
vt 0.9190243 0.1509765
f 862/4222/862 907/4223/907 298/4224/298
vt 0.9190243 0.1823567
vt 0.9250000 0.1763810
vt 0.9309757 0.1823568
f 852/4225/852 910/4226/910 884/4227/884
vt 0.4176432 0.1476424
vt 0.4176432 0.1343099
vt 0.4309757 0.1343099
f 876/4228/876 899/4229/899 875/4230/875
vt 0.8656901 0.2023576
vt 0.8656901 0.2309757
vt 0.8513811 0.2166666
f 875/4231/875 901/4232/901 870/4233/870
vt 0.4356910 0.1343099
vt 0.4490235 0.1343099
vt 0.4490235 0.1476424
f 885/4234/885 903/4235/903 851/4236/851
vt 0.1976424 0.3343099
vt 0.1666667 0.3652856
vt 0.1356910 0.3343099
f 220/4237/220 897/4238/897 860/4239/860
vt 0.2319523 0.3666666
vt 0.2009766 0.3976424
vt 0.2009766 0.3356909
f 219/4240/219 891/4241/891 218/4242/218
vt 0.9323568 0.1809757
vt 0.9263811 0.1750000
vt 0.9323568 0.1690243
f 306/4243/306 861/4244/861 305/4245/305
vt 0.9323568 0.1976424
vt 0.9263811 0.1916666
vt 0.9323568 0.1856909
f 299/4246/299 862/4247/862 298/4248/298
vt 0.2023576 0.3990234
vt 0.2333333 0.3680477
vt 0.2643090 0.3990234
f 860/4249/860 904/4250/904 883/4251/883
vt 0.4509766 0.1476424
vt 0.4509766 0.1343099
vt 0.4643090 0.1343099
f 871/4252/871 909/4253/909 874/4254/874
vt 0.8656901 0.2356910
vt 0.8656901 0.2643090
vt 0.8513811 0.2499999
f 878/4255/878 905/4256/905 896/4257/896
vt 0.2347144 0.3666666
vt 0.2656901 0.3356909
vt 0.2656901 0.3976424
f 860/4258/860 891/4259/891 219/4260/219
vt 0.9009766 0.2976424
vt 0.9009766 0.2676432
vt 0.9309757 0.2676432
f 898/4261/898 906/4262/906 863/4263/863
vt 0.2023576 0.3343099
vt 0.2643090 0.3343099
vt 0.2333333 0.3652856
f 115/4264/115 850/4265/850 116/4266/116
vt 0.9190243 0.1843098
vt 0.9309757 0.1843099
vt 0.9250000 0.1902856
f 300/4267/300 886/4268/886 299/4269/299
vt 0.9156901 0.1809757
vt 0.9097144 0.1750000
vt 0.9156901 0.1690243
f 305/4270/305 888/4271/888 304/4272/304
vt 0.9143090 0.1676432
vt 0.9083334 0.1736189
vt 0.9023576 0.1676432
f 884/4273/884 902/4274/902 852/4275/852
vt 0.2986189 0.3666666
vt 0.2676432 0.3976424
vt 0.2676432 0.3356909
f 218/4276/218 859/4277/859 25/4278/25
vt 0.9309757 0.1676432
vt 0.9250000 0.1736189
vt 0.9190243 0.1676432
f 304/4279/304 852/4280/852 303/4281/303
vt 0.4476424 0.1509765
vt 0.4343099 0.1643090
vt 0.4343099 0.1509765
f 301/4282/301 851/4283/851 300/4284/300
vt 0.9343099 0.3309757
vt 0.9343099 0.3009766
vt 0.9643090 0.3009765
f 883/4285/883 904/4286/904 855/4287/855
vt 0.9236189 0.1750000
vt 0.9176432 0.1809757
vt 0.9176432 0.1690243
f 299/4288/299 886/4289/886 862/4290/862
vt 0.8976424 0.1490234
vt 0.8856910 0.1490234
vt 0.8916667 0.1430477
f 861/4291/861 888/4292/888 305/4293/305
vt 0.3309757 0.3990234
vt 0.2690243 0.3990234
vt 0.3000000 0.3680477
f 218/4294/218 891/4295/891 859/4296/859
vt 0.4476424 0.1490234
vt 0.4343099 0.1490234
vt 0.4343099 0.1356909
f 885/4297/885 902/4298/902 884/4299/884
vt 0.9343099 0.2690243
vt 0.9643090 0.2990234
vt 0.9343099 0.2990234
f 858/4300/858 889/4301/889 222/4302/222
vt 0.9976424 0.3323568
vt 0.9676433 0.3323568
vt 0.9676433 0.3023576
f 897/4303/897 904/4304/904 860/4305/860
vt 0.8643091 0.2343099
vt 0.8500000 0.2486189
vt 0.8356910 0.2343099
f 866/4306/866 892/4307/892 868/4308/868
vt 0.3323568 0.3976424
vt 0.3013811 0.3666666
vt 0.3323568 0.3356909
f 221/4309/221 897/4310/897 220/4311/220
vt 0.8990235 0.1476424
vt 0.8930477 0.1416667
vt 0.8990235 0.1356909
f 303/4312/303 902/4313/902 302/4314/302
vt 0.8930477 0.1583333
vt 0.8990235 0.1523576
vt 0.8990235 0.1643090
f 304/4315/304 888/4316/888 852/4317/852
vt 0.4690243 0.1676432
vt 0.4823568 0.1676432
vt 0.4823568 0.1809757
f 851/4318/851 886/4319/886 300/4320/300
vt 0.9656901 0.3023576
vt 0.9656901 0.3323568
vt 0.9356909 0.3323568
f 855/4321/855 904/4322/904 864/4323/864
vt 0.2690243 0.3343099
vt 0.3309757 0.3343099
vt 0.3000000 0.3652856
f 9/4324/9 890/4325/890 115/4326/115
vt 0.8323568 0.2309757
vt 0.8180478 0.2166666
vt 0.8323568 0.2023576
f 858/4327/858 905/4328/905 892/4329/892
vt 0.9990234 0.2690243
vt 0.9990234 0.2990234
vt 0.9690243 0.2990234
f 883/4330/883 912/4331/912 860/4332/860
vt 0.8309757 0.2009766
vt 0.8166667 0.2152856
vt 0.8023576 0.2009766
f 870/4333/870 901/4334/901 867/4335/867
vt 0.4843099 0.1676432
vt 0.4976424 0.1676432
vt 0.4843099 0.1809757
f 853/4336/853 911/4337/911 901/4338/901
vt 0.4676432 0.1843099
vt 0.4809757 0.1843098
vt 0.4676432 0.1976424
f 851/4339/851 887/4340/887 886/4341/886
vt 0.4809757 0.1823567
vt 0.4676432 0.1823568
vt 0.4676432 0.1690243
f 857/4342/857 899/4343/899 895/4344/895
vt 0.8856910 0.1509765
vt 0.8976424 0.1509765
vt 0.8916667 0.1569523
f 861/4345/861 895/4346/895 888/4347/888
vt 0.4676432 0.1643091
vt 0.4676432 0.1509766
vt 0.4809757 0.1509765
f 880/4348/880 899/4349/899 857/4350/857
vt 0.9690243 0.3009765
vt 0.9990234 0.3009766
vt 0.9990234 0.3309757
f 850/4351/850 912/4352/912 883/4353/883
vt 0.8823568 0.1476424
vt 0.8763811 0.1416667
vt 0.8823568 0.1356909
f 894/4354/894 908/4355/908 125/4356/125
vt 0.8809757 0.1343099
vt 0.8750000 0.1402856
vt 0.8690243 0.1343099
f 228/4357/228 907/4358/907 893/4359/893
vt 0.3343099 0.3356909
vt 0.3652856 0.3666666
vt 0.3343099 0.3976424
f 115/4360/115 890/4361/890 850/4362/850
vt 0.4809757 0.1490234
vt 0.4676432 0.1490235
vt 0.4676432 0.1356909
f 869/4363/869 909/4364/909 871/4365/871
vt 0.9356909 0.2676432
vt 0.9656901 0.2676432
vt 0.9656901 0.2976424
f 864/4366/864 904/4367/904 897/4368/897
vt 0.8500000 0.2152856
vt 0.8356910 0.2009766
vt 0.8643091 0.2009766
f 854/4369/854 896/4370/896 224/4371/224
vt 0.4843099 0.1523576
vt 0.4976424 0.1656901
vt 0.4843099 0.1656901
f 881/4372/881 900/4373/900 887/4374/887
vt 0.8486189 0.2166666
vt 0.8343099 0.2309757
vt 0.8343099 0.2023576
f 849/4375/849 906/4376/906 898/4377/898
vt 0.4823568 0.1523576
vt 0.4823568 0.1656901
vt 0.4690243 0.1656901
f 873/4378/873 903/4379/903 885/4380/885
vt 0.8833333 0.2486189
vt 0.8690243 0.2343099
vt 0.8976424 0.2343099
f 849/4381/849 898/4382/898 866/4383/866
vt 0.8856910 0.1343099
vt 0.8976424 0.1343099
vt 0.8916667 0.1402856
f 886/4384/886 900/4385/900 862/4386/862
vt 0.5009766 0.1976424
vt 0.5009766 0.1843099
vt 0.5143090 0.1843098
f 887/4387/887 900/4388/900 886/4389/886
vt 0.8676432 0.2356910
vt 0.8819523 0.2499999
vt 0.8676432 0.2643090
f 119/4390/119 906/4391/906 849/4392/849
vt 0.8676432 0.2023576
vt 0.8819523 0.2166666
vt 0.8676432 0.2309757
f 892/4393/892 905/4394/905 868/4395/868
vt 0.8843099 0.1356909
vt 0.8902856 0.1416667
vt 0.8843099 0.1476424
f 852/4396/852 902/4397/902 303/4398/303
vt 0.8690243 0.2323568
vt 0.8833333 0.2180477
vt 0.8976424 0.2323567
f 868/4399/868 905/4400/905 878/4401/878
vt 0.9152856 0.2499999
vt 0.9009766 0.2643090
vt 0.9009766 0.2356909
f 866/4402/866 898/4403/898 892/4404/892
vt 0.9676433 0.2976424
vt 0.9676433 0.2676432
vt 0.9976424 0.2676432
f 892/4405/892 898/4406/898 877/4407/877
vt 0.5143090 0.1823567
vt 0.5009766 0.1823568
vt 0.5009766 0.1690242
f 895/4408/895 899/4409/899 876/4410/876
vt 0.9156901 0.1476424
vt 0.9097144 0.1416667
vt 0.9156901 0.1356909
f 851/4411/851 903/4412/903 887/4413/887
vt 0.9143090 0.1343099
vt 0.9083334 0.1402856
vt 0.9023576 0.1343099
f 895/4414/895 910/4415/910 888/4416/888
vt 0.9190243 0.1343099
vt 0.9309757 0.1343099
vt 0.9250000 0.1402856
f 24/4417/24 907/4418/907 228/4419/228
vt 0.9236189 0.1416667
vt 0.9176432 0.1476424
vt 0.9176432 0.1356909
f 125/4420/125 908/4421/908 10/4422/10
vt 0.0009766 0.2643090
vt 0.0009766 0.2343099
vt 0.0309757 0.2343099
f 860/4423/860 912/4424/912 891/4425/891
vt 0.0309757 0.2323567
vt 0.0009766 0.2323568
vt 0.0009766 0.2023576
f 891/4426/891 912/4427/912 850/4428/850
vt 0.5309757 0.1990234
vt 0.5176432 0.1990234
vt 0.5176432 0.1856909
f 121/4429/121 911/4430/911 853/4431/853
vt 0.5156901 0.1856909
vt 0.5156901 0.1990234
vt 0.5023577 0.1990234
f 876/4432/876 910/4433/910 895/4434/895
vt 0.9143090 0.1509765
vt 0.9083334 0.1569523
vt 0.9023576 0.1509765
f 888/4435/888 910/4436/910 852/4437/852
vt 0.3976424 0.3990234
vt 0.3356910 0.3990234
vt 0.3666667 0.3680477
f 859/4438/859 890/4439/890 297/4440/297
vt 0.9166667 0.2513810
vt 0.9309757 0.2656901
vt 0.9023576 0.2656901
f 935/4441/935 936/4442/936 148/4443/148
vt 0.8690243 0.2656901
vt 0.8833333 0.2513810
vt 0.8976424 0.2656901
f 923/4444/923 936/4445/936 928/4446/928
vt 0.8023576 0.6009766
vt 0.8656901 0.6009766
vt 0.8656901 0.6643090
f 145/4447/145 927/4448/927 12/4449/12
vt 0.4843099 0.1856909
vt 0.4976424 0.1990234
vt 0.4843099 0.1990234
f 919/4450/919 937/4451/937 931/4452/931
vt 0.8676432 0.6023576
vt 0.9309757 0.6656901
vt 0.8676432 0.6656901
f 12/4453/12 927/4454/927 316/4455/316
vt 0.8990235 0.2643090
vt 0.8847144 0.2499999
vt 0.8990235 0.2356909
f 921/4456/921 923/4457/923 922/4458/922
vt 0.0643090 0.2656901
vt 0.0343099 0.2656901
vt 0.0343099 0.2356909
f 147/4459/147 921/4460/921 915/4461/915
vt 0.9023576 0.2323567
vt 0.9166667 0.2180477
vt 0.9309757 0.2323568
f 928/4462/928 940/4463/940 923/4464/923
vt 0.0323568 0.2356909
vt 0.0323568 0.2656901
vt 0.0023576 0.2656901
f 147/4465/147 915/4466/915 146/4467/146
vt 0.3990234 0.3976424
vt 0.3680477 0.3666666
vt 0.3990234 0.3356909
f 195/4468/195 918/4469/918 196/4470/196
vt 0.0656901 0.2023576
vt 0.0656901 0.2323568
vt 0.0356910 0.2323567
f 921/4471/921 922/4472/922 915/4473/915
vt 0.4690243 0.1990234
vt 0.4823568 0.1856909
vt 0.4823568 0.1990234
f 931/4474/931 937/4475/937 932/4476/932
vt 0.0656901 0.2643090
vt 0.0356910 0.2343099
vt 0.0656901 0.2343099
f 930/4477/930 941/4478/941 918/4479/918
vt 0.9323568 0.2309757
vt 0.9180477 0.2166666
vt 0.9323568 0.2023576
f 921/4480/921 936/4481/936 923/4482/923
vt 0.0323568 0.2309757
vt 0.0023576 0.2009766
vt 0.0323568 0.2009766
f 196/4483/196 938/4484/938 926/4485/926
vt 0.3976424 0.3343099
vt 0.3666667 0.3652856
vt 0.3356910 0.3343099
f 146/4486/146 920/4487/920 145/4488/145
vt 0.9323568 0.2643090
vt 0.9180477 0.2499999
vt 0.9323568 0.2356910
f 148/4489/148 936/4490/936 921/4491/921
vt 0.9166667 0.2486189
vt 0.9023576 0.2343099
vt 0.9309757 0.2343099
f 923/4492/923 924/4493/924 922/4494/922
vt 0.4856910 0.1823567
vt 0.4990234 0.1690242
vt 0.4990234 0.1823568
f 937/4495/937 939/4496/939 932/4497/932
vt 0.0343099 0.2309757
vt 0.0343099 0.2009766
vt 0.0643090 0.2009766
f 196/4498/196 926/4499/926 197/4500/197
vt 0.8690243 0.6009766
vt 0.9323568 0.6009766
vt 0.9323568 0.6643090
f 22/4501/22 930/4502/930 195/4503/195
vt 0.8990235 0.2309757
vt 0.8847144 0.2166666
vt 0.8990235 0.2023576
f 197/4504/197 917/4505/917 198/4506/198
vt 0.0676432 0.2643090
vt 0.0676432 0.2343099
vt 0.0976424 0.2343099
f 918/4507/918 938/4508/938 196/4509/196
vt 0.8976424 0.2009766
vt 0.8833333 0.2152856
vt 0.8690243 0.2009766
f 923/4510/923 940/4511/940 924/4512/924
vt 0.4009766 0.3356909
vt 0.4319523 0.3666666
vt 0.4009766 0.3976424
f 927/4513/927 941/4514/941 930/4515/930
vt 0.0676432 0.2023576
vt 0.0976424 0.2323567
vt 0.0676432 0.2323568
f 148/4516/148 921/4517/921 147/4518/147
vt 0.4990234 0.1843099
vt 0.4990234 0.1976424
vt 0.4856910 0.1843098
f 932/4519/932 939/4520/939 933/4521/933
vt 0.5176432 0.1523576
vt 0.5309757 0.1656901
vt 0.5176432 0.1656901
f 934/4522/934 940/4523/940 913/4524/913
vt 0.5156901 0.1656901
vt 0.5023577 0.1656901
vt 0.5156901 0.1523576
f 913/4525/913 940/4526/940 928/4527/928
vt 0.9976424 0.6656901
vt 0.9343099 0.6656901
vt 0.9343099 0.6023576
f 316/4528/316 930/4529/930 22/4530/22
vt 0.9023576 0.2009766
vt 0.9309757 0.2009766
vt 0.9166667 0.2152856
f 917/4531/917 939/4532/939 937/4533/937
vt 0.9009766 0.2023576
vt 0.9152856 0.2166666
vt 0.9009766 0.2309757
f 917/4534/917 937/4535/937 198/4536/198
vt 0.4643090 0.3990234
vt 0.4023576 0.3990234
vt 0.4333333 0.3680477
f 920/4537/920 927/4538/927 145/4539/145
vt 0.9356909 0.2343099
vt 0.9643090 0.2343099
vt 0.9500000 0.2486189
f 197/4540/197 926/4541/926 917/4542/917
vt 0.9486189 0.2499999
vt 0.9343099 0.2643090
vt 0.9343099 0.2356910
f 933/4543/933 939/4544/939 924/4545/924
vt 0.9343099 0.2023576
vt 0.9486189 0.2166666
vt 0.9343099 0.2309757
f 925/4546/925 942/4547/942 926/4548/926
vt 0.9500000 0.2180477
vt 0.9643090 0.2323567
vt 0.9356909 0.2323568
f 939/4549/939 942/4550/942 924/4551/924
vt 0.9676433 0.2643090
vt 0.9676433 0.2356909
vt 0.9819523 0.2499999
f 924/4552/924 940/4553/940 933/4554/933
vt 0.4656901 0.3976424
vt 0.4347144 0.3666666
vt 0.4656901 0.3356909
f 927/4555/927 930/4556/930 316/4557/316
vt 0.9833333 0.2513810
vt 0.9976424 0.2656901
vt 0.9690243 0.2656901
f 924/4558/924 925/4559/925 922/4560/922
vt 0.9009766 0.1523576
vt 0.9069523 0.1583333
vt 0.9009766 0.1643090
f 311/4561/311 913/4562/913 310/4563/310
vt 0.5190243 0.1490234
vt 0.5323568 0.1356909
vt 0.5323568 0.1490235
f 933/4564/933 940/4565/940 934/4566/934
vt 0.1009766 0.2356909
vt 0.1309757 0.2656901
vt 0.1009766 0.2656901
f 915/4567/915 920/4568/920 146/4569/146
vt 0.9009766 0.1476424
vt 0.9009766 0.1356909
vt 0.9069523 0.1416667
f 312/4570/312 934/4571/934 311/4572/311
vt 0.5323568 0.1509766
vt 0.5323568 0.1643091
vt 0.5190243 0.1509765
f 932/4573/932 933/4574/933 914/4575/914
vt 0.5190243 0.1823567
vt 0.5323568 0.1690243
vt 0.5323568 0.1823568
f 310/4576/310 928/4577/928 309/4578/309
vt 0.0990234 0.2356909
vt 0.0990234 0.2656901
vt 0.0690243 0.2656901
f 915/4579/915 929/4580/929 920/4581/920
vt 0.4643090 0.3343099
vt 0.4333333 0.3652856
vt 0.4023576 0.3343099
f 920/4582/920 941/4583/941 927/4584/927
vt 0.4676432 0.3976424
vt 0.4676432 0.3356909
vt 0.4986189 0.3666666
f 195/4585/195 930/4586/930 918/4587/918
vt 0.5323568 0.1843099
vt 0.5323568 0.1976424
vt 0.5190243 0.1843098
f 313/4588/313 914/4589/914 312/4590/312
vt 0.5156901 0.1676432
vt 0.5156901 0.1809757
vt 0.5023577 0.1676432
f 314/4591/314 931/4592/931 313/4593/313
vt 0.1323568 0.2323568
vt 0.1023576 0.2323567
vt 0.1323568 0.2023576
f 922/4594/922 929/4595/929 915/4596/915
vt 0.9356909 0.2656901
vt 0.9500000 0.2513810
vt 0.9643090 0.2656901
f 924/4597/924 942/4598/942 925/4599/925
vt 0.1323568 0.2343099
vt 0.1323568 0.2643090
vt 0.1023576 0.2343099
f 926/4600/926 938/4601/938 925/4602/925
vt 0.5176432 0.1676432
vt 0.5309757 0.1676432
vt 0.5176432 0.1809757
f 315/4603/315 919/4604/919 314/4605/314
vt 0.9143090 0.1490234
vt 0.9023576 0.1490234
vt 0.9083334 0.1430477
f 309/4606/309 916/4607/916 308/4608/308
vt 0.9490234 0.1690243
vt 0.9490234 0.1809757
vt 0.9430478 0.1750000
f 308/4609/308 935/4610/935 307/4611/307
vt 0.0990234 0.2009766
vt 0.0990234 0.2309757
vt 0.0690243 0.2009766
f 925/4612/925 938/4613/938 929/4614/929
vt 0.4856910 0.1490234
vt 0.4990234 0.1356909
vt 0.4990234 0.1490234
f 933/4615/933 934/4616/934 914/4617/914
vt 0.1009766 0.2009766
vt 0.1309757 0.2009766
vt 0.1009766 0.2309757
f 925/4618/925 929/4619/929 922/4620/922
vt 0.9356909 0.1676432
vt 0.9476424 0.1676432
vt 0.9416667 0.1736189
f 311/4621/311 934/4622/934 913/4623/913
vt 0.1343099 0.2343099
vt 0.1643090 0.2343099
vt 0.1343099 0.2643090
f 938/4624/938 941/4625/941 929/4626/929
vt 0.4990234 0.1509765
vt 0.4990234 0.1643090
vt 0.4856910 0.1509765
f 913/4627/913 928/4628/928 310/4629/310
vt 0.4690243 0.1343099
vt 0.4823568 0.1343099
vt 0.4823568 0.1476424
f 914/4630/914 934/4631/934 312/4632/312
vt 0.9643090 0.1676432
vt 0.9583333 0.1736189
vt 0.9523576 0.1676432
f 931/4633/931 932/4634/932 914/4635/914
vt 0.4976424 0.1343099
vt 0.4843099 0.1476424
vt 0.4843099 0.1343099
f 309/4636/309 928/4637/928 916/4638/916
vt 0.5156901 0.1476424
vt 0.5023577 0.1343099
vt 0.5156901 0.1343099
f 313/4639/313 931/4640/931 914/4641/914
vt 0.5176432 0.1343099
vt 0.5309757 0.1343099
vt 0.5176432 0.1476424
f 916/4642/916 936/4643/936 935/4644/935
vt 0.5009766 0.1643090
vt 0.5009766 0.1509765
vt 0.5143090 0.1509765
f 919/4645/919 931/4646/931 314/4647/314
vt 0.1343099 0.2323568
vt 0.1343099 0.2023576
vt 0.1643090 0.2323567
f 929/4648/929 941/4649/941 920/4650/920
vt 0.9656901 0.2643090
vt 0.9513811 0.2499999
vt 0.9656901 0.2356909
f 926/4651/926 942/4652/942 917/4653/917
vt 0.5009766 0.1490234
vt 0.5009766 0.1356909
vt 0.5143090 0.1490234
f 916/4654/916 935/4655/935 308/4656/308
vt 0.1676432 0.2656901
vt 0.1676432 0.2356909
vt 0.1976424 0.2656901
f 918/4657/918 941/4658/941 938/4659/938
vt 0.5356910 0.1676432
vt 0.5490234 0.1676432
vt 0.5490234 0.1809757
f 917/4660/917 942/4661/942 939/4662/939
vt 0.9690243 0.2323567
vt 0.9833333 0.2180477
vt 0.9976424 0.2323568
f 11/4663/11 935/4664/935 148/4665/148
vt 0.9569523 0.1750000
vt 0.9509766 0.1809757
vt 0.9509766 0.1690243
f 307/4666/307 935/4667/935 11/4668/11
vt 0.9990234 0.2309757
vt 0.9847144 0.2166666
vt 0.9990234 0.2023576
f 198/4669/198 919/4670/919 23/4671/23
vt 0.5643091 0.1676432
vt 0.5509766 0.1809757
vt 0.5509766 0.1676432
f 23/4672/23 919/4673/919 315/4674/315
vt 0.9990234 0.2643090
vt 0.9847144 0.2499999
vt 0.9990234 0.2356910
f 198/4675/198 937/4676/937 919/4677/919
vt 0.5476424 0.1843098
vt 0.5343099 0.1976424
vt 0.5343099 0.1843099
f 928/4678/928 936/4679/936 916/4680/916
vt 0.9990234 0.6009766
vt 0.9990234 0.6643090
vt 0.9356909 0.6009766
f 150/4681/150 943/4682/943 149/4683/149
vt 0.0643090 0.5990235
vt 0.0009766 0.5990235
vt 0.0009766 0.5356909
f 943/4684/943 945/4685/945 149/4686/149
vt 0.0023576 0.5343099
vt 0.0656901 0.5343099
vt 0.0656901 0.5976424
f 150/4687/150 944/4688/944 943/4689/943
vt 0.0676432 0.5990235
vt 0.0676432 0.5356909
vt 0.1309757 0.5990235
f 273/4690/273 943/4691/943 274/4692/274
vt 0.0690243 0.5343099
vt 0.1323568 0.5343099
vt 0.1323568 0.5976424
f 316/4693/316 944/4694/944 12/4695/12
vt 0.1976424 0.5990235
vt 0.1343099 0.5990235
vt 0.1343099 0.5356909
f 13/4696/13 945/4697/945 317/4698/317
vt 0.1356910 0.5343099
vt 0.1990235 0.5343099
vt 0.1990235 0.5976424
f 12/4699/12 944/4700/944 150/4701/150
vt 0.2643090 0.5990235
vt 0.2009766 0.5990235
vt 0.2009766 0.5356909
f 149/4702/149 945/4703/945 13/4704/13
vt 0.2023576 0.5343099
vt 0.2656901 0.5343099
vt 0.2656901 0.5976424
f 273/4705/273 947/4706/947 943/4707/943
vt 0.3309757 0.5990235
vt 0.2676432 0.5990235
vt 0.2676432 0.5356909
f 943/4708/943 946/4709/946 274/4710/274
vt 0.4690243 0.3990234
vt 0.5000000 0.3680477
vt 0.5309757 0.3990234
f 944/4711/944 946/4712/946 943/4713/943
vt 0.5323568 0.3976424
vt 0.5013811 0.3666666
vt 0.5323568 0.3356909
f 943/4714/943 947/4715/947 945/4716/945
vt 0.2690243 0.5343099
vt 0.3323568 0.5343099
vt 0.3323568 0.5976424
f 274/4717/274 946/4718/946 22/4719/22
vt 0.3976424 0.5990235
vt 0.3343099 0.5990235
vt 0.3343099 0.5356909
f 34/4720/34 947/4721/947 273/4722/273
vt 0.3356910 0.5343099
vt 0.3990234 0.5343099
vt 0.3990234 0.5976424
f 22/4723/22 946/4724/946 316/4725/316
vt 0.4643090 0.5990235
vt 0.4009766 0.5990235
vt 0.4009766 0.5356909
f 317/4726/317 947/4727/947 34/4728/34
vt 0.4690243 0.3343099
vt 0.5309757 0.3343099
vt 0.5000000 0.3652856
f 316/4729/316 946/4730/946 944/4731/944
vt 0.5652856 0.3666666
vt 0.5343099 0.3976424
vt 0.5343099 0.3356909
f 945/4732/945 947/4733/947 317/4734/317
vt 0.4656901 0.5343099
vt 0.4656901 0.5976424
vt 0.4023576 0.5343099
f 152/4735/152 948/4736/948 151/4737/151
vt 0.5309757 0.5990235
vt 0.4676432 0.5990235
vt 0.4676432 0.5356909
f 948/4738/948 950/4739/950 151/4740/151
vt 0.4690243 0.5343099
vt 0.5323568 0.5343099
vt 0.5323568 0.5976424
f 152/4741/152 949/4742/949 948/4743/948
vt 0.5343099 0.5990235
vt 0.5343099 0.5356909
vt 0.5976424 0.5990235
f 271/4744/271 948/4745/948 272/4746/272
vt 0.5356910 0.5343099
vt 0.5990235 0.5343099
vt 0.5990235 0.5976424
f 317/4747/317 949/4748/949 13/4749/13
vt 0.6643091 0.5990235
vt 0.6009766 0.5990235
vt 0.6009766 0.5356909
f 14/4750/14 950/4751/950 284/4752/284
vt 0.6023576 0.5343099
vt 0.6656901 0.5343099
vt 0.6656901 0.5976424
f 13/4753/13 949/4754/949 152/4755/152
vt 0.7309757 0.5990235
vt 0.6676432 0.5990235
vt 0.6676432 0.5356909
f 151/4756/151 950/4757/950 14/4758/14
vt 0.6690243 0.5343099
vt 0.7323568 0.5343099
vt 0.7323568 0.5976424
f 271/4759/271 952/4760/952 948/4761/948
vt 0.7976424 0.5990235
vt 0.7343099 0.5990235
vt 0.7343099 0.5356909
f 948/4762/948 951/4763/951 272/4764/272
vt 0.5356910 0.3990234
vt 0.5666667 0.3680477
vt 0.5976424 0.3990234
f 949/4765/949 951/4766/951 948/4767/948
vt 0.5990235 0.3976424
vt 0.5680478 0.3666666
vt 0.5990235 0.3356909
f 948/4768/948 952/4769/952 950/4770/950
vt 0.7356910 0.5343099
vt 0.7990234 0.5343099
vt 0.7990234 0.5976424
f 272/4771/272 951/4772/951 34/4773/34
vt 0.8643091 0.5990235
vt 0.8009766 0.5990235
vt 0.8009766 0.5356909
f 33/4774/33 952/4775/952 271/4776/271
vt 0.8023576 0.5343099
vt 0.8656901 0.5343099
vt 0.8656901 0.5976424
f 34/4777/34 951/4778/951 317/4779/317
vt 0.9309757 0.5990235
vt 0.8676432 0.5990235
vt 0.8676432 0.5356909
f 284/4780/284 952/4781/952 33/4782/33
vt 0.5356910 0.3343099
vt 0.5976424 0.3343099
vt 0.5666667 0.3652856
f 317/4783/317 951/4784/951 949/4785/949
vt 0.6319523 0.3666666
vt 0.6009766 0.3976424
vt 0.6009766 0.3356909
f 950/4786/950 952/4787/952 284/4788/284
vt 0.6643091 0.3990234
vt 0.6023576 0.3990234
vt 0.6333334 0.3680477
f 318/4789/318 21/4790/21 20/4791/20
vt 0.6656901 0.3356909
vt 0.6656901 0.3976424
vt 0.6347144 0.3666666
f 21/4792/21 318/4793/318 296/4794/296
vt 0.6023576 0.3343099
vt 0.6643091 0.3343099
vt 0.6333334 0.3652856
f 296/4795/296 27/4796/27 26/4797/26
vt 0.6676432 0.3356909
vt 0.6986189 0.3666666
vt 0.6676432 0.3976424
f 296/4798/296 318/4799/318 27/4800/27
vt 0.1926432 0.1323568
vt 0.1926432 0.1273575
vt 0.1976424 0.1323568
f 47/4801/47 961/4802/961 968/4803/968
vt 0.1906901 0.1323568
vt 0.1856910 0.1323568
vt 0.1906901 0.1273575
f 2/4804/2 958/4805/958 964/4806/964
vt 0.1809757 0.1323568
vt 0.1759766 0.1323568
vt 0.1759766 0.1273575
f 54/4807/54 954/4808/954 972/4809/972
vt 0.1740235 0.1273575
vt 0.1740234 0.1323568
vt 0.1690243 0.1323568
f 326/4810/326 956/4811/956 971/4812/971
vt 0.5343099 0.1690243
vt 0.5476424 0.1823567
vt 0.5343099 0.1823568
f 334/4813/334 960/4814/960 962/4815/962
vt 0.5476424 0.1509765
vt 0.5343099 0.1643091
vt 0.5343099 0.1509766
f 62/4816/62 957/4817/957 959/4818/959
vt 0.2426432 0.1106909
vt 0.2444523 0.1125000
vt 0.2426432 0.1143091
f 956/4819/956 322/4820/322 964/4821/964
vt 0.2440243 0.1156901
vt 0.2458333 0.1138810
vt 0.2476424 0.1156901
f 954/4822/954 50/4823/50 968/4824/968
vt 0.9690243 0.2343099
vt 0.9976424 0.2343099
vt 0.9833333 0.2486189
f 233/4825/233 55/4826/55 972/4827/972
vt 0.9656901 0.2309757
vt 0.9513811 0.2166666
vt 0.9656901 0.2023576
f 190/4828/190 327/4829/327 971/4830/971
vt 0.9356909 0.1843099
vt 0.9476424 0.1843098
vt 0.9416667 0.1902856
f 962/4831/962 969/4832/969 970/4833/970
vt 0.9343099 0.1976424
vt 0.9343099 0.1856909
vt 0.9402856 0.1916666
f 959/4834/959 965/4835/965 966/4836/966
vt 0.7000000 0.3680477
vt 0.7309757 0.3990234
vt 0.6690243 0.3990234
f 334/4837/334 190/4838/190 960/4839/960
vt 0.7013811 0.3666666
vt 0.7323568 0.3356909
vt 0.7323568 0.3976424
f 62/4840/62 233/4841/233 957/4842/957
vt 0.5343099 0.1490235
vt 0.5343099 0.1356909
vt 0.5476424 0.1490234
f 968/4843/968 967/4844/967 972/4845/972
vt 0.5509766 0.1656901
vt 0.5509766 0.1523576
vt 0.5643091 0.1656901
f 964/4846/964 963/4847/963 971/4848/971
vt 0.5490234 0.1523576
vt 0.5490234 0.1656901
vt 0.5356910 0.1656901
f 963/4849/963 958/4850/958 965/4851/965
vt 0.5676433 0.1976424
vt 0.5676433 0.1843099
vt 0.5809757 0.1843098
f 967/4852/967 961/4853/961 969/4854/969
vt 0.6690243 0.3343099
vt 0.7309757 0.3343099
vt 0.7000000 0.3652856
f 19/4855/19 295/4856/295 960/4857/960
vt 0.7343099 0.3976424
vt 0.7343099 0.3356909
vt 0.7652856 0.3666666
f 295/4858/295 28/4859/28 953/4860/953
vt 0.7976424 0.3990234
vt 0.7356910 0.3990234
vt 0.7666667 0.3680477
f 27/4861/27 318/4862/318 957/4863/957
vt 0.7990234 0.3356909
vt 0.7990234 0.3976424
vt 0.7680477 0.3666666
f 318/4864/318 20/4865/20 955/4866/955
vt 0.1356910 0.2656901
vt 0.1656901 0.2356909
vt 0.1656901 0.2656901
f 957/4867/957 318/4868/318 965/4869/965
vt 0.1690243 0.2323567
vt 0.1990235 0.2023576
vt 0.1990235 0.2323568
f 960/4870/960 295/4871/295 969/4872/969
vt 0.1690243 0.2343099
vt 0.1990235 0.2343099
vt 0.1990235 0.2643090
f 318/4873/318 963/4874/963 965/4875/965
vt 0.1356910 0.2009766
vt 0.1656901 0.2009766
vt 0.1656901 0.2309757
f 295/4876/295 967/4877/967 969/4878/969
vt 0.1976424 0.2009766
vt 0.1676432 0.2309757
vt 0.1676432 0.2009766
f 318/4879/318 955/4880/955 963/4881/963
vt 0.2309757 0.2343099
vt 0.2009766 0.2643090
vt 0.2009766 0.2343099
f 295/4882/295 953/4883/953 967/4884/967
vt 0.2694523 0.0791667
vt 0.2676432 0.0809758
vt 0.2676432 0.0773576
f 337/4885/337 336/4886/336 962/4887/962
vt 0.2694523 0.0708333
vt 0.2676432 0.0726424
vt 0.2676432 0.0690243
f 65/4888/65 64/4889/64 959/4890/959
vt 0.3625000 0.1305477
vt 0.3643090 0.1323568
vt 0.3606910 0.1323568
f 52/4891/52 51/4892/51 954/4893/954
vt 0.3541667 0.1305477
vt 0.3559757 0.1323568
vt 0.3523576 0.1323568
f 324/4894/324 323/4895/323 956/4896/956
vt 0.9356909 0.2009766
vt 0.9643090 0.2009766
vt 0.9500000 0.2152856
f 967/4897/967 953/4898/953 972/4899/972
vt 0.9690243 0.2009766
vt 0.9976424 0.2009766
vt 0.9833333 0.2152856
f 963/4900/963 955/4901/955 971/4902/971
vt 0.2708333 0.0722144
vt 0.2726424 0.0740234
vt 0.2690243 0.0740235
f 69/4903/69 68/4904/68 958/4905/958
vt 0.2777856 0.0791667
vt 0.2759766 0.0809758
vt 0.2759766 0.0773576
f 341/4906/341 340/4907/340 961/4908/961
vt 0.2791667 0.0805477
vt 0.2809757 0.0823568
vt 0.2773576 0.0823568
f 67/4909/67 66/4910/66 966/4911/966
vt 0.3555478 0.1291667
vt 0.3573568 0.1273575
vt 0.3573568 0.1309757
f 339/4912/339 338/4913/338 970/4914/970
vt 0.3444523 0.1291667
vt 0.3426432 0.1309757
vt 0.3426432 0.1273575
f 49/4915/49 48/4916/48 968/4917/968
vt 0.2690243 0.0823568
vt 0.2708333 0.0805477
vt 0.2726424 0.0823568
f 321/4918/321 320/4919/320 964/4920/964
vt 0.7356910 0.3343099
vt 0.7976424 0.3343099
vt 0.7666667 0.3652856
f 20/4921/20 190/4922/190 955/4923/955
vt 0.8009766 0.3976424
vt 0.8009766 0.3356909
vt 0.8319523 0.3666666
f 28/4924/28 233/4925/233 953/4926/953
vt 0.2740234 0.0809758
vt 0.2722144 0.0791667
vt 0.2740234 0.0773576
f 2/4927/2 69/4928/69 958/4929/958
vt 0.2875000 0.0944523
vt 0.2856910 0.0926433
vt 0.2893091 0.0926432
f 319/4930/319 2/4931/2 964/4932/964
vt 0.2843099 0.0940243
vt 0.2861190 0.0958334
vt 0.2843099 0.0976424
f 47/4933/47 3/4934/3 961/4935/961
vt 0.2861190 0.0875000
vt 0.2843099 0.0893091
vt 0.2843099 0.0856909
f 3/4936/3 341/4937/341 961/4938/961
vt 0.9323568 0.5976424
vt 0.8690243 0.5343099
vt 0.9323568 0.5343099
f 190/4939/190 19/4940/19 960/4941/960
vt 0.9343099 0.5356909
vt 0.9976424 0.5990235
vt 0.9343099 0.5990235
f 233/4942/233 27/4943/27 957/4944/957
vt 0.3458333 0.1305477
vt 0.3476424 0.1323568
vt 0.3440243 0.1323568
f 48/4945/48 47/4946/47 968/4947/968
vt 0.3356910 0.1323568
vt 0.3375000 0.1305477
vt 0.3393090 0.1323568
f 50/4948/50 49/4949/49 968/4950/968
vt 0.3388811 0.1291667
vt 0.3406901 0.1273575
vt 0.3406901 0.1309757
f 51/4951/51 50/4952/50 954/4953/954
vt 0.3440243 0.1240234
vt 0.3458334 0.1222143
vt 0.3476424 0.1240234
f 53/4954/53 52/4955/52 954/4956/954
vt 0.4440243 0.0740234
vt 0.4458334 0.0722144
vt 0.4476424 0.0740234
f 54/4957/54 53/4958/53 954/4959/954
vt 0.2356910 0.1156901
vt 0.2375000 0.1138811
vt 0.2393090 0.1156901
f 55/4960/55 54/4961/54 972/4962/972
vt 0.9402856 0.1750000
vt 0.9343099 0.1809757
vt 0.9343099 0.1690243
f 56/4963/56 55/4964/55 233/4965/233
vt 0.9416667 0.1763810
vt 0.9476424 0.1823567
vt 0.9356909 0.1823568
f 57/4966/57 56/4967/56 233/4968/233
vt 0.9416667 0.1569523
vt 0.9356909 0.1509766
vt 0.9476424 0.1509765
f 58/4969/58 57/4970/57 233/4971/233
vt 0.9402856 0.1583333
vt 0.9343099 0.1643091
vt 0.9343099 0.1523576
f 58/4972/58 233/4973/233 59/4974/59
vt 0.9343099 0.1476424
vt 0.9343099 0.1356909
vt 0.9402856 0.1416667
f 233/4975/233 60/4976/60 59/4977/59
vt 0.9356909 0.1490235
vt 0.9416667 0.1430477
vt 0.9476424 0.1490234
f 61/4978/61 60/4979/60 233/4980/233
vt 0.9569523 0.1583333
vt 0.9509766 0.1643091
vt 0.9509766 0.1523576
f 61/4981/61 233/4982/233 62/4983/62
vt 0.3472144 0.1208333
vt 0.3490235 0.1190242
vt 0.3490235 0.1226424
f 63/4984/63 62/4985/62 959/4986/959
vt 0.3472144 0.1291667
vt 0.3490235 0.1273576
vt 0.3490235 0.1309757
f 64/4987/64 63/4988/63 959/4989/959
vt 0.3476424 0.1259766
vt 0.3458333 0.1277856
vt 0.3440243 0.1259765
f 66/4990/66 65/4991/65 959/4992/959
vt 0.2388811 0.1125000
vt 0.2406901 0.1106909
vt 0.2406901 0.1143091
f 66/4993/66 959/4994/959 966/4995/966
vt 0.2875000 0.0888810
vt 0.2893091 0.0906901
vt 0.2856910 0.0906901
f 68/4996/68 67/4997/67 958/4998/958
vt 0.2523576 0.1259766
vt 0.2559757 0.1259765
vt 0.2541667 0.1277856
f 958/4999/958 67/5000/67 966/5001/966
vt 0.9523576 0.1656901
vt 0.9583333 0.1597143
vt 0.9643090 0.1656901
f 190/5002/190 328/5003/328 327/5004/327
vt 0.9356909 0.1656901
vt 0.9416667 0.1597143
vt 0.9476424 0.1656901
f 190/5005/190 329/5006/329 328/5007/328
vt 0.9490234 0.1643091
vt 0.9430478 0.1583333
vt 0.9490234 0.1523576
f 190/5008/190 330/5009/330 329/5010/329
vt 0.9690243 0.1843099
vt 0.9809757 0.1843098
vt 0.9750000 0.1902856
f 190/5011/190 331/5012/331 330/5013/330
vt 0.9676433 0.1976424
vt 0.9676433 0.1856909
vt 0.9736189 0.1916666
f 190/5014/190 332/5015/332 331/5016/331
vt 0.9676433 0.1809757
vt 0.9676433 0.1690242
vt 0.9736189 0.1750000
f 190/5017/190 333/5018/333 332/5019/332
vt 0.9809757 0.1823567
vt 0.9690243 0.1823568
vt 0.9750000 0.1763810
f 190/5020/190 334/5021/334 333/5022/333
vt 0.2009766 0.2023576
vt 0.2309757 0.2323567
vt 0.2009766 0.2323568
f 955/5023/955 190/5024/190 971/5025/971
vt 0.2343099 0.2356909
vt 0.2643090 0.2656901
vt 0.2343099 0.2656901
f 953/5026/953 233/5027/233 972/5028/972
vt 0.2944523 0.0958333
vt 0.2926432 0.0976424
vt 0.2926432 0.0940242
f 320/5029/320 319/5030/319 964/5031/964
vt 0.2940243 0.0990235
vt 0.2958333 0.0972143
vt 0.2976424 0.0990234
f 322/5032/322 321/5033/321 964/5034/964
vt 0.3611189 0.1125000
vt 0.3593099 0.1143091
vt 0.3593099 0.1106909
f 323/5035/323 322/5036/322 956/5037/956
vt 0.3606910 0.1156901
vt 0.3625000 0.1138811
vt 0.3643090 0.1156901
f 325/5038/325 324/5039/324 956/5040/956
vt 0.4490235 0.0726424
vt 0.4472144 0.0708333
vt 0.4490235 0.0690243
f 326/5041/326 325/5042/325 956/5043/956
vt 0.2509766 0.1273576
vt 0.2527856 0.1291667
vt 0.2509766 0.1309757
f 327/5044/327 326/5045/326 971/5046/971
vt 0.3541667 0.1138810
vt 0.3559757 0.1156901
vt 0.3523576 0.1156901
f 335/5047/335 334/5048/334 962/5049/962
vt 0.2875000 0.0972144
vt 0.2893091 0.0990235
vt 0.2856910 0.0990235
f 336/5050/336 335/5051/335 962/5052/962
vt 0.3555478 0.1125000
vt 0.3573568 0.1106909
vt 0.3573568 0.1143091
f 338/5053/338 337/5054/337 970/5055/970
vt 0.2527856 0.1208333
vt 0.2509766 0.1226424
vt 0.2509766 0.1190242
f 337/5056/337 962/5057/962 970/5058/970
vt 0.3606910 0.1073567
vt 0.3625000 0.1055477
vt 0.3643090 0.1073568
f 340/5059/340 339/5060/339 970/5061/970
vt 0.2523576 0.1240234
vt 0.2541667 0.1222143
vt 0.2559757 0.1240234
f 961/5062/961 340/5063/340 970/5064/970
vt 0.1823568 0.1240234
vt 0.1773576 0.1240234
vt 0.1823568 0.1190242
f 954/5065/954 968/5066/968 972/5067/972
vt 0.1823568 0.1259766
vt 0.1823568 0.1309757
vt 0.1773576 0.1259765
f 956/5068/956 964/5069/964 971/5070/971
vt 0.9676433 0.2309757
vt 0.9676433 0.2023576
vt 0.9819523 0.2166666
f 959/5071/959 957/5072/957 965/5073/965
vt 0.9843099 0.1976424
vt 0.9843099 0.1856909
vt 0.9902856 0.1916666
f 958/5074/958 963/5075/963 964/5076/964
vt 0.9976424 0.1990234
vt 0.9856910 0.1990234
vt 0.9916667 0.1930476
f 965/5077/965 958/5078/958 966/5079/966
vt 0.0023576 0.1676432
vt 0.0309757 0.1676432
vt 0.0166667 0.1819522
f 962/5080/962 960/5081/960 969/5082/969
vt 0.9809757 0.1990234
vt 0.9690243 0.1990234
vt 0.9750000 0.1930476
f 961/5083/961 967/5084/967 968/5085/968
vt 0.9823568 0.1976424
vt 0.9763811 0.1916666
vt 0.9823568 0.1856909
f 969/5086/969 961/5087/961 970/5088/970
vt 0.8643091 0.3990234
vt 0.8023576 0.3990234
vt 0.8333334 0.3680477
f 342/5089/342 5/5090/5 30/5091/30
vt 0.8347144 0.3666666
vt 0.8656901 0.3356909
vt 0.8656901 0.3976424
f 105/5092/105 5/5093/5 342/5094/342
vt 0.8643091 0.3343099
vt 0.8333334 0.3652856
vt 0.8023576 0.3343099
f 17/5095/17 6/5096/6 105/5097/105
vt 0.8676432 0.3976424
vt 0.8676432 0.3356909
vt 0.8986189 0.3666666
f 17/5098/17 105/5099/105 342/5100/342
vt 0.1509766 0.1259766
vt 0.1559757 0.1259765
vt 0.1509766 0.1309757
f 1/5101/1 976/5102/976 984/5103/984
vt 0.1559757 0.1240234
vt 0.1509766 0.1240234
vt 0.1509766 0.1190242
f 981/5104/981 4/5105/4 988/5106/988
vt 0.1593099 0.1323568
vt 0.1593099 0.1273575
vt 0.1643090 0.1323568
f 979/5107/979 89/5108/89 991/5109/991
vt 0.1573568 0.1273575
vt 0.1573568 0.1323568
vt 0.1523576 0.1323568
f 97/5110/97 974/5111/974 992/5112/992
vt 0.5676433 0.1690242
vt 0.5809757 0.1823567
vt 0.5676433 0.1823568
f 350/5113/350 975/5114/975 977/5115/977
vt 0.5843099 0.1856909
vt 0.5976424 0.1990234
vt 0.5843099 0.1990234
f 980/5116/980 358/5117/358 982/5118/982
vt 0.2611189 0.1291667
vt 0.2593099 0.1309757
vt 0.2593099 0.1273575
f 85/5119/85 979/5120/979 988/5121/988
vt 0.2606910 0.1323568
vt 0.2625000 0.1305477
vt 0.2643090 0.1323568
f 974/5122/974 101/5123/101 984/5124/984
vt 0.0009766 0.1690243
vt 0.0152856 0.1833333
vt 0.0009766 0.1976424
f 236/5125/236 96/5126/96 992/5127/992
vt 0.0152856 0.1500000
vt 0.0009766 0.1643091
vt 0.0009766 0.1356909
f 90/5128/90 236/5129/236 991/5130/991
vt 0.9509766 0.1976424
vt 0.9509766 0.1856909
vt 0.9569523 0.1916666
f 989/5131/989 982/5132/982 990/5133/990
vt 0.9643090 0.1990234
vt 0.9523576 0.1990234
vt 0.9583333 0.1930476
f 977/5134/977 985/5135/985 986/5136/986
vt 0.8690243 0.3990234
vt 0.9000000 0.3680477
vt 0.9309757 0.3990234
f 187/5137/187 358/5138/358 980/5139/980
vt 0.9013811 0.3666666
vt 0.9323568 0.3356909
vt 0.9323568 0.3976424
f 350/5140/350 187/5141/187 975/5142/975
vt 0.5823568 0.1990234
vt 0.5690243 0.1990234
vt 0.5823568 0.1856909
f 984/5143/984 983/5144/983 992/5145/992
vt 0.5643091 0.1990234
vt 0.5509766 0.1990234
vt 0.5509766 0.1856909
f 987/5146/987 988/5147/988 991/5148/991
vt 0.5490234 0.1856909
vt 0.5490234 0.1990234
vt 0.5356910 0.1990234
f 983/5149/983 976/5150/976 985/5151/985
vt 0.5656902 0.1823568
vt 0.5523577 0.1823567
vt 0.5656902 0.1690242
f 981/5152/981 987/5153/987 989/5154/989
vt 0.8690243 0.3343099
vt 0.9309757 0.3343099
vt 0.9000000 0.3652856
f 294/5155/294 18/5156/18 980/5157/980
vt 0.9343099 0.3976424
vt 0.9343099 0.3356909
vt 0.9652856 0.3666666
f 29/5158/29 294/5159/294 978/5160/978
vt 0.9976424 0.3990234
vt 0.9356909 0.3990234
vt 0.9666667 0.3680477
f 342/5161/342 30/5162/30 973/5163/973
vt 0.9990234 0.3356909
vt 0.9990234 0.3976424
vt 0.9680477 0.3666666
f 17/5164/17 342/5165/342 975/5166/975
vt 0.2023576 0.2656901
vt 0.2323568 0.2356909
vt 0.2323568 0.2656901
f 294/5167/294 980/5168/980 989/5169/989
vt 0.2356910 0.2323567
vt 0.2656901 0.2023576
vt 0.2656901 0.2323568
f 975/5170/975 342/5171/342 985/5172/985
vt 0.2356910 0.2343099
vt 0.2656901 0.2343099
vt 0.2656901 0.2643090
f 342/5173/342 983/5174/983 985/5175/985
vt 0.2323568 0.2009766
vt 0.2323568 0.2309757
vt 0.2023576 0.2009766
f 987/5176/987 294/5177/294 989/5178/989
vt 0.2643090 0.2009766
vt 0.2343099 0.2309757
vt 0.2343099 0.2009766
f 342/5179/342 973/5180/973 983/5181/983
vt 0.2976424 0.2343099
vt 0.2676432 0.2643090
vt 0.2676432 0.2343099
f 978/5182/978 294/5183/294 987/5184/987
vt 0.3638811 0.1041666
vt 0.3656901 0.1023576
vt 0.3656901 0.1059757
f 99/5185/99 100/5186/100 974/5187/974
vt 0.2888811 0.0958334
vt 0.2906901 0.0940242
vt 0.2906901 0.0976424
f 347/5188/347 348/5189/348 977/5190/977
vt 0.2759766 0.0940242
vt 0.2777856 0.0958334
vt 0.2759766 0.0976424
f 360/5191/360 361/5192/361 982/5193/982
vt 0.3656901 0.1143091
vt 0.3638811 0.1125000
vt 0.3656901 0.1106910
f 86/5194/86 87/5195/87 979/5196/979
vt 0.0309757 0.1656901
vt 0.0023576 0.1656901
vt 0.0166667 0.1513810
f 983/5197/983 973/5198/973 992/5199/992
vt 0.0343099 0.1976424
vt 0.0343099 0.1690242
vt 0.0486189 0.1833333
f 978/5200/978 987/5201/987 991/5202/991
vt 0.2773576 0.0990235
vt 0.2791667 0.0972144
vt 0.2809757 0.0990235
f 364/5203/364 365/5204/365 981/5205/981
vt 0.2708333 0.0972144
vt 0.2726424 0.0990235
vt 0.2690243 0.0990235
f 343/5206/343 344/5207/344 976/5208/976
vt 0.2740234 0.0976424
vt 0.2722144 0.0958334
vt 0.2740235 0.0940242
f 362/5209/362 363/5210/363 990/5211/990
vt 0.2791667 0.0888810
vt 0.2809757 0.0906901
vt 0.2773576 0.0906901
f 345/5212/345 346/5213/346 986/5214/986
vt 0.2823568 0.0893091
vt 0.2805477 0.0875000
vt 0.2823568 0.0856909
f 102/5215/102 103/5216/103 984/5217/984
vt 0.2805477 0.0958334
vt 0.2823568 0.0940243
vt 0.2823568 0.0976424
f 83/5218/83 84/5219/84 988/5220/988
vt 0.9990234 0.5976424
vt 0.9356909 0.5343099
vt 0.9990234 0.5343099
f 18/5221/18 187/5222/187 980/5223/980
vt 0.9356909 0.3343099
vt 0.9976424 0.3343099
vt 0.9666667 0.3652856
f 30/5224/30 236/5225/236 973/5226/973
vt 0.2791667 0.0944523
vt 0.2773576 0.0926432
vt 0.2809757 0.0926433
f 104/5227/104 1/5228/1 984/5229/984
vt 0.3073568 0.1226423
vt 0.3055477 0.1208333
vt 0.3073568 0.1190243
f 1/5230/1 343/5231/343 976/5232/976
vt 0.3059757 0.1176432
vt 0.3041667 0.1194523
vt 0.3023576 0.1176432
f 4/5233/4 82/5234/82 988/5235/988
vt 0.3125000 0.1194522
vt 0.3106910 0.1176432
vt 0.3143091 0.1176432
f 365/5236/365 4/5237/4 981/5238/981
vt 0.0009766 0.4690243
vt 0.0643090 0.5323567
vt 0.0009766 0.5323567
f 187/5239/187 17/5240/17 975/5241/975
vt 0.0009766 0.3309757
vt 0.0009766 0.2690243
vt 0.0319523 0.3000000
f 236/5242/236 29/5243/29 978/5244/978
vt 0.3093099 0.1190243
vt 0.3111190 0.1208333
vt 0.3093099 0.1226423
f 82/5245/82 83/5246/83 988/5247/988
vt 0.3041667 0.1277856
vt 0.3023576 0.1259766
vt 0.3059757 0.1259765
f 84/5248/84 85/5249/85 988/5250/988
vt 0.3643090 0.1093099
vt 0.3625000 0.1111190
vt 0.3606910 0.1093099
f 85/5251/85 86/5252/86 979/5253/979
vt 0.3625000 0.1222144
vt 0.3643090 0.1240234
vt 0.3606910 0.1240234
f 87/5254/87 88/5255/88 979/5256/979
vt 0.4472144 0.0791667
vt 0.4490235 0.0773576
vt 0.4490235 0.0809757
f 88/5257/88 89/5258/89 979/5259/979
vt 0.2541667 0.1305477
vt 0.2559757 0.1323568
vt 0.2523576 0.1323568
f 89/5260/89 90/5261/90 991/5262/991
vt 0.9416667 0.1930476
vt 0.9476424 0.1990234
vt 0.9356909 0.1990234
f 91/5263/91 236/5264/236 90/5265/90
vt 0.9490234 0.1856909
vt 0.9490234 0.1976424
vt 0.9430478 0.1916666
f 236/5266/236 91/5267/91 92/5268/92
vt 0.9643090 0.1823568
vt 0.9523576 0.1823567
vt 0.9583333 0.1763810
f 236/5269/236 92/5270/92 93/5271/93
vt 0.9656901 0.1809757
vt 0.9597144 0.1750000
vt 0.9656901 0.1690242
f 236/5272/236 93/5273/93 94/5274/94
vt 0.9656901 0.1976424
vt 0.9597144 0.1916666
vt 0.9656901 0.1856909
f 236/5275/236 94/5276/94 95/5277/95
vt 0.9643090 0.1843099
vt 0.9583333 0.1902856
vt 0.9523576 0.1843098
f 236/5278/236 95/5279/95 96/5280/96
vt 0.2573568 0.1309757
vt 0.2555477 0.1291667
vt 0.2573568 0.1273575
f 96/5281/96 97/5282/97 992/5283/992
vt 0.4476424 0.0759766
vt 0.4458334 0.0777856
vt 0.4440243 0.0759766
f 97/5284/97 98/5285/98 974/5286/974
vt 0.3656901 0.1226424
vt 0.3638811 0.1208333
vt 0.3656901 0.1190243
f 98/5287/98 99/5288/99 974/5289/974
vt 0.3638811 0.1291667
vt 0.3656901 0.1273576
vt 0.3656901 0.1309757
f 100/5290/100 101/5291/101 974/5292/974
vt 0.3009766 0.1273576
vt 0.3027856 0.1291667
vt 0.3009766 0.1309757
f 101/5293/101 102/5294/102 984/5295/984
vt 0.3027856 0.1208333
vt 0.3009766 0.1226424
vt 0.3009766 0.1190243
f 103/5296/103 104/5297/104 984/5298/984
vt 0.9843099 0.1643091
vt 0.9843099 0.1523576
vt 0.9902856 0.1583333
f 187/5299/187 350/5300/350 351/5301/351
vt 0.9916667 0.1597143
vt 0.9976424 0.1656901
vt 0.9856910 0.1656901
f 352/5302/352 187/5303/187 351/5304/351
vt 0.9750000 0.1597143
vt 0.9809757 0.1656901
vt 0.9690243 0.1656901
f 353/5305/353 187/5306/187 352/5307/352
vt 0.9823568 0.1523576
vt 0.9823568 0.1643091
vt 0.9763811 0.1583333
f 187/5308/187 353/5309/353 354/5310/354
vt 0.9976424 0.1490235
vt 0.9856910 0.1490234
vt 0.9916667 0.1430477
f 355/5311/355 187/5312/187 354/5313/354
vt 0.9990234 0.1356909
vt 0.9990234 0.1476424
vt 0.9930477 0.1416667
f 356/5314/356 187/5315/187 355/5316/355
vt 0.9990234 0.1523576
vt 0.9990234 0.1643091
vt 0.9930477 0.1583333
f 357/5317/357 187/5318/187 356/5319/356
vt 0.9856910 0.1509765
vt 0.9976424 0.1509766
vt 0.9916667 0.1569523
f 358/5320/358 187/5321/187 357/5322/357
vt 0.2676432 0.2023576
vt 0.2976424 0.2323567
vt 0.2676432 0.2323568
f 973/5323/973 236/5324/236 992/5325/992
vt 0.3009766 0.2356909
vt 0.3309757 0.2656901
vt 0.3009766 0.2656901
f 236/5326/236 978/5327/978 991/5328/991
vt 0.3041667 0.1222144
vt 0.3059757 0.1240234
vt 0.3023576 0.1240234
f 344/5329/344 345/5330/345 976/5331/976
vt 0.2426432 0.1309757
vt 0.2426432 0.1273575
vt 0.2444523 0.1291667
f 976/5332/976 345/5333/345 986/5334/986
vt 0.3643090 0.1259766
vt 0.3625000 0.1277856
vt 0.3606910 0.1259765
f 346/5335/346 347/5336/347 977/5337/977
vt 0.2458333 0.1305477
vt 0.2476424 0.1323568
vt 0.2440243 0.1323568
f 346/5338/346 977/5339/977 986/5340/986
vt 0.3555478 0.1208333
vt 0.3573568 0.1190243
vt 0.3573568 0.1226423
f 348/5341/348 349/5342/349 977/5343/977
vt 0.3541667 0.1194522
vt 0.3523576 0.1176432
vt 0.3559757 0.1176432
f 349/5344/349 350/5345/350 977/5346/977
vt 0.3643090 0.1176432
vt 0.3625000 0.1194523
vt 0.3606910 0.1176432
f 358/5347/358 359/5348/359 982/5349/982
vt 0.3593099 0.1190243
vt 0.3611189 0.1208333
vt 0.3593099 0.1226423
f 359/5350/359 360/5351/360 982/5352/982
vt 0.3875000 0.0944523
vt 0.3856910 0.0926433
vt 0.3893090 0.0926432
f 361/5353/361 362/5354/362 982/5355/982
vt 0.2356910 0.1323568
vt 0.2375000 0.1305477
vt 0.2393090 0.1323568
f 982/5356/982 362/5357/362 990/5358/990
vt 0.3059757 0.1093099
vt 0.3041667 0.1111190
vt 0.3023576 0.1093099
f 363/5359/363 364/5360/364 981/5361/981
vt 0.2406901 0.1273575
vt 0.2406901 0.1309757
vt 0.2388811 0.1291667
f 363/5362/363 981/5363/981 990/5364/990
vt 0.1426432 0.1323568
vt 0.1426432 0.1273575
vt 0.1476424 0.1323568
f 974/5365/974 984/5366/984 992/5367/992
vt 0.0643090 0.1990234
vt 0.0356910 0.1990234
vt 0.0500000 0.1847143
f 977/5368/977 975/5369/975 985/5370/985
vt 0.9976424 0.1823568
vt 0.9856910 0.1823567
vt 0.9916667 0.1763810
f 976/5371/976 983/5372/983 984/5373/984
vt 0.9990234 0.1690243
vt 0.9990234 0.1809757
vt 0.9930477 0.1750000
f 985/5374/985 976/5375/976 986/5376/986
vt 0.1406901 0.1273575
vt 0.1406901 0.1323568
vt 0.1356910 0.1323568
f 988/5377/988 979/5378/979 991/5379/991
vt 0.0309757 0.1990234
vt 0.0023576 0.1990234
vt 0.0166667 0.1847143
f 980/5380/980 982/5381/982 989/5382/989
vt 0.9990234 0.1856909
vt 0.9990234 0.1976424
vt 0.9930477 0.1916666
f 987/5383/987 981/5384/981 988/5385/988
vt 0.9856910 0.1843098
vt 0.9976424 0.1843099
vt 0.9916667 0.1902856
f 981/5386/981 989/5387/989 990/5388/990
vt 0.9823568 0.1690243
vt 0.9823568 0.1809757
vt 0.9763811 0.1750000
f 46/5389/46 2/5390/2 1069/5391/1069
vt 0.3027856 0.1125000
vt 0.3009766 0.1143091
vt 0.3009766 0.1106910
f 361/5392/361 1000/5393/1000 1004/5394/1004
vt 0.3027856 0.1041666
vt 0.3009766 0.1059757
vt 0.3009766 0.1023576
f 995/5395/995 336/5396/336 1003/5397/1003
vt 0.5656902 0.1976424
vt 0.5523577 0.1843098
vt 0.5656902 0.1843099
f 1061/5398/1061 1058/5399/1058 1100/5400/1100
vt 0.5843099 0.1523576
vt 0.5976424 0.1656901
vt 0.5843099 0.1656901
f 1054/5401/1054 1060/5402/1060 1100/5403/1100
vt 0.3041667 0.1055477
vt 0.3059757 0.1073567
vt 0.3023576 0.1073568
f 999/5404/999 1072/5405/1072 1075/5406/1075
vt 0.3093099 0.1106909
vt 0.3111190 0.1125000
vt 0.3093099 0.1143091
f 1073/5407/1073 994/5408/994 1077/5409/1077
vt 0.3125000 0.1138810
vt 0.3143091 0.1156901
vt 0.3106910 0.1156901
f 1008/5410/1008 344/5411/344 1068/5412/1068
vt 0.3023576 0.1156901
vt 0.3041667 0.1138811
vt 0.3059757 0.1156901
f 320/5413/320 1007/5414/1007 1069/5415/1069
vt 0.5823568 0.1523576
vt 0.5823568 0.1656901
vt 0.5690243 0.1656901
f 1070/5416/1070 1041/5417/1041 1091/5418/1091
vt 0.2440243 0.1240234
vt 0.2458333 0.1222143
vt 0.2476424 0.1240234
f 1003/5419/1003 338/5420/338 1005/5421/1005
vt 0.2472144 0.1208333
vt 0.2490235 0.1190242
vt 0.2490234 0.1226424
f 363/5422/363 1004/5423/1004 1006/5424/1006
vt 0.9690243 0.1676432
vt 0.9809757 0.1676432
vt 0.9750000 0.1736189
f 1039/5425/1039 1048/5426/1048 1065/5427/1065
vt 0.2472144 0.1291667
vt 0.2490234 0.1273576
vt 0.2490234 0.1309757
f 1013/5428/1013 1021/5429/1021 1026/5430/1026
vt 0.5990235 0.1356909
vt 0.5990235 0.1490235
vt 0.5856910 0.1490234
f 1039/5431/1039 1041/5432/1041 1048/5433/1048
vt 0.5990235 0.1643091
vt 0.5856910 0.1509765
vt 0.5990235 0.1509766
f 35/5434/35 1011/5435/1011 1042/5436/1042
vt 0.5856910 0.1823567
vt 0.5990235 0.1690243
vt 0.5990235 0.1823568
f 1012/5437/1012 46/5438/46 1046/5439/1046
vt 0.5990235 0.1976424
vt 0.5856910 0.1843098
vt 0.5990235 0.1843099
f 1058/5440/1058 1061/5441/1061 1098/5442/1098
vt 0.3843099 0.0940243
vt 0.3861189 0.0958334
vt 0.3843099 0.0976424
f 999/5443/999 1079/5444/1079 1109/5445/1109
vt 0.3843099 0.0856909
vt 0.3861189 0.0875000
vt 0.3843099 0.0893091
f 993/5446/993 1081/5447/1081 1108/5448/1108
vt 0.3875000 0.0888810
vt 0.3893090 0.0906901
vt 0.3856910 0.0906901
f 1074/5449/1074 994/5450/994 1108/5451/1108
vt 0.5823568 0.1809757
vt 0.5690243 0.1676432
vt 0.5823568 0.1676432
f 1034/5452/1034 1070/5453/1070 1091/5454/1091
vt 0.9916667 0.1736189
vt 0.9856910 0.1676432
vt 0.9976424 0.1676432
f 1042/5455/1042 1011/5456/1011 1043/5457/1043
vt 0.9843099 0.1690243
vt 0.9902856 0.1750000
vt 0.9843099 0.1809757
f 1012/5458/1012 1046/5459/1046 1047/5460/1047
vt 0.3944523 0.0958334
vt 0.3926432 0.0976424
vt 0.3926432 0.0940242
f 1076/5461/1076 998/5462/998 1109/5463/1109
vt 0.5976424 0.1676432
vt 0.5843099 0.1809757
vt 0.5843099 0.1676432
f 1060/5464/1060 1054/5465/1054 1102/5466/1102
vt 0.9523576 0.1490234
vt 0.9583333 0.1430477
vt 0.9643090 0.1490234
f 35/5467/35 1042/5468/1042 1068/5469/1068
vt 0.9597144 0.1416667
vt 0.9656901 0.1356909
vt 0.9656901 0.1476424
f 1046/5470/1046 46/5471/46 1069/5472/1069
vt 0.3055477 0.1125000
vt 0.3073568 0.1106909
vt 0.3073568 0.1143091
f 1078/5473/1078 1083/5474/1083 1095/5475/1095
vt 0.9656901 0.1523576
vt 0.9656901 0.1643090
vt 0.9597144 0.1583333
f 1044/5476/1044 1035/5477/1035 1066/5478/1066
vt 0.2440243 0.1259765
vt 0.2476424 0.1259766
vt 0.2458333 0.1277856
f 1072/5479/1072 1017/5480/1017 1075/5481/1075
vt 0.2190243 0.1259766
vt 0.2226424 0.1259765
vt 0.2208333 0.1277856
f 1018/5482/1018 1073/5483/1073 1077/5484/1077
vt 0.9583333 0.1569523
vt 0.9523576 0.1509765
vt 0.9643090 0.1509765
f 1037/5485/1037 1035/5486/1035 1044/5487/1044
vt 0.3226424 0.1259765
vt 0.3208334 0.1277856
vt 0.3190243 0.1259766
f 1082/5488/1082 1080/5489/1080 1094/5490/1094
vt 0.5523577 0.1490234
vt 0.5656902 0.1356909
vt 0.5656902 0.1490234
f 1058/5491/1058 1054/5492/1054 1100/5493/1100
vt 0.1440243 0.1240234
vt 0.1490234 0.1190242
vt 0.1490234 0.1240234
f 1043/5494/1043 1045/5495/1045 1051/5496/1051
vt 0.1490234 0.1309757
vt 0.1440243 0.1259765
vt 0.1490234 0.1259766
f 1049/5497/1049 1047/5498/1047 1050/5499/1050
vt 0.0180477 0.1833333
vt 0.0323568 0.1690242
vt 0.0323568 0.1976424
f 1057/5500/1057 1054/5501/1054 1058/5502/1058
vt 0.3940243 0.0990235
vt 0.3958333 0.0972144
vt 0.3976424 0.0990235
f 350/5503/350 349/5504/349 1089/5505/1089
vt 0.5523577 0.1509765
vt 0.5656902 0.1509765
vt 0.5656902 0.1643090
f 1060/5506/1060 1030/5507/1030 1100/5508/1100
vt 0.1593099 0.1106909
vt 0.1643090 0.1156901
vt 0.1593099 0.1156901
f 1066/5509/1066 1009/5510/1009 1104/5511/1104
vt 0.9490234 0.1476424
vt 0.9430478 0.1416667
vt 0.9490234 0.1356909
f 1039/5512/1039 1065/5513/1065 1103/5514/1103
vt 0.5490234 0.1343099
vt 0.5490234 0.1476424
vt 0.5356910 0.1343099
f 1030/5515/1030 1061/5516/1061 1100/5517/1100
vt 0.5509766 0.1476424
vt 0.5509766 0.1343099
vt 0.5643091 0.1343099
f 75/5518/75 74/5519/74 1057/5520/1057
vt 0.5690243 0.1343099
vt 0.5823568 0.1343099
vt 0.5823568 0.1476424
f 1063/5521/1063 1101/5522/1101 1105/5523/1105
vt 0.9356909 0.1343099
vt 0.9476424 0.1343099
vt 0.9416667 0.1402856
f 1048/5524/1048 1047/5525/1047 1049/5526/1049
vt 0.9523576 0.1343099
vt 0.9643090 0.1343099
vt 0.9583333 0.1402856
f 1043/5527/1043 1044/5528/1044 1045/5529/1045
vt 0.5843099 0.1343099
vt 0.5976424 0.1343099
vt 0.5843099 0.1476424
f 1064/5530/1064 1063/5531/1063 1105/5532/1105
vt 0.5809757 0.1509765
vt 0.5676433 0.1643090
vt 0.5676433 0.1509765
f 71/5533/71 1009/5534/1009 1027/5535/1027
vt 0.9509766 0.1356909
vt 0.9569523 0.1416667
vt 0.9509766 0.1476424
f 1012/5536/1012 1047/5537/1047 1048/5538/1048
vt 0.9763811 0.1416667
vt 0.9823568 0.1356909
vt 0.9823568 0.1476424
f 1043/5539/1043 1011/5540/1011 1044/5541/1044
vt 0.9690243 0.1343099
vt 0.9809757 0.1343099
vt 0.9750000 0.1402856
f 1048/5542/1048 1041/5543/1041 1110/5544/1110
vt 0.3176433 0.1273576
vt 0.3194523 0.1291667
vt 0.3176433 0.1309757
f 1083/5545/1083 1001/5546/1001 1087/5547/1087
vt 0.3194523 0.1208333
vt 0.3176433 0.1226424
vt 0.3176433 0.1190242
f 996/5548/996 1082/5549/1082 1088/5550/1088
vt 0.5676433 0.1356909
vt 0.5809757 0.1490234
vt 0.5676433 0.1490234
f 1027/5551/1027 1009/5552/1009 1035/5553/1035
vt 0.6023576 0.1676432
vt 0.6156901 0.1676432
vt 0.6156901 0.1809757
f 1038/5554/1038 79/5555/79 1067/5556/1067
vt 0.6176432 0.1809757
vt 0.6176432 0.1676432
vt 0.6309757 0.1676432
f 1091/5557/1091 1040/5558/1040 1101/5559/1101
vt 0.6009766 0.1976424
vt 0.6009766 0.1843099
vt 0.6143091 0.1843098
f 1029/5560/1029 1052/5561/1052 1053/5562/1053
vt 0.6009766 0.1690243
vt 0.6143091 0.1823567
vt 0.6009766 0.1823568
f 81/5563/81 80/5564/80 1010/5565/1010
vt 0.6143091 0.1509765
vt 0.6009766 0.1643091
vt 0.6009766 0.1509766
f 71/5566/71 70/5567/70 1009/5568/1009
vt 0.9856910 0.1343099
vt 0.9976424 0.1343099
vt 0.9916667 0.1402856
f 81/5569/81 1010/5570/1010 1093/5571/1093
vt 0.6143091 0.1490234
vt 0.6009766 0.1490235
vt 0.6009766 0.1356909
f 1031/5572/1031 75/5573/75 1057/5574/1057
vt 0.9843099 0.1356909
vt 0.9902856 0.1416667
vt 0.9843099 0.1476424
f 1048/5575/1048 1049/5576/1049 1065/5577/1065
vt 0.6176432 0.1523576
vt 0.6309757 0.1656901
vt 0.6176432 0.1656901
f 45/5578/45 46/5579/46 1012/5580/1012
vt 0.6023576 0.1656901
vt 0.6156901 0.1523576
vt 0.6156901 0.1656901
f 35/5581/35 36/5582/36 1011/5583/1011
vt 0.9750000 0.1569523
vt 0.9690243 0.1509765
vt 0.9809757 0.1509765
f 1045/5584/1045 1044/5585/1044 1066/5586/1066
vt 0.6343099 0.1976424
vt 0.6343099 0.1843099
vt 0.6476424 0.1843098
f 1029/5587/1029 1053/5588/1053 1054/5589/1054
vt 0.6343099 0.1823568
vt 0.6343099 0.1690242
vt 0.6476424 0.1823567
f 1029/5590/1029 73/5591/73 1052/5592/1052
vt 0.6643091 0.1990234
vt 0.6509766 0.1990234
vt 0.6509766 0.1856909
f 1034/5593/1034 44/5594/44 1070/5595/1070
vt 0.2176432 0.1309757
vt 0.2176432 0.1273576
vt 0.2194523 0.1291667
f 1050/5596/1050 1082/5597/1082 1094/5598/1094
vt 0.6490235 0.1990234
vt 0.6356910 0.1990234
vt 0.6490235 0.1856909
f 74/5599/74 1029/5600/1029 1057/5601/1057
vt 0.9676433 0.1643090
vt 0.9676433 0.1523576
vt 0.9736189 0.1583333
f 1035/5602/1035 1009/5603/1009 1066/5604/1066
vt 0.9676433 0.1476424
vt 0.9676433 0.1356909
vt 0.9736189 0.1416667
f 1009/5605/1009 70/5606/70 1092/5607/1092
vt 0.6176432 0.1990234
vt 0.6176432 0.1856909
vt 0.6309757 0.1990234
f 1040/5608/1040 1038/5609/1038 1067/5610/1067
vt 0.6156901 0.1990234
vt 0.6023576 0.1990234
vt 0.6156901 0.1856909
f 1011/5611/1011 36/5612/36 1086/5613/1086
vt 0.2176432 0.1190242
vt 0.2194523 0.1208333
vt 0.2176432 0.1226424
f 1051/5614/1051 1083/5615/1083 1087/5616/1087
vt 0.2208333 0.1222143
vt 0.2226424 0.1240234
vt 0.2190243 0.1240234
f 1082/5617/1082 1050/5618/1050 1088/5619/1088
vt 0.2259766 0.1309757
vt 0.2259766 0.1273575
vt 0.2277856 0.1291667
f 1083/5620/1083 1051/5621/1051 1095/5622/1095
vt 0.6323568 0.1823568
vt 0.6190243 0.1823567
vt 0.6323568 0.1690242
f 1010/5623/1010 80/5624/80 1038/5625/1038
vt 0.9809757 0.1490234
vt 0.9690243 0.1490234
vt 0.9750000 0.1430477
f 1010/5626/1010 1039/5627/1039 1103/5628/1103
vt 0.3208334 0.1222143
vt 0.3226424 0.1240234
vt 0.3190243 0.1240234
f 998/5629/998 1095/5630/1095 1109/5631/1109
vt 0.3259766 0.1273575
vt 0.3277856 0.1291667
vt 0.3259766 0.1309757
f 1094/5632/1094 993/5633/993 1108/5634/1108
vt 0.3309757 0.1323568
vt 0.3273576 0.1323568
vt 0.3291667 0.1305477
f 1075/5635/1075 1017/5636/1017 1084/5637/1084
vt 0.3226424 0.1323568
vt 0.3190243 0.1323568
vt 0.3208334 0.1305477
f 1018/5638/1018 1077/5639/1077 1085/5640/1085
vt 0.2273576 0.1323568
vt 0.2291667 0.1305477
vt 0.2309757 0.1323568
f 1023/5641/1023 1014/5642/1014 1025/5643/1025
vt 0.0156901 0.1023576
vt 0.0156901 0.1143090
vt 0.0097144 0.1083333
f 1037/5644/1037 1044/5645/1044 1112/5646/1112
vt 0.6323568 0.1843099
vt 0.6323568 0.1976424
vt 0.6190243 0.1843098
f 1037/5647/1037 1086/5648/1086 1096/5649/1096
vt 0.6643091 0.1656901
vt 0.6509766 0.1656901
vt 0.6509766 0.1523576
f 73/5650/73 72/5651/72 1052/5652/1052
vt 0.6356910 0.1656901
vt 0.6490235 0.1523576
vt 0.6490235 0.1656901
f 1086/5653/1086 1028/5654/1028 1096/5655/1096
vt 0.6656901 0.1490235
vt 0.6523576 0.1490234
vt 0.6656901 0.1356909
f 1010/5656/1010 1038/5657/1038 1039/5658/1039
vt 0.3893090 0.0990235
vt 0.3856910 0.0990235
vt 0.3875000 0.0972144
f 1090/5659/1090 997/5660/997 1106/5661/1106
vt 0.1523576 0.1156901
vt 0.1573568 0.1106909
vt 0.1573568 0.1156901
f 70/5662/70 1026/5663/1026 1092/5664/1092
vt 0.6523576 0.1509765
vt 0.6656901 0.1509766
vt 0.6656901 0.1643091
f 1040/5665/1040 1067/5666/1067 1101/5667/1101
vt 0.3240235 0.1309757
vt 0.3222144 0.1291667
vt 0.3240235 0.1273575
f 1072/5668/1072 999/5669/999 1109/5670/1109
vt 0.3111190 0.1291667
vt 0.3093099 0.1309757
vt 0.3093099 0.1273575
f 994/5671/994 1073/5672/1073 1108/5673/1108
vt 0.1656901 0.1073568
vt 0.1606910 0.1073567
vt 0.1656901 0.1023576
f 1016/5674/1016 1046/5675/1046 1069/5676/1069
vt 0.1606910 0.1093099
vt 0.1656901 0.1093099
vt 0.1656901 0.1143091
f 1042/5677/1042 1015/5678/1015 1068/5679/1068
vt 0.6523576 0.1823567
vt 0.6656901 0.1690243
vt 0.6656901 0.1823568
f 72/5680/72 71/5681/71 1027/5682/1027
vt 0.6656901 0.1843099
vt 0.6656901 0.1976424
vt 0.6523576 0.1843098
f 76/5683/76 1031/5684/1031 1071/5685/1071
vt 0.6490235 0.1676432
vt 0.6490235 0.1809757
vt 0.6356910 0.1676432
f 1031/5686/1031 1057/5687/1057 1058/5688/1058
vt 0.6643091 0.1676432
vt 0.6509766 0.1809757
vt 0.6509766 0.1676432
f 72/5689/72 1027/5690/1027 1052/5691/1052
vt 0.0023576 0.1009766
vt 0.0143090 0.1009766
vt 0.0083333 0.1069523
f 1011/5692/1011 1086/5693/1086 1112/5694/1112
vt 0.6323568 0.1490234
vt 0.6190243 0.1490234
vt 0.6323568 0.1356909
f 1029/5695/1029 1054/5696/1054 1057/5697/1057
vt 0.6190243 0.1509765
vt 0.6323568 0.1509765
vt 0.6323568 0.1643090
f 45/5698/45 1012/5699/1012 1070/5700/1070
vt 0.6156901 0.1343099
vt 0.6156901 0.1476424
vt 0.6023576 0.1343099
f 1028/5701/1028 38/5702/38 1060/5703/1060
vt 0.6309757 0.1343099
vt 0.6176432 0.1476424
vt 0.6176432 0.1343099
f 1054/5704/1054 1053/5705/1053 1102/5706/1102
vt 0.2226424 0.1323568
vt 0.2190243 0.1323568
vt 0.2208333 0.1305477
f 1004/5707/1004 1000/5708/1000 1013/5709/1013
vt 0.3143091 0.1323568
vt 0.3106910 0.1323568
vt 0.3125000 0.1305477
f 995/5710/995 1003/5711/1003 1014/5712/1014
vt 0.6490235 0.1476424
vt 0.6356910 0.1343099
vt 0.6490235 0.1343099
f 80/5713/80 79/5714/79 1038/5715/1038
vt 0.6509766 0.1343099
vt 0.6643091 0.1343099
vt 0.6509766 0.1476424
f 1062/5716/1062 1034/5717/1034 1063/5718/1063
vt 0.6476424 0.1509765
vt 0.6343099 0.1643090
vt 0.6343099 0.1509765
f 37/5719/37 38/5720/38 1028/5721/1028
vt 0.6476424 0.1490234
vt 0.6343099 0.1490234
vt 0.6343099 0.1356909
f 1062/5722/1062 1063/5723/1063 1064/5724/1064
vt 0.6823568 0.1809757
vt 0.6690243 0.1676432
vt 0.6823568 0.1676432
f 1031/5725/1031 1058/5726/1058 1059/5727/1059
vt 0.0190243 0.1009766
vt 0.0309757 0.1009765
vt 0.0250000 0.1069523
f 1025/5728/1025 81/5729/81 1093/5730/1093
vt 0.6843099 0.1809757
vt 0.6843099 0.1676432
vt 0.6976424 0.1676432
f 38/5731/38 39/5732/39 1060/5733/1060
vt 0.6676432 0.1843099
vt 0.6809757 0.1843098
vt 0.6676432 0.1976424
f 1030/5734/1030 40/5735/40 1061/5736/1061
vt 0.6676432 0.1690243
vt 0.6809757 0.1823567
vt 0.6676432 0.1823568
f 79/5737/79 78/5738/78 1067/5739/1067
vt 0.6676432 0.1643091
vt 0.6676432 0.1509766
vt 0.6809757 0.1509765
f 74/5740/74 73/5741/73 1029/5742/1029
vt 0.6809757 0.1490234
vt 0.6676432 0.1490235
vt 0.6676432 0.1356909
f 39/5743/39 1030/5744/1030 1060/5745/1060
vt 0.6976424 0.1656901
vt 0.6843099 0.1656901
vt 0.6843099 0.1523576
f 43/5746/43 1034/5747/1034 1062/5748/1062
vt 0.6690243 0.1656901
vt 0.6823568 0.1523576
vt 0.6823568 0.1656901
f 39/5749/39 40/5750/40 1030/5751/1030
vt 0.7009766 0.1843099
vt 0.7143090 0.1843098
vt 0.7009766 0.1976424
f 76/5752/76 75/5753/75 1031/5754/1031
vt 0.7009766 0.1690242
vt 0.7143090 0.1823567
vt 0.7009766 0.1823568
f 1036/5755/1036 1035/5756/1035 1037/5757/1037
vt 0.7176433 0.1990234
vt 0.7176433 0.1856909
vt 0.7309757 0.1990234
f 41/5758/41 42/5759/42 1032/5760/1032
vt 0.7023576 0.1990234
vt 0.7156901 0.1856909
vt 0.7156901 0.1990234
f 78/5761/78 77/5762/77 1033/5763/1033
vt 0.6843099 0.1990234
vt 0.6843099 0.1856909
vt 0.6976424 0.1990234
f 43/5764/43 44/5765/44 1034/5766/1034
vt 0.6823568 0.1856909
vt 0.6823568 0.1990234
vt 0.6690243 0.1990234
f 1031/5767/1031 1059/5768/1059 1071/5769/1071
vt 0.6990235 0.1823568
vt 0.6856910 0.1823567
vt 0.6990235 0.1690242
f 40/5770/40 41/5771/41 1061/5772/1061
vt 0.6990235 0.1976424
vt 0.6856910 0.1843098
vt 0.6990235 0.1843099
f 1032/5773/1032 1062/5774/1062 1064/5775/1064
vt 0.7176433 0.1656901
vt 0.7176433 0.1523576
vt 0.7309757 0.1656901
f 42/5776/42 43/5777/43 1062/5778/1062
vt 0.7156901 0.1523576
vt 0.7156901 0.1656901
vt 0.7023576 0.1656901
f 41/5779/41 1032/5780/1032 1061/5781/1061
vt 0.7190243 0.1490234
vt 0.7323568 0.1356909
vt 0.7323568 0.1490235
f 1032/5782/1032 42/5783/42 1062/5784/1062
vt 0.7323568 0.1509766
vt 0.7323568 0.1643091
vt 0.7190243 0.1509765
f 78/5785/78 1033/5786/1033 1067/5787/1067
vt 0.7190243 0.1823567
vt 0.7323568 0.1690243
vt 0.7323568 0.1823568
f 1064/5788/1064 1059/5789/1059 1098/5790/1098
vt 0.7323568 0.1843099
vt 0.7323568 0.1976424
vt 0.7190243 0.1843098
f 37/5791/37 1028/5792/1028 1086/5793/1086
vt 0.7156901 0.1809757
vt 0.7023576 0.1676432
vt 0.7156901 0.1676432
f 1039/5794/1039 1040/5795/1040 1041/5796/1041
vt 0.7309757 0.1676432
vt 0.7176433 0.1809757
vt 0.7176433 0.1676432
f 1059/5797/1059 1058/5798/1058 1098/5799/1098
vt 0.6856910 0.1490234
vt 0.6990235 0.1356909
vt 0.6990235 0.1490234
f 1063/5800/1063 1091/5801/1091 1101/5802/1101
vt 0.6990235 0.1509765
vt 0.6990235 0.1643090
vt 0.6856910 0.1509765
f 44/5803/44 45/5804/45 1070/5805/1070
vt 0.6823568 0.1343099
vt 0.6823568 0.1476424
vt 0.6690243 0.1343099
f 77/5806/77 76/5807/76 1071/5808/1071
vt 0.6976424 0.1343099
vt 0.6843099 0.1476424
vt 0.6843099 0.1343099
f 1027/5809/1027 1035/5810/1035 1036/5811/1036
vt 0.7156901 0.1476424
vt 0.7023576 0.1343099
vt 0.7156901 0.1343099
f 1052/5812/1052 1036/5813/1036 1053/5814/1053
vt 0.3888811 0.0958334
vt 0.3906901 0.0940242
vt 0.3906901 0.0976424
f 1001/5815/1001 350/5816/350 1089/5817/1089
vt 0.7176433 0.1476424
vt 0.7176433 0.1343099
vt 0.7309757 0.1343099
f 1027/5818/1027 1036/5819/1036 1052/5820/1052
vt 0.2240234 0.1273575
vt 0.2240234 0.1309757
vt 0.2222144 0.1291667
f 1051/5821/1051 1056/5822/1056 1095/5823/1095
vt 0.7009766 0.1643090
vt 0.7009766 0.1509765
vt 0.7143090 0.1509765
f 1039/5824/1039 1038/5825/1038 1040/5826/1040
vt 0.1656901 0.1240234
vt 0.1606910 0.1240234
vt 0.1656901 0.1190243
f 1003/5827/1003 1005/5828/1005 1025/5829/1025
vt 0.7009766 0.1356909
vt 0.7143090 0.1490234
vt 0.7009766 0.1490234
f 1032/5830/1032 1064/5831/1064 1098/5832/1098
vt 0.7356910 0.1676432
vt 0.7490234 0.1676432
vt 0.7490234 0.1809757
f 1033/5833/1033 77/5834/77 1071/5835/1071
vt 0.2093099 0.1309757
vt 0.2093099 0.1273575
vt 0.2111189 0.1291667
f 1055/5836/1055 1050/5837/1050 1094/5838/1094
vt 0.7509766 0.1809757
vt 0.7509766 0.1676432
vt 0.7643090 0.1676432
f 1059/5839/1059 1064/5840/1064 1105/5841/1105
vt 0.2143090 0.1323568
vt 0.2106910 0.1323568
vt 0.2125000 0.1305477
f 1049/5842/1049 1050/5843/1050 1055/5844/1055
vt 0.2059757 0.1323568
vt 0.2023576 0.1323568
vt 0.2041667 0.1305477
f 1051/5845/1051 1045/5846/1045 1056/5847/1056
vt 0.7343099 0.1976424
vt 0.7343099 0.1843099
vt 0.7476424 0.1843098
f 36/5848/36 37/5849/37 1086/5850/1086
vt 0.2073568 0.1273575
vt 0.2073568 0.1309757
vt 0.2055477 0.1291667
f 1026/5851/1026 1021/5852/1021 1092/5853/1092
vt 0.7343099 0.1690243
vt 0.7476424 0.1823567
vt 0.7343099 0.1823568
f 1063/5854/1063 1034/5855/1034 1091/5856/1091
vt 0.2106910 0.1240234
vt 0.2125000 0.1222143
vt 0.2143090 0.1240234
f 1006/5857/1006 1004/5858/1004 1026/5859/1026
vt 0.3059757 0.1323568
vt 0.3023576 0.1323568
vt 0.3041667 0.1305477
f 1002/5860/1002 1019/5861/1019 1107/5862/1107
vt 0.2156901 0.1226424
vt 0.2138811 0.1208333
vt 0.2156901 0.1190242
f 1092/5863/1092 1021/5864/1021 1104/5865/1104
vt 0.3073568 0.1273575
vt 0.3073568 0.1309757
vt 0.3055477 0.1291667
f 995/5866/995 1018/5867/1018 1085/5868/1085
vt 0.3143091 0.1240234
vt 0.3106910 0.1240234
vt 0.3125000 0.1222143
f 1017/5869/1017 1000/5870/1000 1084/5871/1084
vt 0.2138811 0.1291667
vt 0.2156901 0.1273576
vt 0.2156901 0.1309757
f 1013/5872/1013 1000/5873/1000 1017/5874/1017
vt 0.3138811 0.1208333
vt 0.3156901 0.1190242
vt 0.3156901 0.1226424
f 995/5875/995 1014/5876/1014 1018/5877/1018
vt 0.7343099 0.1643091
vt 0.7343099 0.1509766
vt 0.7476424 0.1509765
f 1053/5878/1053 1036/5879/1036 1096/5880/1096
vt 0.2106910 0.1259765
vt 0.2143090 0.1259766
vt 0.2125000 0.1277856
f 1022/5881/1022 1017/5882/1017 1072/5883/1072
vt 0.2259766 0.1143091
vt 0.2259766 0.1106909
vt 0.2277856 0.1125000
f 1018/5884/1018 1024/5885/1024 1073/5886/1073
vt 0.3156901 0.1273576
vt 0.3156901 0.1309757
vt 0.3138811 0.1291667
f 1020/5887/1020 997/5888/997 1090/5889/1090
vt 0.1656901 0.1309757
vt 0.1606910 0.1259765
vt 0.1656901 0.1259766
f 1050/5890/1050 1047/5891/1047 1088/5892/1088
vt 0.1573568 0.1226423
vt 0.1523576 0.1176432
vt 0.1573568 0.1176432
f 1043/5893/1043 1051/5894/1051 1087/5895/1087
vt 0.7343099 0.1356909
vt 0.7476424 0.1490234
vt 0.7343099 0.1490235
f 1061/5896/1061 1032/5897/1032 1098/5898/1098
vt 0.3125000 0.1277856
vt 0.3106910 0.1259765
vt 0.3143091 0.1259766
f 1002/5899/1002 1015/5900/1015 1019/5901/1019
vt 0.2273576 0.1156901
vt 0.2291667 0.1138811
vt 0.2309757 0.1156901
f 1016/5902/1016 997/5903/997 1020/5904/1020
vt 0.2226424 0.1156901
vt 0.2190243 0.1156901
vt 0.2208333 0.1138810
f 1024/5905/1024 1065/5906/1065 1114/5907/1114
vt 0.7509766 0.1523576
vt 0.7643090 0.1656901
vt 0.7509766 0.1656901
f 1028/5908/1028 1060/5909/1060 1102/5910/1102
vt 0.1643090 0.1176432
vt 0.1593099 0.1226423
vt 0.1593099 0.1176432
f 1066/5911/1066 1022/5912/1022 1113/5913/1113
vt 0.7356910 0.1656901
vt 0.7490234 0.1523576
vt 0.7490234 0.1656901
f 1036/5914/1036 1037/5915/1037 1096/5916/1096
vt 0.1893091 0.0926432
vt 0.1843099 0.0976424
vt 0.1843099 0.0926433
f 1065/5917/1065 1049/5918/1049 1114/5919/1114
vt 0.1843099 0.0856909
vt 0.1893090 0.0906901
vt 0.1843099 0.0906901
f 1045/5920/1045 1066/5921/1066 1113/5922/1113
vt 0.3759766 0.0940242
vt 0.3777856 0.0958334
vt 0.3759766 0.0976424
f 357/5923/357 356/5924/356 999/5925/999
vt 0.3791667 0.0972144
vt 0.3809757 0.0990235
vt 0.3773577 0.0990235
f 354/5926/354 353/5927/353 998/5928/998
vt 0.3690243 0.0990234
vt 0.3708333 0.0972143
vt 0.3726424 0.0990235
f 329/5929/329 330/5930/330 993/5931/993
vt 0.3722144 0.0958333
vt 0.3740234 0.0940242
vt 0.3740234 0.0976424
f 332/5932/332 333/5933/333 994/5934/994
vt 0.1976424 0.0990235
vt 0.1926432 0.0990235
vt 0.1926432 0.0940242
f 1023/5935/1023 1025/5936/1025 1093/5937/1093
vt 0.3809757 0.0906901
vt 0.3773577 0.0906901
vt 0.3791667 0.0888810
f 356/5938/356 355/5939/355 1079/5940/1079
vt 0.4406901 0.0690243
vt 0.4406901 0.0726424
vt 0.4388811 0.0708333
f 330/5941/330 331/5942/331 1081/5943/1081
vt 0.3823568 0.0856909
vt 0.3823568 0.0893091
vt 0.3805478 0.0875000
f 331/5944/331 332/5945/332 1074/5946/1074
vt 0.4356910 0.0676432
vt 0.4393091 0.0676432
vt 0.4375000 0.0694523
f 355/5947/355 354/5948/354 1076/5949/1076
vt 0.1906901 0.0990235
vt 0.1856910 0.0990235
vt 0.1906901 0.0940242
f 1023/5950/1023 1093/5951/1093 1103/5952/1103
vt 0.7676433 0.1976424
vt 0.7676433 0.1843099
vt 0.7809757 0.1843098
f 1101/5953/1101 1033/5954/1033 1105/5955/1105
vt 0.7676433 0.1690242
vt 0.7809757 0.1823567
vt 0.7676433 0.1823568
f 1067/5956/1067 1033/5957/1033 1101/5958/1101
vt 0.7843099 0.1856909
vt 0.7976424 0.1990234
vt 0.7843099 0.1990234
f 1041/5959/1041 1040/5960/1040 1091/5961/1091
vt 0.3805477 0.0958334
vt 0.3823568 0.0940243
vt 0.3823568 0.0976424
f 353/5962/353 352/5963/352 1078/5964/1078
vt 0.3809757 0.0926433
vt 0.3791667 0.0944523
vt 0.3773576 0.0926432
f 328/5965/328 329/5966/329 1080/5967/1080
vt 0.3944523 0.0791667
vt 0.3926432 0.0809758
vt 0.3926432 0.0773576
f 333/5968/333 334/5969/334 1077/5970/1077
vt 0.3940243 0.0823568
vt 0.3958333 0.0805477
vt 0.3976424 0.0823568
f 358/5971/358 357/5972/357 1075/5973/1075
vt 0.2893091 0.1259765
vt 0.2875000 0.1277856
vt 0.2856910 0.1259766
f 1087/5974/1087 1001/5975/1001 1089/5976/1089
vt 0.2861190 0.1291667
vt 0.2843099 0.1309757
vt 0.2843099 0.1273576
f 996/5977/996 1088/5978/1088 1090/5979/1090
vt 0.0176432 0.1143090
vt 0.0176432 0.1023576
vt 0.0236189 0.1083333
f 1070/5980/1070 1012/5981/1012 1110/5982/1110
vt 0.3893090 0.0823568
vt 0.3856910 0.0823568
vt 0.3875000 0.0805477
f 1089/5983/1089 349/5984/349 1107/5985/1107
vt 0.7823568 0.1856909
vt 0.7823568 0.1990234
vt 0.7690243 0.1990234
f 1071/5986/1071 1059/5987/1059 1105/5988/1105
vt 0.2240234 0.1106909
vt 0.2240234 0.1143091
vt 0.2222144 0.1125000
f 1047/5989/1047 1020/5990/1020 1088/5991/1088
vt 0.1759766 0.0940242
vt 0.1809757 0.0990235
vt 0.1759766 0.0990235
f 1019/5992/1019 1043/5993/1043 1087/5994/1087
vt 0.2843099 0.1190242
vt 0.2861190 0.1208333
vt 0.2843099 0.1226424
f 1055/5995/1055 1094/5996/1094 1108/5997/1108
vt 0.1740234 0.0940242
vt 0.1740234 0.0990235
vt 0.1690243 0.0990234
f 1046/5998/1046 1020/5999/1020 1047/6000/1047
vt 0.1823568 0.0906901
vt 0.1773576 0.0906901
vt 0.1823568 0.0856909
f 1019/6001/1019 1042/6002/1042 1043/6003/1043
vt 0.2273576 0.1073567
vt 0.2291667 0.1055477
vt 0.2309757 0.1073568
f 1021/6004/1021 1017/6005/1017 1022/6006/1022
vt 0.2305477 0.1041666
vt 0.2323568 0.1023576
vt 0.2323568 0.1059757
f 1018/6007/1018 1023/6008/1023 1024/6009/1024
vt 0.2856910 0.1240234
vt 0.2875000 0.1222143
vt 0.2893091 0.1240234
f 327/6010/327 328/6011/328 1082/6012/1082
vt 0.2944523 0.1291667
vt 0.2926432 0.1309757
vt 0.2926432 0.1273575
f 352/6013/352 351/6014/351 1083/6015/1083
vt 0.7509766 0.1856909
vt 0.7643090 0.1990234
vt 0.7509766 0.1990234
f 1033/6016/1033 1071/6017/1071 1105/6018/1105
vt 0.3888811 0.0791667
vt 0.3906901 0.0773576
vt 0.3906901 0.0809758
f 359/6019/359 358/6020/358 1084/6021/1084
vt 0.2323568 0.1143091
vt 0.2305477 0.1125000
vt 0.2323568 0.1106910
f 1004/6022/1004 1013/6023/1013 1026/6024/1026
vt 0.3940243 0.0740234
vt 0.3958333 0.0722144
vt 0.3976424 0.0740235
f 334/6025/334 335/6026/335 1085/6027/1085
vt 0.2958333 0.1305477
vt 0.2976424 0.1323568
vt 0.2940243 0.1323568
f 1095/6028/1095 1056/6029/1056 1109/6030/1109
vt 0.1823568 0.0976424
vt 0.1773576 0.0926432
vt 0.1823568 0.0926433
f 1009/6031/1009 1092/6032/1092 1104/6033/1104
vt 0.7356910 0.1990234
vt 0.7490234 0.1856909
vt 0.7490234 0.1990234
f 1053/6034/1053 1096/6035/1096 1102/6036/1102
vt 0.0023576 0.1176432
vt 0.0143090 0.1176432
vt 0.0083333 0.1236189
f 1086/6037/1086 1037/6038/1037 1112/6039/1112
vt 0.1976424 0.0823568
vt 0.1926432 0.0823568
vt 0.1926432 0.0773576
f 1065/6040/1065 1024/6041/1024 1103/6042/1103
vt 0.1906901 0.0823568
vt 0.1856910 0.0823568
vt 0.1906901 0.0773576
f 1022/6043/1022 1066/6044/1066 1104/6045/1104
vt 0.2893091 0.1323568
vt 0.2856910 0.1323568
vt 0.2875000 0.1305477
f 1019/6046/1019 1089/6047/1089 1107/6048/1107
vt 0.2291667 0.1111190
vt 0.2273576 0.1093099
vt 0.2309757 0.1093099
f 1013/6049/1013 1017/6050/1017 1021/6051/1021
vt 0.2273576 0.1240234
vt 0.2291667 0.1222144
vt 0.2309757 0.1240234
f 1018/6052/1018 1014/6053/1014 1023/6054/1023
vt 0.2305477 0.1208333
vt 0.2323568 0.1190243
vt 0.2323568 0.1226424
f 1014/6055/1014 1003/6056/1003 1025/6057/1025
vt 0.2323568 0.1309757
vt 0.2305477 0.1291667
vt 0.2323568 0.1273576
f 1019/6058/1019 1015/6059/1015 1042/6060/1042
vt 0.2291667 0.1277856
vt 0.2273576 0.1259765
vt 0.2309757 0.1259766
f 1016/6061/1016 1020/6062/1020 1046/6063/1046
vt 0.3972144 0.0708333
vt 0.3990234 0.0690243
vt 0.3990234 0.0726424
f 998/6064/998 1078/6065/1078 1095/6066/1095
vt 0.3990234 0.0809758
vt 0.3972144 0.0791667
vt 0.3990234 0.0773576
f 351/6067/351 350/6068/350 1001/6069/1001
vt 0.3958333 0.0777857
vt 0.3940243 0.0759766
vt 0.3976424 0.0759766
f 326/6070/326 327/6071/327 996/6072/996
vt 0.3940243 0.0906901
vt 0.3958333 0.0888811
vt 0.3976424 0.0906901
f 335/6073/335 336/6074/336 995/6075/995
vt 0.3972144 0.0875000
vt 0.3990234 0.0856910
vt 0.3990234 0.0893091
f 360/6076/360 359/6077/359 1000/6078/1000
vt 0.0009766 0.1309757
vt 0.0009766 0.1190243
vt 0.0069523 0.1249999
f 1041/6079/1041 1070/6080/1070 1110/6081/1110
vt 0.3990234 0.0976424
vt 0.3972144 0.0958334
vt 0.3990234 0.0940243
f 349/6082/349 348/6083/348 1107/6084/1107
vt 0.7523577 0.1823567
vt 0.7656901 0.1690242
vt 0.7656901 0.1823568
f 1096/6085/1096 1028/6086/1028 1102/6087/1102
vt 0.1990235 0.0740235
vt 0.1940243 0.0740234
vt 0.1990235 0.0690243
f 1093/6088/1093 1010/6089/1010 1103/6090/1103
vt 0.0009766 0.1143091
vt 0.0009766 0.1023576
vt 0.0069523 0.1083333
f 1012/6091/1012 1048/6092/1048 1110/6093/1110
vt 0.2906901 0.1273575
vt 0.2906901 0.1309757
vt 0.2888811 0.1291667
f 997/6094/997 1016/6095/1016 1099/6096/1099
vt 0.3940243 0.0926432
vt 0.3976424 0.0926433
vt 0.3958333 0.0944523
f 1015/6097/1015 1002/6098/1002 1097/6099/1097
vt 0.2759766 0.1309757
vt 0.2759766 0.1273575
vt 0.2777856 0.1291667
f 1016/6100/1016 1007/6101/1007 1099/6102/1099
vt 0.3906901 0.0856910
vt 0.3906901 0.0893090
vt 0.3888811 0.0875000
f 1008/6103/1008 1015/6104/1015 1097/6105/1097
vt 0.3875000 0.0861189
vt 0.3856910 0.0843099
vt 0.3893090 0.0843099
f 362/6106/362 361/6107/361 1004/6108/1004
vt 0.3958333 0.0861190
vt 0.3940243 0.0843099
vt 0.3976424 0.0843099
f 337/6109/337 338/6110/338 1003/6111/1003
vt 0.3926432 0.0856910
vt 0.3944523 0.0875000
vt 0.3926432 0.0893090
f 348/6112/348 347/6113/347 1002/6114/1002
vt 0.3926432 0.1106909
vt 0.3944523 0.1125000
vt 0.3926432 0.1143091
f 323/6115/323 324/6116/324 997/6117/997
vt 0.3976424 0.1156901
vt 0.3940243 0.1156901
vt 0.3958333 0.1138811
f 322/6118/322 323/6119/323 1099/6120/1099
vt 0.3893090 0.1156901
vt 0.3856910 0.1156901
vt 0.3875000 0.1138810
f 347/6121/347 346/6122/346 1097/6123/1097
vt 0.1990235 0.0759766
vt 0.1990235 0.0809758
vt 0.1940243 0.0759766
f 1024/6124/1024 1023/6125/1023 1103/6126/1103
vt 0.2240234 0.1190243
vt 0.2240234 0.1226423
vt 0.2222144 0.1208333
f 1021/6127/1021 1022/6128/1022 1104/6129/1104
vt 0.2190243 0.1176432
vt 0.2226424 0.1176432
vt 0.2208333 0.1194522
f 1056/6130/1056 1072/6131/1072 1109/6132/1109
vt 0.2273576 0.1176432
vt 0.2309757 0.1176432
vt 0.2291667 0.1194523
f 1073/6133/1073 1055/6134/1055 1108/6135/1108
vt 0.3906901 0.1106909
vt 0.3906901 0.1143091
vt 0.3888811 0.1125000
f 346/6136/346 345/6137/345 1008/6138/1008
vt 0.3976424 0.1073568
vt 0.3940243 0.1073567
vt 0.3958333 0.1055477
f 321/6139/321 322/6140/322 1007/6141/1007
vt 0.2791667 0.1305477
vt 0.2809757 0.1323568
vt 0.2773576 0.1323568
f 364/6142/364 363/6143/363 1006/6144/1006
vt 0.2690243 0.1323568
vt 0.2708333 0.1305477
vt 0.2726424 0.1323568
f 339/6145/339 340/6146/340 1005/6147/1005
vt 0.3990234 0.1023576
vt 0.3990234 0.1059757
vt 0.3972144 0.1041667
f 997/6148/997 324/6149/324 1106/6150/1106
vt 0.4440243 0.0676432
vt 0.4476424 0.0676432
vt 0.4458333 0.0694523
f 324/6151/324 325/6152/325 1106/6153/1106
vt 0.2277856 0.1208333
vt 0.2259766 0.1226423
vt 0.2259766 0.1190243
f 1007/6154/1007 1016/6155/1016 1069/6156/1069
vt 0.2740234 0.1309757
vt 0.2722144 0.1291667
vt 0.2740235 0.1273575
f 1015/6157/1015 1008/6158/1008 1068/6159/1068
vt 0.3990234 0.1106910
vt 0.3990234 0.1143091
vt 0.3972144 0.1125000
f 999/6160/999 356/6161/356 1079/6162/1079
vt 0.3976424 0.1093099
vt 0.3958333 0.1111190
vt 0.3940243 0.1093099
f 993/6163/993 330/6164/330 1081/6165/1081
vt 0.3976424 0.1240234
vt 0.3940243 0.1240234
vt 0.3958333 0.1222144
f 332/6166/332 994/6167/994 1074/6168/1074
vt 0.3990234 0.1190243
vt 0.3990234 0.1226424
vt 0.3972144 0.1208333
f 354/6169/354 998/6170/998 1076/6171/1076
vt 0.4426432 0.0690243
vt 0.4444523 0.0708333
vt 0.4426432 0.0726424
f 331/6172/331 1074/6173/1074 1081/6174/1081
vt 0.4573568 0.0690243
vt 0.4573568 0.0726424
vt 0.4555477 0.0708333
f 355/6175/355 1076/6176/1076 1079/6177/1079
vt 0.3990234 0.1273576
vt 0.3990234 0.1309757
vt 0.3972144 0.1291667
f 998/6178/998 353/6179/353 1078/6180/1078
vt 0.3940243 0.1259765
vt 0.3976424 0.1259766
vt 0.3958333 0.1277856
f 329/6181/329 993/6182/993 1080/6183/1080
vt 0.2809757 0.1240234
vt 0.2773576 0.1240234
vt 0.2791667 0.1222143
f 994/6184/994 333/6185/333 1077/6186/1077
vt 0.2823568 0.1190242
vt 0.2823568 0.1226424
vt 0.2805477 0.1208333
f 357/6187/357 999/6188/999 1075/6189/1075
vt 0.4523576 0.0676432
vt 0.4559757 0.0676432
vt 0.4541667 0.0694523
f 325/6190/325 326/6191/326 1111/6192/1111
vt 0.0143090 0.1156901
vt 0.0023576 0.1156901
vt 0.0083333 0.1097143
f 1044/6193/1044 1011/6194/1011 1112/6195/1112
vt 0.2823568 0.1273576
vt 0.2823568 0.1309757
vt 0.2805477 0.1291667
f 1019/6196/1019 1087/6197/1087 1089/6198/1089
vt 0.2773576 0.1259765
vt 0.2809757 0.1259766
vt 0.2791667 0.1277856
f 1088/6199/1088 1020/6200/1020 1090/6201/1090
vt 0.3906901 0.1190243
vt 0.3906901 0.1226423
vt 0.3888811 0.1208333
f 996/6202/996 1090/6203/1090 1111/6204/1111
vt 0.3875000 0.1194522
vt 0.3856910 0.1176432
vt 0.3893090 0.1176432
f 1080/6205/1080 993/6206/993 1094/6207/1094
vt 0.3958333 0.1194523
vt 0.3940243 0.1176432
vt 0.3976424 0.1176432
f 1078/6208/1078 352/6209/352 1083/6210/1083
vt 0.3926432 0.1190243
vt 0.3944523 0.1208333
vt 0.3926432 0.1226423
f 328/6211/328 1080/6212/1080 1082/6213/1082
vt 0.3809757 0.1073568
vt 0.3773577 0.1073567
vt 0.3791667 0.1055477
f 1077/6214/1077 334/6215/334 1085/6216/1085
vt 0.3823568 0.1023576
vt 0.3823568 0.1059757
vt 0.3805478 0.1041667
f 358/6217/358 1075/6218/1075 1084/6219/1084
vt 0.2523576 0.0926433
vt 0.2559757 0.0926432
vt 0.2541667 0.0944523
f 1049/6220/1049 1055/6221/1055 1114/6222/1114
vt 0.2527856 0.0958334
vt 0.2509766 0.0976424
vt 0.2509766 0.0940243
f 1056/6223/1056 1045/6224/1045 1113/6225/1113
vt 0.3805478 0.1125000
vt 0.3823568 0.1106910
vt 0.3823568 0.1143090
f 1081/6226/1081 1074/6227/1074 1108/6228/1108
vt 0.3809757 0.1093099
vt 0.3791667 0.1111189
vt 0.3773577 0.1093099
f 1079/6229/1079 1076/6230/1076 1109/6231/1109
vt 0.2509766 0.0893091
vt 0.2509766 0.0856909
vt 0.2527856 0.0875000
f 1072/6232/1072 1056/6233/1056 1113/6234/1113
vt 0.2559757 0.0906901
vt 0.2523576 0.0906901
vt 0.2541667 0.0888810
f 1055/6235/1055 1073/6236/1073 1114/6237/1114
vt 0.2944523 0.1125000
vt 0.2926432 0.1143091
vt 0.2926432 0.1106909
f 996/6238/996 327/6239/327 1082/6240/1082
vt 0.2940243 0.1156901
vt 0.2958333 0.1138811
vt 0.2976424 0.1156901
f 351/6241/351 1001/6242/1001 1083/6243/1083
vt 0.3740234 0.1023576
vt 0.3740234 0.1059757
vt 0.3722144 0.1041666
f 1000/6244/1000 359/6245/359 1084/6246/1084
vt 0.3690243 0.1009765
vt 0.3726424 0.1009766
vt 0.3708333 0.1027856
f 335/6247/335 995/6248/995 1085/6249/1085
vt 0.3773577 0.1009766
vt 0.3809757 0.1009766
vt 0.3791667 0.1027856
f 326/6250/326 996/6251/996 1111/6252/1111
vt 0.3759766 0.1059757
vt 0.3759766 0.1023576
vt 0.3777856 0.1041667
f 348/6253/348 1002/6254/1002 1107/6255/1107
vt 0.2593099 0.0976424
vt 0.2593099 0.0940242
vt 0.2611189 0.0958334
f 1073/6256/1073 1024/6257/1024 1114/6258/1114
vt 0.2643090 0.0990235
vt 0.2606910 0.0990235
vt 0.2625000 0.0972144
f 1022/6259/1022 1072/6260/1072 1113/6261/1113
vt 0.3906901 0.1023576
vt 0.3906901 0.1059757
vt 0.3888811 0.1041667
f 1002/6262/1002 347/6263/347 1097/6264/1097
vt 0.3856910 0.1009766
vt 0.3893090 0.1009766
vt 0.3875000 0.1027856
f 323/6265/323 997/6266/997 1099/6267/1099
vt 0.3976424 0.1009766
vt 0.3958333 0.1027856
vt 0.3940243 0.1009766
f 1007/6268/1007 322/6269/322 1099/6270/1099
vt 0.3944523 0.1041667
vt 0.3926432 0.1059757
vt 0.3926432 0.1023576
f 346/6271/346 1008/6272/1008 1097/6273/1097
vt 0.4643090 0.0676432
vt 0.4625000 0.0694523
vt 0.4606910 0.0676432
f 1106/6274/1106 325/6275/325 1111/6276/1111
vt 0.4593099 0.0726424
vt 0.4593099 0.0690243
vt 0.4611189 0.0708333
f 1090/6277/1090 1106/6278/1106 1111/6279/1111
vt 0.0023576 0.0843099
vt 0.0143090 0.0843099
vt 0.0083333 0.0902856
f 1/6280/1 35/6281/35 1068/6282/1068
vt 0.2875000 0.1138810
vt 0.2893091 0.1156901
vt 0.2856910 0.1156901
f 343/6283/343 1/6284/1 1068/6285/1068
vt 0.2906901 0.1143091
vt 0.2888811 0.1125000
vt 0.2906901 0.1106909
f 2/6286/2 319/6287/319 1069/6288/1069
vt 0.0009766 0.0976424
vt 0.0009766 0.0856910
vt 0.0069523 0.0916666
f 3/6289/3 81/6290/81 1005/6291/1005
vt 0.2958333 0.1055477
vt 0.2976424 0.1073568
vt 0.2940243 0.1073567
f 341/6292/341 3/6293/3 1005/6294/1005
vt 0.0009766 0.0809758
vt 0.0009766 0.0690243
vt 0.0069523 0.0750000
f 70/6295/70 4/6296/4 1006/6297/1006
vt 0.2990234 0.1059757
vt 0.2972144 0.1041666
vt 0.2990234 0.1023576
f 4/6298/4 365/6299/365 1006/6300/1006
vt 0.0143090 0.0823568
vt 0.0023576 0.0823568
vt 0.0083333 0.0763810
f 70/6301/70 1006/6302/1006 1026/6303/1026
vt 0.0176432 0.0976424
vt 0.0176432 0.0856909
vt 0.0236189 0.0916666
f 1005/6304/1005 81/6305/81 1025/6306/1025
vt 0.2990234 0.1143091
vt 0.2972144 0.1125000
vt 0.2990234 0.1106910
f 319/6307/319 320/6308/320 1069/6309/1069
vt 0.3893090 0.1093099
vt 0.3875000 0.1111189
vt 0.3856910 0.1093099
f 320/6310/320 321/6311/321 1007/6312/1007
vt 0.3843099 0.1106910
vt 0.3861189 0.1125000
vt 0.3843099 0.1143090
f 336/6313/336 337/6314/337 1003/6315/1003
vt 0.2976424 0.1093099
vt 0.2958333 0.1111190
vt 0.2940243 0.1093099
f 338/6316/338 339/6317/339 1005/6318/1005
vt 0.2958333 0.1222144
vt 0.2976424 0.1240234
vt 0.2940243 0.1240234
f 340/6319/340 341/6320/341 1005/6321/1005
vt 0.2972144 0.1208333
vt 0.2990234 0.1190243
vt 0.2990234 0.1226424
f 344/6322/344 343/6323/343 1068/6324/1068
vt 0.3861189 0.1041667
vt 0.3843099 0.1059757
vt 0.3843099 0.1023576
f 345/6325/345 344/6326/344 1008/6327/1008
vt 0.3856910 0.1073568
vt 0.3875000 0.1055477
vt 0.3893090 0.1073567
f 361/6328/361 360/6329/360 1000/6330/1000
vt 0.3593099 0.0773576
vt 0.3611189 0.0791667
vt 0.3593099 0.0809757
f 363/6331/363 362/6332/362 1004/6333/1004
vt 0.2990234 0.1309757
vt 0.2972144 0.1291667
vt 0.2990234 0.1273576
f 365/6334/365 364/6335/364 1006/6336/1006
vt 0.1990235 0.0856910
vt 0.1990235 0.0906901
vt 0.1940243 0.0906901
f 24/6337/24 1129/6338/1129 298/6339/298
vt 0.1940243 0.0926432
vt 0.1990235 0.0926433
vt 0.1990235 0.0976424
f 11/6340/11 1130/6341/1130 307/6342/307
vt 0.3625000 0.0805477
vt 0.3643090 0.0823568
vt 0.3606910 0.0823568
f 1117/6343/1117 1121/6344/1121 211/6345/211
vt 0.3541667 0.0805477
vt 0.3559757 0.0823568
vt 0.3523577 0.0823568
f 1119/6346/1119 1122/6347/1122 138/6348/138
vt 0.3573568 0.0773576
vt 0.3573568 0.0809757
vt 0.3555478 0.0791667
f 1122/6349/1122 1125/6350/1125 140/6351/140
vt 0.2958333 0.1277856
vt 0.2940243 0.1259765
vt 0.2976424 0.1259766
f 201/6352/201 1128/6353/1128 1124/6354/1124
vt 0.2523576 0.0990235
vt 0.2541667 0.0972144
vt 0.2559757 0.0990235
f 1183/6355/1183 1194/6356/1194 1155/6357/1155
vt 0.3643090 0.0740234
vt 0.3606910 0.0740234
vt 0.3625000 0.0722144
f 1126/6358/1126 1129/6359/1129 216/6360/216
vt 0.2906901 0.1190243
vt 0.2906901 0.1226423
vt 0.2888811 0.1208333
f 1125/6361/1125 1130/6362/1130 142/6363/142
vt 0.2555477 0.0958334
vt 0.2573568 0.0940242
vt 0.2573568 0.0976424
f 1135/6364/1135 1157/6365/1157 1155/6366/1155
vt 0.2444523 0.0958334
vt 0.2426432 0.0976424
vt 0.2426432 0.0940242
f 1136/6367/1136 1158/6368/1158 1156/6369/1156
vt 0.2440243 0.0990235
vt 0.2458333 0.0972144
vt 0.2476424 0.0990235
f 1184/6370/1184 1199/6371/1199 1156/6372/1156
vt 0.1906901 0.0843099
vt 0.1906901 0.0893090
vt 0.1856910 0.0843099
f 1142/6373/1142 1151/6374/1151 307/6375/307
vt 0.1926432 0.0843099
vt 0.1976424 0.0843099
vt 0.1926433 0.0893090
f 1139/6376/1139 1152/6377/1152 298/6378/298
vt 0.0250000 0.0930477
vt 0.0309757 0.0990234
vt 0.0190243 0.0990235
f 1164/6379/1164 1165/6380/1165 1146/6381/1146
vt 0.2356910 0.0990234
vt 0.2375000 0.0972143
vt 0.2393090 0.0990235
f 298/6382/298 1161/6383/1161 1139/6384/1139
vt 0.2406901 0.0976424
vt 0.2388811 0.0958333
vt 0.2406901 0.0940242
f 307/6385/307 1162/6386/1162 1142/6387/1142
vt 0.0083333 0.0930477
vt 0.0143090 0.0990235
vt 0.0023576 0.0990235
f 305/6388/305 1160/6389/1160 1133/6390/1133
vt 0.0156901 0.0856909
vt 0.0156901 0.0976424
vt 0.0097144 0.0916666
f 1163/6391/1163 1170/6392/1170 1145/6393/1145
vt 0.0476424 0.1176432
vt 0.0416667 0.1236189
vt 0.0356910 0.1176432
f 1146/6394/1146 1185/6395/1185 1164/6396/1164
vt 0.0343099 0.1309757
vt 0.0343099 0.1190243
vt 0.0402856 0.1249999
f 1160/6397/1160 1163/6398/1163 1133/6399/1133
vt 0.0402856 0.1083333
vt 0.0343099 0.1143091
vt 0.0343099 0.1023576
f 300/6400/300 1166/6401/1166 301/6402/301
vt 0.1926432 0.1106909
vt 0.1976424 0.1156901
vt 0.1926432 0.1156901
f 1133/6403/1133 1183/6404/1183 1155/6405/1155
vt 0.1856910 0.1156901
vt 0.1906901 0.1106909
vt 0.1906901 0.1156901
f 1134/6406/1134 1184/6407/1184 1156/6408/1156
vt 0.0416667 0.1097143
vt 0.0476424 0.1156901
vt 0.0356910 0.1156901
f 1148/6409/1148 1173/6410/1173 1165/6411/1165
vt 0.0569523 0.1249999
vt 0.0509766 0.1309757
vt 0.0509766 0.1190242
f 301/6412/301 1166/6413/1166 1149/6414/1149
vt 0.0523576 0.1323568
vt 0.0583333 0.1263810
vt 0.0643090 0.1323568
f 1145/6415/1145 1186/6416/1186 1163/6417/1163
vt 0.0476424 0.1323568
vt 0.0356910 0.1323568
vt 0.0416667 0.1263810
f 1148/6418/1148 1159/6419/1159 313/6420/313
vt 0.0490234 0.1309757
vt 0.0430477 0.1249999
vt 0.0490234 0.1190242
f 314/6421/314 1134/6422/1134 315/6423/315
vt 0.0176432 0.1190242
vt 0.0236189 0.1249999
vt 0.0176432 0.1309757
f 305/6424/305 1133/6425/1133 306/6426/306
vt 0.0309757 0.1323568
vt 0.0190243 0.1323568
vt 0.0250000 0.1263810
f 1165/6427/1165 1173/6428/1173 1166/6429/1166
vt 0.0083333 0.1263810
vt 0.0143090 0.1323568
vt 0.0023576 0.1323568
f 314/6430/314 1159/6431/1159 1134/6432/1134
vt 0.1990235 0.1023576
vt 0.1990235 0.1073568
vt 0.1940243 0.1073567
f 1134/6433/1134 1189/6434/1189 315/6435/315
vt 0.1940243 0.1093099
vt 0.1990235 0.1093099
vt 0.1990235 0.1143091
f 1133/6436/1133 1188/6437/1188 306/6438/306
vt 0.0156901 0.1190242
vt 0.0156901 0.1309757
vt 0.0097144 0.1249999
f 1146/6439/1146 1166/6440/1166 300/6441/300
vt 0.2440243 0.0906901
vt 0.2458333 0.0888810
vt 0.2476424 0.0906901
f 1153/6442/1153 1194/6443/1194 1183/6444/1183
vt 0.0190243 0.1156901
vt 0.0250000 0.1097143
vt 0.0309757 0.1156901
f 1148/6445/1148 1165/6446/1165 1159/6447/1159
vt 0.1990235 0.1240234
vt 0.1940243 0.1240234
vt 0.1990235 0.1190243
f 1152/6448/1152 1195/6449/1195 298/6450/298
vt 0.0263811 0.1083333
vt 0.0323568 0.1023576
vt 0.0323568 0.1143091
f 1160/6451/1160 1170/6452/1170 1163/6453/1163
vt 0.1990235 0.1259766
vt 0.1990235 0.1309757
vt 0.1940243 0.1259765
f 1151/6454/1151 1196/6455/1196 307/6456/307
vt 0.0323568 0.1309757
vt 0.0263811 0.1249999
vt 0.0323568 0.1190243
f 1145/6457/1145 1170/6458/1170 1167/6459/1167
vt 0.3656901 0.0726424
vt 0.3638811 0.0708333
vt 0.3656901 0.0690243
f 1137/6460/1137 1180/6461/1180 1174/6462/1174
vt 0.0250000 0.1236189
vt 0.0190243 0.1176432
vt 0.0309757 0.1176432
f 1165/6463/1165 1166/6464/1166 1146/6465/1146
vt 0.0509766 0.0976424
vt 0.0509766 0.0856909
vt 0.0569523 0.0916666
f 1159/6466/1159 1164/6467/1164 1134/6468/1134
vt 0.0643090 0.0990235
vt 0.0523576 0.0990235
vt 0.0583333 0.0930477
f 1147/6469/1147 1160/6470/1160 304/6471/304
vt 0.2856910 0.1176432
vt 0.2893091 0.1176432
vt 0.2875000 0.1194522
f 1132/6472/1132 1201/6473/1201 1121/6474/1121
vt 0.0356910 0.0990234
vt 0.0416667 0.0930477
vt 0.0476424 0.0990235
f 304/6475/304 1160/6476/1160 305/6477/305
vt 0.0490234 0.0976424
vt 0.0430477 0.0916666
vt 0.0490234 0.0856909
f 1147/6478/1147 1170/6479/1170 1160/6480/1160
vt 0.3656901 0.0809757
vt 0.3638811 0.0791667
vt 0.3656901 0.0773576
f 1176/6481/1176 1187/6482/1187 1144/6483/1144
vt 0.0583333 0.0763810
vt 0.0643090 0.0823568
vt 0.0523576 0.0823568
f 299/6484/299 1146/6485/1146 300/6486/300
vt 0.0597144 0.0750000
vt 0.0656901 0.0690243
vt 0.0656901 0.0809758
f 308/6487/308 1145/6488/1145 309/6489/309
vt 0.0597144 0.0916666
vt 0.0656901 0.0856910
vt 0.0656901 0.0976424
f 1168/6490/1168 1172/6491/1172 1171/6492/1171
vt 0.0583333 0.0902856
vt 0.0523576 0.0843099
vt 0.0643090 0.0843099
f 310/6493/310 1167/6494/1167 1150/6495/1150
vt 0.2490234 0.0893091
vt 0.2472144 0.0875000
vt 0.2490234 0.0856909
f 315/6496/315 1189/6497/1189 1158/6498/1158
vt 0.1856910 0.1176432
vt 0.1906901 0.1176432
vt 0.1906901 0.1226423
f 306/6499/306 1188/6500/1188 1157/6501/1157
vt 0.0523576 0.1156901
vt 0.0583333 0.1097143
vt 0.0643090 0.1156901
f 1169/6502/1169 1173/6503/1173 1148/6504/1148
vt 0.0656901 0.1023576
vt 0.0656901 0.1143091
vt 0.0597144 0.1083333
f 1145/6505/1145 1167/6506/1167 309/6507/309
vt 0.2940243 0.1176432
vt 0.2976424 0.1176432
vt 0.2958333 0.1194523
f 1117/6508/1117 1132/6509/1132 1121/6510/1121
vt 0.2926432 0.1226423
vt 0.2926432 0.1190243
vt 0.2944523 0.1208333
f 1119/6511/1119 1131/6512/1131 1122/6513/1122
vt 0.0656901 0.1309757
vt 0.0597144 0.1249999
vt 0.0656901 0.1190243
f 313/6514/313 1159/6515/1159 314/6516/314
vt 0.0523576 0.1176432
vt 0.0643090 0.1176432
vt 0.0583333 0.1236189
f 1170/6517/1170 1171/6518/1171 1167/6519/1167
vt 0.0490234 0.1143090
vt 0.0430477 0.1083333
vt 0.0490234 0.1023576
f 1168/6520/1168 1171/6521/1171 1147/6522/1147
vt 0.0416667 0.1069523
vt 0.0356910 0.1009765
vt 0.0476424 0.1009766
f 1159/6523/1159 1165/6524/1165 1164/6525/1164
vt 0.0583333 0.1069523
vt 0.0523576 0.1009766
vt 0.0643090 0.1009766
f 303/6526/303 1168/6527/1168 1147/6528/1147
vt 0.0569523 0.1083333
vt 0.0509766 0.1143090
vt 0.0509766 0.1023576
f 312/6529/312 1169/6530/1169 1148/6531/1148
vt 0.0190243 0.0823568
vt 0.0250000 0.0763810
vt 0.0309757 0.0823568
f 1167/6532/1167 1171/6533/1171 1150/6534/1150
vt 0.0323568 0.0809757
vt 0.0263811 0.0750000
vt 0.0323568 0.0690243
f 303/6535/303 1147/6536/1147 304/6537/304
vt 0.0323568 0.0976424
vt 0.0263811 0.0916666
vt 0.0323568 0.0856909
f 312/6538/312 1148/6539/1148 313/6540/313
vt 0.0190243 0.0843099
vt 0.0309757 0.0843099
vt 0.0250000 0.0902856
f 1149/6541/1149 1168/6542/1168 302/6543/302
vt 0.0156901 0.0809757
vt 0.0097144 0.0750000
vt 0.0156901 0.0690243
f 302/6544/302 1168/6545/1168 303/6546/303
vt 0.0083333 0.0736189
vt 0.0023576 0.0676432
vt 0.0143090 0.0676432
f 309/6547/309 1167/6548/1167 310/6549/310
vt 0.0309757 0.0676432
vt 0.0250000 0.0736189
vt 0.0190243 0.0676432
f 311/6550/311 1169/6551/1169 312/6552/312
vt 0.0176432 0.0809757
vt 0.0176432 0.0690243
vt 0.0236189 0.0750000
f 1150/6553/1150 1169/6554/1169 311/6555/311
vt 0.0490234 0.0809757
vt 0.0430477 0.0750000
vt 0.0490234 0.0690243
f 301/6556/301 1149/6557/1149 302/6558/302
vt 0.0476424 0.0676432
vt 0.0416667 0.0736189
vt 0.0356910 0.0676432
f 1149/6559/1149 1172/6560/1172 1168/6561/1168
vt 0.0643090 0.0676432
vt 0.0583333 0.0736189
vt 0.0523576 0.0676432
f 310/6562/310 1150/6563/1150 311/6564/311
vt 0.0509766 0.0809757
vt 0.0509766 0.0690243
vt 0.0569523 0.0750000
f 1171/6565/1171 1172/6566/1172 1150/6567/1150
vt 0.0476424 0.0843099
vt 0.0416667 0.0902856
vt 0.0356910 0.0843099
f 1166/6568/1166 1173/6569/1173 1149/6570/1149
vt 0.0402856 0.0916666
vt 0.0343099 0.0976424
vt 0.0343099 0.0856909
f 1147/6571/1147 1171/6572/1171 1170/6573/1170
vt 0.1926433 0.1226423
vt 0.1926432 0.1176432
vt 0.1976424 0.1176432
f 1155/6574/1155 1188/6575/1188 1133/6576/1133
vt 0.2490234 0.0976424
vt 0.2472144 0.0958334
vt 0.2490234 0.0940243
f 1156/6577/1156 1189/6578/1189 1134/6579/1134
vt 0.1823568 0.1023576
vt 0.1823568 0.1073568
vt 0.1773576 0.1073567
f 1163/6580/1163 1197/6581/1197 1183/6582/1183
vt 0.0343099 0.0690243
vt 0.0402856 0.0750000
vt 0.0343099 0.0809757
f 1150/6583/1150 1172/6584/1172 1169/6585/1169
vt 0.1773576 0.1093099
vt 0.1823568 0.1093099
vt 0.1823568 0.1143090
f 1164/6586/1164 1200/6587/1200 1184/6588/1184
vt 0.2476424 0.0926433
vt 0.2458333 0.0944523
vt 0.2440243 0.0926432
f 1154/6589/1154 1199/6590/1199 1184/6591/1184
vt 0.3606910 0.0759766
vt 0.3643090 0.0759766
vt 0.3625000 0.0777856
f 1121/6592/1121 1201/6593/1201 1190/6594/1190
vt 0.0356910 0.0823568
vt 0.0416667 0.0763810
vt 0.0476424 0.0823568
f 1163/6595/1163 1183/6596/1183 1133/6597/1133
vt 0.1740234 0.1009766
vt 0.1740234 0.1059757
vt 0.1690243 0.1009765
f 1186/6598/1186 1197/6599/1197 1163/6600/1163
vt 0.0823568 0.1023576
vt 0.0823568 0.1143090
vt 0.0763811 0.1083333
f 1172/6601/1172 1173/6602/1173 1169/6603/1169
vt 0.3208334 0.0944523
vt 0.3190243 0.0926433
vt 0.3226424 0.0926432
f 1174/6604/1174 1175/6605/1175 1137/6606/1137
vt 0.1759766 0.1009766
vt 0.1809757 0.1009766
vt 0.1759766 0.1059757
f 1185/6607/1185 1200/6608/1200 1164/6609/1164
vt 0.0750000 0.1069523
vt 0.0690243 0.1009766
vt 0.0809757 0.1009766
f 1149/6610/1149 1173/6611/1173 1172/6612/1172
vt 0.3643090 0.0906901
vt 0.3606910 0.0906901
vt 0.3625000 0.0888810
f 1182/6613/1182 1203/6614/1203 1179/6615/1179
vt 0.0976424 0.1009765
vt 0.0916667 0.1069523
vt 0.0856910 0.1009766
f 1164/6616/1164 1184/6617/1184 1134/6618/1134
vt 0.0843099 0.1023576
vt 0.0902856 0.1083333
vt 0.0843099 0.1143090
f 308/6619/308 1196/6620/1196 1145/6621/1145
vt 0.3638811 0.0875000
vt 0.3656901 0.0856909
vt 0.3656901 0.0893090
f 1178/6622/1178 1202/6623/1202 1181/6624/1181
vt 0.3656901 0.0976424
vt 0.3638811 0.0958333
vt 0.3656901 0.0940242
f 1144/6625/1144 1177/6626/1177 1176/6627/1176
vt 0.3176433 0.0940243
vt 0.3194523 0.0958334
vt 0.3176433 0.0976424
f 1122/6628/1122 1198/6629/1198 1125/6630/1125
vt 0.3625000 0.0944523
vt 0.3606910 0.0926432
vt 0.3643090 0.0926432
f 1115/6631/1115 1175/6632/1175 1174/6633/1174
vt 0.3176433 0.0856909
vt 0.3194523 0.0875000
vt 0.3176433 0.0893091
f 1175/6634/1175 1203/6635/1203 1199/6636/1199
vt 0.0809757 0.1176432
vt 0.0750000 0.1236189
vt 0.0690243 0.1176432
f 299/6637/299 1195/6638/1195 1146/6639/1146
vt 0.3226424 0.0906901
vt 0.3190243 0.0906901
vt 0.3208334 0.0888810
f 1194/6640/1194 1202/6641/1202 1177/6642/1177
vt 0.2593099 0.0773576
vt 0.2611189 0.0791667
vt 0.2593099 0.0809758
f 1157/6643/1157 1188/6644/1188 1155/6645/1155
vt 0.2606910 0.0823568
vt 0.2625000 0.0805477
vt 0.2643090 0.0823568
f 1158/6646/1158 1189/6647/1189 1156/6648/1156
vt 0.2559757 0.0823568
vt 0.2523576 0.0823568
vt 0.2541667 0.0805477
f 1128/6649/1128 1158/6650/1158 1124/6651/1124
vt 0.3277856 0.0958334
vt 0.3259766 0.0976424
vt 0.3259766 0.0940242
f 1161/6652/1161 1201/6653/1201 1139/6654/1139
vt 0.3309757 0.0990235
vt 0.3273576 0.0990235
vt 0.3291667 0.0972144
f 1125/6655/1125 1162/6656/1162 1130/6657/1130
vt 0.3208334 0.0972144
vt 0.3226424 0.0990235
vt 0.3190243 0.0990235
f 1126/6658/1126 1161/6659/1161 1129/6660/1129
vt 0.0676432 0.1190243
vt 0.0736189 0.1249999
vt 0.0676432 0.1309757
f 298/6661/298 1195/6662/1195 299/6663/299
vt 0.3555478 0.0875000
vt 0.3573568 0.0856909
vt 0.3573568 0.0893090
f 144/6664/144 1130/6665/1130 11/6666/11
vt 0.3541667 0.0861189
vt 0.3523577 0.0843099
vt 0.3559757 0.0843099
f 217/6667/217 1129/6668/1129 24/6669/24
vt 0.0676432 0.1023576
vt 0.0736189 0.1083333
vt 0.0676432 0.1143091
f 307/6670/307 1196/6671/1196 308/6672/308
vt 0.1906901 0.1059757
vt 0.1856910 0.1009766
vt 0.1906901 0.1009766
f 1151/6673/1151 1197/6674/1197 1186/6675/1186
vt 0.1976424 0.1009766
vt 0.1926432 0.1059757
vt 0.1926432 0.1009766
f 1152/6676/1152 1200/6677/1200 1185/6678/1185
vt 0.3222144 0.0958334
vt 0.3240235 0.0940242
vt 0.3240235 0.0976424
f 1117/6679/1117 1137/6680/1137 1132/6681/1132
vt 0.3111190 0.0958334
vt 0.3093099 0.0976424
vt 0.3093099 0.0940242
f 1119/6682/1119 1140/6683/1140 1131/6684/1131
vt 0.3125000 0.0972144
vt 0.3143091 0.0990235
vt 0.3106910 0.0990235
f 1119/6685/1119 1181/6686/1181 1140/6687/1140
vt 0.3643090 0.0843099
vt 0.3625000 0.0861189
vt 0.3606910 0.0843099
f 1117/6688/1117 1180/6689/1180 1137/6690/1137
vt 0.3593099 0.0893090
vt 0.3593099 0.0856909
vt 0.3611189 0.0875000
f 1143/6691/1143 1182/6692/1182 1116/6693/1116
vt 0.3440243 0.0740234
vt 0.3458333 0.0722144
vt 0.3476424 0.0740234
f 1144/6694/1144 1187/6695/1187 1120/6696/1120
vt 0.3059757 0.0990235
vt 0.3023576 0.0990234
vt 0.3041667 0.0972143
f 1135/6697/1135 1144/6698/1144 1120/6699/1120
vt 0.3073568 0.0940242
vt 0.3073568 0.0976424
vt 0.3055477 0.0958333
f 1136/6700/1136 1143/6701/1143 1116/6702/1116
vt 0.3125000 0.0888810
vt 0.3143091 0.0906901
vt 0.3106910 0.0906901
f 1140/6703/1140 1202/6704/1202 1153/6705/1153
vt 0.2555477 0.0791667
vt 0.2573568 0.0773576
vt 0.2573568 0.0809758
f 1154/6706/1154 1200/6707/1200 1138/6708/1138
vt 0.1893090 0.1093099
vt 0.1843099 0.1143090
vt 0.1843099 0.1093099
f 1183/6709/1183 1197/6710/1197 1153/6711/1153
vt 0.3472144 0.0708333
vt 0.3490235 0.0690243
vt 0.3490235 0.0726424
f 134/6712/134 1118/6713/1118 135/6714/135
vt 0.3472144 0.0791667
vt 0.3490235 0.0773576
vt 0.3490235 0.0809757
f 207/6715/207 1115/6716/1115 208/6717/208
vt 0.1843099 0.1023576
vt 0.1893090 0.1073567
vt 0.1843099 0.1073568
f 1145/6718/1145 1196/6719/1196 1186/6720/1186
vt 0.2643090 0.0740235
vt 0.2606910 0.0740234
vt 0.2625000 0.0722144
f 1153/6721/1153 1197/6722/1197 1141/6723/1141
vt 0.1593099 0.0773576
vt 0.1643090 0.0823568
vt 0.1593099 0.0823568
f 1184/6724/1184 1200/6725/1200 1154/6726/1154
vt 0.3156901 0.0893091
vt 0.3138811 0.0875000
vt 0.3156901 0.0856909
f 1137/6727/1137 1175/6728/1175 1154/6729/1154
vt 0.4541667 0.0777856
vt 0.4523576 0.0759766
vt 0.4559757 0.0759766
f 135/6730/135 1178/6731/1178 136/6732/136
vt 0.3440243 0.0759766
vt 0.3476424 0.0759766
vt 0.3458333 0.0777856
f 208/6733/208 1174/6734/1174 209/6735/209
vt 0.1573568 0.0773576
vt 0.1573568 0.0823568
vt 0.1523576 0.0823568
f 1185/6736/1185 1195/6737/1195 1152/6738/1152
vt 0.3388811 0.0708333
vt 0.3406901 0.0690243
vt 0.3406901 0.0726424
f 133/6739/133 1176/6740/1176 134/6741/134
vt 0.4509766 0.0773576
vt 0.4527856 0.0791667
vt 0.4509766 0.0809757
f 206/6742/206 1179/6743/1179 207/6744/207
vt 0.1606910 0.0740234
vt 0.1656901 0.0690243
vt 0.1656901 0.0740234
f 1146/6745/1146 1195/6746/1195 1185/6747/1185
vt 0.1606910 0.0759766
vt 0.1656901 0.0759766
vt 0.1656901 0.0809757
f 1186/6748/1186 1196/6749/1196 1151/6750/1151
vt 0.3138811 0.0958334
vt 0.3156901 0.0940243
vt 0.3156901 0.0976424
f 1131/6751/1131 1198/6752/1198 1122/6753/1122
vt 0.3375000 0.0694523
vt 0.3356910 0.0676432
vt 0.3393090 0.0676432
f 1179/6754/1179 1203/6755/1203 1115/6756/1115
vt 0.3440243 0.0676432
vt 0.3476424 0.0676432
vt 0.3458333 0.0694523
f 1118/6757/1118 1202/6758/1202 1178/6759/1178
vt 0.3125000 0.0944523
vt 0.3106910 0.0926432
vt 0.3143091 0.0926433
f 1162/6760/1162 1198/6761/1198 1142/6762/1142
vt 0.1656901 0.0906901
vt 0.1606910 0.0906901
vt 0.1656901 0.0856909
f 1138/6763/1138 1200/6764/1200 1152/6765/1152
vt 0.2656901 0.0690243
vt 0.2656901 0.0726424
vt 0.2638811 0.0708333
f 1153/6766/1153 1202/6767/1202 1194/6768/1194
vt 0.2638811 0.0791667
vt 0.2656901 0.0773576
vt 0.2656901 0.0809758
f 1141/6769/1141 1197/6770/1197 1151/6771/1151
vt 0.3259766 0.0773576
vt 0.3277856 0.0791667
vt 0.3259766 0.0809758
f 1139/6772/1139 1201/6773/1201 1132/6774/1132
vt 0.2625000 0.0777857
vt 0.2606910 0.0759766
vt 0.2643090 0.0759766
f 1137/6775/1137 1154/6776/1154 1138/6777/1138
vt 0.2625000 0.0888811
vt 0.2643090 0.0906901
vt 0.2606910 0.0906901
f 1140/6778/1140 1153/6779/1153 1141/6780/1141
vt 0.3291667 0.0805477
vt 0.3309757 0.0823568
vt 0.3273576 0.0823568
f 1175/6781/1175 1199/6782/1199 1154/6783/1154
vt 0.4509766 0.0726424
vt 0.4509766 0.0690243
vt 0.4527856 0.0708333
f 209/6784/209 1180/6785/1180 210/6786/210
vt 0.3444523 0.0708333
vt 0.3426432 0.0726424
vt 0.3426432 0.0690243
f 136/6787/136 1181/6788/1181 137/6789/137
vt 0.3208334 0.0805477
vt 0.3226424 0.0823568
vt 0.3190243 0.0823568
f 1123/6790/1123 1157/6791/1157 1135/6792/1135
vt 0.3240235 0.0773576
vt 0.3240235 0.0809758
vt 0.3222144 0.0791667
f 1124/6793/1124 1158/6794/1158 1136/6795/1136
vt 0.4541667 0.0722144
vt 0.4559757 0.0740234
vt 0.4523576 0.0740234
f 132/6796/132 1187/6797/1187 133/6798/133
vt 0.3573568 0.0690243
vt 0.3573568 0.0726424
vt 0.3555478 0.0708333
f 205/6799/205 1182/6800/1182 206/6801/206
vt 0.3559757 0.0676432
vt 0.3541667 0.0694523
vt 0.3523576 0.0676432
f 1115/6802/1115 1203/6803/1203 1175/6804/1175
vt 0.3291667 0.0722144
vt 0.3309757 0.0740235
vt 0.3273576 0.0740234
f 1181/6805/1181 1202/6806/1202 1140/6807/1140
vt 0.3606910 0.0676432
vt 0.3643090 0.0676432
vt 0.3625000 0.0694523
f 1143/6808/1143 1203/6809/1203 1182/6810/1182
vt 0.2656901 0.0856910
vt 0.2656901 0.0893091
vt 0.2638811 0.0875000
f 1141/6811/1141 1151/6812/1151 1142/6813/1142
vt 0.2656901 0.0940243
vt 0.2656901 0.0976424
vt 0.2638811 0.0958334
f 1138/6814/1138 1152/6815/1152 1139/6816/1139
vt 0.3323568 0.0690243
vt 0.3323568 0.0726424
vt 0.3305477 0.0708333
f 1140/6817/1140 1141/6818/1141 1131/6819/1131
vt 0.2606910 0.0926432
vt 0.2643090 0.0926433
vt 0.2625000 0.0944523
f 1137/6820/1137 1138/6821/1138 1132/6822/1132
vt 0.3593099 0.0726424
vt 0.3593099 0.0690243
vt 0.3611189 0.0708333
f 137/6823/137 1119/6824/1119 138/6825/138
vt 0.3523576 0.0759766
vt 0.3559757 0.0759766
vt 0.3541667 0.0777856
f 210/6826/210 1117/6827/1117 211/6828/211
vt 0.3305477 0.0791667
vt 0.3323568 0.0773576
vt 0.3323568 0.0809758
f 1136/6829/1136 1156/6830/1156 1143/6831/1143
vt 0.2555477 0.0875000
vt 0.2573568 0.0856910
vt 0.2573568 0.0893090
f 1135/6832/1135 1155/6833/1155 1144/6834/1144
vt 0.3527856 0.0791667
vt 0.3509766 0.0809757
vt 0.3509766 0.0773576
f 204/6835/204 1116/6836/1116 205/6837/205
vt 0.3527856 0.0708333
vt 0.3509766 0.0726424
vt 0.3509766 0.0690243
f 131/6838/131 1120/6839/1120 132/6840/132
vt 0.2523576 0.0843099
vt 0.2559757 0.0843099
vt 0.2541667 0.0861189
f 1141/6841/1141 1142/6842/1142 1131/6843/1131
vt 0.2606910 0.0843099
vt 0.2643090 0.0843099
vt 0.2625000 0.0861190
f 1138/6844/1138 1139/6845/1139 1132/6846/1132
vt 0.3523576 0.0740234
vt 0.3541667 0.0722144
vt 0.3559757 0.0740234
f 1116/6847/1116 1191/6848/1191 1136/6849/1136
vt 0.3773577 0.0740234
vt 0.3791667 0.0722144
vt 0.3809757 0.0740234
f 1120/6850/1120 1192/6851/1192 1135/6852/1135
vt 0.2593099 0.0893090
vt 0.2593099 0.0856910
vt 0.2611189 0.0875000
f 1155/6853/1155 1194/6854/1194 1144/6855/1144
vt 0.4406901 0.0856909
vt 0.4406901 0.0893090
vt 0.4388811 0.0875000
f 130/6856/130 1192/6857/1192 131/6858/131
vt 0.4375000 0.0861189
vt 0.4356910 0.0843099
vt 0.4393091 0.0843099
f 203/6859/203 1191/6860/1191 204/6861/204
vt 0.3309757 0.0759766
vt 0.3291667 0.0777857
vt 0.3273576 0.0759766
f 1125/6862/1125 1198/6863/1198 1162/6864/1162
vt 0.3823568 0.0726424
vt 0.3805478 0.0708333
vt 0.3823568 0.0690243
f 1136/6865/1136 1191/6866/1191 1124/6867/1124
vt 0.3823568 0.0809757
vt 0.3805478 0.0791667
vt 0.3823568 0.0773576
f 1135/6868/1135 1192/6869/1192 1123/6870/1123
vt 0.4458333 0.0861189
vt 0.4440243 0.0843099
vt 0.4476424 0.0843099
f 212/6871/212 1121/6872/1121 213/6873/213
vt 0.3791667 0.0777856
vt 0.3773577 0.0759766
vt 0.3809757 0.0759766
f 139/6874/139 1122/6875/1122 140/6876/140
vt 0.3722144 0.0708333
vt 0.3740234 0.0690243
vt 0.3740234 0.0726424
f 202/6877/202 1124/6878/1124 203/6879/203
vt 0.3708333 0.0694523
vt 0.3690243 0.0676432
vt 0.3726424 0.0676432
f 129/6880/129 1123/6881/1123 130/6882/130
vt 0.3273576 0.0906901
vt 0.3291667 0.0888811
vt 0.3309757 0.0906901
f 1199/6883/1199 1203/6884/1203 1143/6885/1143
vt 0.4426432 0.0856909
vt 0.4444523 0.0875000
vt 0.4426432 0.0893090
f 213/6886/213 1190/6887/1190 214/6888/214
vt 0.3791667 0.0694523
vt 0.3773577 0.0676432
vt 0.3809757 0.0676432
f 128/6889/128 1193/6890/1193 129/6891/129
vt 0.3777856 0.0708333
vt 0.3759766 0.0726424
vt 0.3759766 0.0690243
f 141/6892/141 1125/6893/1125 142/6894/142
vt 0.4356910 0.0926432
vt 0.4393091 0.0926432
vt 0.4375000 0.0944523
f 214/6895/214 1126/6896/1126 215/6897/215
vt 0.3888811 0.0708333
vt 0.3906901 0.0690243
vt 0.3906901 0.0726424
f 200/6898/200 1128/6899/1128 201/6900/201
vt 0.3875000 0.0694523
vt 0.3856910 0.0676432
vt 0.3893090 0.0676432
f 127/6901/127 1127/6902/1127 128/6903/128
vt 0.3958333 0.0694523
vt 0.3940243 0.0676432
vt 0.3976424 0.0676432
f 1177/6904/1177 1202/6905/1202 1118/6906/1118
vt 0.3944523 0.0708333
vt 0.3926432 0.0726424
vt 0.3926432 0.0690243
f 143/6907/143 1130/6908/1130 144/6909/144
vt 0.3875000 0.0777856
vt 0.3856910 0.0759766
vt 0.3893090 0.0759766
f 216/6910/216 1129/6911/1129 217/6912/217
vt 0.3323568 0.0893091
vt 0.3305477 0.0875000
vt 0.3323568 0.0856910
f 1142/6913/1142 1198/6914/1198 1131/6915/1131
vt 0.4343099 0.0940242
vt 0.4361189 0.0958333
vt 0.4343099 0.0976424
f 1118/6916/1118 1178/6917/1178 135/6918/135
vt 0.3861189 0.0791667
vt 0.3843099 0.0809757
vt 0.3843099 0.0773576
f 1115/6919/1115 1174/6920/1174 208/6921/208
vt 0.3843099 0.0726424
vt 0.3843099 0.0690243
vt 0.3861189 0.0708333
f 134/6922/134 1176/6923/1176 1118/6924/1118
vt 0.4343099 0.0856909
vt 0.4361189 0.0875000
vt 0.4343099 0.0893090
f 207/6925/207 1179/6926/1179 1115/6927/1115
vt 0.3323568 0.0940243
vt 0.3323568 0.0976424
vt 0.3305477 0.0958334
f 1144/6928/1144 1194/6929/1194 1177/6930/1177
vt 0.2593099 0.1143091
vt 0.2593099 0.1106909
vt 0.2611189 0.1125000
f 1156/6931/1156 1199/6932/1199 1143/6933/1143
vt 0.3875000 0.0722144
vt 0.3893090 0.0740234
vt 0.3856910 0.0740234
f 1176/6934/1176 1177/6935/1177 1118/6936/1118
vt 0.3722144 0.0875000
vt 0.3740234 0.0856909
vt 0.3740234 0.0893090
f 1178/6937/1178 1181/6938/1181 136/6939/136
vt 0.3726424 0.0843099
vt 0.3708333 0.0861189
vt 0.3690243 0.0843099
f 1174/6940/1174 1180/6941/1180 209/6942/209
vt 0.3309757 0.0926433
vt 0.3291667 0.0944523
vt 0.3273576 0.0926432
f 1123/6943/1123 1193/6944/1193 1157/6945/1157
vt 0.4393091 0.0906901
vt 0.4356910 0.0906901
vt 0.4375000 0.0888810
f 206/6946/206 1182/6947/1182 1179/6948/1179
vt 0.4393091 0.0759766
vt 0.4375000 0.0777856
vt 0.4356910 0.0759766
f 133/6949/133 1187/6950/1187 1176/6951/1176
vt 0.3240235 0.0893090
vt 0.3222144 0.0875000
vt 0.3240235 0.0856910
f 1157/6952/1157 1193/6953/1193 1127/6954/1127
vt 0.3809757 0.0843099
vt 0.3791667 0.0861189
vt 0.3773577 0.0843099
f 210/6955/210 1180/6956/1180 1117/6957/1117
vt 0.3759766 0.0856909
vt 0.3777856 0.0875000
vt 0.3759766 0.0893090
f 137/6958/137 1181/6959/1181 1119/6960/1119
vt 0.4343099 0.0773576
vt 0.4361189 0.0791667
vt 0.4343099 0.0809757
f 1120/6961/1120 1187/6962/1187 132/6963/132
vt 0.3726424 0.0926432
vt 0.3708333 0.0944523
vt 0.3690243 0.0926432
f 1116/6964/1116 1182/6965/1182 205/6966/205
vt 0.3226424 0.0843099
vt 0.3208334 0.0861189
vt 0.3190243 0.0843099
f 1126/6967/1126 1201/6968/1201 1161/6969/1161
vt 0.3676432 0.0940242
vt 0.3694523 0.0958333
vt 0.3676432 0.0976424
f 204/6970/204 1191/6971/1191 1116/6972/1116
vt 0.4343099 0.0690243
vt 0.4361189 0.0708333
vt 0.4343099 0.0726424
f 131/6973/131 1192/6974/1192 1120/6975/1120
vt 0.3694523 0.0875000
vt 0.3676432 0.0893090
vt 0.3676432 0.0856909
f 1190/6976/1190 1201/6977/1201 1126/6978/1126
vt 0.3690243 0.0906901
vt 0.3708333 0.0888810
vt 0.3726424 0.0906901
f 1123/6979/1123 1192/6980/1192 130/6981/130
vt 0.3726424 0.0759766
vt 0.3708333 0.0777856
vt 0.3690243 0.0759766
f 1124/6982/1124 1191/6983/1191 203/6984/203
vt 0.3676432 0.0809757
vt 0.3676432 0.0773576
vt 0.3694523 0.0791667
f 1121/6985/1121 1190/6986/1190 213/6987/213
vt 0.3676432 0.0726424
vt 0.3676432 0.0690243
vt 0.3694523 0.0708333
f 129/6988/129 1193/6989/1193 1123/6990/1123
vt 0.3708333 0.0722144
vt 0.3726424 0.0740234
vt 0.3690243 0.0740234
f 214/6991/214 1190/6992/1190 1126/6993/1126
vt 0.3759766 0.0773576
vt 0.3777856 0.0791667
vt 0.3759766 0.0809757
f 1127/6994/1127 1193/6995/1193 128/6996/128
vt 0.3809757 0.0823568
vt 0.3773577 0.0823568
vt 0.3791667 0.0805477
f 10/6997/10 1127/6998/1127 126/6999/126
vt 0.1606910 0.0926432
vt 0.1656901 0.0926432
vt 0.1656901 0.0976424
f 306/7000/306 1127/7001/1127 10/7002/10
vt 0.3726424 0.0823568
vt 0.3690243 0.0823568
vt 0.3708333 0.0805477
f 23/7003/23 1128/7004/1128 199/7005/199
vt 0.1523576 0.0843099
vt 0.1573568 0.0843099
vt 0.1573568 0.0893090
f 315/7006/315 1128/7007/1128 23/7008/23
vt 0.3740234 0.0773576
vt 0.3740234 0.0809757
vt 0.3722144 0.0791667
f 126/7009/126 1127/7010/1127 127/7011/127
vt 0.4143091 0.1073568
vt 0.4106910 0.1073567
vt 0.4125000 0.1055477
f 138/7012/138 1122/7013/1122 139/7014/139
vt 0.4156901 0.1023576
vt 0.4156901 0.1059757
vt 0.4138811 0.1041667
f 140/7015/140 1125/7016/1125 141/7017/141
vt 0.4156901 0.1106910
vt 0.4156901 0.1143090
vt 0.4138811 0.1125000
f 142/7018/142 1130/7019/1130 143/7020/143
vt 0.4106910 0.1093099
vt 0.4143091 0.1093099
vt 0.4125000 0.1111189
f 199/7021/199 1128/7022/1128 200/7023/200
vt 0.4073568 0.1023576
vt 0.4073568 0.1059757
vt 0.4055477 0.1041667
f 201/7024/201 1124/7025/1124 202/7026/202
vt 0.4393091 0.0740234
vt 0.4356910 0.0740234
vt 0.4375000 0.0722144
f 211/7027/211 1121/7028/1121 212/7029/212
vt 0.4444523 0.0791667
vt 0.4426432 0.0809757
vt 0.4426432 0.0773576
f 215/7030/215 1126/7031/1126 216/7032/216
vt 0.2606910 0.1156901
vt 0.2625000 0.1138811
vt 0.2643090 0.1156901
f 1129/7033/1129 1161/7034/1161 298/7035/298
vt 0.1593099 0.0893090
vt 0.1593099 0.0843099
vt 0.1643090 0.0843099
f 306/7036/306 1157/7037/1157 1127/7038/1127
vt 0.2523576 0.1156901
vt 0.2541667 0.1138810
vt 0.2559757 0.1156901
f 1130/7039/1130 1162/7040/1162 307/7041/307
vt 0.1490234 0.0690243
vt 0.1490234 0.0740234
vt 0.1440243 0.0740234
f 315/7042/315 1158/7043/1158 1128/7044/1128
vt 0.1440243 0.0759766
vt 0.1490234 0.0759766
vt 0.1490234 0.0809757
f 16/7045/16 1219/7046/1219 285/7047/285
vt 0.1356910 0.0676432
vt 0.1406901 0.0676432
vt 0.1406901 0.0726424
f 32/7048/32 1218/7049/1218 275/7050/275
vt 0.4041667 0.1027856
vt 0.4023576 0.1009766
vt 0.4059757 0.1009766
f 1205/7051/1205 1211/7052/1211 260/7053/260
vt 0.4125000 0.1027856
vt 0.4106910 0.1009766
vt 0.4143091 0.1009766
f 1209/7054/1209 1210/7055/1210 169/7056/169
vt 0.3291667 0.0861190
vt 0.3273576 0.0843099
vt 0.3309757 0.0843099
f 250/7057/250 1217/7058/1217 1212/7059/1212
vt 0.3277856 0.0875000
vt 0.3259766 0.0893090
vt 0.3259766 0.0856910
f 1214/7060/1214 1219/7061/1219 173/7062/173
vt 0.4093099 0.1059757
vt 0.4093099 0.1023576
vt 0.4111189 0.1041667
f 1215/7063/1215 1218/7064/1218 265/7065/265
vt 0.2555477 0.1125000
vt 0.2573568 0.1106909
vt 0.2573568 0.1143091
f 1225/7066/1225 1247/7067/1247 1244/7068/1244
vt 0.2625000 0.1055477
vt 0.2643090 0.1073568
vt 0.2606910 0.1073567
f 1224/7069/1224 1246/7070/1246 1245/7071/1245
vt 0.2656901 0.1059757
vt 0.2638811 0.1041667
vt 0.2656901 0.1023576
f 1271/7072/1271 1286/7073/1286 1244/7074/1244
vt 0.2656901 0.1143091
vt 0.2638811 0.1125000
vt 0.2656901 0.1106910
f 1272/7075/1272 1288/7076/1288 1245/7077/1245
vt 0.1426432 0.0676432
vt 0.1476424 0.0676432
vt 0.1426432 0.0726424
f 1228/7078/1228 1241/7079/1241 275/7080/275
vt 0.1573568 0.0676432
vt 0.1573568 0.0726424
vt 0.1523576 0.0676432
f 1231/7081/1231 1240/7082/1240 285/7083/285
vt 0.0750000 0.1097143
vt 0.0809757 0.1156901
vt 0.0690243 0.1156901
f 1253/7084/1253 1254/7085/1254 1234/7086/1234
vt 0.2643090 0.1093099
vt 0.2625000 0.1111190
vt 0.2606910 0.1093099
f 275/7087/275 1250/7088/1250 1228/7089/1228
vt 0.2606910 0.1240234
vt 0.2625000 0.1222144
vt 0.2643090 0.1240234
f 285/7090/285 1251/7091/1251 1231/7092/1231
vt 0.0750000 0.0902856
vt 0.0690243 0.0843099
vt 0.0809757 0.0843099
f 282/7093/282 1249/7094/1249 1223/7095/1223
vt 0.0736189 0.0916666
vt 0.0676432 0.0976424
vt 0.0676432 0.0856910
f 1252/7096/1252 1259/7097/1259 1235/7098/1235
vt 0.0676432 0.0690243
vt 0.0736189 0.0750000
vt 0.0676432 0.0809758
f 1234/7099/1234 1273/7100/1273 1253/7101/1253
vt 0.0809757 0.0823568
vt 0.0690243 0.0823568
vt 0.0750000 0.0763810
f 1249/7102/1249 1252/7103/1252 1223/7104/1223
vt 0.0902856 0.0916666
vt 0.0843099 0.0976424
vt 0.0843099 0.0856909
f 277/7105/277 1255/7106/1255 278/7107/278
vt 0.1643090 0.0676432
vt 0.1593099 0.0726424
vt 0.1593099 0.0676432
f 1223/7108/1223 1271/7109/1271 1244/7110/1244
vt 0.1559757 0.0759766
vt 0.1509766 0.0809757
vt 0.1509766 0.0759766
f 1222/7111/1222 1272/7112/1272 1245/7113/1245
vt 0.0916667 0.0930477
vt 0.0976424 0.0990234
vt 0.0856910 0.0990235
f 278/7114/278 1255/7115/1255 1238/7116/1238
vt 0.0750000 0.0930477
vt 0.0809757 0.0990235
vt 0.0690243 0.0990235
f 1237/7117/1237 1262/7118/1262 1254/7119/1254
vt 0.0823568 0.0976424
vt 0.0763811 0.0916666
vt 0.0823568 0.0856909
f 1235/7120/1235 1274/7121/1274 1252/7122/1252
vt 0.1023576 0.1176432
vt 0.1143090 0.1176432
vt 0.1083333 0.1236189
f 1237/7123/1237 1248/7124/1248 291/7125/291
vt 0.1009766 0.1309757
vt 0.1009766 0.1190243
vt 0.1069523 0.1249999
f 1254/7126/1254 1262/7127/1262 1255/7128/1255
vt 0.1009766 0.1023576
vt 0.1069523 0.1083333
vt 0.1009766 0.1143091
f 292/7129/292 1222/7130/1222 293/7131/293
vt 0.1023576 0.1156901
vt 0.1083333 0.1097143
vt 0.1143090 0.1156901
f 282/7132/282 1223/7133/1223 283/7134/283
vt 0.1236189 0.1249999
vt 0.1176432 0.1309757
vt 0.1176432 0.1190242
f 292/7135/292 1248/7136/1248 1222/7137/1222
vt 0.1559757 0.0740234
vt 0.1509766 0.0740234
vt 0.1509766 0.0690243
f 1222/7138/1222 1278/7139/1278 293/7140/293
vt 0.1823568 0.0690243
vt 0.1823568 0.0740234
vt 0.1773576 0.0740234
f 1223/7141/1223 1277/7142/1277 283/7143/283
vt 0.1309757 0.1323568
vt 0.1190243 0.1323568
vt 0.1250000 0.1263810
f 1234/7144/1234 1255/7145/1255 277/7146/277
vt 0.1023576 0.1323568
vt 0.1083333 0.1263810
vt 0.1143090 0.1323568
f 1237/7147/1237 1254/7148/1254 1248/7149/1248
vt 0.1823568 0.0759766
vt 0.1823568 0.0809757
vt 0.1773576 0.0759766
f 1241/7150/1241 1284/7151/1284 275/7152/275
vt 0.1097144 0.1249999
vt 0.1156901 0.1190242
vt 0.1156901 0.1309757
f 1249/7153/1249 1259/7154/1259 1252/7155/1252
vt 0.1740234 0.0676432
vt 0.1740234 0.0726424
vt 0.1690243 0.0676432
f 1240/7156/1240 1285/7157/1285 285/7158/285
vt 0.0843099 0.1190242
vt 0.0902856 0.1249999
vt 0.0843099 0.1309757
f 1235/7159/1235 1259/7160/1259 1256/7161/1256
vt 0.4240234 0.1059757
vt 0.4222144 0.1041667
vt 0.4240234 0.1023576
f 1226/7162/1226 1269/7163/1269 1263/7164/1263
vt 0.4226424 0.1009766
vt 0.4208333 0.1027856
vt 0.4190243 0.1009766
f 1229/7165/1229 1270/7166/1270 1265/7167/1265
vt 0.0916667 0.1263810
vt 0.0976424 0.1323568
vt 0.0856910 0.1323568
f 1254/7168/1254 1255/7169/1255 1234/7170/1234
vt 0.0809757 0.1323568
vt 0.0690243 0.1323568
vt 0.0750000 0.1263810
f 1248/7171/1248 1253/7172/1253 1222/7173/1222
vt 0.0823568 0.1190242
vt 0.0823568 0.1309757
vt 0.0763811 0.1249999
f 1236/7174/1236 1249/7175/1249 281/7176/281
vt 0.3277856 0.1125000
vt 0.3259766 0.1143091
vt 0.3259766 0.1106909
f 1221/7177/1221 1291/7178/1291 1210/7179/1210
vt 0.3309757 0.1156901
vt 0.3273576 0.1156901
vt 0.3291667 0.1138811
f 1220/7180/1220 1290/7181/1290 1211/7182/1211
vt 0.0856910 0.1156901
vt 0.0916667 0.1097143
vt 0.0976424 0.1156901
f 281/7183/281 1249/7184/1249 282/7185/282
vt 0.0990234 0.1143091
vt 0.0930477 0.1083333
vt 0.0990234 0.1023576
f 1236/7186/1236 1259/7187/1259 1249/7188/1249
vt 0.0930477 0.1249999
vt 0.0990234 0.1190243
vt 0.0990234 0.1309757
f 276/7189/276 1234/7190/1234 277/7191/277
vt 0.0916667 0.1236189
vt 0.0856910 0.1176432
vt 0.0976424 0.1176432
f 286/7192/286 1235/7193/1235 287/7194/287
vt 0.1236189 0.0916666
vt 0.1176432 0.0976424
vt 0.1176432 0.0856909
f 288/7195/288 1256/7196/1256 1239/7197/1239
vt 0.2656901 0.1226424
vt 0.2638811 0.1208333
vt 0.2656901 0.1190243
f 293/7198/293 1278/7199/1278 1246/7200/1246
vt 0.1759766 0.0726424
vt 0.1759766 0.0676432
vt 0.1809757 0.0676432
f 283/7201/283 1277/7202/1277 1247/7203/1247
vt 0.1250000 0.0930477
vt 0.1309757 0.0990235
vt 0.1190243 0.0990235
f 1257/7204/1257 1261/7205/1261 1260/7206/1260
vt 0.1143090 0.0990235
vt 0.1023576 0.0990234
vt 0.1083333 0.0930477
f 1235/7207/1235 1256/7208/1256 287/7209/287
vt 0.3226424 0.1156901
vt 0.3190243 0.1156901
vt 0.3208334 0.1138810
f 1205/7210/1205 1220/7211/1220 1211/7212/1211
vt 0.3240235 0.1106909
vt 0.3240235 0.1143091
vt 0.3222144 0.1125000
f 1209/7213/1209 1221/7214/1221 1210/7215/1210
vt 0.1156901 0.0976424
vt 0.1097144 0.0916666
vt 0.1156901 0.0856909
f 1258/7216/1258 1262/7217/1262 1237/7218/1237
vt 0.1190243 0.0823568
vt 0.1250000 0.0763810
vt 0.1309757 0.0823568
f 291/7219/291 1248/7220/1248 292/7221/292
vt 0.1323568 0.0690243
vt 0.1323568 0.0809758
vt 0.1263811 0.0750000
f 1259/7222/1259 1260/7223/1260 1256/7224/1256
vt 0.1263811 0.0916666
vt 0.1323568 0.0856910
vt 0.1323568 0.0976424
f 1248/7225/1248 1254/7226/1254 1253/7227/1253
vt 0.1250000 0.0902856
vt 0.1190243 0.0843099
vt 0.1309757 0.0843099
f 290/7228/290 1258/7229/1258 1237/7230/1237
vt 0.1309757 0.1156901
vt 0.1190243 0.1156901
vt 0.1250000 0.1097143
f 1238/7231/1238 1257/7232/1257 279/7233/279
vt 0.1323568 0.1143091
vt 0.1263811 0.1083333
vt 0.1323568 0.1023576
f 1257/7234/1257 1260/7235/1260 1236/7236/1236
vt 0.1323568 0.1309757
vt 0.1263811 0.1249999
vt 0.1323568 0.1190243
f 1256/7237/1256 1260/7238/1260 1239/7239/1239
vt 0.1309757 0.1176432
vt 0.1250000 0.1236189
vt 0.1190243 0.1176432
f 280/7240/280 1236/7241/1236 281/7242/281
vt 0.1156901 0.1143090
vt 0.1097144 0.1083333
vt 0.1156901 0.1023576
f 290/7243/290 1237/7244/1237 291/7245/291
vt 0.1083333 0.1069523
vt 0.1023576 0.1009765
vt 0.1143090 0.1009766
f 280/7246/280 1257/7247/1257 1236/7248/1236
vt 0.1309757 0.1009766
vt 0.1250000 0.1069523
vt 0.1190243 0.1009766
f 1238/7249/1238 1261/7250/1261 1257/7251/1257
vt 0.1236189 0.1083333
vt 0.1176432 0.1143090
vt 0.1176432 0.1023576
f 287/7252/287 1256/7253/1256 288/7254/288
vt 0.0856910 0.0823568
vt 0.0916667 0.0763810
vt 0.0976424 0.0823568
f 289/7255/289 1258/7256/1258 290/7257/290
vt 0.0990234 0.0690243
vt 0.0990234 0.0809757
vt 0.0930477 0.0750000
f 1239/7258/1239 1258/7259/1258 289/7260/289
vt 0.0990234 0.0976424
vt 0.0930477 0.0916666
vt 0.0990234 0.0856909
f 278/7261/278 1238/7262/1238 279/7263/279
vt 0.0976424 0.0843099
vt 0.0916667 0.0902856
vt 0.0856910 0.0843099
f 279/7264/279 1257/7265/1257 280/7266/280
vt 0.0823568 0.0809757
vt 0.0763811 0.0750000
vt 0.0823568 0.0690243
f 1255/7267/1255 1262/7268/1262 1238/7269/1238
vt 0.0809757 0.0676432
vt 0.0750000 0.0736189
vt 0.0690243 0.0676432
f 288/7270/288 1239/7271/1239 289/7272/289
vt 0.0856910 0.0676432
vt 0.0976424 0.0676432
vt 0.0916667 0.0736189
f 1260/7273/1260 1261/7274/1261 1239/7275/1239
vt 0.0902856 0.0750000
vt 0.0843099 0.0809757
vt 0.0843099 0.0690243
f 1236/7276/1236 1260/7277/1260 1259/7278/1259
vt 0.1856910 0.0676432
vt 0.1906901 0.0676432
vt 0.1906901 0.0726424
f 1244/7279/1244 1277/7280/1277 1223/7281/1223
vt 0.2656901 0.1309757
vt 0.2638811 0.1291667
vt 0.2656901 0.1273576
f 1245/7282/1245 1278/7283/1278 1222/7284/1222
vt 0.1156901 0.0809757
vt 0.1097144 0.0750000
vt 0.1156901 0.0690243
f 1239/7285/1239 1261/7286/1261 1258/7287/1258
vt 0.1926432 0.0726424
vt 0.1926432 0.0676432
vt 0.1976424 0.0676432
f 1252/7288/1252 1287/7289/1287 1271/7290/1271
vt 0.2643090 0.1259766
vt 0.2625000 0.1277856
vt 0.2606910 0.1259765
f 1242/7291/1242 1286/7292/1286 1271/7293/1271
vt 0.1843099 0.0809757
vt 0.1843099 0.0759766
vt 0.1893090 0.0759766
f 1253/7294/1253 1289/7295/1289 1272/7296/1272
vt 0.2573568 0.1226423
vt 0.2555477 0.1208333
vt 0.2573568 0.1190243
f 1243/7297/1243 1288/7298/1288 1272/7299/1272
vt 0.4273576 0.1009766
vt 0.4309757 0.1009765
vt 0.4291667 0.1027856
f 1210/7300/1210 1291/7301/1291 1279/7302/1279
vt 0.4259766 0.1059757
vt 0.4259766 0.1023576
vt 0.4277856 0.1041666
f 1211/7303/1211 1290/7304/1290 1280/7305/1280
vt 0.1143090 0.0676432
vt 0.1083333 0.0736189
vt 0.1023576 0.0676432
f 1252/7306/1252 1271/7307/1271 1223/7308/1223
vt 0.1843099 0.0740234
vt 0.1843099 0.0690243
vt 0.1893090 0.0740234
f 1274/7309/1274 1287/7310/1287 1252/7311/1252
vt 0.1190243 0.0676432
vt 0.1309757 0.0676432
vt 0.1250000 0.0736189
f 1261/7312/1261 1262/7313/1262 1258/7314/1258
vt 0.3291667 0.1055477
vt 0.3309757 0.1073568
vt 0.3273576 0.1073567
f 1263/7315/1263 1264/7316/1264 1226/7317/1226
vt 0.3305477 0.1041667
vt 0.3323568 0.1023576
vt 0.3323568 0.1059757
f 1265/7318/1265 1266/7319/1266 1229/7320/1229
vt 0.1236189 0.0750000
vt 0.1176432 0.0809757
vt 0.1176432 0.0690243
f 1238/7321/1238 1262/7322/1262 1261/7323/1261
vt 0.1740234 0.0843099
vt 0.1740234 0.0893090
vt 0.1690243 0.0843099
f 1273/7324/1273 1289/7325/1289 1253/7326/1253
vt 0.1143090 0.0843099
vt 0.1083333 0.0902856
vt 0.1023576 0.0843099
f 1253/7327/1253 1272/7328/1272 1222/7329/1222
vt 0.4190243 0.1093099
vt 0.4226424 0.1093099
vt 0.4208333 0.1111189
f 1276/7330/1276 1292/7331/1292 1268/7332/1268
vt 0.4176432 0.1143090
vt 0.4176432 0.1106910
vt 0.4194523 0.1125000
f 1275/7333/1275 1293/7334/1293 1267/7335/1267
vt 0.1009766 0.0856909
vt 0.1069523 0.0916666
vt 0.1009766 0.0976424
f 286/7336/286 1285/7337/1285 1235/7338/1235
vt 0.4194523 0.1041667
vt 0.4176432 0.1059757
vt 0.4176432 0.1023576
f 1207/7339/1207 1266/7340/1266 1265/7341/1265
vt 0.4208333 0.1055477
vt 0.4226424 0.1073567
vt 0.4190243 0.1073568
f 1204/7342/1204 1264/7343/1264 1263/7344/1263
vt 0.3323568 0.1143091
vt 0.3305477 0.1125000
vt 0.3323568 0.1106910
f 1264/7345/1264 1292/7346/1292 1288/7347/1288
vt 0.3309757 0.1093099
vt 0.3291667 0.1111190
vt 0.3273576 0.1093099
f 1266/7348/1266 1293/7349/1293 1286/7350/1286
vt 0.1009766 0.0690243
vt 0.1069523 0.0750000
vt 0.1009766 0.0809757
f 276/7351/276 1284/7352/1284 1234/7353/1234
vt 0.2559757 0.1176432
vt 0.2541667 0.1194522
vt 0.2523576 0.1176432
f 1247/7354/1247 1277/7355/1277 1244/7356/1244
vt 0.2643090 0.1176432
vt 0.2625000 0.1194523
vt 0.2606910 0.1176432
f 1246/7357/1246 1278/7358/1278 1245/7359/1245
vt 0.2593099 0.1226423
vt 0.2593099 0.1190243
vt 0.2611189 0.1208333
f 1217/7360/1217 1246/7361/1246 1212/7362/1212
vt 0.3291667 0.1222144
vt 0.3309757 0.1240234
vt 0.3273576 0.1240234
f 1250/7363/1250 1290/7364/1290 1228/7365/1228
vt 0.3305477 0.1208333
vt 0.3323568 0.1190243
vt 0.3323568 0.1226424
f 1251/7366/1251 1291/7367/1291 1231/7368/1231
vt 0.3305477 0.1291667
vt 0.3323568 0.1273576
vt 0.3323568 0.1309757
f 1215/7369/1215 1250/7370/1250 1218/7371/1218
vt 0.3273576 0.1259765
vt 0.3309757 0.1259766
vt 0.3291667 0.1277856
f 1214/7372/1214 1251/7373/1251 1219/7374/1219
vt 0.1023576 0.0823568
vt 0.1083333 0.0763810
vt 0.1143090 0.0823568
f 275/7375/275 1284/7376/1284 276/7377/276
vt 0.4055477 0.1208333
vt 0.4073568 0.1190243
vt 0.4073568 0.1226423
f 266/7378/266 1218/7379/1218 32/7380/32
vt 0.4041667 0.1194523
vt 0.4023576 0.1176432
vt 0.4059757 0.1176432
f 175/7381/175 1219/7382/1219 16/7383/16
vt 0.1490234 0.1143090
vt 0.1430477 0.1083333
vt 0.1490234 0.1023576
f 285/7384/285 1285/7385/1285 286/7386/286
vt 0.1809757 0.0843099
vt 0.1759766 0.0893090
vt 0.1759766 0.0843099
f 1240/7387/1240 1287/7388/1287 1274/7389/1274
vt 0.1726424 0.0926432
vt 0.1676432 0.0976424
vt 0.1676432 0.0926432
f 1241/7390/1241 1289/7391/1289 1273/7392/1273
vt 0.3222144 0.1208333
vt 0.3240235 0.1190243
vt 0.3240235 0.1226423
f 1205/7393/1205 1226/7394/1226 1220/7395/1220
vt 0.3208334 0.1194522
vt 0.3190243 0.1176432
vt 0.3226424 0.1176432
f 1209/7396/1209 1229/7397/1229 1221/7398/1221
vt 0.4143091 0.1176432
vt 0.4125000 0.1194522
vt 0.4106910 0.1176432
f 1209/7399/1209 1270/7400/1270 1229/7401/1229
vt 0.4093099 0.1190243
vt 0.4111190 0.1208333
vt 0.4093099 0.1226423
f 1205/7402/1205 1269/7403/1269 1226/7404/1226
vt 0.4023576 0.1259766
vt 0.4059757 0.1259765
vt 0.4041667 0.1277856
f 1232/7405/1232 1276/7406/1276 1206/7407/1206
vt 0.4009766 0.1309757
vt 0.4009766 0.1273576
vt 0.4027856 0.1291667
f 1233/7408/1233 1275/7409/1275 1208/7410/1208
vt 0.4009766 0.1226424
vt 0.4009766 0.1190243
vt 0.4027856 0.1208333
f 1225/7411/1225 1233/7412/1233 1208/7413/1208
vt 0.3273576 0.1176432
vt 0.3309757 0.1176432
vt 0.3291667 0.1194523
f 1224/7414/1224 1232/7415/1232 1206/7416/1206
vt 0.2458333 0.1055477
vt 0.2476424 0.1073568
vt 0.2440243 0.1073567
f 1243/7417/1243 1289/7418/1289 1227/7419/1227
vt 0.1676432 0.0856909
vt 0.1726424 0.0906901
vt 0.1676432 0.0906901
f 1271/7420/1271 1287/7421/1287 1242/7422/1242
vt 0.4041667 0.1222144
vt 0.4059757 0.1240234
vt 0.4023576 0.1240234
f 256/7423/256 1204/7424/1204 257/7425/257
vt 0.4041667 0.1111190
vt 0.4023576 0.1093099
vt 0.4059757 0.1093099
f 165/7426/165 1207/7427/1207 166/7428/166
vt 0.1726424 0.0759766
vt 0.1676432 0.0809757
vt 0.1676432 0.0759766
f 1235/7429/1235 1285/7430/1285 1274/7431/1274
vt 0.2490234 0.1023576
vt 0.2490234 0.1059757
vt 0.2472144 0.1041667
f 1242/7432/1242 1287/7433/1287 1230/7434/1230
vt 0.1676432 0.0690243
vt 0.1726424 0.0740234
vt 0.1676432 0.0740234
f 1272/7435/1272 1289/7436/1289 1243/7437/1243
vt 0.3259766 0.1190243
vt 0.3277856 0.1208333
vt 0.3259766 0.1226423
f 1226/7438/1226 1264/7439/1264 1243/7440/1243
vt 0.3106910 0.1073567
vt 0.3125000 0.1055477
vt 0.3143091 0.1073568
f 1229/7441/1229 1266/7442/1266 1242/7443/1242
vt 0.4009766 0.1143091
vt 0.4009766 0.1106910
vt 0.4027856 0.1125000
f 166/7444/166 1265/7445/1265 167/7446/167
vt 0.4009766 0.1059757
vt 0.4009766 0.1023576
vt 0.4027856 0.1041667
f 257/7447/257 1263/7448/1263 258/7449/258
vt 0.1809757 0.0823568
vt 0.1759766 0.0823568
vt 0.1759766 0.0773576
f 1273/7450/1273 1284/7451/1284 1241/7452/1241
vt 0.4440243 0.0823568
vt 0.4458333 0.0805477
vt 0.4476424 0.0823568
f 255/7453/255 1268/7454/1268 256/7455/256
vt 0.4356910 0.0823568
vt 0.4375000 0.0805477
vt 0.4393091 0.0823568
f 164/7456/164 1267/7457/1267 165/7458/165
vt 0.1690243 0.0823568
vt 0.1740234 0.0773576
vt 0.1740234 0.0823568
f 1234/7459/1234 1284/7460/1284 1273/7461/1273
vt 0.2156901 0.1023576
vt 0.2156901 0.1073568
vt 0.2106910 0.1073567
f 1274/7462/1274 1285/7463/1285 1240/7464/1240
vt 0.4041667 0.1055477
vt 0.4059757 0.1073567
vt 0.4023576 0.1073568
f 1268/7465/1268 1292/7466/1292 1204/7467/1204
vt 0.4111189 0.1125000
vt 0.4093099 0.1143091
vt 0.4093099 0.1106909
f 1267/7468/1267 1293/7469/1293 1207/7470/1207
vt 0.2156901 0.1093099
vt 0.2156901 0.1143090
vt 0.2106910 0.1093099
f 1227/7471/1227 1289/7472/1289 1241/7473/1241
vt 0.2073568 0.1009766
vt 0.2073568 0.1059757
vt 0.2023576 0.1009766
f 1230/7474/1230 1287/7475/1287 1240/7476/1240
vt 0.3156901 0.1059757
vt 0.3138811 0.1041667
vt 0.3156901 0.1023576
f 1231/7477/1231 1291/7478/1291 1221/7479/1221
vt 0.3156901 0.1143090
vt 0.3138811 0.1125000
vt 0.3156901 0.1106910
f 1228/7480/1228 1290/7481/1290 1220/7482/1220
vt 0.2472144 0.1125000
vt 0.2490234 0.1106910
vt 0.2490234 0.1143090
f 1226/7483/1226 1243/7484/1243 1227/7485/1227
vt 0.2458333 0.1111189
vt 0.2440243 0.1093099
vt 0.2476424 0.1093099
f 1229/7486/1229 1242/7487/1242 1230/7488/1230
vt 0.3125000 0.1111189
vt 0.3106910 0.1093099
vt 0.3143091 0.1093099
f 1264/7489/1264 1288/7490/1288 1243/7491/1243
vt 0.3055477 0.1041666
vt 0.3073568 0.1023576
vt 0.3073568 0.1059757
f 1266/7492/1266 1286/7493/1286 1242/7494/1242
vt 0.4406901 0.0773576
vt 0.4406901 0.0809757
vt 0.4388811 0.0791667
f 258/7495/258 1269/7496/1269 259/7497/259
vt 0.4809757 0.1073568
vt 0.4773576 0.1073567
vt 0.4791667 0.1055477
f 167/7498/167 1270/7499/1270 168/7500/168
vt 0.3023576 0.1009765
vt 0.3059757 0.1009766
vt 0.3041667 0.1027856
f 1212/7501/1212 1246/7502/1246 1224/7503/1224
vt 0.3125000 0.1027856
vt 0.3106910 0.1009766
vt 0.3143091 0.1009766
f 1213/7504/1213 1247/7505/1247 1225/7506/1225
vt 0.4143091 0.1156901
vt 0.4106910 0.1156901
vt 0.4125000 0.1138810
f 163/7507/163 1275/7508/1275 164/7509/164
vt 0.4059757 0.1156901
vt 0.4023576 0.1156901
vt 0.4041667 0.1138811
f 254/7510/254 1276/7511/1276 255/7512/255
vt 0.4073568 0.1143091
vt 0.4055477 0.1125000
vt 0.4073568 0.1106909
f 1207/7513/1207 1293/7514/1293 1266/7515/1266
vt 0.4073568 0.0893090
vt 0.4055477 0.0875000
vt 0.4073568 0.0856910
f 1204/7516/1204 1292/7517/1292 1264/7518/1264
vt 0.4023576 0.0843099
vt 0.4059757 0.0843099
vt 0.4041667 0.0861190
f 1232/7519/1232 1292/7520/1292 1276/7521/1276
vt 0.4143091 0.0843099
vt 0.4125000 0.0861189
vt 0.4106910 0.0843099
f 1233/7522/1233 1293/7523/1293 1275/7524/1275
vt 0.2406901 0.1023576
vt 0.2406901 0.1059757
vt 0.2388811 0.1041666
f 1230/7525/1230 1240/7526/1240 1231/7527/1231
vt 0.2356910 0.1009765
vt 0.2393090 0.1009766
vt 0.2375000 0.1027856
f 1227/7528/1227 1241/7529/1241 1228/7530/1228
vt 0.2440243 0.1009766
vt 0.2476424 0.1009766
vt 0.2458333 0.1027856
f 1229/7531/1229 1230/7532/1230 1221/7533/1221
vt 0.2426432 0.1059757
vt 0.2426432 0.1023576
vt 0.2444523 0.1041667
f 1226/7534/1226 1227/7535/1227 1220/7536/1220
vt 0.4093099 0.0893090
vt 0.4093099 0.0856910
vt 0.4111189 0.0875000
f 168/7537/168 1209/7538/1209 169/7539/169
vt 0.4023576 0.0926433
vt 0.4059757 0.0926432
vt 0.4041667 0.0944523
f 259/7540/259 1205/7541/1205 260/7542/260
vt 0.3111190 0.1041667
vt 0.3093099 0.1059757
vt 0.3093099 0.1023576
f 1224/7543/1224 1245/7544/1245 1232/7545/1232
vt 0.3222144 0.1041667
vt 0.3240235 0.1023576
vt 0.3240235 0.1059757
f 1225/7546/1225 1244/7547/1244 1233/7548/1233
vt 0.4027856 0.0958334
vt 0.4009766 0.0976424
vt 0.4009766 0.0940243
f 253/7549/253 1206/7550/1206 254/7551/254
vt 0.4027856 0.0875000
vt 0.4009766 0.0893091
vt 0.4009766 0.0856910
f 162/7552/162 1208/7553/1208 163/7554/163
vt 0.2573568 0.1023576
vt 0.2573568 0.1059757
vt 0.2555477 0.1041667
f 1230/7555/1230 1231/7556/1231 1221/7557/1221
vt 0.2523576 0.1009766
vt 0.2559757 0.1009766
vt 0.2541667 0.1027856
f 1227/7558/1227 1228/7559/1228 1220/7560/1220
vt 0.4023576 0.0906901
vt 0.4041667 0.0888811
vt 0.4059757 0.0906901
f 1206/7561/1206 1281/7562/1281 1224/7563/1224
vt 0.4059757 0.0759766
vt 0.4041667 0.0777857
vt 0.4023576 0.0759766
f 1208/7564/1208 1282/7565/1282 1225/7566/1225
vt 0.4805477 0.1041667
vt 0.4823568 0.1023576
vt 0.4823568 0.1059757
f 161/7567/161 1282/7568/1282 162/7569/162
vt 0.4805477 0.1125000
vt 0.4823568 0.1106910
vt 0.4823568 0.1143090
f 252/7570/252 1281/7571/1281 253/7572/253
vt 0.4009766 0.0773576
vt 0.4027856 0.0791667
vt 0.4009766 0.0809758
f 1224/7573/1224 1281/7574/1281 1212/7575/1212
vt 0.4009766 0.0690243
vt 0.4027856 0.0708333
vt 0.4009766 0.0726424
f 1225/7576/1225 1282/7577/1282 1213/7578/1213
vt 0.4791667 0.1111189
vt 0.4773576 0.1093099
vt 0.4809757 0.1093099
f 261/7579/261 1211/7580/1211 262/7581/262
vt 0.4722144 0.1041667
vt 0.4740234 0.1023576
vt 0.4740234 0.1059757
f 170/7582/170 1210/7583/1210 171/7584/171
vt 0.4041667 0.0722144
vt 0.4059757 0.0740234
vt 0.4023576 0.0740235
f 160/7585/160 1213/7586/1213 161/7587/161
vt 0.4111189 0.0791667
vt 0.4093099 0.0809758
vt 0.4093099 0.0773576
f 251/7588/251 1212/7589/1212 252/7590/252
vt 0.3226424 0.1009766
vt 0.3208334 0.1027856
vt 0.3190243 0.1009766
f 1286/7591/1286 1293/7592/1293 1233/7593/1233
vt 0.3309757 0.1009766
vt 0.3291667 0.1027856
vt 0.3273576 0.1009766
f 1288/7594/1288 1292/7595/1292 1232/7596/1232
vt 0.4726424 0.1009766
vt 0.4708333 0.1027856
vt 0.4690243 0.1009766
f 171/7597/171 1279/7598/1279 172/7599/172
vt 0.4809757 0.1009766
vt 0.4791667 0.1027856
vt 0.4773576 0.1009766
f 262/7600/262 1280/7601/1280 263/7602/263
vt 0.4125000 0.0805477
vt 0.4143091 0.0823568
vt 0.4106910 0.0823568
f 159/7603/159 1283/7604/1283 160/7605/160
vt 0.4059757 0.0823568
vt 0.4023576 0.0823568
vt 0.4041667 0.0805477
f 172/7606/172 1214/7607/1214 173/7608/173
vt 0.4759766 0.1059757
vt 0.4759766 0.1023576
vt 0.4777856 0.1041667
f 263/7609/263 1215/7610/1215 264/7611/264
vt 0.4055477 0.0791667
vt 0.4073568 0.0773576
vt 0.4073568 0.0809758
f 158/7612/158 1216/7613/1216 159/7614/159
vt 0.4208333 0.0944523
vt 0.4190243 0.0926433
vt 0.4226424 0.0926432
f 249/7615/249 1217/7616/1217 250/7617/250
vt 0.4194523 0.0958334
vt 0.4176432 0.0976424
vt 0.4176432 0.0940243
f 265/7618/265 1218/7619/1218 266/7620/266
vt 0.4194523 0.0875000
vt 0.4176432 0.0893091
vt 0.4176432 0.0856909
f 174/7621/174 1219/7622/1219 175/7623/175
vt 0.4208333 0.0888810
vt 0.4226424 0.0906901
vt 0.4190243 0.0906901
f 1207/7624/1207 1265/7625/1265 166/7626/166
vt 0.4277856 0.0958333
vt 0.4259766 0.0976424
vt 0.4259766 0.0940242
f 1204/7627/1204 1263/7628/1263 257/7629/257
vt 0.4906901 0.1059757
vt 0.4888811 0.1041667
vt 0.4906901 0.1023576
f 256/7630/256 1268/7631/1268 1204/7632/1204
vt 0.4893090 0.1009766
vt 0.4875000 0.1027856
vt 0.4856910 0.1009766
f 165/7633/165 1267/7634/1267 1207/7635/1207
vt 0.2606910 0.1009766
vt 0.2643090 0.1009766
vt 0.2625000 0.1027856
f 1244/7636/1244 1286/7637/1286 1233/7638/1233
vt 0.2593099 0.1059757
vt 0.2593099 0.1023576
vt 0.2611189 0.1041667
f 1245/7639/1245 1288/7640/1288 1232/7641/1232
vt 0.4273576 0.0990235
vt 0.4291667 0.0972143
vt 0.4309757 0.0990234
f 1265/7642/1265 1270/7643/1270 167/7644/167
vt 0.4190243 0.0990235
vt 0.4208333 0.0972144
vt 0.4226424 0.0990235
f 1263/7645/1263 1269/7646/1269 258/7647/258
vt 0.3259766 0.1023576
vt 0.3277856 0.1041667
vt 0.3259766 0.1059757
f 1213/7648/1213 1283/7649/1283 1247/7650/1247
vt 0.4940243 0.1009766
vt 0.4976424 0.1009765
vt 0.4958333 0.1027856
f 255/7651/255 1276/7652/1276 1268/7653/1268
vt 0.4926432 0.1059757
vt 0.4926432 0.1023576
vt 0.4944523 0.1041666
f 164/7654/164 1275/7655/1275 1267/7656/1267
vt 0.3226424 0.1093099
vt 0.3208334 0.1111189
vt 0.3190243 0.1093099
f 1247/7657/1247 1283/7658/1283 1216/7659/1216
vt 0.4240234 0.0976424
vt 0.4222144 0.0958334
vt 0.4240234 0.0940242
f 259/7660/259 1269/7661/1269 1205/7662/1205
vt 0.4093099 0.0940242
vt 0.4111190 0.0958334
vt 0.4093099 0.0976424
f 168/7663/168 1270/7664/1270 1209/7665/1209
vt 0.4106910 0.0990235
vt 0.4125000 0.0972144
vt 0.4143091 0.0990235
f 1208/7666/1208 1275/7667/1275 163/7668/163
vt 0.4023576 0.0990235
vt 0.4041667 0.0972144
vt 0.4059757 0.0990235
f 1206/7669/1206 1276/7670/1276 254/7671/254
vt 0.3176433 0.1106910
vt 0.3194523 0.1125000
vt 0.3176433 0.1143090
f 1215/7672/1215 1290/7673/1290 1250/7674/1250
vt 0.3194523 0.1041667
vt 0.3176433 0.1059757
vt 0.3176433 0.1023576
f 1214/7675/1214 1291/7676/1291 1251/7677/1251
vt 0.4073568 0.0976424
vt 0.4055477 0.0958334
vt 0.4073568 0.0940242
f 253/7678/253 1281/7679/1281 1206/7680/1206
vt 0.4893090 0.1093099
vt 0.4875000 0.1111189
vt 0.4856910 0.1093099
f 162/7681/162 1282/7682/1282 1208/7683/1208
vt 0.4125000 0.0888810
vt 0.4143091 0.0906901
vt 0.4106910 0.0906901
f 1280/7684/1280 1290/7685/1290 1215/7686/1215
vt 0.4138811 0.0875000
vt 0.4156901 0.0856909
vt 0.4156901 0.0893091
f 1279/7687/1279 1291/7688/1291 1214/7689/1214
vt 0.4156901 0.0976424
vt 0.4138811 0.0958334
vt 0.4156901 0.0940243
f 1213/7690/1213 1282/7691/1282 161/7692/161
vt 0.4143091 0.0926433
vt 0.4125000 0.0944523
vt 0.4106910 0.0926432
f 1212/7693/1212 1281/7694/1281 252/7695/252
vt 0.4406901 0.1190243
vt 0.4406901 0.1226423
vt 0.4388811 0.1208333
f 1210/7696/1210 1279/7697/1279 171/7698/171
vt 0.4356910 0.1176432
vt 0.4393091 0.1176432
vt 0.4375000 0.1194523
f 1211/7699/1211 1280/7700/1280 262/7701/262
vt 0.4440243 0.1176432
vt 0.4476424 0.1176432
vt 0.4458334 0.1194522
f 160/7702/160 1283/7703/1283 1213/7704/1213
vt 0.4444523 0.1208333
vt 0.4426432 0.1226423
vt 0.4426432 0.1190243
f 263/7705/263 1280/7706/1280 1215/7707/1215
vt 0.4393091 0.1259765
vt 0.4375000 0.1277856
vt 0.4356910 0.1259766
f 172/7708/172 1279/7709/1279 1214/7710/1214
vt 0.4343099 0.1273576
vt 0.4361190 0.1291667
vt 0.4343099 0.1309757
f 1216/7711/1216 1283/7712/1283 159/7713/159
vt 0.4343099 0.1226424
vt 0.4343099 0.1190243
vt 0.4361189 0.1208333
f 15/7714/15 1216/7715/1216 157/7716/157
vt 0.2093099 0.1059757
vt 0.2093099 0.1009766
vt 0.2143090 0.1009766
f 283/7717/283 1216/7718/1216 15/7719/15
vt 0.4393091 0.1240234
vt 0.4356910 0.1240234
vt 0.4375000 0.1222144
f 31/7720/31 1217/7721/1217 248/7722/248
vt 0.2190243 0.1009766
vt 0.2240234 0.1009766
vt 0.2240234 0.1059757
f 293/7723/293 1217/7724/1217 31/7725/31
vt 0.4356910 0.1093099
vt 0.4393091 0.1093099
vt 0.4375000 0.1111190
f 157/7726/157 1216/7727/1216 158/7728/158
vt 0.4843099 0.1143090
vt 0.4843099 0.1106910
vt 0.4861189 0.1125000
f 169/7729/169 1210/7730/1210 170/7731/170
vt 0.4343099 0.1143091
vt 0.4343099 0.1106910
vt 0.4361190 0.1125000
f 173/7732/173 1219/7733/1219 174/7734/174
vt 0.4343099 0.1059757
vt 0.4343099 0.1023576
vt 0.4361189 0.1041666
f 248/7735/248 1217/7736/1217 249/7737/249
vt 0.4393091 0.1073567
vt 0.4356910 0.1073568
vt 0.4375000 0.1055477
f 250/7738/250 1212/7739/1212 251/7740/251
vt 0.4843099 0.1059757
vt 0.4843099 0.1023576
vt 0.4861189 0.1041667
f 260/7741/260 1211/7742/1211 261/7743/261
vt 0.4875000 0.1055477
vt 0.4893090 0.1073567
vt 0.4856910 0.1073568
f 264/7744/264 1215/7745/1215 265/7746/265
vt 0.2559757 0.1093099
vt 0.2541667 0.1111189
vt 0.2523576 0.1093099
f 1218/7747/1218 1250/7748/1250 275/7749/275
vt 0.2259766 0.1059757
vt 0.2259766 0.1009766
vt 0.2309757 0.1009765
f 283/7750/283 1247/7751/1247 1216/7752/1216
vt 0.2509766 0.1106910
vt 0.2527856 0.1125000
vt 0.2509766 0.1143090
f 1219/7753/1219 1251/7754/1251 285/7755/285
vt 0.2176432 0.1143090
vt 0.2176432 0.1093099
vt 0.2226424 0.1093099
f 293/7756/293 1246/7757/1246 1217/7758/1217
# 2586 faces, 7758 coords texture

# End of File
